dataset,speaker_id,l1,gender,split,audio_path,target_text,label,label_name,source_type,utterance_id
cmu_arctic,bdl,English,M,train,ai-training/datasets/cmu-arctic/raw/cmu_us_bdl_arctic/wav/arctic_a0001.wav,Author of the danger trail Philip Steels etc,0,native_reference,native_reference,arctic_a0001
cmu_arctic,bdl,English,M,train,ai-training/datasets/cmu-arctic/raw/cmu_us_bdl_arctic/wav/arctic_a0002.wav,Not at this particular case Tom apologized Whittemore,0,native_reference,native_reference,arctic_a0002
cmu_arctic,bdl,English,M,train,ai-training/datasets/cmu-arctic/raw/cmu_us_bdl_arctic/wav/arctic_a0003.wav,For the twentieth time that evening the two men shook hands,0,native_reference,native_reference,arctic_a0003
cmu_arctic,bdl,English,M,train,ai-training/datasets/cmu-arctic/raw/cmu_us_bdl_arctic/wav/arctic_a0004.wav,Lord but I'm glad to see you again Phil,0,native_reference,native_reference,arctic_a0004
cmu_arctic,bdl,English,M,train,ai-training/datasets/cmu-arctic/raw/cmu_us_bdl_arctic/wav/arctic_a0005.wav,Will we ever forget it,0,native_reference,native_reference,arctic_a0005
cmu_arctic,bdl,English,M,train,ai-training/datasets/cmu-arctic/raw/cmu_us_bdl_arctic/wav/arctic_a0006.wav,God bless 'em I hope I'll go on seeing them forever,0,native_reference,native_reference,arctic_a0006
cmu_arctic,bdl,English,M,train,ai-training/datasets/cmu-arctic/raw/cmu_us_bdl_arctic/wav/arctic_a0007.wav,And you always want to see it in the superlative degree,0,native_reference,native_reference,arctic_a0007
cmu_arctic,bdl,English,M,train,ai-training/datasets/cmu-arctic/raw/cmu_us_bdl_arctic/wav/arctic_a0008.wav,Gad your letter came just in time,0,native_reference,native_reference,arctic_a0008
cmu_arctic,bdl,English,M,train,ai-training/datasets/cmu-arctic/raw/cmu_us_bdl_arctic/wav/arctic_a0009.wav,He turned sharply and faced Gregson across the table,0,native_reference,native_reference,arctic_a0009
cmu_arctic,bdl,English,M,train,ai-training/datasets/cmu-arctic/raw/cmu_us_bdl_arctic/wav/arctic_a0010.wav,I'm playing a single hand in what looks like a losing game,0,native_reference,native_reference,arctic_a0010
cmu_arctic,bdl,English,M,train,ai-training/datasets/cmu-arctic/raw/cmu_us_bdl_arctic/wav/arctic_a0011.wav,If I ever needed a fighter in my life I need one now,0,native_reference,native_reference,arctic_a0011
cmu_arctic,bdl,English,M,train,ai-training/datasets/cmu-arctic/raw/cmu_us_bdl_arctic/wav/arctic_a0012.wav,Gregson shoved back his chair and rose to his feet,0,native_reference,native_reference,arctic_a0012
cmu_arctic,bdl,English,M,train,ai-training/datasets/cmu-arctic/raw/cmu_us_bdl_arctic/wav/arctic_a0013.wav,He was a head shorter than his companion of almost delicate physique,0,native_reference,native_reference,arctic_a0013
cmu_arctic,bdl,English,M,train,ai-training/datasets/cmu-arctic/raw/cmu_us_bdl_arctic/wav/arctic_a0014.wav,Now you're coming down to business Phil he exclaimed,0,native_reference,native_reference,arctic_a0014
cmu_arctic,bdl,English,M,train,ai-training/datasets/cmu-arctic/raw/cmu_us_bdl_arctic/wav/arctic_a0015.wav,It's the aurora borealis,0,native_reference,native_reference,arctic_a0015
cmu_arctic,bdl,English,M,train,ai-training/datasets/cmu-arctic/raw/cmu_us_bdl_arctic/wav/arctic_a0016.wav,There's Fort Churchill a rifle-shot beyond the ridge asleep,0,native_reference,native_reference,arctic_a0016
cmu_arctic,bdl,English,M,train,ai-training/datasets/cmu-arctic/raw/cmu_us_bdl_arctic/wav/arctic_a0017.wav,From that moment his friendship for Belize turns to hatred and jealousy,0,native_reference,native_reference,arctic_a0017
cmu_arctic,bdl,English,M,train,ai-training/datasets/cmu-arctic/raw/cmu_us_bdl_arctic/wav/arctic_a0018.wav,There was a change now,0,native_reference,native_reference,arctic_a0018
cmu_arctic,bdl,English,M,train,ai-training/datasets/cmu-arctic/raw/cmu_us_bdl_arctic/wav/arctic_a0019.wav,I followed the line of the proposed railroad looking for chances,0,native_reference,native_reference,arctic_a0019
cmu_arctic,bdl,English,M,train,ai-training/datasets/cmu-arctic/raw/cmu_us_bdl_arctic/wav/arctic_a0020.wav,Clubs and balls and cities grew to be only memories,0,native_reference,native_reference,arctic_a0020
cmu_arctic,bdl,English,M,train,ai-training/datasets/cmu-arctic/raw/cmu_us_bdl_arctic/wav/arctic_a0021.wav,It fairly clubbed me into recognizing it,0,native_reference,native_reference,arctic_a0021
cmu_arctic,bdl,English,M,train,ai-training/datasets/cmu-arctic/raw/cmu_us_bdl_arctic/wav/arctic_a0022.wav,Hardly were our plans made public before we were met by powerful opposition,0,native_reference,native_reference,arctic_a0022
cmu_arctic,bdl,English,M,train,ai-training/datasets/cmu-arctic/raw/cmu_us_bdl_arctic/wav/arctic_a0023.wav,A combination of Canadian capital quickly organized and petitioned for the same privileges,0,native_reference,native_reference,arctic_a0023
cmu_arctic,bdl,English,M,train,ai-training/datasets/cmu-arctic/raw/cmu_us_bdl_arctic/wav/arctic_a0024.wav,It was my reports from the north which chiefly induced people to buy,0,native_reference,native_reference,arctic_a0024
cmu_arctic,bdl,English,M,train,ai-training/datasets/cmu-arctic/raw/cmu_us_bdl_arctic/wav/arctic_a0025.wav,I was about to do this when cooler judgment prevailed,0,native_reference,native_reference,arctic_a0025
cmu_arctic,bdl,English,M,train,ai-training/datasets/cmu-arctic/raw/cmu_us_bdl_arctic/wav/arctic_a0026.wav,It occurred to me that there would have to be an accounting,0,native_reference,native_reference,arctic_a0026
cmu_arctic,bdl,English,M,train,ai-training/datasets/cmu-arctic/raw/cmu_us_bdl_arctic/wav/arctic_a0027.wav,To my surprise he began to show actual enthusiasm in my favor,0,native_reference,native_reference,arctic_a0027
cmu_arctic,bdl,English,M,train,ai-training/datasets/cmu-arctic/raw/cmu_us_bdl_arctic/wav/arctic_a0028.wav,Robbery bribery fraud,0,native_reference,native_reference,arctic_a0028
cmu_arctic,bdl,English,M,train,ai-training/datasets/cmu-arctic/raw/cmu_us_bdl_arctic/wav/arctic_a0029.wav,Their forces were already moving into the north country,0,native_reference,native_reference,arctic_a0029
cmu_arctic,bdl,English,M,train,ai-training/datasets/cmu-arctic/raw/cmu_us_bdl_arctic/wav/arctic_a0030.wav,I had faith in them,0,native_reference,native_reference,arctic_a0030
cmu_arctic,bdl,English,M,train,ai-training/datasets/cmu-arctic/raw/cmu_us_bdl_arctic/wav/arctic_a0031.wav,They were three hundred yards apart,0,native_reference,native_reference,arctic_a0031
cmu_arctic,bdl,English,M,train,ai-training/datasets/cmu-arctic/raw/cmu_us_bdl_arctic/wav/arctic_a0032.wav,Since then some mysterious force has been fighting us at every step,0,native_reference,native_reference,arctic_a0032
cmu_arctic,bdl,English,M,train,ai-training/datasets/cmu-arctic/raw/cmu_us_bdl_arctic/wav/arctic_a0033.wav,He unfolded a long typewritten letter and handed it to Gregson,0,native_reference,native_reference,arctic_a0033
cmu_arctic,bdl,English,M,train,ai-training/datasets/cmu-arctic/raw/cmu_us_bdl_arctic/wav/arctic_a0034.wav,Men of Selden's stamp don't stop at women and children,0,native_reference,native_reference,arctic_a0034
cmu_arctic,bdl,English,M,train,ai-training/datasets/cmu-arctic/raw/cmu_us_bdl_arctic/wav/arctic_a0035.wav,He stopped and Philip nodded at the horrified question in his eyes,0,native_reference,native_reference,arctic_a0035
cmu_arctic,bdl,English,M,train,ai-training/datasets/cmu-arctic/raw/cmu_us_bdl_arctic/wav/arctic_a0036.wav,She turned in at the hotel,0,native_reference,native_reference,arctic_a0036
cmu_arctic,bdl,English,M,train,ai-training/datasets/cmu-arctic/raw/cmu_us_bdl_arctic/wav/arctic_a0037.wav,I was the only one who remained sitting,0,native_reference,native_reference,arctic_a0037
cmu_arctic,bdl,English,M,train,ai-training/datasets/cmu-arctic/raw/cmu_us_bdl_arctic/wav/arctic_a0038.wav,We'll have to watch our chances,0,native_reference,native_reference,arctic_a0038
cmu_arctic,bdl,English,M,train,ai-training/datasets/cmu-arctic/raw/cmu_us_bdl_arctic/wav/arctic_a0039.wav,The ship should be in within a week or ten days,0,native_reference,native_reference,arctic_a0039
cmu_arctic,bdl,English,M,train,ai-training/datasets/cmu-arctic/raw/cmu_us_bdl_arctic/wav/arctic_a0040.wav,I suppose you wonder why she is coming up here,0,native_reference,native_reference,arctic_a0040
cmu_arctic,bdl,English,M,train,ai-training/datasets/cmu-arctic/raw/cmu_us_bdl_arctic/wav/arctic_a0041.wav,Meanwhile I'll go out to breathe a spell,0,native_reference,native_reference,arctic_a0041
cmu_arctic,bdl,English,M,train,ai-training/datasets/cmu-arctic/raw/cmu_us_bdl_arctic/wav/arctic_a0042.wav,How could he explain his possession of the sketch,0,native_reference,native_reference,arctic_a0042
cmu_arctic,bdl,English,M,train,ai-training/datasets/cmu-arctic/raw/cmu_us_bdl_arctic/wav/arctic_a0043.wav,It seemed nearer to him since he had seen and talked with Gregson,0,native_reference,native_reference,arctic_a0043
cmu_arctic,bdl,English,M,train,ai-training/datasets/cmu-arctic/raw/cmu_us_bdl_arctic/wav/arctic_a0044.wav,Her own betrayal of herself was like tonic to Philip,0,native_reference,native_reference,arctic_a0044
cmu_arctic,bdl,English,M,train,ai-training/datasets/cmu-arctic/raw/cmu_us_bdl_arctic/wav/arctic_a0045.wav,He moved away as quietly as he had come,0,native_reference,native_reference,arctic_a0045
cmu_arctic,bdl,English,M,train,ai-training/datasets/cmu-arctic/raw/cmu_us_bdl_arctic/wav/arctic_a0046.wav,The girl faced him her eyes shining with sudden fear,0,native_reference,native_reference,arctic_a0046
cmu_arctic,bdl,English,M,train,ai-training/datasets/cmu-arctic/raw/cmu_us_bdl_arctic/wav/arctic_a0047.wav,Close beside him gleamed the white fangs of the wolf-dog,0,native_reference,native_reference,arctic_a0047
cmu_arctic,bdl,English,M,train,ai-training/datasets/cmu-arctic/raw/cmu_us_bdl_arctic/wav/arctic_a0048.wav,He looked at the handkerchief more closely,0,native_reference,native_reference,arctic_a0048
cmu_arctic,bdl,English,M,train,ai-training/datasets/cmu-arctic/raw/cmu_us_bdl_arctic/wav/arctic_a0049.wav,Gregson was asleep when he re-entered the cabin,0,native_reference,native_reference,arctic_a0049
cmu_arctic,bdl,English,M,train,ai-training/datasets/cmu-arctic/raw/cmu_us_bdl_arctic/wav/arctic_a0050.wav,In spite of their absurdity the words affected Philip curiously,0,native_reference,native_reference,arctic_a0050
cmu_arctic,bdl,English,M,train,ai-training/datasets/cmu-arctic/raw/cmu_us_bdl_arctic/wav/arctic_a0051.wav,The lace was of a delicate ivory color faintly tinted with yellow,0,native_reference,native_reference,arctic_a0051
cmu_arctic,bdl,English,M,train,ai-training/datasets/cmu-arctic/raw/cmu_us_bdl_arctic/wav/arctic_a0052.wav,It was a curious coincidence,0,native_reference,native_reference,arctic_a0052
cmu_arctic,bdl,English,M,train,ai-training/datasets/cmu-arctic/raw/cmu_us_bdl_arctic/wav/arctic_a0053.wav,Suddenly his fingers closed tightly over the handkerchief,0,native_reference,native_reference,arctic_a0053
cmu_arctic,bdl,English,M,train,ai-training/datasets/cmu-arctic/raw/cmu_us_bdl_arctic/wav/arctic_a0054.wav,There was nothing on the rock,0,native_reference,native_reference,arctic_a0054
cmu_arctic,bdl,English,M,train,ai-training/datasets/cmu-arctic/raw/cmu_us_bdl_arctic/wav/arctic_a0055.wav,Philip stood undecided his ears strained to catch the slightest sound,0,native_reference,native_reference,arctic_a0055
cmu_arctic,bdl,English,M,train,ai-training/datasets/cmu-arctic/raw/cmu_us_bdl_arctic/wav/arctic_a0056.wav,Pearce's little eyes were fixed on him shrewdly,0,native_reference,native_reference,arctic_a0056
cmu_arctic,bdl,English,M,train,ai-training/datasets/cmu-arctic/raw/cmu_us_bdl_arctic/wav/arctic_a0057.wav,I have no idea replied Philip,0,native_reference,native_reference,arctic_a0057
cmu_arctic,bdl,English,M,train,ai-training/datasets/cmu-arctic/raw/cmu_us_bdl_arctic/wav/arctic_a0058.wav,I came for information more out of curiosity than anything else,0,native_reference,native_reference,arctic_a0058
cmu_arctic,bdl,English,M,train,ai-training/datasets/cmu-arctic/raw/cmu_us_bdl_arctic/wav/arctic_a0059.wav,His immaculate appearance was gone,0,native_reference,native_reference,arctic_a0059
cmu_arctic,bdl,English,M,train,ai-training/datasets/cmu-arctic/raw/cmu_us_bdl_arctic/wav/arctic_a0060.wav,Anyway no one saw her like that,0,native_reference,native_reference,arctic_a0060
cmu_arctic,bdl,English,M,train,ai-training/datasets/cmu-arctic/raw/cmu_us_bdl_arctic/wav/arctic_a0061.wav,Philip snatched at the letter which Gregson held out to him,0,native_reference,native_reference,arctic_a0061
cmu_arctic,bdl,English,M,train,ai-training/datasets/cmu-arctic/raw/cmu_us_bdl_arctic/wav/arctic_a0062.wav,The men stared into each other's face,0,native_reference,native_reference,arctic_a0062
cmu_arctic,bdl,English,M,train,ai-training/datasets/cmu-arctic/raw/cmu_us_bdl_arctic/wav/arctic_a0063.wav,Yes it was a man who asked a stranger,0,native_reference,native_reference,arctic_a0063
cmu_arctic,bdl,English,M,train,ai-training/datasets/cmu-arctic/raw/cmu_us_bdl_arctic/wav/arctic_a0064.wav,The fourth and fifth days passed without any developments,0,native_reference,native_reference,arctic_a0064
cmu_arctic,bdl,English,M,train,ai-training/datasets/cmu-arctic/raw/cmu_us_bdl_arctic/wav/arctic_a0065.wav,They closed now until his fingers were like cords of steel,0,native_reference,native_reference,arctic_a0065
cmu_arctic,bdl,English,M,train,ai-training/datasets/cmu-arctic/raw/cmu_us_bdl_arctic/wav/arctic_a0066.wav,He saw Jeanne falter for a moment,0,native_reference,native_reference,arctic_a0066
cmu_arctic,bdl,English,M,train,ai-training/datasets/cmu-arctic/raw/cmu_us_bdl_arctic/wav/arctic_a0067.wav,Surely I will excuse you she cried,0,native_reference,native_reference,arctic_a0067
cmu_arctic,bdl,English,M,train,ai-training/datasets/cmu-arctic/raw/cmu_us_bdl_arctic/wav/arctic_a0068.wav,In a flash Philip followed its direction,0,native_reference,native_reference,arctic_a0068
cmu_arctic,bdl,English,M,train,ai-training/datasets/cmu-arctic/raw/cmu_us_bdl_arctic/wav/arctic_a0069.wav,It was his intention to return to Eileen and her father,0,native_reference,native_reference,arctic_a0069
cmu_arctic,bdl,English,M,train,ai-training/datasets/cmu-arctic/raw/cmu_us_bdl_arctic/wav/arctic_a0070.wav,He would first hunt up Gregson and begin his work there,0,native_reference,native_reference,arctic_a0070
cmu_arctic,bdl,English,M,train,ai-training/datasets/cmu-arctic/raw/cmu_us_bdl_arctic/wav/arctic_a0071.wav,What was the object of your little sensation,0,native_reference,native_reference,arctic_a0071
cmu_arctic,bdl,English,M,train,ai-training/datasets/cmu-arctic/raw/cmu_us_bdl_arctic/wav/arctic_a0072.wav,But who was Eileen's double,0,native_reference,native_reference,arctic_a0072
cmu_arctic,bdl,English,M,train,ai-training/datasets/cmu-arctic/raw/cmu_us_bdl_arctic/wav/arctic_a0073.wav,The promoter's eyes were heavy with little puffy bags under them,0,native_reference,native_reference,arctic_a0073
cmu_arctic,bdl,English,M,train,ai-training/datasets/cmu-arctic/raw/cmu_us_bdl_arctic/wav/arctic_a0074.wav,And now down there Eileen was waiting for him,0,native_reference,native_reference,arctic_a0074
cmu_arctic,bdl,English,M,train,ai-training/datasets/cmu-arctic/raw/cmu_us_bdl_arctic/wav/arctic_a0075.wav,There has been a change she interrupted him,0,native_reference,native_reference,arctic_a0075
cmu_arctic,bdl,English,M,train,ai-training/datasets/cmu-arctic/raw/cmu_us_bdl_arctic/wav/arctic_a0076.wav,The gray eyes faltered the flush deepened,0,native_reference,native_reference,arctic_a0076
cmu_arctic,bdl,English,M,train,ai-training/datasets/cmu-arctic/raw/cmu_us_bdl_arctic/wav/arctic_a0077.wav,It is the fire partly she said,0,native_reference,native_reference,arctic_a0077
cmu_arctic,bdl,English,M,train,ai-training/datasets/cmu-arctic/raw/cmu_us_bdl_arctic/wav/arctic_a0078.wav,Then and at supper he tried to fathom her,0,native_reference,native_reference,arctic_a0078
cmu_arctic,bdl,English,M,train,ai-training/datasets/cmu-arctic/raw/cmu_us_bdl_arctic/wav/arctic_a0079.wav,It was a large canoe,0,native_reference,native_reference,arctic_a0079
cmu_arctic,bdl,English,M,train,ai-training/datasets/cmu-arctic/raw/cmu_us_bdl_arctic/wav/arctic_a0080.wav,What if Jeanne failed him,0,native_reference,native_reference,arctic_a0080
cmu_arctic,bdl,English,M,train,ai-training/datasets/cmu-arctic/raw/cmu_us_bdl_arctic/wav/arctic_a0081.wav,What if she did not come to the rock,0,native_reference,native_reference,arctic_a0081
cmu_arctic,bdl,English,M,train,ai-training/datasets/cmu-arctic/raw/cmu_us_bdl_arctic/wav/arctic_a0082.wav,His face was streaming with blood,0,native_reference,native_reference,arctic_a0082
cmu_arctic,bdl,English,M,train,ai-training/datasets/cmu-arctic/raw/cmu_us_bdl_arctic/wav/arctic_a0083.wav,A shadow was creeping over Pierre's eyes,0,native_reference,native_reference,arctic_a0083
cmu_arctic,bdl,English,M,train,ai-training/datasets/cmu-arctic/raw/cmu_us_bdl_arctic/wav/arctic_a0084.wav,Scarcely had he uttered the name when Pierre's closing eyes shot open,0,native_reference,native_reference,arctic_a0084
cmu_arctic,bdl,English,M,train,ai-training/datasets/cmu-arctic/raw/cmu_us_bdl_arctic/wav/arctic_a0085.wav,A trickle of fresh blood ran over his face,0,native_reference,native_reference,arctic_a0085
cmu_arctic,bdl,English,M,train,ai-training/datasets/cmu-arctic/raw/cmu_us_bdl_arctic/wav/arctic_a0086.wav,Death had come with terrible suddenness,0,native_reference,native_reference,arctic_a0086
cmu_arctic,bdl,English,M,train,ai-training/datasets/cmu-arctic/raw/cmu_us_bdl_arctic/wav/arctic_a0087.wav,Philip bent lower and stared into the face of the dead man,0,native_reference,native_reference,arctic_a0087
cmu_arctic,bdl,English,M,train,ai-training/datasets/cmu-arctic/raw/cmu_us_bdl_arctic/wav/arctic_a0088.wav,He made sure that the magazine was loaded and resumed his paddling,0,native_reference,native_reference,arctic_a0088
cmu_arctic,bdl,English,M,train,ai-training/datasets/cmu-arctic/raw/cmu_us_bdl_arctic/wav/arctic_a0089.wav,The nightglow was treacherous to shoot by,0,native_reference,native_reference,arctic_a0089
cmu_arctic,bdl,English,M,train,ai-training/datasets/cmu-arctic/raw/cmu_us_bdl_arctic/wav/arctic_a0090.wav,The singing voice approached rapidly,0,native_reference,native_reference,arctic_a0090
cmu_arctic,bdl,English,M,train,ai-training/datasets/cmu-arctic/raw/cmu_us_bdl_arctic/wav/arctic_a0091.wav,His blood grew hot with rage at the thought,0,native_reference,native_reference,arctic_a0091
cmu_arctic,bdl,English,M,train,ai-training/datasets/cmu-arctic/raw/cmu_us_bdl_arctic/wav/arctic_a0092.wav,He went down in midstream searching the shadows of both shores,0,native_reference,native_reference,arctic_a0092
cmu_arctic,bdl,English,M,train,ai-training/datasets/cmu-arctic/raw/cmu_us_bdl_arctic/wav/arctic_a0093.wav,For a full minute he crouched and listened,0,native_reference,native_reference,arctic_a0093
cmu_arctic,bdl,English,M,train,ai-training/datasets/cmu-arctic/raw/cmu_us_bdl_arctic/wav/arctic_a0094.wav,He had barely entered this when he saw the glow of a fire,0,native_reference,native_reference,arctic_a0094
cmu_arctic,bdl,English,M,train,ai-training/datasets/cmu-arctic/raw/cmu_us_bdl_arctic/wav/arctic_a0095.wav,A big canvas tent was the first thing to come within his vision,0,native_reference,native_reference,arctic_a0095
cmu_arctic,bdl,English,M,train,ai-training/datasets/cmu-arctic/raw/cmu_us_bdl_arctic/wav/arctic_a0096.wav,Perhaps she had already met her fate a little deeper in the forest,0,native_reference,native_reference,arctic_a0096
cmu_arctic,bdl,English,M,train,ai-training/datasets/cmu-arctic/raw/cmu_us_bdl_arctic/wav/arctic_a0097.wav,Then you can arrange yourself comfortably among these robes in the bow,0,native_reference,native_reference,arctic_a0097
cmu_arctic,bdl,English,M,train,ai-training/datasets/cmu-arctic/raw/cmu_us_bdl_arctic/wav/arctic_a0098.wav,Shall I carry you,0,native_reference,native_reference,arctic_a0098
cmu_arctic,bdl,English,M,train,ai-training/datasets/cmu-arctic/raw/cmu_us_bdl_arctic/wav/arctic_a0099.wav,A maddening joy pounded in his brain,0,native_reference,native_reference,arctic_a0099
cmu_arctic,bdl,English,M,train,ai-training/datasets/cmu-arctic/raw/cmu_us_bdl_arctic/wav/arctic_a0100.wav,You must sleep he urged,0,native_reference,native_reference,arctic_a0100
cmu_arctic,bdl,English,M,train,ai-training/datasets/cmu-arctic/raw/cmu_us_bdl_arctic/wav/arctic_a0101.wav,You you would not keep the truth from me,0,native_reference,native_reference,arctic_a0101
cmu_arctic,bdl,English,M,train,ai-training/datasets/cmu-arctic/raw/cmu_us_bdl_arctic/wav/arctic_a0102.wav,He will follow us soon,0,native_reference,native_reference,arctic_a0102
cmu_arctic,bdl,English,M,train,ai-training/datasets/cmu-arctic/raw/cmu_us_bdl_arctic/wav/arctic_a0103.wav,But there came no promise from the bow of the canoe,0,native_reference,native_reference,arctic_a0103
cmu_arctic,bdl,English,M,train,ai-training/datasets/cmu-arctic/raw/cmu_us_bdl_arctic/wav/arctic_a0104.wav,She was sleeping under his protection as sweetly as a child,0,native_reference,native_reference,arctic_a0104
cmu_arctic,bdl,English,M,train,ai-training/datasets/cmu-arctic/raw/cmu_us_bdl_arctic/wav/arctic_a0105.wav,Only it is so wonderful so almost impossible to believe,0,native_reference,native_reference,arctic_a0105
cmu_arctic,bdl,English,M,train,ai-training/datasets/cmu-arctic/raw/cmu_us_bdl_arctic/wav/arctic_a0106.wav,The emotion which she had suppressed burst forth now in a choking sob,0,native_reference,native_reference,arctic_a0106
cmu_arctic,bdl,English,M,train,ai-training/datasets/cmu-arctic/raw/cmu_us_bdl_arctic/wav/arctic_a0107.wav,If you only could know how I thank you,0,native_reference,native_reference,arctic_a0107
cmu_arctic,bdl,English,M,train,ai-training/datasets/cmu-arctic/raw/cmu_us_bdl_arctic/wav/arctic_a0108.wav,He waded into the edge of the water and began scrubbing himself,0,native_reference,native_reference,arctic_a0108
cmu_arctic,bdl,English,M,train,ai-training/datasets/cmu-arctic/raw/cmu_us_bdl_arctic/wav/arctic_a0109.wav,Do you know that you are shaking my confidence in you,0,native_reference,native_reference,arctic_a0109
cmu_arctic,bdl,English,M,train,ai-training/datasets/cmu-arctic/raw/cmu_us_bdl_arctic/wav/arctic_a0110.wav,Much replied Jeanne as tersely,0,native_reference,native_reference,arctic_a0110
cmu_arctic,bdl,English,M,train,ai-training/datasets/cmu-arctic/raw/cmu_us_bdl_arctic/wav/arctic_a0111.wav,Instead he joined her and they ate like two hungry children,0,native_reference,native_reference,arctic_a0111
cmu_arctic,bdl,English,M,train,ai-training/datasets/cmu-arctic/raw/cmu_us_bdl_arctic/wav/arctic_a0112.wav,He was wounded in the arm,0,native_reference,native_reference,arctic_a0112
cmu_arctic,bdl,English,M,train,ai-training/datasets/cmu-arctic/raw/cmu_us_bdl_arctic/wav/arctic_a0113.wav,I suppose you picked that lingo up among the Indians,0,native_reference,native_reference,arctic_a0113
cmu_arctic,bdl,English,M,train,ai-training/datasets/cmu-arctic/raw/cmu_us_bdl_arctic/wav/arctic_a0114.wav,Her words sent a strange chill through Philip,0,native_reference,native_reference,arctic_a0114
cmu_arctic,bdl,English,M,train,ai-training/datasets/cmu-arctic/raw/cmu_us_bdl_arctic/wav/arctic_a0115.wav,He had no excuse for the feelings which were aroused in him,0,native_reference,native_reference,arctic_a0115
cmu_arctic,bdl,English,M,train,ai-training/datasets/cmu-arctic/raw/cmu_us_bdl_arctic/wav/arctic_a0116.wav,Was it the rendezvous of those who were striving to work his ruin,0,native_reference,native_reference,arctic_a0116
cmu_arctic,bdl,English,M,train,ai-training/datasets/cmu-arctic/raw/cmu_us_bdl_arctic/wav/arctic_a0117.wav,She added with genuine sympathy in her face and voice,0,native_reference,native_reference,arctic_a0117
cmu_arctic,bdl,English,M,train,ai-training/datasets/cmu-arctic/raw/cmu_us_bdl_arctic/wav/arctic_a0118.wav,Pierre obeys me when we are together,0,native_reference,native_reference,arctic_a0118
cmu_arctic,bdl,English,M,train,ai-training/datasets/cmu-arctic/raw/cmu_us_bdl_arctic/wav/arctic_a0119.wav,Jeanne was turning the bow shoreward,0,native_reference,native_reference,arctic_a0119
cmu_arctic,bdl,English,M,train,ai-training/datasets/cmu-arctic/raw/cmu_us_bdl_arctic/wav/arctic_a0120.wav,My right foot feels like that of a Chinese debutante,0,native_reference,native_reference,arctic_a0120
cmu_arctic,bdl,English,M,train,ai-training/datasets/cmu-arctic/raw/cmu_us_bdl_arctic/wav/arctic_a0121.wav,They ate dinner at the fifth and rested for two hours,0,native_reference,native_reference,arctic_a0121
cmu_arctic,bdl,English,M,train,ai-training/datasets/cmu-arctic/raw/cmu_us_bdl_arctic/wav/arctic_a0122.wav,Two years ago I gave up civilization for this,0,native_reference,native_reference,arctic_a0122
cmu_arctic,bdl,English,M,train,ai-training/datasets/cmu-arctic/raw/cmu_us_bdl_arctic/wav/arctic_a0123.wav,She had died from cold and starvation,0,native_reference,native_reference,arctic_a0123
cmu_arctic,bdl,English,M,train,ai-training/datasets/cmu-arctic/raw/cmu_us_bdl_arctic/wav/arctic_a0124.wav,It was Jeanne singing softly over beyond the rocks,0,native_reference,native_reference,arctic_a0124
cmu_arctic,bdl,English,M,train,ai-training/datasets/cmu-arctic/raw/cmu_us_bdl_arctic/wav/arctic_a0125.wav,He was determined now to maintain a more certain hold upon himself,0,native_reference,native_reference,arctic_a0125
cmu_arctic,bdl,English,M,train,ai-training/datasets/cmu-arctic/raw/cmu_us_bdl_arctic/wav/arctic_a0126.wav,Each day she became a more vital part of him,0,native_reference,native_reference,arctic_a0126
cmu_arctic,bdl,English,M,train,ai-training/datasets/cmu-arctic/raw/cmu_us_bdl_arctic/wav/arctic_a0127.wav,It was a temptation but he resisted it,0,native_reference,native_reference,arctic_a0127
cmu_arctic,bdl,English,M,train,ai-training/datasets/cmu-arctic/raw/cmu_us_bdl_arctic/wav/arctic_a0128.wav,This one hope was destroyed as quickly as it was born,0,native_reference,native_reference,arctic_a0128
cmu_arctic,bdl,English,M,train,ai-training/datasets/cmu-arctic/raw/cmu_us_bdl_arctic/wav/arctic_a0129.wav,Her face was against his breast,0,native_reference,native_reference,arctic_a0129
cmu_arctic,bdl,English,M,train,ai-training/datasets/cmu-arctic/raw/cmu_us_bdl_arctic/wav/arctic_a0130.wav,She was his now forever,0,native_reference,native_reference,arctic_a0130
cmu_arctic,bdl,English,M,train,ai-training/datasets/cmu-arctic/raw/cmu_us_bdl_arctic/wav/arctic_a0131.wav,Providence had delivered him through the maelstrom,0,native_reference,native_reference,arctic_a0131
cmu_arctic,bdl,English,M,train,ai-training/datasets/cmu-arctic/raw/cmu_us_bdl_arctic/wav/arctic_a0132.wav,A cry of joy burst from Philip's lips,0,native_reference,native_reference,arctic_a0132
cmu_arctic,bdl,English,M,train,ai-training/datasets/cmu-arctic/raw/cmu_us_bdl_arctic/wav/arctic_a0133.wav,Philip began to feel that he had foolishly overestimated his strength,0,native_reference,native_reference,arctic_a0133
cmu_arctic,bdl,English,M,train,ai-training/datasets/cmu-arctic/raw/cmu_us_bdl_arctic/wav/arctic_a0134.wav,He obeyed the pressure of her hand,0,native_reference,native_reference,arctic_a0134
cmu_arctic,bdl,English,M,train,ai-training/datasets/cmu-arctic/raw/cmu_us_bdl_arctic/wav/arctic_a0135.wav,I am going to surprise father and you will go with Pierre,0,native_reference,native_reference,arctic_a0135
cmu_arctic,bdl,English,M,train,ai-training/datasets/cmu-arctic/raw/cmu_us_bdl_arctic/wav/arctic_a0136.wav,About him everywhere were the evidences of luxury and of age,0,native_reference,native_reference,arctic_a0136
cmu_arctic,bdl,English,M,train,ai-training/datasets/cmu-arctic/raw/cmu_us_bdl_arctic/wav/arctic_a0137.wav,Then he stepped back with a low cry of pleasure,0,native_reference,native_reference,arctic_a0137
cmu_arctic,bdl,English,M,train,ai-training/datasets/cmu-arctic/raw/cmu_us_bdl_arctic/wav/arctic_a0138.wav,In the picture he saw each moment a greater resemblance to Jeanne,0,native_reference,native_reference,arctic_a0138
cmu_arctic,bdl,English,M,train,ai-training/datasets/cmu-arctic/raw/cmu_us_bdl_arctic/wav/arctic_a0139.wav,He told himself that as he washed himself and groomed his disheveled clothes,0,native_reference,native_reference,arctic_a0139
cmu_arctic,bdl,English,M,train,ai-training/datasets/cmu-arctic/raw/cmu_us_bdl_arctic/wav/arctic_a0140.wav,Accept a father's blessing and with it this,0,native_reference,native_reference,arctic_a0140
cmu_arctic,bdl,English,M,train,ai-training/datasets/cmu-arctic/raw/cmu_us_bdl_arctic/wav/arctic_a0141.wav,It seems like a strange pointing of the hand of God,0,native_reference,native_reference,arctic_a0141
cmu_arctic,bdl,English,M,train,ai-training/datasets/cmu-arctic/raw/cmu_us_bdl_arctic/wav/arctic_a0142.wav,Such things had occurred before he told Philip,0,native_reference,native_reference,arctic_a0142
cmu_arctic,bdl,English,M,train,ai-training/datasets/cmu-arctic/raw/cmu_us_bdl_arctic/wav/arctic_a0143.wav,Ah I had forgotten he exclaimed,0,native_reference,native_reference,arctic_a0143
cmu_arctic,bdl,English,M,train,ai-training/datasets/cmu-arctic/raw/cmu_us_bdl_arctic/wav/arctic_a0144.wav,But there was something even more startling than this resemblance,0,native_reference,native_reference,arctic_a0144
cmu_arctic,bdl,English,M,train,ai-training/datasets/cmu-arctic/raw/cmu_us_bdl_arctic/wav/arctic_a0145.wav,I have to be careful of them as they tear very easily,0,native_reference,native_reference,arctic_a0145
cmu_arctic,bdl,English,M,train,ai-training/datasets/cmu-arctic/raw/cmu_us_bdl_arctic/wav/arctic_a0146.wav,Of course that is uninteresting she continued,0,native_reference,native_reference,arctic_a0146
cmu_arctic,bdl,English,M,train,ai-training/datasets/cmu-arctic/raw/cmu_us_bdl_arctic/wav/arctic_a0147.wav,A moment before he was intoxicated by a joy that was almost madness,0,native_reference,native_reference,arctic_a0147
cmu_arctic,bdl,English,M,train,ai-training/datasets/cmu-arctic/raw/cmu_us_bdl_arctic/wav/arctic_a0148.wav,Now these things had been struck dead within him,0,native_reference,native_reference,arctic_a0148
cmu_arctic,bdl,English,M,train,ai-training/datasets/cmu-arctic/raw/cmu_us_bdl_arctic/wav/arctic_a0149.wav,For an instant he saw Pierre drawn like a silhouette against the sky,0,native_reference,native_reference,arctic_a0149
cmu_arctic,bdl,English,M,train,ai-training/datasets/cmu-arctic/raw/cmu_us_bdl_arctic/wav/arctic_a0150.wav,Goodbye Pierre he shouted,0,native_reference,native_reference,arctic_a0150
cmu_arctic,bdl,English,M,train,ai-training/datasets/cmu-arctic/raw/cmu_us_bdl_arctic/wav/arctic_a0151.wav,And MacDougall was beyond the trail with three weeks to spare,0,native_reference,native_reference,arctic_a0151
cmu_arctic,bdl,English,M,train,ai-training/datasets/cmu-arctic/raw/cmu_us_bdl_arctic/wav/arctic_a0152.wav,Philip thrust himself against it and entered,0,native_reference,native_reference,arctic_a0152
cmu_arctic,bdl,English,M,train,ai-training/datasets/cmu-arctic/raw/cmu_us_bdl_arctic/wav/arctic_a0153.wav,MacDougall tapped his forehead suspiciously with a stubby forefinger,0,native_reference,native_reference,arctic_a0153
cmu_arctic,bdl,English,M,train,ai-training/datasets/cmu-arctic/raw/cmu_us_bdl_arctic/wav/arctic_a0154.wav,He was smooth-shaven and his hair and eyes were black,0,native_reference,native_reference,arctic_a0154
cmu_arctic,bdl,English,M,train,ai-training/datasets/cmu-arctic/raw/cmu_us_bdl_arctic/wav/arctic_a0155.wav,Won't you draw up gentlemen,0,native_reference,native_reference,arctic_a0155
cmu_arctic,bdl,English,M,train,ai-training/datasets/cmu-arctic/raw/cmu_us_bdl_arctic/wav/arctic_a0156.wav,A strange fire burned in his eyes when Thorpe turned,0,native_reference,native_reference,arctic_a0156
cmu_arctic,bdl,English,M,train,ai-training/datasets/cmu-arctic/raw/cmu_us_bdl_arctic/wav/arctic_a0157.wav,He had worshiped her as Dante might have worshiped Beatrice,0,native_reference,native_reference,arctic_a0157
cmu_arctic,bdl,English,M,train,ai-training/datasets/cmu-arctic/raw/cmu_us_bdl_arctic/wav/arctic_a0158.wav,Does that look good,0,native_reference,native_reference,arctic_a0158
cmu_arctic,bdl,English,M,train,ai-training/datasets/cmu-arctic/raw/cmu_us_bdl_arctic/wav/arctic_a0159.wav,They look as though he had been drumming a piano all his life,0,native_reference,native_reference,arctic_a0159
cmu_arctic,bdl,English,M,train,ai-training/datasets/cmu-arctic/raw/cmu_us_bdl_arctic/wav/arctic_a0160.wav,You want to go over and see his gang throw dirt,0,native_reference,native_reference,arctic_a0160
cmu_arctic,bdl,English,M,train,ai-training/datasets/cmu-arctic/raw/cmu_us_bdl_arctic/wav/arctic_a0161.wav,Take away their foreman and they wouldn't be worth their grub,0,native_reference,native_reference,arctic_a0161
cmu_arctic,bdl,English,M,train,ai-training/datasets/cmu-arctic/raw/cmu_us_bdl_arctic/wav/arctic_a0162.wav,That's the sub-foreman explained Thorpe,0,native_reference,native_reference,arctic_a0162
cmu_arctic,bdl,English,M,train,ai-training/datasets/cmu-arctic/raw/cmu_us_bdl_arctic/wav/arctic_a0163.wav,Philip made no effort to follow,0,native_reference,native_reference,arctic_a0163
cmu_arctic,bdl,English,M,train,ai-training/datasets/cmu-arctic/raw/cmu_us_bdl_arctic/wav/arctic_a0164.wav,He came first a year ago and revealed himself to Jeanne,0,native_reference,native_reference,arctic_a0164
cmu_arctic,bdl,English,M,train,ai-training/datasets/cmu-arctic/raw/cmu_us_bdl_arctic/wav/arctic_a0165.wav,They are to attack your camp tomorrow night,0,native_reference,native_reference,arctic_a0165
cmu_arctic,bdl,English,M,train,ai-training/datasets/cmu-arctic/raw/cmu_us_bdl_arctic/wav/arctic_a0166.wav,Two days ago Jeanne learned where her father's men were hiding,0,native_reference,native_reference,arctic_a0166
cmu_arctic,bdl,English,M,train,ai-training/datasets/cmu-arctic/raw/cmu_us_bdl_arctic/wav/arctic_a0167.wav,I was near the cabin and saw you,0,native_reference,native_reference,arctic_a0167
cmu_arctic,bdl,English,M,train,ai-training/datasets/cmu-arctic/raw/cmu_us_bdl_arctic/wav/arctic_a0168.wav,Low bush whipped him in the face and left no sting,0,native_reference,native_reference,arctic_a0168
cmu_arctic,bdl,English,M,train,ai-training/datasets/cmu-arctic/raw/cmu_us_bdl_arctic/wav/arctic_a0169.wav,Suddenly Jeanne stopped for an instant,0,native_reference,native_reference,arctic_a0169
cmu_arctic,bdl,English,M,train,ai-training/datasets/cmu-arctic/raw/cmu_us_bdl_arctic/wav/arctic_a0170.wav,There was none of the joy of meeting in his face,0,native_reference,native_reference,arctic_a0170
cmu_arctic,bdl,English,M,train,ai-training/datasets/cmu-arctic/raw/cmu_us_bdl_arctic/wav/arctic_a0171.wav,And when you come back in a few days bring Eileen,0,native_reference,native_reference,arctic_a0171
cmu_arctic,bdl,English,M,train,ai-training/datasets/cmu-arctic/raw/cmu_us_bdl_arctic/wav/arctic_a0172.wav,Gregson had left the outer door slightly ajar,0,native_reference,native_reference,arctic_a0172
cmu_arctic,bdl,English,M,train,ai-training/datasets/cmu-arctic/raw/cmu_us_bdl_arctic/wav/arctic_a0173.wav,The date was nearly eighteen years old,0,native_reference,native_reference,arctic_a0173
cmu_arctic,bdl,English,M,train,ai-training/datasets/cmu-arctic/raw/cmu_us_bdl_arctic/wav/arctic_a0174.wav,They were the presage of storm,0,native_reference,native_reference,arctic_a0174
cmu_arctic,bdl,English,M,train,ai-training/datasets/cmu-arctic/raw/cmu_us_bdl_arctic/wav/arctic_a0175.wav,Down there the earth was already swelling with life,0,native_reference,native_reference,arctic_a0175
cmu_arctic,bdl,English,M,train,ai-training/datasets/cmu-arctic/raw/cmu_us_bdl_arctic/wav/arctic_a0176.wav,For the first time in his life he was yearning for a scrap,0,native_reference,native_reference,arctic_a0176
cmu_arctic,bdl,English,M,train,ai-training/datasets/cmu-arctic/raw/cmu_us_bdl_arctic/wav/arctic_a0177.wav,She had been thoroughly and efficiently mauled,0,native_reference,native_reference,arctic_a0177
cmu_arctic,bdl,English,M,train,ai-training/datasets/cmu-arctic/raw/cmu_us_bdl_arctic/wav/arctic_a0178.wav,Every bone in her aged body seemed broken or dislocated,0,native_reference,native_reference,arctic_a0178
cmu_arctic,bdl,English,M,train,ai-training/datasets/cmu-arctic/raw/cmu_us_bdl_arctic/wav/arctic_a0179.wav,Tomorrow I'm going after that bear he said,0,native_reference,native_reference,arctic_a0179
cmu_arctic,bdl,English,M,train,ai-training/datasets/cmu-arctic/raw/cmu_us_bdl_arctic/wav/arctic_a0180.wav,If not let's say our prayers and go to bed,0,native_reference,native_reference,arctic_a0180
cmu_arctic,bdl,English,M,train,ai-training/datasets/cmu-arctic/raw/cmu_us_bdl_arctic/wav/arctic_a0181.wav,So cheer up and give us your paw,0,native_reference,native_reference,arctic_a0181
cmu_arctic,bdl,English,M,train,ai-training/datasets/cmu-arctic/raw/cmu_us_bdl_arctic/wav/arctic_a0182.wav,This time he did not yap for mercy,0,native_reference,native_reference,arctic_a0182
cmu_arctic,bdl,English,M,train,ai-training/datasets/cmu-arctic/raw/cmu_us_bdl_arctic/wav/arctic_a0183.wav,And the air was growing chilly,0,native_reference,native_reference,arctic_a0183
cmu_arctic,bdl,English,M,train,ai-training/datasets/cmu-arctic/raw/cmu_us_bdl_arctic/wav/arctic_a0184.wav,Don't you see I'm chewing this thing in two,0,native_reference,native_reference,arctic_a0184
cmu_arctic,bdl,English,M,train,ai-training/datasets/cmu-arctic/raw/cmu_us_bdl_arctic/wav/arctic_a0185.wav,The questions may have come vaguely in his mind,0,native_reference,native_reference,arctic_a0185
cmu_arctic,bdl,English,M,train,ai-training/datasets/cmu-arctic/raw/cmu_us_bdl_arctic/wav/arctic_a0186.wav,Like a flash he launched himself into the feathered mass of the owl,0,native_reference,native_reference,arctic_a0186
cmu_arctic,bdl,English,M,train,ai-training/datasets/cmu-arctic/raw/cmu_us_bdl_arctic/wav/arctic_a0187.wav,Ahead of them they saw a glimmer of sunshine,0,native_reference,native_reference,arctic_a0187
cmu_arctic,bdl,English,M,train,ai-training/datasets/cmu-arctic/raw/cmu_us_bdl_arctic/wav/arctic_a0188.wav,Two gigantic owls were tearing at the carcass,0,native_reference,native_reference,arctic_a0188
cmu_arctic,bdl,English,M,train,ai-training/datasets/cmu-arctic/raw/cmu_us_bdl_arctic/wav/arctic_a0189.wav,The big-eyed clucking moose-birds were most annoying,0,native_reference,native_reference,arctic_a0189
cmu_arctic,bdl,English,M,train,ai-training/datasets/cmu-arctic/raw/cmu_us_bdl_arctic/wav/arctic_a0190.wav,Next to them the Canada jays were most persistent,0,native_reference,native_reference,arctic_a0190
cmu_arctic,bdl,English,M,train,ai-training/datasets/cmu-arctic/raw/cmu_us_bdl_arctic/wav/arctic_a0191.wav,For a time the exciting thrill of his adventure was gone,0,native_reference,native_reference,arctic_a0191
cmu_arctic,bdl,English,M,train,ai-training/datasets/cmu-arctic/raw/cmu_us_bdl_arctic/wav/arctic_a0192.wav,He did not rush in,0,native_reference,native_reference,arctic_a0192
cmu_arctic,bdl,English,M,train,ai-training/datasets/cmu-arctic/raw/cmu_us_bdl_arctic/wav/arctic_a0193.wav,It was edged with ice,0,native_reference,native_reference,arctic_a0193
cmu_arctic,bdl,English,M,train,ai-training/datasets/cmu-arctic/raw/cmu_us_bdl_arctic/wav/arctic_a0194.wav,He drank of the water cautiously,0,native_reference,native_reference,arctic_a0194
cmu_arctic,bdl,English,M,train,ai-training/datasets/cmu-arctic/raw/cmu_us_bdl_arctic/wav/arctic_a0195.wav,But a strange thing happened,0,native_reference,native_reference,arctic_a0195
cmu_arctic,bdl,English,M,train,ai-training/datasets/cmu-arctic/raw/cmu_us_bdl_arctic/wav/arctic_a0196.wav,He began to follow the footprints of the dog,0,native_reference,native_reference,arctic_a0196
cmu_arctic,bdl,English,M,train,ai-training/datasets/cmu-arctic/raw/cmu_us_bdl_arctic/wav/arctic_a0197.wav,Such a dog the wise driver kills or turns loose,0,native_reference,native_reference,arctic_a0197
cmu_arctic,bdl,English,M,train,ai-training/datasets/cmu-arctic/raw/cmu_us_bdl_arctic/wav/arctic_a0198.wav,Sometimes her dreams were filled with visions,0,native_reference,native_reference,arctic_a0198
cmu_arctic,bdl,English,M,train,ai-training/datasets/cmu-arctic/raw/cmu_us_bdl_arctic/wav/arctic_a0199.wav,Thus had the raw wilderness prepared him for this day,0,native_reference,native_reference,arctic_a0199
cmu_arctic,bdl,English,M,train,ai-training/datasets/cmu-arctic/raw/cmu_us_bdl_arctic/wav/arctic_a0200.wav,He leapt again and the club caught him once more,0,native_reference,native_reference,arctic_a0200
cmu_arctic,bdl,English,M,train,ai-training/datasets/cmu-arctic/raw/cmu_us_bdl_arctic/wav/arctic_a0201.wav,He cried and swung the club wildly,0,native_reference,native_reference,arctic_a0201
cmu_arctic,bdl,English,M,train,ai-training/datasets/cmu-arctic/raw/cmu_us_bdl_arctic/wav/arctic_a0202.wav,She turned fearing that Jacques might see what was in her face,0,native_reference,native_reference,arctic_a0202
cmu_arctic,bdl,English,M,train,ai-training/datasets/cmu-arctic/raw/cmu_us_bdl_arctic/wav/arctic_a0203.wav,They were following the shore of a lake,0,native_reference,native_reference,arctic_a0203
cmu_arctic,bdl,English,M,train,ai-training/datasets/cmu-arctic/raw/cmu_us_bdl_arctic/wav/arctic_a0204.wav,The wolf-dog thrust his gaunt muzzle toward him,0,native_reference,native_reference,arctic_a0204
cmu_arctic,bdl,English,M,train,ai-training/datasets/cmu-arctic/raw/cmu_us_bdl_arctic/wav/arctic_a0205.wav,From now on we're pals,0,native_reference,native_reference,arctic_a0205
cmu_arctic,bdl,English,M,train,ai-training/datasets/cmu-arctic/raw/cmu_us_bdl_arctic/wav/arctic_a0206.wav,He says he bought him of Jacques Le Beau,0,native_reference,native_reference,arctic_a0206
cmu_arctic,bdl,English,M,train,ai-training/datasets/cmu-arctic/raw/cmu_us_bdl_arctic/wav/arctic_a0207.wav,How much was it,0,native_reference,native_reference,arctic_a0207
cmu_arctic,bdl,English,M,train,ai-training/datasets/cmu-arctic/raw/cmu_us_bdl_arctic/wav/arctic_a0208.wav,Youth had come back to her freed from the yoke of oppression,0,native_reference,native_reference,arctic_a0208
cmu_arctic,bdl,English,M,train,ai-training/datasets/cmu-arctic/raw/cmu_us_bdl_arctic/wav/arctic_a0209.wav,It was not a large lake and almost round,0,native_reference,native_reference,arctic_a0209
cmu_arctic,bdl,English,M,train,ai-training/datasets/cmu-arctic/raw/cmu_us_bdl_arctic/wav/arctic_a0210.wav,Its diameter was not more than two hundred yards,0,native_reference,native_reference,arctic_a0210
cmu_arctic,bdl,English,M,train,ai-training/datasets/cmu-arctic/raw/cmu_us_bdl_arctic/wav/arctic_a0211.wav,It drowned all sound that brute agony and death may have made,0,native_reference,native_reference,arctic_a0211
cmu_arctic,bdl,English,M,train,ai-training/datasets/cmu-arctic/raw/cmu_us_bdl_arctic/wav/arctic_a0212.wav,Fresh cases still able to walk they clustered about the spokesman,0,native_reference,native_reference,arctic_a0212
cmu_arctic,bdl,English,M,train,ai-training/datasets/cmu-arctic/raw/cmu_us_bdl_arctic/wav/arctic_a0213.wav,Between him and the beach was the cane-grass fence of the compound,0,native_reference,native_reference,arctic_a0213
cmu_arctic,bdl,English,M,train,ai-training/datasets/cmu-arctic/raw/cmu_us_bdl_arctic/wav/arctic_a0214.wav,Besides he was paid one case of tobacco per head,0,native_reference,native_reference,arctic_a0214
cmu_arctic,bdl,English,M,train,ai-training/datasets/cmu-arctic/raw/cmu_us_bdl_arctic/wav/arctic_a0215.wav,They die out of spite,0,native_reference,native_reference,arctic_a0215
cmu_arctic,bdl,English,M,train,ai-training/datasets/cmu-arctic/raw/cmu_us_bdl_arctic/wav/arctic_a0216.wav,The other felt a sudden wave of irritation rush through him,0,native_reference,native_reference,arctic_a0216
cmu_arctic,bdl,English,M,train,ai-training/datasets/cmu-arctic/raw/cmu_us_bdl_arctic/wav/arctic_a0217.wav,Oppressive as the heat had been it was now even more oppressive,0,native_reference,native_reference,arctic_a0217
cmu_arctic,bdl,English,M,train,ai-training/datasets/cmu-arctic/raw/cmu_us_bdl_arctic/wav/arctic_a0218.wav,The ringing of the big bell aroused him,0,native_reference,native_reference,arctic_a0218
cmu_arctic,bdl,English,M,train,ai-training/datasets/cmu-arctic/raw/cmu_us_bdl_arctic/wav/arctic_a0219.wav,At first he puzzled over something untoward he was sure had happened,0,native_reference,native_reference,arctic_a0219
cmu_arctic,bdl,English,M,train,ai-training/datasets/cmu-arctic/raw/cmu_us_bdl_arctic/wav/arctic_a0220.wav,A dead man is of no use on a plantation,0,native_reference,native_reference,arctic_a0220
cmu_arctic,bdl,English,M,train,ai-training/datasets/cmu-arctic/raw/cmu_us_bdl_arctic/wav/arctic_a0221.wav,I don't know why you're here at all,0,native_reference,native_reference,arctic_a0221
cmu_arctic,bdl,English,M,train,ai-training/datasets/cmu-arctic/raw/cmu_us_bdl_arctic/wav/arctic_a0222.wav,What part of the United States is your home,0,native_reference,native_reference,arctic_a0222
cmu_arctic,bdl,English,M,train,ai-training/datasets/cmu-arctic/raw/cmu_us_bdl_arctic/wav/arctic_a0223.wav,My I'm almost homesick for it already,0,native_reference,native_reference,arctic_a0223
cmu_arctic,bdl,English,M,train,ai-training/datasets/cmu-arctic/raw/cmu_us_bdl_arctic/wav/arctic_a0224.wav,She nodded and her eyes grew soft and moist,0,native_reference,native_reference,arctic_a0224
cmu_arctic,bdl,English,M,train,ai-training/datasets/cmu-arctic/raw/cmu_us_bdl_arctic/wav/arctic_a0225.wav,I was brought up the way most girls in Hawaii are brought up,0,native_reference,native_reference,arctic_a0225
cmu_arctic,bdl,English,M,train,ai-training/datasets/cmu-arctic/raw/cmu_us_bdl_arctic/wav/arctic_a0226.wav,That came before my A B C's,0,native_reference,native_reference,arctic_a0226
cmu_arctic,bdl,English,M,train,ai-training/datasets/cmu-arctic/raw/cmu_us_bdl_arctic/wav/arctic_a0227.wav,It was the same way with our revolvers and rifles,0,native_reference,native_reference,arctic_a0227
cmu_arctic,bdl,English,M,train,ai-training/datasets/cmu-arctic/raw/cmu_us_bdl_arctic/wav/arctic_a0228.wav,But it contributed to the smash,0,native_reference,native_reference,arctic_a0228
cmu_arctic,bdl,English,M,train,ai-training/datasets/cmu-arctic/raw/cmu_us_bdl_arctic/wav/arctic_a0229.wav,The last one I knew was an overseer,0,native_reference,native_reference,arctic_a0229
cmu_arctic,bdl,English,M,train,ai-training/datasets/cmu-arctic/raw/cmu_us_bdl_arctic/wav/arctic_a0230.wav,Do you know any good land around here,0,native_reference,native_reference,arctic_a0230
cmu_arctic,bdl,English,M,train,ai-training/datasets/cmu-arctic/raw/cmu_us_bdl_arctic/wav/arctic_a0231.wav,The Resident Commissioner is away in Australia,0,native_reference,native_reference,arctic_a0231
cmu_arctic,bdl,English,M,train,ai-training/datasets/cmu-arctic/raw/cmu_us_bdl_arctic/wav/arctic_a0232.wav,I cannot follow you she said,0,native_reference,native_reference,arctic_a0232
cmu_arctic,bdl,English,M,train,ai-training/datasets/cmu-arctic/raw/cmu_us_bdl_arctic/wav/arctic_a0233.wav,I never allow what can't be changed to annoy me,0,native_reference,native_reference,arctic_a0233
cmu_arctic,bdl,English,M,train,ai-training/datasets/cmu-arctic/raw/cmu_us_bdl_arctic/wav/arctic_a0234.wav,Why the average review is more nauseating than cod liver oil,0,native_reference,native_reference,arctic_a0234
cmu_arctic,bdl,English,M,train,ai-training/datasets/cmu-arctic/raw/cmu_us_bdl_arctic/wav/arctic_a0235.wav,His voice was passionately rebellious,0,native_reference,native_reference,arctic_a0235
cmu_arctic,bdl,English,M,train,ai-training/datasets/cmu-arctic/raw/cmu_us_bdl_arctic/wav/arctic_a0236.wav,Don't you see I hate you,0,native_reference,native_reference,arctic_a0236
cmu_arctic,bdl,English,M,train,ai-training/datasets/cmu-arctic/raw/cmu_us_bdl_arctic/wav/arctic_a0237.wav,So Hughie and I did the managing ourselves,0,native_reference,native_reference,arctic_a0237
cmu_arctic,bdl,English,M,train,ai-training/datasets/cmu-arctic/raw/cmu_us_bdl_arctic/wav/arctic_a0238.wav,It happened to him at the Gallina Society in Oakland one afternoon,0,native_reference,native_reference,arctic_a0238
cmu_arctic,bdl,English,M,train,ai-training/datasets/cmu-arctic/raw/cmu_us_bdl_arctic/wav/arctic_a0239.wav,He cried in such genuine dismay that she broke into hearty laughter,0,native_reference,native_reference,arctic_a0239
cmu_arctic,bdl,English,M,train,ai-training/datasets/cmu-arctic/raw/cmu_us_bdl_arctic/wav/arctic_a0240.wav,Wash your hands of me,0,native_reference,native_reference,arctic_a0240
cmu_arctic,bdl,English,M,train,ai-training/datasets/cmu-arctic/raw/cmu_us_bdl_arctic/wav/arctic_a0241.wav,I think it's much nicer to quarrel,0,native_reference,native_reference,arctic_a0241
cmu_arctic,bdl,English,M,train,ai-training/datasets/cmu-arctic/raw/cmu_us_bdl_arctic/wav/arctic_a0242.wav,I saw it when she rolled,0,native_reference,native_reference,arctic_a0242
cmu_arctic,bdl,English,M,train,ai-training/datasets/cmu-arctic/raw/cmu_us_bdl_arctic/wav/arctic_a0243.wav,I only read the quotations,0,native_reference,native_reference,arctic_a0243
cmu_arctic,bdl,English,M,train,ai-training/datasets/cmu-arctic/raw/cmu_us_bdl_arctic/wav/arctic_a0244.wav,He was the soul of devotion to his employers,0,native_reference,native_reference,arctic_a0244
cmu_arctic,bdl,English,M,train,ai-training/datasets/cmu-arctic/raw/cmu_us_bdl_arctic/wav/arctic_a0245.wav,Out of his eighteen hundred he laid aside sixteen hundred each year,0,native_reference,native_reference,arctic_a0245
cmu_arctic,bdl,English,M,train,ai-training/datasets/cmu-arctic/raw/cmu_us_bdl_arctic/wav/arctic_a0246.wav,You have heard always how he was the lover of the Princess Naomi,0,native_reference,native_reference,arctic_a0246
cmu_arctic,bdl,English,M,train,ai-training/datasets/cmu-arctic/raw/cmu_us_bdl_arctic/wav/arctic_a0247.wav,They ought to pass here some time today,0,native_reference,native_reference,arctic_a0247
cmu_arctic,bdl,English,M,train,ai-training/datasets/cmu-arctic/raw/cmu_us_bdl_arctic/wav/arctic_a0248.wav,I had been sad too long already,0,native_reference,native_reference,arctic_a0248
cmu_arctic,bdl,English,M,train,ai-training/datasets/cmu-arctic/raw/cmu_us_bdl_arctic/wav/arctic_a0249.wav,All eyes however were staring at him in certitude of expectancy,0,native_reference,native_reference,arctic_a0249
cmu_arctic,bdl,English,M,train,ai-training/datasets/cmu-arctic/raw/cmu_us_bdl_arctic/wav/arctic_a0250.wav,He had observed the business life of Hawaii and developed a vaulting ambition,0,native_reference,native_reference,arctic_a0250
cmu_arctic,bdl,English,M,train,ai-training/datasets/cmu-arctic/raw/cmu_us_bdl_arctic/wav/arctic_a0251.wav,I may manage to freight a cargo back as well,0,native_reference,native_reference,arctic_a0251
cmu_arctic,bdl,English,M,train,ai-training/datasets/cmu-arctic/raw/cmu_us_bdl_arctic/wav/arctic_a0252.wav,O'Brien had been a clean living young man with ideals,0,native_reference,native_reference,arctic_a0252
cmu_arctic,bdl,English,M,train,ai-training/datasets/cmu-arctic/raw/cmu_us_bdl_arctic/wav/arctic_a0253.wav,He it was that lived to found the family of the Patino,0,native_reference,native_reference,arctic_a0253
cmu_arctic,bdl,English,M,train,ai-training/datasets/cmu-arctic/raw/cmu_us_bdl_arctic/wav/arctic_a0254.wav,Straight out they swam their heads growing smaller and smaller,0,native_reference,native_reference,arctic_a0254
cmu_arctic,bdl,English,M,train,ai-training/datasets/cmu-arctic/raw/cmu_us_bdl_arctic/wav/arctic_a0255.wav,You won't die of malnutrition be sure of that,0,native_reference,native_reference,arctic_a0255
cmu_arctic,bdl,English,M,train,ai-training/datasets/cmu-arctic/raw/cmu_us_bdl_arctic/wav/arctic_a0256.wav,See the length of the body and that elongated neck,0,native_reference,native_reference,arctic_a0256
cmu_arctic,bdl,English,M,train,ai-training/datasets/cmu-arctic/raw/cmu_us_bdl_arctic/wav/arctic_a0257.wav,They are coming ashore whoever they are,0,native_reference,native_reference,arctic_a0257
cmu_arctic,bdl,English,M,train,ai-training/datasets/cmu-arctic/raw/cmu_us_bdl_arctic/wav/arctic_a0258.wav,Soaked in seawater they offset the heat rays,0,native_reference,native_reference,arctic_a0258
cmu_arctic,bdl,English,M,train,ai-training/datasets/cmu-arctic/raw/cmu_us_bdl_arctic/wav/arctic_a0259.wav,Think of investing in such an adventure,0,native_reference,native_reference,arctic_a0259
cmu_arctic,bdl,English,M,train,ai-training/datasets/cmu-arctic/raw/cmu_us_bdl_arctic/wav/arctic_a0260.wav,Nobody knew his history they of the Junta least of all,0,native_reference,native_reference,arctic_a0260
cmu_arctic,bdl,English,M,train,ai-training/datasets/cmu-arctic/raw/cmu_us_bdl_arctic/wav/arctic_a0261.wav,I have been doubly baptized,0,native_reference,native_reference,arctic_a0261
cmu_arctic,bdl,English,M,train,ai-training/datasets/cmu-arctic/raw/cmu_us_bdl_arctic/wav/arctic_a0262.wav,They wouldn't be sweeping a big vessel like the Martha,0,native_reference,native_reference,arctic_a0262
cmu_arctic,bdl,English,M,train,ai-training/datasets/cmu-arctic/raw/cmu_us_bdl_arctic/wav/arctic_a0263.wav,Joan looked triumphantly at Sheldon who bowed,0,native_reference,native_reference,arctic_a0263
cmu_arctic,bdl,English,M,train,ai-training/datasets/cmu-arctic/raw/cmu_us_bdl_arctic/wav/arctic_a0264.wav,And I hope you've got plenty of chain out Captain Young,0,native_reference,native_reference,arctic_a0264
cmu_arctic,bdl,English,M,train,ai-training/datasets/cmu-arctic/raw/cmu_us_bdl_arctic/wav/arctic_a0265.wav,The discovery seemed to have been made on the spur of the moment,0,native_reference,native_reference,arctic_a0265
cmu_arctic,bdl,English,M,train,ai-training/datasets/cmu-arctic/raw/cmu_us_bdl_arctic/wav/arctic_a0266.wav,They handled two men already both grub-thieves,0,native_reference,native_reference,arctic_a0266
cmu_arctic,bdl,English,M,train,ai-training/datasets/cmu-arctic/raw/cmu_us_bdl_arctic/wav/arctic_a0267.wav,Eli Harding asked as Shunk started to follow,0,native_reference,native_reference,arctic_a0267
cmu_arctic,bdl,English,M,train,ai-training/datasets/cmu-arctic/raw/cmu_us_bdl_arctic/wav/arctic_a0268.wav,Now go ahead and tell me in a straightforward way what has happened,0,native_reference,native_reference,arctic_a0268
cmu_arctic,bdl,English,M,train,ai-training/datasets/cmu-arctic/raw/cmu_us_bdl_arctic/wav/arctic_a0269.wav,That's where they cut off the Scottish Chiefs and killed all hands,0,native_reference,native_reference,arctic_a0269
cmu_arctic,bdl,English,M,train,ai-training/datasets/cmu-arctic/raw/cmu_us_bdl_arctic/wav/arctic_a0270.wav,And after the bath a shave would not be bad,0,native_reference,native_reference,arctic_a0270
cmu_arctic,bdl,English,M,train,ai-training/datasets/cmu-arctic/raw/cmu_us_bdl_arctic/wav/arctic_a0271.wav,Now please give a plain statement of what occurred,0,native_reference,native_reference,arctic_a0271
cmu_arctic,bdl,English,M,train,ai-training/datasets/cmu-arctic/raw/cmu_us_bdl_arctic/wav/arctic_a0272.wav,You can take a vacation on pay,0,native_reference,native_reference,arctic_a0272
cmu_arctic,bdl,English,M,train,ai-training/datasets/cmu-arctic/raw/cmu_us_bdl_arctic/wav/arctic_a0273.wav,They are big trees and require plenty of room,0,native_reference,native_reference,arctic_a0273
cmu_arctic,bdl,English,M,train,ai-training/datasets/cmu-arctic/raw/cmu_us_bdl_arctic/wav/arctic_a0274.wav,And Raoul listened again to the tale of the house,0,native_reference,native_reference,arctic_a0274
cmu_arctic,bdl,English,M,train,ai-training/datasets/cmu-arctic/raw/cmu_us_bdl_arctic/wav/arctic_a0275.wav,There are no kiddies and half grown youths among them,0,native_reference,native_reference,arctic_a0275
cmu_arctic,bdl,English,M,train,ai-training/datasets/cmu-arctic/raw/cmu_us_bdl_arctic/wav/arctic_a0276.wav,Oolong Atoll was one hundred and forty miles in circumference,0,native_reference,native_reference,arctic_a0276
cmu_arctic,bdl,English,M,train,ai-training/datasets/cmu-arctic/raw/cmu_us_bdl_arctic/wav/arctic_a0277.wav,McCoy found a stifling poisonous atmosphere in the pent cabin,0,native_reference,native_reference,arctic_a0277
cmu_arctic,bdl,English,M,train,ai-training/datasets/cmu-arctic/raw/cmu_us_bdl_arctic/wav/arctic_a0278.wav,It would give me nervous prostration,0,native_reference,native_reference,arctic_a0278
cmu_arctic,bdl,English,M,train,ai-training/datasets/cmu-arctic/raw/cmu_us_bdl_arctic/wav/arctic_a0279.wav,She said with chattering teeth,0,native_reference,native_reference,arctic_a0279
cmu_arctic,bdl,English,M,train,ai-training/datasets/cmu-arctic/raw/cmu_us_bdl_arctic/wav/arctic_a0280.wav,I'll be out of my head in fifteen minutes,0,native_reference,native_reference,arctic_a0280
cmu_arctic,bdl,English,M,train,ai-training/datasets/cmu-arctic/raw/cmu_us_bdl_arctic/wav/arctic_a0281.wav,I do not blame you for anything remember that,0,native_reference,native_reference,arctic_a0281
cmu_arctic,bdl,English,M,train,ai-training/datasets/cmu-arctic/raw/cmu_us_bdl_arctic/wav/arctic_a0282.wav,If you mean to insinuate -- Brentwood began hotly,0,native_reference,native_reference,arctic_a0282
cmu_arctic,bdl,English,M,train,ai-training/datasets/cmu-arctic/raw/cmu_us_bdl_arctic/wav/arctic_a0283.wav,The woman in you is only incidental accidental and irrelevant,0,native_reference,native_reference,arctic_a0283
cmu_arctic,bdl,English,M,train,ai-training/datasets/cmu-arctic/raw/cmu_us_bdl_arctic/wav/arctic_a0284.wav,There was no forecasting this strange girl's processes,0,native_reference,native_reference,arctic_a0284
cmu_arctic,bdl,English,M,train,ai-training/datasets/cmu-arctic/raw/cmu_us_bdl_arctic/wav/arctic_a0285.wav,But what they want with your toothbrush is more than I can imagine,0,native_reference,native_reference,arctic_a0285
cmu_arctic,bdl,English,M,train,ai-training/datasets/cmu-arctic/raw/cmu_us_bdl_arctic/wav/arctic_a0286.wav,Give them their choice between a fine or an official whipping,0,native_reference,native_reference,arctic_a0286
cmu_arctic,bdl,English,M,train,ai-training/datasets/cmu-arctic/raw/cmu_us_bdl_arctic/wav/arctic_a0287.wav,Keep an eye on him,0,native_reference,native_reference,arctic_a0287
cmu_arctic,bdl,English,M,train,ai-training/datasets/cmu-arctic/raw/cmu_us_bdl_arctic/wav/arctic_a0288.wav,Those are my oysters he said at last,0,native_reference,native_reference,arctic_a0288
cmu_arctic,bdl,English,M,train,ai-training/datasets/cmu-arctic/raw/cmu_us_bdl_arctic/wav/arctic_a0289.wav,They are not regular oyster pirates Nicholas continued,0,native_reference,native_reference,arctic_a0289
cmu_arctic,bdl,English,M,train,ai-training/datasets/cmu-arctic/raw/cmu_us_bdl_arctic/wav/arctic_a0290.wav,One by one the boys were captured,0,native_reference,native_reference,arctic_a0290
cmu_arctic,bdl,English,M,train,ai-training/datasets/cmu-arctic/raw/cmu_us_bdl_arctic/wav/arctic_a0291.wav,The weeks had gone by and no overt acts had been attempted,0,native_reference,native_reference,arctic_a0291
cmu_arctic,bdl,English,M,train,ai-training/datasets/cmu-arctic/raw/cmu_us_bdl_arctic/wav/arctic_a0292.wav,Here in the midmorning the first casualty occurred,0,native_reference,native_reference,arctic_a0292
cmu_arctic,bdl,English,M,train,ai-training/datasets/cmu-arctic/raw/cmu_us_bdl_arctic/wav/arctic_a0293.wav,They were deep in the primeval forest,0,native_reference,native_reference,arctic_a0293
cmu_arctic,bdl,English,M,train,ai-training/datasets/cmu-arctic/raw/cmu_us_bdl_arctic/wav/arctic_a0294.wav,He had been foiled in his attempt to escape,0,native_reference,native_reference,arctic_a0294
cmu_arctic,bdl,English,M,train,ai-training/datasets/cmu-arctic/raw/cmu_us_bdl_arctic/wav/arctic_a0295.wav,And twenty men could hold it with spears and arrows,0,native_reference,native_reference,arctic_a0295
cmu_arctic,bdl,English,M,train,ai-training/datasets/cmu-arctic/raw/cmu_us_bdl_arctic/wav/arctic_a0296.wav,Bassett was a fastidious man,0,native_reference,native_reference,arctic_a0296
cmu_arctic,bdl,English,M,train,ai-training/datasets/cmu-arctic/raw/cmu_us_bdl_arctic/wav/arctic_a0297.wav,There's a big English general right now whose name is Roberts,0,native_reference,native_reference,arctic_a0297
cmu_arctic,bdl,English,M,train,ai-training/datasets/cmu-arctic/raw/cmu_us_bdl_arctic/wav/arctic_a0298.wav,This tacit promise of continued acquaintance gave Saxon a little joy-thrill,0,native_reference,native_reference,arctic_a0298
cmu_arctic,bdl,English,M,train,ai-training/datasets/cmu-arctic/raw/cmu_us_bdl_arctic/wav/arctic_a0299.wav,I tell you I am disgusted with this adventure tomfoolery and rot,0,native_reference,native_reference,arctic_a0299
cmu_arctic,bdl,English,M,train,ai-training/datasets/cmu-arctic/raw/cmu_us_bdl_arctic/wav/arctic_a0300.wav,From my earliest recollection my sleep was a period of terror,0,native_reference,native_reference,arctic_a0300
cmu_arctic,bdl,English,M,train,ai-training/datasets/cmu-arctic/raw/cmu_us_bdl_arctic/wav/arctic_a0301.wav,But all my dreams violated this law,0,native_reference,native_reference,arctic_a0301
cmu_arctic,bdl,English,M,train,ai-training/datasets/cmu-arctic/raw/cmu_us_bdl_arctic/wav/arctic_a0302.wav,It is very plausible to such people a most convincing hypothesis,0,native_reference,native_reference,arctic_a0302
cmu_arctic,bdl,English,M,train,ai-training/datasets/cmu-arctic/raw/cmu_us_bdl_arctic/wav/arctic_a0303.wav,But they make the mistake of ignoring their own duality,0,native_reference,native_reference,arctic_a0303
cmu_arctic,bdl,English,M,train,ai-training/datasets/cmu-arctic/raw/cmu_us_bdl_arctic/wav/arctic_a0304.wav,I graduated last of my class,0,native_reference,native_reference,arctic_a0304
cmu_arctic,bdl,English,M,train,ai-training/datasets/cmu-arctic/raw/cmu_us_bdl_arctic/wav/arctic_a0305.wav,They had no fixed values to be altered by adjectives and adverbs,0,native_reference,native_reference,arctic_a0305
cmu_arctic,bdl,English,M,train,ai-training/datasets/cmu-arctic/raw/cmu_us_bdl_arctic/wav/arctic_a0306.wav,He was pressing beyond the limits of his vocabulary,0,native_reference,native_reference,arctic_a0306
cmu_arctic,bdl,English,M,train,ai-training/datasets/cmu-arctic/raw/cmu_us_bdl_arctic/wav/arctic_a0307.wav,Very early in my life I separated from my mother,0,native_reference,native_reference,arctic_a0307
cmu_arctic,bdl,English,M,train,ai-training/datasets/cmu-arctic/raw/cmu_us_bdl_arctic/wav/arctic_a0308.wav,His infernal chattering worries me even now as I think of it,0,native_reference,native_reference,arctic_a0308
cmu_arctic,bdl,English,M,train,ai-training/datasets/cmu-arctic/raw/cmu_us_bdl_arctic/wav/arctic_a0309.wav,White Leghorns said Mrs Mortimer,0,native_reference,native_reference,arctic_a0309
cmu_arctic,bdl,English,M,train,ai-training/datasets/cmu-arctic/raw/cmu_us_bdl_arctic/wav/arctic_a0310.wav,Massage under tension was the cryptic reply,0,native_reference,native_reference,arctic_a0310
cmu_arctic,bdl,English,M,train,ai-training/datasets/cmu-arctic/raw/cmu_us_bdl_arctic/wav/arctic_a0311.wav,Therefore hurrah for the game,0,native_reference,native_reference,arctic_a0311
cmu_arctic,bdl,English,M,train,ai-training/datasets/cmu-arctic/raw/cmu_us_bdl_arctic/wav/arctic_a0312.wav,It lived in perpetual apprehension of that quarter of the compass,0,native_reference,native_reference,arctic_a0312
cmu_arctic,bdl,English,M,train,ai-training/datasets/cmu-arctic/raw/cmu_us_bdl_arctic/wav/arctic_a0313.wav,Broken-Tooth yelled with fright and pain,0,native_reference,native_reference,arctic_a0313
cmu_arctic,bdl,English,M,train,ai-training/datasets/cmu-arctic/raw/cmu_us_bdl_arctic/wav/arctic_a0314.wav,Thus was momentum gained in the Younger World,0,native_reference,native_reference,arctic_a0314
cmu_arctic,bdl,English,M,train,ai-training/datasets/cmu-arctic/raw/cmu_us_bdl_arctic/wav/arctic_a0315.wav,Saxon waited for she knew a fresh idea had struck Billy,0,native_reference,native_reference,arctic_a0315
cmu_arctic,bdl,English,M,train,ai-training/datasets/cmu-arctic/raw/cmu_us_bdl_arctic/wav/arctic_a0316.wav,We had been chased by them ourselves more than once,0,native_reference,native_reference,arctic_a0316
cmu_arctic,bdl,English,M,train,ai-training/datasets/cmu-arctic/raw/cmu_us_bdl_arctic/wav/arctic_a0317.wav,He was a wise hyena,0,native_reference,native_reference,arctic_a0317
cmu_arctic,bdl,English,M,train,ai-training/datasets/cmu-arctic/raw/cmu_us_bdl_arctic/wav/arctic_a0318.wav,Production is doubling and quadrupling upon itself,0,native_reference,native_reference,arctic_a0318
cmu_arctic,bdl,English,M,train,ai-training/datasets/cmu-arctic/raw/cmu_us_bdl_arctic/wav/arctic_a0319.wav,And the Edinburgh Evening News says with editorial gloom,0,native_reference,native_reference,arctic_a0319
cmu_arctic,bdl,English,M,train,ai-training/datasets/cmu-arctic/raw/cmu_us_bdl_arctic/wav/arctic_a0320.wav,With my strength I slammed it full into Red-Eye's face,0,native_reference,native_reference,arctic_a0320
cmu_arctic,bdl,English,M,train,ai-training/datasets/cmu-arctic/raw/cmu_us_bdl_arctic/wav/arctic_a0321.wav,The log on which Lop-Ear was lying got adrift,0,native_reference,native_reference,arctic_a0321
cmu_arctic,bdl,English,M,train,ai-training/datasets/cmu-arctic/raw/cmu_us_bdl_arctic/wav/arctic_a0322.wav,This is a common experience with all of us,0,native_reference,native_reference,arctic_a0322
cmu_arctic,bdl,English,M,train,ai-training/datasets/cmu-arctic/raw/cmu_us_bdl_arctic/wav/arctic_a0323.wav,He considered the victory already his and stepped forward to the meat,0,native_reference,native_reference,arctic_a0323
cmu_arctic,bdl,English,M,train,ai-training/datasets/cmu-arctic/raw/cmu_us_bdl_arctic/wav/arctic_a0324.wav,It was not Red-Eye's way to forego revenge so easily,0,native_reference,native_reference,arctic_a0324
cmu_arctic,bdl,English,M,train,ai-training/datasets/cmu-arctic/raw/cmu_us_bdl_arctic/wav/arctic_a0325.wav,Whiz-zip-bang Lop-Ear screamed with sudden anguish,0,native_reference,native_reference,arctic_a0325
cmu_arctic,bdl,English,M,train,ai-training/datasets/cmu-arctic/raw/cmu_us_bdl_arctic/wav/arctic_a0326.wav,Cherokee identified himself with his instinct,0,native_reference,native_reference,arctic_a0326
cmu_arctic,bdl,English,M,train,ai-training/datasets/cmu-arctic/raw/cmu_us_bdl_arctic/wav/arctic_a0327.wav,They were less stooped than we less springy in their movements,0,native_reference,native_reference,arctic_a0327
cmu_arctic,bdl,English,M,train,ai-training/datasets/cmu-arctic/raw/cmu_us_bdl_arctic/wav/arctic_a0328.wav,The Fire People like ourselves lived in caves,0,native_reference,native_reference,arctic_a0328
cmu_arctic,bdl,English,M,train,ai-training/datasets/cmu-arctic/raw/cmu_us_bdl_arctic/wav/arctic_a0329.wav,Ah indeed,0,native_reference,native_reference,arctic_a0329
cmu_arctic,bdl,English,M,train,ai-training/datasets/cmu-arctic/raw/cmu_us_bdl_arctic/wav/arctic_a0330.wav,Red-Eye never committed a more outrageous deed,0,native_reference,native_reference,arctic_a0330
cmu_arctic,bdl,English,M,train,ai-training/datasets/cmu-arctic/raw/cmu_us_bdl_arctic/wav/arctic_a0331.wav,Poor little Crooked-Leg was terribly scared,0,native_reference,native_reference,arctic_a0331
cmu_arctic,bdl,English,M,train,ai-training/datasets/cmu-arctic/raw/cmu_us_bdl_arctic/wav/arctic_a0332.wav,Unconsciously our yells and exclamations yielded to this rhythm,0,native_reference,native_reference,arctic_a0332
cmu_arctic,bdl,English,M,train,ai-training/datasets/cmu-arctic/raw/cmu_us_bdl_arctic/wav/arctic_a0333.wav,This is no place for you,0,native_reference,native_reference,arctic_a0333
cmu_arctic,bdl,English,M,train,ai-training/datasets/cmu-arctic/raw/cmu_us_bdl_arctic/wav/arctic_a0334.wav,He'll knock you off a few sticks in no time,0,native_reference,native_reference,arctic_a0334
cmu_arctic,bdl,English,M,train,ai-training/datasets/cmu-arctic/raw/cmu_us_bdl_arctic/wav/arctic_a0335.wav,Red-Eye swung back and forth on the branch farther down,0,native_reference,native_reference,arctic_a0335
cmu_arctic,bdl,English,M,train,ai-training/datasets/cmu-arctic/raw/cmu_us_bdl_arctic/wav/arctic_a0336.wav,So unexpected was my charge that I knocked him off his feet,0,native_reference,native_reference,arctic_a0336
cmu_arctic,bdl,English,M,train,ai-training/datasets/cmu-arctic/raw/cmu_us_bdl_arctic/wav/arctic_a0337.wav,Encouraged by my conduct Big-Face became a sudden ally,0,native_reference,native_reference,arctic_a0337
cmu_arctic,bdl,English,M,train,ai-training/datasets/cmu-arctic/raw/cmu_us_bdl_arctic/wav/arctic_a0338.wav,The fighting had now become intermittent,0,native_reference,native_reference,arctic_a0338
cmu_arctic,bdl,English,M,train,ai-training/datasets/cmu-arctic/raw/cmu_us_bdl_arctic/wav/arctic_a0339.wav,They obeyed him and went here and there at his commands,0,native_reference,native_reference,arctic_a0339
cmu_arctic,bdl,English,M,train,ai-training/datasets/cmu-arctic/raw/cmu_us_bdl_arctic/wav/arctic_a0340.wav,It was like the beating of hoofs,0,native_reference,native_reference,arctic_a0340
cmu_arctic,bdl,English,M,train,ai-training/datasets/cmu-arctic/raw/cmu_us_bdl_arctic/wav/arctic_a0341.wav,Why doggone you all shake again,0,native_reference,native_reference,arctic_a0341
cmu_arctic,bdl,English,M,train,ai-training/datasets/cmu-arctic/raw/cmu_us_bdl_arctic/wav/arctic_a0342.wav,Seventeen no eighteen days ago,0,native_reference,native_reference,arctic_a0342
cmu_arctic,bdl,English,M,train,ai-training/datasets/cmu-arctic/raw/cmu_us_bdl_arctic/wav/arctic_a0343.wav,You mean for this State General Alberta,0,native_reference,native_reference,arctic_a0343
cmu_arctic,bdl,English,M,train,ai-training/datasets/cmu-arctic/raw/cmu_us_bdl_arctic/wav/arctic_a0344.wav,He seemed to fill it with his tremendous vitality,0,native_reference,native_reference,arctic_a0344
cmu_arctic,bdl,English,M,train,ai-training/datasets/cmu-arctic/raw/cmu_us_bdl_arctic/wav/arctic_a0345.wav,She was trying to pass the apron string around him,0,native_reference,native_reference,arctic_a0345
cmu_arctic,bdl,English,M,train,ai-training/datasets/cmu-arctic/raw/cmu_us_bdl_arctic/wav/arctic_a0346.wav,Get down and dig in,0,native_reference,native_reference,arctic_a0346
cmu_arctic,bdl,English,M,train,ai-training/datasets/cmu-arctic/raw/cmu_us_bdl_arctic/wav/arctic_a0347.wav,They are greatly delighted with anything that is bright or giveth a sound,0,native_reference,native_reference,arctic_a0347
cmu_arctic,bdl,English,M,train,ai-training/datasets/cmu-arctic/raw/cmu_us_bdl_arctic/wav/arctic_a0348.wav,They only lifted seven hundred and fifty,0,native_reference,native_reference,arctic_a0348
cmu_arctic,bdl,English,M,train,ai-training/datasets/cmu-arctic/raw/cmu_us_bdl_arctic/wav/arctic_a0349.wav,It was simple in its way and no virtue of his,0,native_reference,native_reference,arctic_a0349
cmu_arctic,bdl,English,M,train,ai-training/datasets/cmu-arctic/raw/cmu_us_bdl_arctic/wav/arctic_a0350.wav,Is that Pat Hanrahan's mug looking hungry and willing,0,native_reference,native_reference,arctic_a0350
cmu_arctic,bdl,English,M,train,ai-training/datasets/cmu-arctic/raw/cmu_us_bdl_arctic/wav/arctic_a0351.wav,It was more like sugar,0,native_reference,native_reference,arctic_a0351
cmu_arctic,bdl,English,M,train,ai-training/datasets/cmu-arctic/raw/cmu_us_bdl_arctic/wav/arctic_a0352.wav,I'm sure going along with you all Elijah,0,native_reference,native_reference,arctic_a0352
cmu_arctic,bdl,English,M,train,ai-training/datasets/cmu-arctic/raw/cmu_us_bdl_arctic/wav/arctic_a0353.wav,Here the explosion of mirth drowned him out,0,native_reference,native_reference,arctic_a0353
cmu_arctic,bdl,English,M,train,ai-training/datasets/cmu-arctic/raw/cmu_us_bdl_arctic/wav/arctic_a0354.wav,Fresh meat they failed to obtain,0,native_reference,native_reference,arctic_a0354
cmu_arctic,bdl,English,M,train,ai-training/datasets/cmu-arctic/raw/cmu_us_bdl_arctic/wav/arctic_a0355.wav,A burst of laughter was his reward,0,native_reference,native_reference,arctic_a0355
cmu_arctic,bdl,English,M,train,ai-training/datasets/cmu-arctic/raw/cmu_us_bdl_arctic/wav/arctic_a0356.wav,You don't catch me at any such foolishness,0,native_reference,native_reference,arctic_a0356
cmu_arctic,bdl,English,M,train,ai-training/datasets/cmu-arctic/raw/cmu_us_bdl_arctic/wav/arctic_a0357.wav,A month passed by and Bonanza Creek remained quiet,0,native_reference,native_reference,arctic_a0357
cmu_arctic,bdl,English,M,train,ai-training/datasets/cmu-arctic/raw/cmu_us_bdl_arctic/wav/arctic_a0358.wav,They continued valiantly to lie but the truth continued to outrun them,0,native_reference,native_reference,arctic_a0358
cmu_arctic,bdl,English,M,train,ai-training/datasets/cmu-arctic/raw/cmu_us_bdl_arctic/wav/arctic_a0359.wav,Earth and gravel seemed to fill the pan,0,native_reference,native_reference,arctic_a0359
cmu_arctic,bdl,English,M,train,ai-training/datasets/cmu-arctic/raw/cmu_us_bdl_arctic/wav/arctic_a0360.wav,But he no longer cared quite so much for that form of diversion,0,native_reference,native_reference,arctic_a0360
cmu_arctic,bdl,English,M,train,ai-training/datasets/cmu-arctic/raw/cmu_us_bdl_arctic/wav/arctic_a0361.wav,But he did not broach it preferring to mature it carefully,0,native_reference,native_reference,arctic_a0361
cmu_arctic,bdl,English,M,train,ai-training/datasets/cmu-arctic/raw/cmu_us_bdl_arctic/wav/arctic_a0362.wav,Nope not the slightest idea,0,native_reference,native_reference,arctic_a0362
cmu_arctic,bdl,English,M,train,ai-training/datasets/cmu-arctic/raw/cmu_us_bdl_arctic/wav/arctic_a0363.wav,It is not an attempt to smash the market,0,native_reference,native_reference,arctic_a0363
cmu_arctic,bdl,English,M,train,ai-training/datasets/cmu-arctic/raw/cmu_us_bdl_arctic/wav/arctic_a0364.wav,We have plenty of capital ourselves and yet we want more,0,native_reference,native_reference,arctic_a0364
cmu_arctic,bdl,English,M,train,ai-training/datasets/cmu-arctic/raw/cmu_us_bdl_arctic/wav/arctic_a0365.wav,These rumors may even originate with us,0,native_reference,native_reference,arctic_a0365
cmu_arctic,bdl,English,M,train,ai-training/datasets/cmu-arctic/raw/cmu_us_bdl_arctic/wav/arctic_a0366.wav,A wildly exciting time was his during the week preceding Thursday the eighteenth,0,native_reference,native_reference,arctic_a0366
cmu_arctic,bdl,English,M,train,ai-training/datasets/cmu-arctic/raw/cmu_us_bdl_arctic/wav/arctic_a0367.wav,There is not an iota of truth in it certainly not,0,native_reference,native_reference,arctic_a0367
cmu_arctic,bdl,English,M,train,ai-training/datasets/cmu-arctic/raw/cmu_us_bdl_arctic/wav/arctic_a0368.wav,I just do appreciate it without being able to express my feelings,0,native_reference,native_reference,arctic_a0368
cmu_arctic,bdl,English,M,train,ai-training/datasets/cmu-arctic/raw/cmu_us_bdl_arctic/wav/arctic_a0369.wav,In partnership with Daylight the pair raided the San Jose Interurban,0,native_reference,native_reference,arctic_a0369
cmu_arctic,bdl,English,M,train,ai-training/datasets/cmu-arctic/raw/cmu_us_bdl_arctic/wav/arctic_a0370.wav,He saw all men in the business game doing this,0,native_reference,native_reference,arctic_a0370
cmu_arctic,bdl,English,M,train,ai-training/datasets/cmu-arctic/raw/cmu_us_bdl_arctic/wav/arctic_a0371.wav,It issued a rate of forty two dollars a car on charcoal,0,native_reference,native_reference,arctic_a0371
cmu_arctic,bdl,English,M,train,ai-training/datasets/cmu-arctic/raw/cmu_us_bdl_arctic/wav/arctic_a0372.wav,He saw only the effect in a general sketchy way,0,native_reference,native_reference,arctic_a0372
cmu_arctic,bdl,English,M,train,ai-training/datasets/cmu-arctic/raw/cmu_us_bdl_arctic/wav/arctic_a0373.wav,Points of view new ideas life,0,native_reference,native_reference,arctic_a0373
cmu_arctic,bdl,English,M,train,ai-training/datasets/cmu-arctic/raw/cmu_us_bdl_arctic/wav/arctic_a0374.wav,But life's worth more than cash she argued,0,native_reference,native_reference,arctic_a0374
cmu_arctic,bdl,English,M,train,ai-training/datasets/cmu-arctic/raw/cmu_us_bdl_arctic/wav/arctic_a0375.wav,The butchers and meat cutters refused to handle meat destined for unfair restaurants,0,native_reference,native_reference,arctic_a0375
cmu_arctic,bdl,English,M,train,ai-training/datasets/cmu-arctic/raw/cmu_us_bdl_arctic/wav/arctic_a0376.wav,Your price my son is just about thirty per week,0,native_reference,native_reference,arctic_a0376
cmu_arctic,bdl,English,M,train,ai-training/datasets/cmu-arctic/raw/cmu_us_bdl_arctic/wav/arctic_a0377.wav,This sound did not disturb the hush and awe of the place,0,native_reference,native_reference,arctic_a0377
cmu_arctic,bdl,English,M,train,ai-training/datasets/cmu-arctic/raw/cmu_us_bdl_arctic/wav/arctic_a0378.wav,That's why its boundaries are all gouged and jagged,0,native_reference,native_reference,arctic_a0378
cmu_arctic,bdl,English,M,train,ai-training/datasets/cmu-arctic/raw/cmu_us_bdl_arctic/wav/arctic_a0379.wav,How old are you daddy,0,native_reference,native_reference,arctic_a0379
cmu_arctic,bdl,English,M,train,ai-training/datasets/cmu-arctic/raw/cmu_us_bdl_arctic/wav/arctic_a0380.wav,But in the canyons water was plentiful and also a luxuriant forest growth,0,native_reference,native_reference,arctic_a0380
cmu_arctic,bdl,English,M,train,ai-training/datasets/cmu-arctic/raw/cmu_us_bdl_arctic/wav/arctic_a0381.wav,My name's Ferguson,0,native_reference,native_reference,arctic_a0381
cmu_arctic,bdl,English,M,train,ai-training/datasets/cmu-arctic/raw/cmu_us_bdl_arctic/wav/arctic_a0382.wav,Daylight found himself charmed and made curious by the little man,0,native_reference,native_reference,arctic_a0382
cmu_arctic,bdl,English,M,train,ai-training/datasets/cmu-arctic/raw/cmu_us_bdl_arctic/wav/arctic_a0383.wav,To his surprise her answer was flat and uncompromising,0,native_reference,native_reference,arctic_a0383
cmu_arctic,bdl,English,M,train,ai-training/datasets/cmu-arctic/raw/cmu_us_bdl_arctic/wav/arctic_a0384.wav,The farmer works the soil and produces grain,0,native_reference,native_reference,arctic_a0384
cmu_arctic,bdl,English,M,train,ai-training/datasets/cmu-arctic/raw/cmu_us_bdl_arctic/wav/arctic_a0385.wav,That's what Carnegie did,0,native_reference,native_reference,arctic_a0385
cmu_arctic,bdl,English,M,train,ai-training/datasets/cmu-arctic/raw/cmu_us_bdl_arctic/wav/arctic_a0386.wav,I can't argue with you and you know that,0,native_reference,native_reference,arctic_a0386
cmu_arctic,bdl,English,M,train,ai-training/datasets/cmu-arctic/raw/cmu_us_bdl_arctic/wav/arctic_a0387.wav,Bob growing disgusted turned back suddenly and attempted to pass Mab,0,native_reference,native_reference,arctic_a0387
cmu_arctic,bdl,English,M,train,ai-training/datasets/cmu-arctic/raw/cmu_us_bdl_arctic/wav/arctic_a0388.wav,It was my idea to a tee,0,native_reference,native_reference,arctic_a0388
cmu_arctic,bdl,English,M,train,ai-training/datasets/cmu-arctic/raw/cmu_us_bdl_arctic/wav/arctic_a0389.wav,Mab she said,0,native_reference,native_reference,arctic_a0389
cmu_arctic,bdl,English,M,train,ai-training/datasets/cmu-arctic/raw/cmu_us_bdl_arctic/wav/arctic_a0390.wav,I'll go over tomorrow afternoon,0,native_reference,native_reference,arctic_a0390
cmu_arctic,bdl,English,M,train,ai-training/datasets/cmu-arctic/raw/cmu_us_bdl_arctic/wav/arctic_a0391.wav,But he reconciled himself to it by an act of faith,0,native_reference,native_reference,arctic_a0391
cmu_arctic,bdl,English,M,train,ai-training/datasets/cmu-arctic/raw/cmu_us_bdl_arctic/wav/arctic_a0392.wav,There is that magnificent Bob eating his head off in the stable,0,native_reference,native_reference,arctic_a0392
cmu_arctic,bdl,English,M,train,ai-training/datasets/cmu-arctic/raw/cmu_us_bdl_arctic/wav/arctic_a0393.wav,Already he had begun borrowing from the banks,0,native_reference,native_reference,arctic_a0393
cmu_arctic,bdl,English,M,train,ai-training/datasets/cmu-arctic/raw/cmu_us_bdl_arctic/wav/arctic_a0394.wav,It's the strap hangers that'll keep us from going under,0,native_reference,native_reference,arctic_a0394
cmu_arctic,bdl,English,M,train,ai-training/datasets/cmu-arctic/raw/cmu_us_bdl_arctic/wav/arctic_a0395.wav,As for himself weren't the street railway earnings increasing steadily,0,native_reference,native_reference,arctic_a0395
cmu_arctic,bdl,English,M,train,ai-training/datasets/cmu-arctic/raw/cmu_us_bdl_arctic/wav/arctic_a0396.wav,A rising tide of fat had submerged them,0,native_reference,native_reference,arctic_a0396
cmu_arctic,bdl,English,M,train,ai-training/datasets/cmu-arctic/raw/cmu_us_bdl_arctic/wav/arctic_a0397.wav,Call me that again he murmured ecstatically,0,native_reference,native_reference,arctic_a0397
cmu_arctic,bdl,English,M,train,ai-training/datasets/cmu-arctic/raw/cmu_us_bdl_arctic/wav/arctic_a0398.wav,In the car were Unwin and Harrison while Jones sat with the chauffeur,0,native_reference,native_reference,arctic_a0398
cmu_arctic,bdl,English,M,train,ai-training/datasets/cmu-arctic/raw/cmu_us_bdl_arctic/wav/arctic_a0399.wav,And here's another idea,0,native_reference,native_reference,arctic_a0399
cmu_arctic,bdl,English,M,train,ai-training/datasets/cmu-arctic/raw/cmu_us_bdl_arctic/wav/arctic_a0400.wav,Manuel had one besetting sin,0,native_reference,native_reference,arctic_a0400
cmu_arctic,bdl,English,M,train,ai-training/datasets/cmu-arctic/raw/cmu_us_bdl_arctic/wav/arctic_a0401.wav,The man smiled grimly and brought a hatchet and a club,0,native_reference,native_reference,arctic_a0401
cmu_arctic,bdl,English,M,train,ai-training/datasets/cmu-arctic/raw/cmu_us_bdl_arctic/wav/arctic_a0402.wav,Curly rushed her antagonist who struck again and leaped aside,0,native_reference,native_reference,arctic_a0402
cmu_arctic,bdl,English,M,train,ai-training/datasets/cmu-arctic/raw/cmu_us_bdl_arctic/wav/arctic_a0403.wav,His newborn cunning gave him poise and control,0,native_reference,native_reference,arctic_a0403
cmu_arctic,bdl,English,M,train,ai-training/datasets/cmu-arctic/raw/cmu_us_bdl_arctic/wav/arctic_a0404.wav,Perrault found one with head buried in the grub box,0,native_reference,native_reference,arctic_a0404
cmu_arctic,bdl,English,M,train,ai-training/datasets/cmu-arctic/raw/cmu_us_bdl_arctic/wav/arctic_a0405.wav,It seemed the ordained order of things that dogs should work,0,native_reference,native_reference,arctic_a0405
cmu_arctic,bdl,English,M,train,ai-training/datasets/cmu-arctic/raw/cmu_us_bdl_arctic/wav/arctic_a0406.wav,And that was the last of Francois and Perrault,0,native_reference,native_reference,arctic_a0406
cmu_arctic,bdl,English,M,train,ai-training/datasets/cmu-arctic/raw/cmu_us_bdl_arctic/wav/arctic_a0407.wav,Mercedes screamed cried laughed and manifested the chaotic abandonment of hysteria,0,native_reference,native_reference,arctic_a0407
cmu_arctic,bdl,English,M,train,ai-training/datasets/cmu-arctic/raw/cmu_us_bdl_arctic/wav/arctic_a0408.wav,The Eldorado emptied its occupants into the street to see the test,0,native_reference,native_reference,arctic_a0408
cmu_arctic,bdl,English,M,train,ai-training/datasets/cmu-arctic/raw/cmu_us_bdl_arctic/wav/arctic_a0409.wav,He could feel a new stir in the land,0,native_reference,native_reference,arctic_a0409
cmu_arctic,bdl,English,M,train,ai-training/datasets/cmu-arctic/raw/cmu_us_bdl_arctic/wav/arctic_a0410.wav,So we have to fit the boat throughout with oil lamps as well,0,native_reference,native_reference,arctic_a0410
cmu_arctic,bdl,English,M,train,ai-training/datasets/cmu-arctic/raw/cmu_us_bdl_arctic/wav/arctic_a0411.wav,It will break our hearts and our backs to hoist anchor by hand,0,native_reference,native_reference,arctic_a0411
cmu_arctic,bdl,English,M,train,ai-training/datasets/cmu-arctic/raw/cmu_us_bdl_arctic/wav/arctic_a0412.wav,There is another virtue in these bulkheads,0,native_reference,native_reference,arctic_a0412
cmu_arctic,bdl,English,M,train,ai-training/datasets/cmu-arctic/raw/cmu_us_bdl_arctic/wav/arctic_a0413.wav,But I am at the end of my resources,0,native_reference,native_reference,arctic_a0413
cmu_arctic,bdl,English,M,train,ai-training/datasets/cmu-arctic/raw/cmu_us_bdl_arctic/wav/arctic_a0414.wav,Now our figuring was all right,0,native_reference,native_reference,arctic_a0414
cmu_arctic,bdl,English,M,train,ai-training/datasets/cmu-arctic/raw/cmu_us_bdl_arctic/wav/arctic_a0415.wav,It lasted as a deterrent for two days,0,native_reference,native_reference,arctic_a0415
cmu_arctic,bdl,English,M,train,ai-training/datasets/cmu-arctic/raw/cmu_us_bdl_arctic/wav/arctic_a0416.wav,The added weight had a velocity of fifteen miles per hour,0,native_reference,native_reference,arctic_a0416
cmu_arctic,bdl,English,M,train,ai-training/datasets/cmu-arctic/raw/cmu_us_bdl_arctic/wav/arctic_a0417.wav,It is also an insidious deceitful sun,0,native_reference,native_reference,arctic_a0417
cmu_arctic,bdl,English,M,train,ai-training/datasets/cmu-arctic/raw/cmu_us_bdl_arctic/wav/arctic_a0418.wav,The Portuguese boy crawled nearer and nearer,0,native_reference,native_reference,arctic_a0418
cmu_arctic,bdl,English,M,train,ai-training/datasets/cmu-arctic/raw/cmu_us_bdl_arctic/wav/arctic_a0419.wav,The Portuguese boy passed the Hawaiian,0,native_reference,native_reference,arctic_a0419
cmu_arctic,bdl,English,M,train,ai-training/datasets/cmu-arctic/raw/cmu_us_bdl_arctic/wav/arctic_a0420.wav,When I came to I was waving my hat and murmuring ecstatically,0,native_reference,native_reference,arctic_a0420
cmu_arctic,bdl,English,M,train,ai-training/datasets/cmu-arctic/raw/cmu_us_bdl_arctic/wav/arctic_a0421.wav,By golly the boy wins,0,native_reference,native_reference,arctic_a0421
cmu_arctic,bdl,English,M,train,ai-training/datasets/cmu-arctic/raw/cmu_us_bdl_arctic/wav/arctic_a0422.wav,Halfway around the track one donkey got into an argument with its rider,0,native_reference,native_reference,arctic_a0422
cmu_arctic,bdl,English,M,train,ai-training/datasets/cmu-arctic/raw/cmu_us_bdl_arctic/wav/arctic_a0423.wav,McVeigh when he returns from a trip to Honolulu,0,native_reference,native_reference,arctic_a0423
cmu_arctic,bdl,English,M,train,ai-training/datasets/cmu-arctic/raw/cmu_us_bdl_arctic/wav/arctic_a0424.wav,Obviously it was a disease that could be contracted by contact,0,native_reference,native_reference,arctic_a0424
cmu_arctic,bdl,English,M,train,ai-training/datasets/cmu-arctic/raw/cmu_us_bdl_arctic/wav/arctic_a0425.wav,Otherwise no restriction is put upon their seafaring,0,native_reference,native_reference,arctic_a0425
cmu_arctic,bdl,English,M,train,ai-training/datasets/cmu-arctic/raw/cmu_us_bdl_arctic/wav/arctic_a0426.wav,They do not know the length of time of incubation,0,native_reference,native_reference,arctic_a0426
cmu_arctic,bdl,English,M,train,ai-training/datasets/cmu-arctic/raw/cmu_us_bdl_arctic/wav/arctic_a0427.wav,Enters now the psychology of the situation,0,native_reference,native_reference,arctic_a0427
cmu_arctic,bdl,English,M,train,ai-training/datasets/cmu-arctic/raw/cmu_us_bdl_arctic/wav/arctic_a0428.wav,It was not exactly a deportation,0,native_reference,native_reference,arctic_a0428
cmu_arctic,bdl,English,M,train,ai-training/datasets/cmu-arctic/raw/cmu_us_bdl_arctic/wav/arctic_a0429.wav,Quick was the disappointment in his face yet smiling was the acquiescence,0,native_reference,native_reference,arctic_a0429
cmu_arctic,bdl,English,M,train,ai-training/datasets/cmu-arctic/raw/cmu_us_bdl_arctic/wav/arctic_a0430.wav,Nevertheless we found ourselves once more in the high seat of abundance,0,native_reference,native_reference,arctic_a0430
cmu_arctic,bdl,English,M,train,ai-training/datasets/cmu-arctic/raw/cmu_us_bdl_arctic/wav/arctic_a0431.wav,Wada and Nakata were in a bit of a funk,0,native_reference,native_reference,arctic_a0431
cmu_arctic,bdl,English,M,train,ai-training/datasets/cmu-arctic/raw/cmu_us_bdl_arctic/wav/arctic_a0432.wav,The boy at the wheel lost his head,0,native_reference,native_reference,arctic_a0432
cmu_arctic,bdl,English,M,train,ai-training/datasets/cmu-arctic/raw/cmu_us_bdl_arctic/wav/arctic_a0433.wav,To her the bridge was tambo which is the native for taboo,0,native_reference,native_reference,arctic_a0433
cmu_arctic,bdl,English,M,train,ai-training/datasets/cmu-arctic/raw/cmu_us_bdl_arctic/wav/arctic_a0434.wav,A half a case of tobacco was worth three pounds,0,native_reference,native_reference,arctic_a0434
cmu_arctic,bdl,English,M,train,ai-training/datasets/cmu-arctic/raw/cmu_us_bdl_arctic/wav/arctic_a0435.wav,What do you mean by this outrageous conduct,0,native_reference,native_reference,arctic_a0435
cmu_arctic,bdl,English,M,train,ai-training/datasets/cmu-arctic/raw/cmu_us_bdl_arctic/wav/arctic_a0436.wav,But Martin smiled a superior smile,0,native_reference,native_reference,arctic_a0436
cmu_arctic,bdl,English,M,train,ai-training/datasets/cmu-arctic/raw/cmu_us_bdl_arctic/wav/arctic_a0437.wav,By that answer my professional medical prestige stood or fell,0,native_reference,native_reference,arctic_a0437
cmu_arctic,bdl,English,M,train,ai-training/datasets/cmu-arctic/raw/cmu_us_bdl_arctic/wav/arctic_a0438.wav,At sea Monday March 16 1908,0,native_reference,native_reference,arctic_a0438
cmu_arctic,bdl,English,M,train,ai-training/datasets/cmu-arctic/raw/cmu_us_bdl_arctic/wav/arctic_a0439.wav,At sea Wednesday March 18 1908,0,native_reference,native_reference,arctic_a0439
cmu_arctic,bdl,English,M,train,ai-training/datasets/cmu-arctic/raw/cmu_us_bdl_arctic/wav/arctic_a0440.wav,Yes sir I corrected,0,native_reference,native_reference,arctic_a0440
cmu_arctic,bdl,English,M,train,ai-training/datasets/cmu-arctic/raw/cmu_us_bdl_arctic/wav/arctic_a0441.wav,Violent life and athletic sports had never appealed to me,0,native_reference,native_reference,arctic_a0441
cmu_arctic,bdl,English,M,train,ai-training/datasets/cmu-arctic/raw/cmu_us_bdl_arctic/wav/arctic_a0442.wav,You live on an income which your father earned,0,native_reference,native_reference,arctic_a0442
cmu_arctic,bdl,English,M,train,ai-training/datasets/cmu-arctic/raw/cmu_us_bdl_arctic/wav/arctic_a0443.wav,He was worth nothing to the world,0,native_reference,native_reference,arctic_a0443
cmu_arctic,bdl,English,M,train,ai-training/datasets/cmu-arctic/raw/cmu_us_bdl_arctic/wav/arctic_a0444.wav,Then you don't believe in altruism,0,native_reference,native_reference,arctic_a0444
cmu_arctic,bdl,English,M,train,ai-training/datasets/cmu-arctic/raw/cmu_us_bdl_arctic/wav/arctic_a0445.wav,The creative joy I murmured,0,native_reference,native_reference,arctic_a0445
cmu_arctic,bdl,English,M,train,ai-training/datasets/cmu-arctic/raw/cmu_us_bdl_arctic/wav/arctic_a0446.wav,He deluged me overwhelmed me with argument,0,native_reference,native_reference,arctic_a0446
cmu_arctic,bdl,English,M,train,ai-training/datasets/cmu-arctic/raw/cmu_us_bdl_arctic/wav/arctic_a0447.wav,Ah it is growing dark and darker,0,native_reference,native_reference,arctic_a0447
cmu_arctic,bdl,English,M,train,ai-training/datasets/cmu-arctic/raw/cmu_us_bdl_arctic/wav/arctic_a0448.wav,I was Hump cabin boy on the schooner Ghost,0,native_reference,native_reference,arctic_a0448
cmu_arctic,bdl,English,M,train,ai-training/datasets/cmu-arctic/raw/cmu_us_bdl_arctic/wav/arctic_a0449.wav,A sinewy hand dripping with water was clutching the rail,0,native_reference,native_reference,arctic_a0449
cmu_arctic,bdl,English,M,train,ai-training/datasets/cmu-arctic/raw/cmu_us_bdl_arctic/wav/arctic_a0450.wav,No man ate of the seal meat or the oil,0,native_reference,native_reference,arctic_a0450
cmu_arctic,bdl,English,M,train,ai-training/datasets/cmu-arctic/raw/cmu_us_bdl_arctic/wav/arctic_a0451.wav,I noticed blood spouting from Kerfoot's left hand,0,native_reference,native_reference,arctic_a0451
cmu_arctic,bdl,English,M,train,ai-training/datasets/cmu-arctic/raw/cmu_us_bdl_arctic/wav/arctic_a0452.wav,Three oilers and a fourth engineer was his greeting,0,native_reference,native_reference,arctic_a0452
cmu_arctic,bdl,English,M,train,ai-training/datasets/cmu-arctic/raw/cmu_us_bdl_arctic/wav/arctic_a0453.wav,Eighteen hundred he calculated,0,native_reference,native_reference,arctic_a0453
cmu_arctic,bdl,English,M,train,ai-training/datasets/cmu-arctic/raw/cmu_us_bdl_arctic/wav/arctic_a0454.wav,The sharp voice of Wolf Larsen aroused me,0,native_reference,native_reference,arctic_a0454
cmu_arctic,bdl,English,M,train,ai-training/datasets/cmu-arctic/raw/cmu_us_bdl_arctic/wav/arctic_a0455.wav,I obeyed and a minute or two later they stood before him,0,native_reference,native_reference,arctic_a0455
cmu_arctic,bdl,English,M,train,ai-training/datasets/cmu-arctic/raw/cmu_us_bdl_arctic/wav/arctic_a0456.wav,But it won't continue she said with easy confidence,0,native_reference,native_reference,arctic_a0456
cmu_arctic,bdl,English,M,train,ai-training/datasets/cmu-arctic/raw/cmu_us_bdl_arctic/wav/arctic_a0457.wav,What I saw I could not at first believe,0,native_reference,native_reference,arctic_a0457
cmu_arctic,bdl,English,M,train,ai-training/datasets/cmu-arctic/raw/cmu_us_bdl_arctic/wav/arctic_a0458.wav,The stout wood was crushed like an eggshell,0,native_reference,native_reference,arctic_a0458
cmu_arctic,bdl,English,M,train,ai-training/datasets/cmu-arctic/raw/cmu_us_bdl_arctic/wav/arctic_a0459.wav,There's too much of the schoolboy in me,0,native_reference,native_reference,arctic_a0459
cmu_arctic,bdl,English,M,train,ai-training/datasets/cmu-arctic/raw/cmu_us_bdl_arctic/wav/arctic_a0460.wav,I had forgotten their existence,0,native_reference,native_reference,arctic_a0460
cmu_arctic,bdl,English,M,train,ai-training/datasets/cmu-arctic/raw/cmu_us_bdl_arctic/wav/arctic_a0461.wav,Ah we were very close together in that moment,0,native_reference,native_reference,arctic_a0461
cmu_arctic,bdl,English,M,train,ai-training/datasets/cmu-arctic/raw/cmu_us_bdl_arctic/wav/arctic_a0462.wav,But she swung obediently on her heel into the wind,0,native_reference,native_reference,arctic_a0462
cmu_arctic,bdl,English,M,train,ai-training/datasets/cmu-arctic/raw/cmu_us_bdl_arctic/wav/arctic_a0463.wav,They are his tongue by which he makes his knowledge articulate,0,native_reference,native_reference,arctic_a0463
cmu_arctic,bdl,English,M,train,ai-training/datasets/cmu-arctic/raw/cmu_us_bdl_arctic/wav/arctic_a0464.wav,Between the rush of the cascades streaks of rust showed everywhere,0,native_reference,native_reference,arctic_a0464
cmu_arctic,bdl,English,M,train,ai-training/datasets/cmu-arctic/raw/cmu_us_bdl_arctic/wav/arctic_a0465.wav,He'll never do a tap of work the whole Voyage,0,native_reference,native_reference,arctic_a0465
cmu_arctic,bdl,English,M,train,ai-training/datasets/cmu-arctic/raw/cmu_us_bdl_arctic/wav/arctic_a0466.wav,Captain West may be a Samurai but he is also human,0,native_reference,native_reference,arctic_a0466
cmu_arctic,bdl,English,M,train,ai-training/datasets/cmu-arctic/raw/cmu_us_bdl_arctic/wav/arctic_a0467.wav,And so early in the voyage too,0,native_reference,native_reference,arctic_a0467
cmu_arctic,bdl,English,M,train,ai-training/datasets/cmu-arctic/raw/cmu_us_bdl_arctic/wav/arctic_a0468.wav,In the matter of curry she is a sheer genius,0,native_reference,native_reference,arctic_a0468
cmu_arctic,bdl,English,M,train,ai-training/datasets/cmu-arctic/raw/cmu_us_bdl_arctic/wav/arctic_a0469.wav,The eastern heavens were equally spectacular,0,native_reference,native_reference,arctic_a0469
cmu_arctic,bdl,English,M,train,ai-training/datasets/cmu-arctic/raw/cmu_us_bdl_arctic/wav/arctic_a0470.wav,He spat it out like so much venom,0,native_reference,native_reference,arctic_a0470
cmu_arctic,bdl,English,M,train,ai-training/datasets/cmu-arctic/raw/cmu_us_bdl_arctic/wav/arctic_a0471.wav,I saw Mr Pike nod his head grimly and sarcastically,0,native_reference,native_reference,arctic_a0471
cmu_arctic,bdl,English,M,train,ai-training/datasets/cmu-arctic/raw/cmu_us_bdl_arctic/wav/arctic_a0472.wav,He is too keenly intelligent too sharply sensitive successfully to endure,0,native_reference,native_reference,arctic_a0472
cmu_arctic,bdl,English,M,train,ai-training/datasets/cmu-arctic/raw/cmu_us_bdl_arctic/wav/arctic_a0473.wav,The night was calm and snowy,0,native_reference,native_reference,arctic_a0473
cmu_arctic,bdl,English,M,train,ai-training/datasets/cmu-arctic/raw/cmu_us_bdl_arctic/wav/arctic_a0474.wav,I sailed third mate in the little Vampire before you were born,0,native_reference,native_reference,arctic_a0474
cmu_arctic,bdl,English,M,train,ai-training/datasets/cmu-arctic/raw/cmu_us_bdl_arctic/wav/arctic_a0475.wav,His outstretched arm dropped to his side and he paused,0,native_reference,native_reference,arctic_a0475
cmu_arctic,bdl,English,M,train,ai-training/datasets/cmu-arctic/raw/cmu_us_bdl_arctic/wav/arctic_a0476.wav,At this moment I felt a stir at my shoulder,0,native_reference,native_reference,arctic_a0476
cmu_arctic,bdl,English,M,train,ai-training/datasets/cmu-arctic/raw/cmu_us_bdl_arctic/wav/arctic_a0477.wav,Wada Louis and the steward are servants of Asiatic breed,0,native_reference,native_reference,arctic_a0477
cmu_arctic,bdl,English,M,train,ai-training/datasets/cmu-arctic/raw/cmu_us_bdl_arctic/wav/arctic_a0478.wav,Also she has forbidden them smoking their pipes in the after-room,0,native_reference,native_reference,arctic_a0478
cmu_arctic,bdl,English,M,train,ai-training/datasets/cmu-arctic/raw/cmu_us_bdl_arctic/wav/arctic_a0479.wav,I tried to read George Moore last night and was dreadfully bored,0,native_reference,native_reference,arctic_a0479
cmu_arctic,bdl,English,M,train,ai-training/datasets/cmu-arctic/raw/cmu_us_bdl_arctic/wav/arctic_a0480.wav,Tom Spink has a harpoon,0,native_reference,native_reference,arctic_a0480
cmu_arctic,bdl,English,M,train,ai-training/datasets/cmu-arctic/raw/cmu_us_bdl_arctic/wav/arctic_a0481.wav,Nimrod replied with a slight manifestation of sensitiveness,0,native_reference,native_reference,arctic_a0481
cmu_arctic,bdl,English,M,train,ai-training/datasets/cmu-arctic/raw/cmu_us_bdl_arctic/wav/arctic_a0482.wav,And their chief virtue lies in that they will never wear out,0,native_reference,native_reference,arctic_a0482
cmu_arctic,bdl,English,M,train,ai-training/datasets/cmu-arctic/raw/cmu_us_bdl_arctic/wav/arctic_a0483.wav,Beyond dispute Corry Hutchinson had married Mabel Holmes,0,native_reference,native_reference,arctic_a0483
cmu_arctic,bdl,English,M,train,ai-training/datasets/cmu-arctic/raw/cmu_us_bdl_arctic/wav/arctic_a0484.wav,No-sir-ee,0,native_reference,native_reference,arctic_a0484
cmu_arctic,bdl,English,M,train,ai-training/datasets/cmu-arctic/raw/cmu_us_bdl_arctic/wav/arctic_a0485.wav,Each insult added to the value of the claim,0,native_reference,native_reference,arctic_a0485
cmu_arctic,bdl,English,M,train,ai-training/datasets/cmu-arctic/raw/cmu_us_bdl_arctic/wav/arctic_a0486.wav,For the rest he was a mere automaton,0,native_reference,native_reference,arctic_a0486
cmu_arctic,bdl,English,M,train,ai-training/datasets/cmu-arctic/raw/cmu_us_bdl_arctic/wav/arctic_a0487.wav,The river bared its bosom and snorting steamboats challenged the wilderness,0,native_reference,native_reference,arctic_a0487
cmu_arctic,bdl,English,M,train,ai-training/datasets/cmu-arctic/raw/cmu_us_bdl_arctic/wav/arctic_a0488.wav,Their love burned with increasing brightness,0,native_reference,native_reference,arctic_a0488
cmu_arctic,bdl,English,M,train,ai-training/datasets/cmu-arctic/raw/cmu_us_bdl_arctic/wav/arctic_a0489.wav,They were artists not biologists,0,native_reference,native_reference,arctic_a0489
cmu_arctic,bdl,English,M,train,ai-training/datasets/cmu-arctic/raw/cmu_us_bdl_arctic/wav/arctic_a0490.wav,Both Johnny and his mother shuffled their feet as they walked,0,native_reference,native_reference,arctic_a0490
cmu_arctic,bdl,English,M,train,ai-training/datasets/cmu-arctic/raw/cmu_us_bdl_arctic/wav/arctic_a0491.wav,And as in denial of guilt the one-legged boy replied,0,native_reference,native_reference,arctic_a0491
cmu_arctic,bdl,English,M,train,ai-training/datasets/cmu-arctic/raw/cmu_us_bdl_arctic/wav/arctic_a0492.wav,Burnt out like the crater of a volcano,0,native_reference,native_reference,arctic_a0492
cmu_arctic,bdl,English,M,train,ai-training/datasets/cmu-arctic/raw/cmu_us_bdl_arctic/wav/arctic_a0493.wav,The boy O'Brien was specially maltreated,0,native_reference,native_reference,arctic_a0493
cmu_arctic,bdl,English,M,train,ai-training/datasets/cmu-arctic/raw/cmu_us_bdl_arctic/wav/arctic_a0494.wav,O'Brien took off his coat and bared his right arm,0,native_reference,native_reference,arctic_a0494
cmu_arctic,bdl,English,M,train,ai-training/datasets/cmu-arctic/raw/cmu_us_bdl_arctic/wav/arctic_a0495.wav,He bore no grudges and had few enemies,0,native_reference,native_reference,arctic_a0495
cmu_arctic,bdl,English,M,train,ai-training/datasets/cmu-arctic/raw/cmu_us_bdl_arctic/wav/arctic_a0496.wav,And Tom King patiently endured,0,native_reference,native_reference,arctic_a0496
cmu_arctic,bdl,English,M,train,ai-training/datasets/cmu-arctic/raw/cmu_us_bdl_arctic/wav/arctic_a0497.wav,King took every advantage he knew,0,native_reference,native_reference,arctic_a0497
cmu_arctic,bdl,English,M,train,ai-training/datasets/cmu-arctic/raw/cmu_us_bdl_arctic/wav/arctic_a0498.wav,The lines were now very taut,0,native_reference,native_reference,arctic_a0498
cmu_arctic,bdl,English,M,train,ai-training/datasets/cmu-arctic/raw/cmu_us_bdl_arctic/wav/arctic_a0499.wav,And right there I saw and knew it all,0,native_reference,native_reference,arctic_a0499
cmu_arctic,bdl,English,M,train,ai-training/datasets/cmu-arctic/raw/cmu_us_bdl_arctic/wav/arctic_a0500.wav,Who the devil gave it to you to be judge and jury,0,native_reference,native_reference,arctic_a0500
cmu_arctic,bdl,English,M,train,ai-training/datasets/cmu-arctic/raw/cmu_us_bdl_arctic/wav/arctic_a0501.wav,You're joking me sir the other managed to articulate,0,native_reference,native_reference,arctic_a0501
cmu_arctic,bdl,English,M,train,ai-training/datasets/cmu-arctic/raw/cmu_us_bdl_arctic/wav/arctic_a0502.wav,Anything unusual or abnormal was sufficient to send a fellow to Molokai,0,native_reference,native_reference,arctic_a0502
cmu_arctic,bdl,English,M,train,ai-training/datasets/cmu-arctic/raw/cmu_us_bdl_arctic/wav/arctic_a0503.wav,His beady black eyes saw bargains where other men saw bankruptcy,0,native_reference,native_reference,arctic_a0503
cmu_arctic,bdl,English,M,train,ai-training/datasets/cmu-arctic/raw/cmu_us_bdl_arctic/wav/arctic_a0504.wav,He was an athlete and a giant,0,native_reference,native_reference,arctic_a0504
cmu_arctic,bdl,English,M,train,ai-training/datasets/cmu-arctic/raw/cmu_us_bdl_arctic/wav/arctic_a0505.wav,We fished sharks on Niihau together,0,native_reference,native_reference,arctic_a0505
cmu_arctic,bdl,English,M,train,ai-training/datasets/cmu-arctic/raw/cmu_us_bdl_arctic/wav/arctic_a0506.wav,The Claudine was leaving next morning for Honolulu,0,native_reference,native_reference,arctic_a0506
cmu_arctic,bdl,English,M,train,ai-training/datasets/cmu-arctic/raw/cmu_us_bdl_arctic/wav/arctic_a0507.wav,,0,native_reference,native_reference,arctic_a0507
cmu_arctic,bdl,English,M,train,ai-training/datasets/cmu-arctic/raw/cmu_us_bdl_arctic/wav/arctic_a0508.wav,Soon shall it be thrust back from off prostrate humanity,0,native_reference,native_reference,arctic_a0508
cmu_arctic,bdl,English,M,train,ai-training/datasets/cmu-arctic/raw/cmu_us_bdl_arctic/wav/arctic_a0509.wav,Yet in accordance with Ernest's test of truth it worked,0,native_reference,native_reference,arctic_a0509
cmu_arctic,bdl,English,M,train,ai-training/datasets/cmu-arctic/raw/cmu_us_bdl_arctic/wav/arctic_a0510.wav,Much more Ernest told them of themselves and of his disillusionment,0,native_reference,native_reference,arctic_a0510
cmu_arctic,bdl,English,M,train,ai-training/datasets/cmu-arctic/raw/cmu_us_bdl_arctic/wav/arctic_a0511.wav,There is more behind this than a mere university ideal,0,native_reference,native_reference,arctic_a0511
cmu_arctic,bdl,English,M,train,ai-training/datasets/cmu-arctic/raw/cmu_us_bdl_arctic/wav/arctic_a0512.wav,No it is a palace wherein there are many servants,0,native_reference,native_reference,arctic_a0512
cmu_arctic,bdl,English,M,train,ai-training/datasets/cmu-arctic/raw/cmu_us_bdl_arctic/wav/arctic_a0513.wav,We must give ourselves and not our money alone,0,native_reference,native_reference,arctic_a0513
cmu_arctic,bdl,English,M,train,ai-training/datasets/cmu-arctic/raw/cmu_us_bdl_arctic/wav/arctic_a0514.wav,We are consumed in our own flesh-pots,0,native_reference,native_reference,arctic_a0514
cmu_arctic,bdl,English,M,train,ai-training/datasets/cmu-arctic/raw/cmu_us_bdl_arctic/wav/arctic_a0515.wav,But here amongst ourselves let us speak out,0,native_reference,native_reference,arctic_a0515
cmu_arctic,bdl,English,M,train,ai-training/datasets/cmu-arctic/raw/cmu_us_bdl_arctic/wav/arctic_a0516.wav,Also there was awe in their faces,0,native_reference,native_reference,arctic_a0516
cmu_arctic,bdl,English,M,train,ai-training/datasets/cmu-arctic/raw/cmu_us_bdl_arctic/wav/arctic_a0517.wav,Out of abstractions Ernest had conjured a vision and made them see it,0,native_reference,native_reference,arctic_a0517
cmu_arctic,bdl,English,M,train,ai-training/datasets/cmu-arctic/raw/cmu_us_bdl_arctic/wav/arctic_a0518.wav,Illuminating oil was becoming all profit,0,native_reference,native_reference,arctic_a0518
cmu_arctic,bdl,English,M,train,ai-training/datasets/cmu-arctic/raw/cmu_us_bdl_arctic/wav/arctic_a0519.wav,Such an act was in direct violation of the laws of the land,0,native_reference,native_reference,arctic_a0519
cmu_arctic,bdl,English,M,train,ai-training/datasets/cmu-arctic/raw/cmu_us_bdl_arctic/wav/arctic_a0520.wav,He was fond of quoting a fragment from a certain poem,0,native_reference,native_reference,arctic_a0520
cmu_arctic,bdl,English,M,train,ai-training/datasets/cmu-arctic/raw/cmu_us_bdl_arctic/wav/arctic_a0521.wav,Without them he could not run his empire,0,native_reference,native_reference,arctic_a0521
cmu_arctic,bdl,English,M,train,ai-training/datasets/cmu-arctic/raw/cmu_us_bdl_arctic/wav/arctic_a0522.wav,For such countries nothing remained but reorganization,0,native_reference,native_reference,arctic_a0522
cmu_arctic,bdl,English,M,train,ai-training/datasets/cmu-arctic/raw/cmu_us_bdl_arctic/wav/arctic_a0523.wav,They could not continue their method of producing surpluses,0,native_reference,native_reference,arctic_a0523
cmu_arctic,bdl,English,M,train,ai-training/datasets/cmu-arctic/raw/cmu_us_bdl_arctic/wav/arctic_a0524.wav,At once would be instituted a dozen cooperative commonwealth states,0,native_reference,native_reference,arctic_a0524
cmu_arctic,bdl,English,M,train,ai-training/datasets/cmu-arctic/raw/cmu_us_bdl_arctic/wav/arctic_a0525.wav,The Oligarchy wanted violence and it set its agents provocateurs to work,0,native_reference,native_reference,arctic_a0525
cmu_arctic,bdl,English,M,train,ai-training/datasets/cmu-arctic/raw/cmu_us_bdl_arctic/wav/arctic_a0526.wav,Nowhere did the raw earth appear,0,native_reference,native_reference,arctic_a0526
cmu_arctic,bdl,English,M,train,ai-training/datasets/cmu-arctic/raw/cmu_us_bdl_arctic/wav/arctic_a0527.wav,The lush vegetation of that sheltered spot make a natural shield,0,native_reference,native_reference,arctic_a0527
cmu_arctic,bdl,English,M,train,ai-training/datasets/cmu-arctic/raw/cmu_us_bdl_arctic/wav/arctic_a0528.wav,Men who endure it call it living death,0,native_reference,native_reference,arctic_a0528
cmu_arctic,bdl,English,M,train,ai-training/datasets/cmu-arctic/raw/cmu_us_bdl_arctic/wav/arctic_a0529.wav,As I say he had tapped the message very rapidly,0,native_reference,native_reference,arctic_a0529
cmu_arctic,bdl,English,M,train,ai-training/datasets/cmu-arctic/raw/cmu_us_bdl_arctic/wav/arctic_a0530.wav,Ask him I laughed then turned to Pasquini,0,native_reference,native_reference,arctic_a0530
cmu_arctic,bdl,English,M,train,ai-training/datasets/cmu-arctic/raw/cmu_us_bdl_arctic/wav/arctic_a0531.wav,In what bucolic school of fence he had been taught was beyond imagining,0,native_reference,native_reference,arctic_a0531
cmu_arctic,bdl,English,M,train,ai-training/datasets/cmu-arctic/raw/cmu_us_bdl_arctic/wav/arctic_a0532.wav,May drought destroy your crops,0,native_reference,native_reference,arctic_a0532
cmu_arctic,bdl,English,M,train,ai-training/datasets/cmu-arctic/raw/cmu_us_bdl_arctic/wav/arctic_a0533.wav,Dunham can your boy go along with Jesse,0,native_reference,native_reference,arctic_a0533
cmu_arctic,bdl,English,M,train,ai-training/datasets/cmu-arctic/raw/cmu_us_bdl_arctic/wav/arctic_a0534.wav,But Johannes could and did,0,native_reference,native_reference,arctic_a0534
cmu_arctic,bdl,English,M,train,ai-training/datasets/cmu-arctic/raw/cmu_us_bdl_arctic/wav/arctic_a0535.wav,A new preacher and a new doctrine come to Jerusalem,0,native_reference,native_reference,arctic_a0535
cmu_arctic,bdl,English,M,train,ai-training/datasets/cmu-arctic/raw/cmu_us_bdl_arctic/wav/arctic_a0536.wav,He would destroy all things that are fixed,0,native_reference,native_reference,arctic_a0536
cmu_arctic,bdl,English,M,train,ai-training/datasets/cmu-arctic/raw/cmu_us_bdl_arctic/wav/arctic_a0537.wav,He was an enthusiast and a desert dweller,0,native_reference,native_reference,arctic_a0537
cmu_arctic,bdl,English,M,train,ai-training/datasets/cmu-arctic/raw/cmu_us_bdl_arctic/wav/arctic_a0538.wav,What Pascal glimpsed with the vision of a seer I have lived,0,native_reference,native_reference,arctic_a0538
cmu_arctic,bdl,English,M,train,ai-training/datasets/cmu-arctic/raw/cmu_us_bdl_arctic/wav/arctic_a0539.wav,I should like to engage just for one whole life in that,0,native_reference,native_reference,arctic_a0539
cmu_arctic,bdl,English,M,train,ai-training/datasets/cmu-arctic/raw/cmu_us_bdl_arctic/wav/arctic_a0540.wav,Yea so are all the lesser animals of today clean,0,native_reference,native_reference,arctic_a0540
cmu_arctic,bdl,English,M,train,ai-training/datasets/cmu-arctic/raw/cmu_us_bdl_arctic/wav/arctic_a0541.wav,The Warden with a quart of champagne,0,native_reference,native_reference,arctic_a0541
cmu_arctic,bdl,English,M,train,ai-training/datasets/cmu-arctic/raw/cmu_us_bdl_arctic/wav/arctic_a0542.wav,Without a doubt some of them have dinner engagements,0,native_reference,native_reference,arctic_a0542
cmu_arctic,bdl,English,M,train,ai-training/datasets/cmu-arctic/raw/cmu_us_bdl_arctic/wav/arctic_a0543.wav,I had been born with no organic chemical predisposition toward alcohol,0,native_reference,native_reference,arctic_a0543
cmu_arctic,bdl,English,M,train,ai-training/datasets/cmu-arctic/raw/cmu_us_bdl_arctic/wav/arctic_a0544.wav,He may anticipate the day of his death,0,native_reference,native_reference,arctic_a0544
cmu_arctic,bdl,English,M,train,ai-training/datasets/cmu-arctic/raw/cmu_us_bdl_arctic/wav/arctic_a0545.wav,The Italian rancho was a bachelor establishment,0,native_reference,native_reference,arctic_a0545
cmu_arctic,bdl,English,M,train,ai-training/datasets/cmu-arctic/raw/cmu_us_bdl_arctic/wav/arctic_a0546.wav,I lost my balance and pitched head foremost into the ooze,0,native_reference,native_reference,arctic_a0546
cmu_arctic,bdl,English,M,train,ai-training/datasets/cmu-arctic/raw/cmu_us_bdl_arctic/wav/arctic_a0547.wav,Men like Joe Goose dated existence from drunk to drunk,0,native_reference,native_reference,arctic_a0547
cmu_arctic,bdl,English,M,train,ai-training/datasets/cmu-arctic/raw/cmu_us_bdl_arctic/wav/arctic_a0548.wav,Also churches and preachers I had never known,0,native_reference,native_reference,arctic_a0548
cmu_arctic,bdl,English,M,train,ai-training/datasets/cmu-arctic/raw/cmu_us_bdl_arctic/wav/arctic_a0549.wav,Do you know that we weigh every pound of coal we burn,0,native_reference,native_reference,arctic_a0549
cmu_arctic,bdl,English,M,train,ai-training/datasets/cmu-arctic/raw/cmu_us_bdl_arctic/wav/arctic_a0550.wav,This also became part of the daily schedule,0,native_reference,native_reference,arctic_a0550
cmu_arctic,bdl,English,M,train,ai-training/datasets/cmu-arctic/raw/cmu_us_bdl_arctic/wav/arctic_a0551.wav,All an appearance can know is mirage,0,native_reference,native_reference,arctic_a0551
cmu_arctic,bdl,English,M,train,ai-training/datasets/cmu-arctic/raw/cmu_us_bdl_arctic/wav/arctic_a0552.wav,Yet he dreams he is immortal I argue feebly,0,native_reference,native_reference,arctic_a0552
cmu_arctic,bdl,English,M,train,ai-training/datasets/cmu-arctic/raw/cmu_us_bdl_arctic/wav/arctic_a0553.wav,I am writing these lines in Honolulu Hawaii,0,native_reference,native_reference,arctic_a0553
cmu_arctic,bdl,English,M,train,ai-training/datasets/cmu-arctic/raw/cmu_us_bdl_arctic/wav/arctic_a0554.wav,Jack London Waikiki Beach Honolulu Oahu,0,native_reference,native_reference,arctic_a0554
cmu_arctic,bdl,English,M,train,ai-training/datasets/cmu-arctic/raw/cmu_us_bdl_arctic/wav/arctic_a0555.wav,Jerry was so secure in his nook that he did not roll away,0,native_reference,native_reference,arctic_a0555
cmu_arctic,bdl,English,M,train,ai-training/datasets/cmu-arctic/raw/cmu_us_bdl_arctic/wav/arctic_a0556.wav,Why he's bought forty pounds of goods from you already,0,native_reference,native_reference,arctic_a0556
cmu_arctic,bdl,English,M,train,ai-training/datasets/cmu-arctic/raw/cmu_us_bdl_arctic/wav/arctic_a0557.wav,The last refugee had passed,0,native_reference,native_reference,arctic_a0557
cmu_arctic,bdl,English,M,train,ai-training/datasets/cmu-arctic/raw/cmu_us_bdl_arctic/wav/arctic_a0558.wav,And the foundation stone of service in his case was obedience,0,native_reference,native_reference,arctic_a0558
cmu_arctic,bdl,English,M,train,ai-training/datasets/cmu-arctic/raw/cmu_us_bdl_arctic/wav/arctic_a0559.wav,Peace be unto you and grace before the Lord,0,native_reference,native_reference,arctic_a0559
cmu_arctic,bdl,English,M,train,ai-training/datasets/cmu-arctic/raw/cmu_us_bdl_arctic/wav/arctic_a0560.wav,His mouth opened words shaped vainly on his lips,0,native_reference,native_reference,arctic_a0560
cmu_arctic,bdl,English,M,train,ai-training/datasets/cmu-arctic/raw/cmu_us_bdl_arctic/wav/arctic_a0561.wav,Bill lingered contemplating his work with artistic appreciation,0,native_reference,native_reference,arctic_a0561
cmu_arctic,bdl,English,M,train,ai-training/datasets/cmu-arctic/raw/cmu_us_bdl_arctic/wav/arctic_a0562.wav,What the flaming,0,native_reference,native_reference,arctic_a0562
cmu_arctic,bdl,English,M,train,ai-training/datasets/cmu-arctic/raw/cmu_us_bdl_arctic/wav/arctic_a0563.wav,Mrs McFee's jaws brought together with a snap,0,native_reference,native_reference,arctic_a0563
cmu_arctic,bdl,English,M,train,ai-training/datasets/cmu-arctic/raw/cmu_us_bdl_arctic/wav/arctic_a0564.wav,Then it is as I said Womble announced with finality,0,native_reference,native_reference,arctic_a0564
cmu_arctic,bdl,English,M,train,ai-training/datasets/cmu-arctic/raw/cmu_us_bdl_arctic/wav/arctic_a0565.wav,With them were Indians also three other men,0,native_reference,native_reference,arctic_a0565
cmu_arctic,bdl,English,M,train,ai-training/datasets/cmu-arctic/raw/cmu_us_bdl_arctic/wav/arctic_a0566.wav,Dennin's hands were released long enough for him to sign the document,0,native_reference,native_reference,arctic_a0566
cmu_arctic,bdl,English,M,train,ai-training/datasets/cmu-arctic/raw/cmu_us_bdl_arctic/wav/arctic_a0567.wav,Now Irvine was a man of impulse a poet,0,native_reference,native_reference,arctic_a0567
cmu_arctic,bdl,English,M,train,ai-training/datasets/cmu-arctic/raw/cmu_us_bdl_arctic/wav/arctic_a0568.wav,He was just bursting with joy joy over what,0,native_reference,native_reference,arctic_a0568
cmu_arctic,bdl,English,M,train,ai-training/datasets/cmu-arctic/raw/cmu_us_bdl_arctic/wav/arctic_a0569.wav,At Lake Linderman I had one canoe very good Peterborough canoe,0,native_reference,native_reference,arctic_a0569
cmu_arctic,bdl,English,M,train,ai-training/datasets/cmu-arctic/raw/cmu_us_bdl_arctic/wav/arctic_a0570.wav,Behind him lay the thousand-years-long road across all Siberia and Russia,0,native_reference,native_reference,arctic_a0570
cmu_arctic,bdl,English,M,train,ai-training/datasets/cmu-arctic/raw/cmu_us_bdl_arctic/wav/arctic_a0571.wav,He had forgotten to build a fire and thaw out,0,native_reference,native_reference,arctic_a0571
cmu_arctic,bdl,English,M,train,ai-training/datasets/cmu-arctic/raw/cmu_us_bdl_arctic/wav/arctic_a0572.wav,I never saw anything like her in my life,0,native_reference,native_reference,arctic_a0572
cmu_arctic,bdl,English,M,train,ai-training/datasets/cmu-arctic/raw/cmu_us_bdl_arctic/wav/arctic_a0573.wav,There was no law on the Yukon save what they made for themselves,0,native_reference,native_reference,arctic_a0573
cmu_arctic,bdl,English,M,train,ai-training/datasets/cmu-arctic/raw/cmu_us_bdl_arctic/wav/arctic_a0574.wav,Good business man Curly O'Brien was saying,0,native_reference,native_reference,arctic_a0574
cmu_arctic,bdl,English,M,train,ai-training/datasets/cmu-arctic/raw/cmu_us_bdl_arctic/wav/arctic_a0575.wav,There weren't any missions and he was the man to know,0,native_reference,native_reference,arctic_a0575
cmu_arctic,bdl,English,M,train,ai-training/datasets/cmu-arctic/raw/cmu_us_bdl_arctic/wav/arctic_a0576.wav,And the big Persian knew of his existence before he did of hers,0,native_reference,native_reference,arctic_a0576
cmu_arctic,bdl,English,M,train,ai-training/datasets/cmu-arctic/raw/cmu_us_bdl_arctic/wav/arctic_a0577.wav,Once the jews harp began emitting its barbaric rhythms Michael was helpless,0,native_reference,native_reference,arctic_a0577
cmu_arctic,bdl,English,M,train,ai-training/datasets/cmu-arctic/raw/cmu_us_bdl_arctic/wav/arctic_a0578.wav,But we'll just postpone this,0,native_reference,native_reference,arctic_a0578
cmu_arctic,bdl,English,M,train,ai-training/datasets/cmu-arctic/raw/cmu_us_bdl_arctic/wav/arctic_a0579.wav,There was the Emma Louisa,0,native_reference,native_reference,arctic_a0579
cmu_arctic,bdl,English,M,train,ai-training/datasets/cmu-arctic/raw/cmu_us_bdl_arctic/wav/arctic_a0580.wav,This is my fifth voyage,0,native_reference,native_reference,arctic_a0580
cmu_arctic,bdl,English,M,train,ai-training/datasets/cmu-arctic/raw/cmu_us_bdl_arctic/wav/arctic_a0581.wav,It was this proposition that started the big idea in Daughtry's mind,0,native_reference,native_reference,arctic_a0581
cmu_arctic,bdl,English,M,train,ai-training/datasets/cmu-arctic/raw/cmu_us_bdl_arctic/wav/arctic_a0582.wav,Daughtry elaborated on the counting trick by bringing Cocky along,0,native_reference,native_reference,arctic_a0582
cmu_arctic,bdl,English,M,train,ai-training/datasets/cmu-arctic/raw/cmu_us_bdl_arctic/wav/arctic_a0583.wav,Enjoy it he did but principally for Steward's sake,0,native_reference,native_reference,arctic_a0583
cmu_arctic,bdl,English,M,train,ai-training/datasets/cmu-arctic/raw/cmu_us_bdl_arctic/wav/arctic_a0584.wav,I have long noted your thirst unquenchable,0,native_reference,native_reference,arctic_a0584
cmu_arctic,bdl,English,M,train,ai-training/datasets/cmu-arctic/raw/cmu_us_bdl_arctic/wav/arctic_a0585.wav,Wonder if he's a lion dog Charles suggested,0,native_reference,native_reference,arctic_a0585
cmu_arctic,bdl,English,M,train,ai-training/datasets/cmu-arctic/raw/cmu_us_bdl_arctic/wav/arctic_a0586.wav,We don't see ourselves as foolish,0,native_reference,native_reference,arctic_a0586
cmu_arctic,bdl,English,M,train,ai-training/datasets/cmu-arctic/raw/cmu_us_bdl_arctic/wav/arctic_a0587.wav,He had comparatively no advantages at first,0,native_reference,native_reference,arctic_a0587
cmu_arctic,bdl,English,M,train,ai-training/datasets/cmu-arctic/raw/cmu_us_bdl_arctic/wav/arctic_a0588.wav,He had proved it today with his amateurish and sophomoric productions,0,native_reference,native_reference,arctic_a0588
cmu_arctic,bdl,English,M,train,ai-training/datasets/cmu-arctic/raw/cmu_us_bdl_arctic/wav/arctic_a0589.wav,I was sick once -- typhoid,0,native_reference,native_reference,arctic_a0589
cmu_arctic,bdl,English,M,train,ai-training/datasets/cmu-arctic/raw/cmu_us_bdl_arctic/wav/arctic_a0590.wav,In a way he is my protege,0,native_reference,native_reference,arctic_a0590
cmu_arctic,bdl,English,M,train,ai-training/datasets/cmu-arctic/raw/cmu_us_bdl_arctic/wav/arctic_a0591.wav,We are both children together,0,native_reference,native_reference,arctic_a0591
cmu_arctic,bdl,English,M,train,ai-training/datasets/cmu-arctic/raw/cmu_us_bdl_arctic/wav/arctic_a0592.wav,It's only his indigestion I find fault with,0,native_reference,native_reference,arctic_a0592
cmu_arctic,bdl,English,M,train,ai-training/datasets/cmu-arctic/raw/cmu_us_bdl_arctic/wav/arctic_a0593.wav,She'd make a good wife for the cashier,0,native_reference,native_reference,arctic_a0593
cmu_arctic,bdl,English,M,train,ai-training/datasets/cmu-arctic/raw/cmu_us_bdl_arctic/wav/arctic_b0001.wav,Gad do I remember it,0,native_reference,native_reference,arctic_b0001
cmu_arctic,bdl,English,M,train,ai-training/datasets/cmu-arctic/raw/cmu_us_bdl_arctic/wav/arctic_b0002.wav,You got out by fighting and I through a pretty girl,0,native_reference,native_reference,arctic_b0002
cmu_arctic,bdl,English,M,train,ai-training/datasets/cmu-arctic/raw/cmu_us_bdl_arctic/wav/arctic_b0003.wav,I can see that knife now,0,native_reference,native_reference,arctic_b0003
cmu_arctic,bdl,English,M,train,ai-training/datasets/cmu-arctic/raw/cmu_us_bdl_arctic/wav/arctic_b0004.wav,When I can't see beauty in woman I want to die,0,native_reference,native_reference,arctic_b0004
cmu_arctic,bdl,English,M,train,ai-training/datasets/cmu-arctic/raw/cmu_us_bdl_arctic/wav/arctic_b0005.wav,His slim fingers closed like steel about Philip's,0,native_reference,native_reference,arctic_b0005
cmu_arctic,bdl,English,M,train,ai-training/datasets/cmu-arctic/raw/cmu_us_bdl_arctic/wav/arctic_b0006.wav,He seized Gregson by the arm and led him to the door,0,native_reference,native_reference,arctic_b0006
cmu_arctic,bdl,English,M,train,ai-training/datasets/cmu-arctic/raw/cmu_us_bdl_arctic/wav/arctic_b0007.wav,Hear the Indian dogs wailing down at Churchill,0,native_reference,native_reference,arctic_b0007
cmu_arctic,bdl,English,M,train,ai-training/datasets/cmu-arctic/raw/cmu_us_bdl_arctic/wav/arctic_b0008.wav,Burke himself had criticized it because of the smile,0,native_reference,native_reference,arctic_b0008
cmu_arctic,bdl,English,M,train,ai-training/datasets/cmu-arctic/raw/cmu_us_bdl_arctic/wav/arctic_b0009.wav,I'd say there was going to be a glorious scrap,0,native_reference,native_reference,arctic_b0009
cmu_arctic,bdl,English,M,train,ai-training/datasets/cmu-arctic/raw/cmu_us_bdl_arctic/wav/arctic_b0010.wav,He turned the map to Gregson pointing with his finger,0,native_reference,native_reference,arctic_b0010
cmu_arctic,bdl,English,M,train,ai-training/datasets/cmu-arctic/raw/cmu_us_bdl_arctic/wav/arctic_b0011.wav,His eyes never took themselves for an instant from his companion's face,0,native_reference,native_reference,arctic_b0011
cmu_arctic,bdl,English,M,train,ai-training/datasets/cmu-arctic/raw/cmu_us_bdl_arctic/wav/arctic_b0012.wav,Something that Whittemore had not yet said thrilled him,0,native_reference,native_reference,arctic_b0012
cmu_arctic,bdl,English,M,train,ai-training/datasets/cmu-arctic/raw/cmu_us_bdl_arctic/wav/arctic_b0013.wav,Lakes and rivers hundreds of them thousands of them,0,native_reference,native_reference,arctic_b0013
cmu_arctic,bdl,English,M,train,ai-training/datasets/cmu-arctic/raw/cmu_us_bdl_arctic/wav/arctic_b0014.wav,Whitefish Gregson whitefish and trout,0,native_reference,native_reference,arctic_b0014
cmu_arctic,bdl,English,M,train,ai-training/datasets/cmu-arctic/raw/cmu_us_bdl_arctic/wav/arctic_b0015.wav,They robbed me a few years later,0,native_reference,native_reference,arctic_b0015
cmu_arctic,bdl,English,M,train,ai-training/datasets/cmu-arctic/raw/cmu_us_bdl_arctic/wav/arctic_b0016.wav,He chuckled as he pulled out his pipe and began filling it,0,native_reference,native_reference,arctic_b0016
cmu_arctic,bdl,English,M,train,ai-training/datasets/cmu-arctic/raw/cmu_us_bdl_arctic/wav/arctic_b0017.wav,Everything was working smoothly better than I had expected,0,native_reference,native_reference,arctic_b0017
cmu_arctic,bdl,English,M,train,ai-training/datasets/cmu-arctic/raw/cmu_us_bdl_arctic/wav/arctic_b0018.wav,I was completely lost in my work,0,native_reference,native_reference,arctic_b0018
cmu_arctic,bdl,English,M,train,ai-training/datasets/cmu-arctic/raw/cmu_us_bdl_arctic/wav/arctic_b0019.wav,His slim hands gripped the edges of the table,0,native_reference,native_reference,arctic_b0019
cmu_arctic,bdl,English,M,train,ai-training/datasets/cmu-arctic/raw/cmu_us_bdl_arctic/wav/arctic_b0020.wav,He made no reply as he waited for Whittemore to continue,0,native_reference,native_reference,arctic_b0020
cmu_arctic,bdl,English,M,train,ai-training/datasets/cmu-arctic/raw/cmu_us_bdl_arctic/wav/arctic_b0021.wav,Philip dropped back into his chair,0,native_reference,native_reference,arctic_b0021
cmu_arctic,bdl,English,M,train,ai-training/datasets/cmu-arctic/raw/cmu_us_bdl_arctic/wav/arctic_b0022.wav,If I was out of the game it would be easily made,0,native_reference,native_reference,arctic_b0022
cmu_arctic,bdl,English,M,train,ai-training/datasets/cmu-arctic/raw/cmu_us_bdl_arctic/wav/arctic_b0023.wav,MacDougall my engineer believes it,0,native_reference,native_reference,arctic_b0023
cmu_arctic,bdl,English,M,train,ai-training/datasets/cmu-arctic/raw/cmu_us_bdl_arctic/wav/arctic_b0024.wav,It is growing every day every hour,0,native_reference,native_reference,arctic_b0024
cmu_arctic,bdl,English,M,train,ai-training/datasets/cmu-arctic/raw/cmu_us_bdl_arctic/wav/arctic_b0025.wav,Now you understand,0,native_reference,native_reference,arctic_b0025
cmu_arctic,bdl,English,M,train,ai-training/datasets/cmu-arctic/raw/cmu_us_bdl_arctic/wav/arctic_b0026.wav,You have associated with some of these men,0,native_reference,native_reference,arctic_b0026
cmu_arctic,bdl,English,M,train,ai-training/datasets/cmu-arctic/raw/cmu_us_bdl_arctic/wav/arctic_b0027.wav,And there's no chivalry no quarter shown in this fight,0,native_reference,native_reference,arctic_b0027
cmu_arctic,bdl,English,M,train,ai-training/datasets/cmu-arctic/raw/cmu_us_bdl_arctic/wav/arctic_b0028.wav,Lord Fitzhugh is the key to the whole situation,0,native_reference,native_reference,arctic_b0028
cmu_arctic,bdl,English,M,train,ai-training/datasets/cmu-arctic/raw/cmu_us_bdl_arctic/wav/arctic_b0029.wav,All operations have been carried on from Montreal and Toronto,0,native_reference,native_reference,arctic_b0029
cmu_arctic,bdl,English,M,train,ai-training/datasets/cmu-arctic/raw/cmu_us_bdl_arctic/wav/arctic_b0030.wav,Gregson held a lighted match until it burnt his fingertips,0,native_reference,native_reference,arctic_b0030
cmu_arctic,bdl,English,M,train,ai-training/datasets/cmu-arctic/raw/cmu_us_bdl_arctic/wav/arctic_b0031.wav,Gregson had seated himself under the lamp and was sharpening a pencil,0,native_reference,native_reference,arctic_b0031
cmu_arctic,bdl,English,M,train,ai-training/datasets/cmu-arctic/raw/cmu_us_bdl_arctic/wav/arctic_b0032.wav,He caught himself with a jerk,0,native_reference,native_reference,arctic_b0032
cmu_arctic,bdl,English,M,train,ai-training/datasets/cmu-arctic/raw/cmu_us_bdl_arctic/wav/arctic_b0033.wav,How does your wager look now,0,native_reference,native_reference,arctic_b0033
cmu_arctic,bdl,English,M,train,ai-training/datasets/cmu-arctic/raw/cmu_us_bdl_arctic/wav/arctic_b0034.wav,He confessed that the sketch had startled him,0,native_reference,native_reference,arctic_b0034
cmu_arctic,bdl,English,M,train,ai-training/datasets/cmu-arctic/raw/cmu_us_bdl_arctic/wav/arctic_b0035.wav,After all the picture was only a resemblance,0,native_reference,native_reference,arctic_b0035
cmu_arctic,bdl,English,M,train,ai-training/datasets/cmu-arctic/raw/cmu_us_bdl_arctic/wav/arctic_b0036.wav,He wondered too where Roscoe was,0,native_reference,native_reference,arctic_b0036
cmu_arctic,bdl,English,M,train,ai-training/datasets/cmu-arctic/raw/cmu_us_bdl_arctic/wav/arctic_b0037.wav,Philip knew that she was not an Indian,0,native_reference,native_reference,arctic_b0037
cmu_arctic,bdl,English,M,train,ai-training/datasets/cmu-arctic/raw/cmu_us_bdl_arctic/wav/arctic_b0038.wav,In her haste to get away she had forgotten these things,0,native_reference,native_reference,arctic_b0038
cmu_arctic,bdl,English,M,train,ai-training/datasets/cmu-arctic/raw/cmu_us_bdl_arctic/wav/arctic_b0039.wav,Philip took a step toward Gregson half determined to awaken him,0,native_reference,native_reference,arctic_b0039
cmu_arctic,bdl,English,M,train,ai-training/datasets/cmu-arctic/raw/cmu_us_bdl_arctic/wav/arctic_b0040.wav,The thought set his blood tingling,0,native_reference,native_reference,arctic_b0040
cmu_arctic,bdl,English,M,train,ai-training/datasets/cmu-arctic/raw/cmu_us_bdl_arctic/wav/arctic_b0041.wav,But if Pierre did not return until tomorrow,0,native_reference,native_reference,arctic_b0041
cmu_arctic,bdl,English,M,train,ai-training/datasets/cmu-arctic/raw/cmu_us_bdl_arctic/wav/arctic_b0042.wav,Ten minutes had not elapsed since he had dropped the handkerchief,0,native_reference,native_reference,arctic_b0042
cmu_arctic,bdl,English,M,train,ai-training/datasets/cmu-arctic/raw/cmu_us_bdl_arctic/wav/arctic_b0043.wav,It won't be for sale,0,native_reference,native_reference,arctic_b0043
cmu_arctic,bdl,English,M,train,ai-training/datasets/cmu-arctic/raw/cmu_us_bdl_arctic/wav/arctic_b0044.wav,For a few moments he ate in silence,0,native_reference,native_reference,arctic_b0044
cmu_arctic,bdl,English,M,train,ai-training/datasets/cmu-arctic/raw/cmu_us_bdl_arctic/wav/arctic_b0045.wav,Philip did not pursue the subject,0,native_reference,native_reference,arctic_b0045
cmu_arctic,bdl,English,M,train,ai-training/datasets/cmu-arctic/raw/cmu_us_bdl_arctic/wav/arctic_b0046.wav,Philip produced a couple of cigars and took a chair opposite him,0,native_reference,native_reference,arctic_b0046
cmu_arctic,bdl,English,M,train,ai-training/datasets/cmu-arctic/raw/cmu_us_bdl_arctic/wav/arctic_b0047.wav,Suppose you saw me at work through the window,0,native_reference,native_reference,arctic_b0047
cmu_arctic,bdl,English,M,train,ai-training/datasets/cmu-arctic/raw/cmu_us_bdl_arctic/wav/arctic_b0048.wav,He looked like one who had passed through an uncomfortable hour or two,0,native_reference,native_reference,arctic_b0048
cmu_arctic,bdl,English,M,train,ai-training/datasets/cmu-arctic/raw/cmu_us_bdl_arctic/wav/arctic_b0049.wav,There was nothing more except a large ink blot under the words,0,native_reference,native_reference,arctic_b0049
cmu_arctic,bdl,English,M,train,ai-training/datasets/cmu-arctic/raw/cmu_us_bdl_arctic/wav/arctic_b0050.wav,All this day Gregson remained in the cabin,0,native_reference,native_reference,arctic_b0050
cmu_arctic,bdl,English,M,train,ai-training/datasets/cmu-arctic/raw/cmu_us_bdl_arctic/wav/arctic_b0051.wav,The sixth day he spent in the cabin with Gregson,0,native_reference,native_reference,arctic_b0051
cmu_arctic,bdl,English,M,train,ai-training/datasets/cmu-arctic/raw/cmu_us_bdl_arctic/wav/arctic_b0052.wav,The flush was gone from her face,0,native_reference,native_reference,arctic_b0052
cmu_arctic,bdl,English,M,train,ai-training/datasets/cmu-arctic/raw/cmu_us_bdl_arctic/wav/arctic_b0053.wav,That is why I am am rattled he laughed,0,native_reference,native_reference,arctic_b0053
cmu_arctic,bdl,English,M,train,ai-training/datasets/cmu-arctic/raw/cmu_us_bdl_arctic/wav/arctic_b0054.wav,He understood the meaning of the look,0,native_reference,native_reference,arctic_b0054
cmu_arctic,bdl,English,M,train,ai-training/datasets/cmu-arctic/raw/cmu_us_bdl_arctic/wav/arctic_b0055.wav,She was even more beautiful than when I saw her before,0,native_reference,native_reference,arctic_b0055
cmu_arctic,bdl,English,M,train,ai-training/datasets/cmu-arctic/raw/cmu_us_bdl_arctic/wav/arctic_b0056.wav,I'll give a thousand if you produce her retorted Gregson,0,native_reference,native_reference,arctic_b0056
cmu_arctic,bdl,English,M,train,ai-training/datasets/cmu-arctic/raw/cmu_us_bdl_arctic/wav/arctic_b0057.wav,They have won popular sentiment through the newspapers,0,native_reference,native_reference,arctic_b0057
cmu_arctic,bdl,English,M,train,ai-training/datasets/cmu-arctic/raw/cmu_us_bdl_arctic/wav/arctic_b0058.wav,We must achieve our own salvation,0,native_reference,native_reference,arctic_b0058
cmu_arctic,bdl,English,M,train,ai-training/datasets/cmu-arctic/raw/cmu_us_bdl_arctic/wav/arctic_b0059.wav,In moments of mental energy Philip was restless,0,native_reference,native_reference,arctic_b0059
cmu_arctic,bdl,English,M,train,ai-training/datasets/cmu-arctic/raw/cmu_us_bdl_arctic/wav/arctic_b0060.wav,He would keep his faith with Gregson for the promised day or two,0,native_reference,native_reference,arctic_b0060
cmu_arctic,bdl,English,M,train,ai-training/datasets/cmu-arctic/raw/cmu_us_bdl_arctic/wav/arctic_b0061.wav,Something about it seemed to fascinate him to challenge his presence,0,native_reference,native_reference,arctic_b0061
cmu_arctic,bdl,English,M,train,ai-training/datasets/cmu-arctic/raw/cmu_us_bdl_arctic/wav/arctic_b0062.wav,Now it was missing from the wall,0,native_reference,native_reference,arctic_b0062
cmu_arctic,bdl,English,M,train,ai-training/datasets/cmu-arctic/raw/cmu_us_bdl_arctic/wav/arctic_b0063.wav,He boiled himself some coffee and sat down to wait,0,native_reference,native_reference,arctic_b0063
cmu_arctic,bdl,English,M,train,ai-training/datasets/cmu-arctic/raw/cmu_us_bdl_arctic/wav/arctic_b0064.wav,I'm going down there with you and I'm going to fight,0,native_reference,native_reference,arctic_b0064
cmu_arctic,bdl,English,M,train,ai-training/datasets/cmu-arctic/raw/cmu_us_bdl_arctic/wav/arctic_b0065.wav,Now have you got anything to say against me Mr Philip,0,native_reference,native_reference,arctic_b0065
cmu_arctic,bdl,English,M,train,ai-training/datasets/cmu-arctic/raw/cmu_us_bdl_arctic/wav/arctic_b0066.wav,If I meet her again I shall apologize said Eileen,0,native_reference,native_reference,arctic_b0066
cmu_arctic,bdl,English,M,train,ai-training/datasets/cmu-arctic/raw/cmu_us_bdl_arctic/wav/arctic_b0067.wav,Below him the shadow was broken into a pool of rippling starlight,0,native_reference,native_reference,arctic_b0067
cmu_arctic,bdl,English,M,train,ai-training/datasets/cmu-arctic/raw/cmu_us_bdl_arctic/wav/arctic_b0068.wav,Only the chance sound had led him to observe them,0,native_reference,native_reference,arctic_b0068
cmu_arctic,bdl,English,M,train,ai-training/datasets/cmu-arctic/raw/cmu_us_bdl_arctic/wav/arctic_b0069.wav,Could the incident have anything to do with Jeanne and Pierre,0,native_reference,native_reference,arctic_b0069
cmu_arctic,bdl,English,M,train,ai-training/datasets/cmu-arctic/raw/cmu_us_bdl_arctic/wav/arctic_b0070.wav,There was no chance to fire without hitting him,0,native_reference,native_reference,arctic_b0070
cmu_arctic,bdl,English,M,train,ai-training/datasets/cmu-arctic/raw/cmu_us_bdl_arctic/wav/arctic_b0071.wav,There was no answer from the other side,0,native_reference,native_reference,arctic_b0071
cmu_arctic,bdl,English,M,train,ai-training/datasets/cmu-arctic/raw/cmu_us_bdl_arctic/wav/arctic_b0072.wav,Then he hastened on as Pierre had guided him,0,native_reference,native_reference,arctic_b0072
cmu_arctic,bdl,English,M,train,ai-training/datasets/cmu-arctic/raw/cmu_us_bdl_arctic/wav/arctic_b0073.wav,With these arguments he convinced himself that he should go on alone,0,native_reference,native_reference,arctic_b0073
cmu_arctic,bdl,English,M,train,ai-training/datasets/cmu-arctic/raw/cmu_us_bdl_arctic/wav/arctic_b0074.wav,Yet behind them there was another and more powerful motive,0,native_reference,native_reference,arctic_b0074
cmu_arctic,bdl,English,M,train,ai-training/datasets/cmu-arctic/raw/cmu_us_bdl_arctic/wav/arctic_b0075.wav,In that case he could not miss them if he used caution,0,native_reference,native_reference,arctic_b0075
cmu_arctic,bdl,English,M,train,ai-training/datasets/cmu-arctic/raw/cmu_us_bdl_arctic/wav/arctic_b0076.wav,Before Philip could recover himself Jeanne's startled guards were upon him,0,native_reference,native_reference,arctic_b0076
cmu_arctic,bdl,English,M,train,ai-training/datasets/cmu-arctic/raw/cmu_us_bdl_arctic/wav/arctic_b0077.wav,It is the nearest refuge,0,native_reference,native_reference,arctic_b0077
cmu_arctic,bdl,English,M,train,ai-training/datasets/cmu-arctic/raw/cmu_us_bdl_arctic/wav/arctic_b0078.wav,There was pride and strength the ring of triumph in his voice,0,native_reference,native_reference,arctic_b0078
cmu_arctic,bdl,English,M,train,ai-training/datasets/cmu-arctic/raw/cmu_us_bdl_arctic/wav/arctic_b0079.wav,The truth of it set Jeanne quivering,0,native_reference,native_reference,arctic_b0079
cmu_arctic,bdl,English,M,train,ai-training/datasets/cmu-arctic/raw/cmu_us_bdl_arctic/wav/arctic_b0080.wav,Tomorrow it will be strong enough for you to stand upon,0,native_reference,native_reference,arctic_b0080
cmu_arctic,bdl,English,M,train,ai-training/datasets/cmu-arctic/raw/cmu_us_bdl_arctic/wav/arctic_b0081.wav,You were going to leave after you saw me on the rock,0,native_reference,native_reference,arctic_b0081
cmu_arctic,bdl,English,M,train,ai-training/datasets/cmu-arctic/raw/cmu_us_bdl_arctic/wav/arctic_b0082.wav,He bit his tongue and cursed himself at this fresh break,0,native_reference,native_reference,arctic_b0082
cmu_arctic,bdl,English,M,train,ai-training/datasets/cmu-arctic/raw/cmu_us_bdl_arctic/wav/arctic_b0083.wav,In it there was something that was almost tragedy,0,native_reference,native_reference,arctic_b0083
cmu_arctic,bdl,English,M,train,ai-training/datasets/cmu-arctic/raw/cmu_us_bdl_arctic/wav/arctic_b0084.wav,Your face is red with blood,0,native_reference,native_reference,arctic_b0084
cmu_arctic,bdl,English,M,train,ai-training/datasets/cmu-arctic/raw/cmu_us_bdl_arctic/wav/arctic_b0085.wav,Her eyes smiled truth at him as he came up the bank,0,native_reference,native_reference,arctic_b0085
cmu_arctic,bdl,English,M,train,ai-training/datasets/cmu-arctic/raw/cmu_us_bdl_arctic/wav/arctic_b0086.wav,He can care for himself,0,native_reference,native_reference,arctic_b0086
cmu_arctic,bdl,English,M,train,ai-training/datasets/cmu-arctic/raw/cmu_us_bdl_arctic/wav/arctic_b0087.wav,They will search for us between their camp and Churchill,0,native_reference,native_reference,arctic_b0087
cmu_arctic,bdl,English,M,train,ai-training/datasets/cmu-arctic/raw/cmu_us_bdl_arctic/wav/arctic_b0088.wav,Until I die he exclaimed,0,native_reference,native_reference,arctic_b0088
cmu_arctic,bdl,English,M,train,ai-training/datasets/cmu-arctic/raw/cmu_us_bdl_arctic/wav/arctic_b0089.wav,Her beautiful hair was done up in shining coils,0,native_reference,native_reference,arctic_b0089
cmu_arctic,bdl,English,M,train,ai-training/datasets/cmu-arctic/raw/cmu_us_bdl_arctic/wav/arctic_b0090.wav,The Churchill narrowed and its current became swifter as they progressed,0,native_reference,native_reference,arctic_b0090
cmu_arctic,bdl,English,M,train,ai-training/datasets/cmu-arctic/raw/cmu_us_bdl_arctic/wav/arctic_b0091.wav,For a full half minute Jeanne looked at him without speaking,0,native_reference,native_reference,arctic_b0091
cmu_arctic,bdl,English,M,train,ai-training/datasets/cmu-arctic/raw/cmu_us_bdl_arctic/wav/arctic_b0092.wav,I want to die in it,0,native_reference,native_reference,arctic_b0092
cmu_arctic,bdl,English,M,train,ai-training/datasets/cmu-arctic/raw/cmu_us_bdl_arctic/wav/arctic_b0093.wav,Darkness hid him from Jeanne,0,native_reference,native_reference,arctic_b0093
cmu_arctic,bdl,English,M,train,ai-training/datasets/cmu-arctic/raw/cmu_us_bdl_arctic/wav/arctic_b0094.wav,And yet if she came he had no words to say,0,native_reference,native_reference,arctic_b0094
cmu_arctic,bdl,English,M,train,ai-training/datasets/cmu-arctic/raw/cmu_us_bdl_arctic/wav/arctic_b0095.wav,He heard a sound which brought him quickly into consciousness of day,0,native_reference,native_reference,arctic_b0095
cmu_arctic,bdl,English,M,train,ai-training/datasets/cmu-arctic/raw/cmu_us_bdl_arctic/wav/arctic_b0096.wav,Within himself he called it no longer his own,0,native_reference,native_reference,arctic_b0096
cmu_arctic,bdl,English,M,train,ai-training/datasets/cmu-arctic/raw/cmu_us_bdl_arctic/wav/arctic_b0097.wav,Besides that noise makes me deaf,0,native_reference,native_reference,arctic_b0097
cmu_arctic,bdl,English,M,train,ai-training/datasets/cmu-arctic/raw/cmu_us_bdl_arctic/wav/arctic_b0098.wav,Philip looked back from the crest and saw Jeanne leaning over the canoe,0,native_reference,native_reference,arctic_b0098
cmu_arctic,bdl,English,M,train,ai-training/datasets/cmu-arctic/raw/cmu_us_bdl_arctic/wav/arctic_b0099.wav,Fifty yards ahead of her were the first of the rocks,0,native_reference,native_reference,arctic_b0099
cmu_arctic,bdl,English,M,train,ai-training/datasets/cmu-arctic/raw/cmu_us_bdl_arctic/wav/arctic_b0100.wav,There was one chance and only one of saving Jeanne,0,native_reference,native_reference,arctic_b0100
cmu_arctic,bdl,English,M,train,ai-training/datasets/cmu-arctic/raw/cmu_us_bdl_arctic/wav/arctic_b0101.wav,You're a devil for fighting and will surely win,0,native_reference,native_reference,arctic_b0101
cmu_arctic,bdl,English,M,train,ai-training/datasets/cmu-arctic/raw/cmu_us_bdl_arctic/wav/arctic_b0102.wav,I'll only be in the way,0,native_reference,native_reference,arctic_b0102
cmu_arctic,bdl,English,M,train,ai-training/datasets/cmu-arctic/raw/cmu_us_bdl_arctic/wav/arctic_b0103.wav,He lifted his eyes and a strange cry burst from his lips,0,native_reference,native_reference,arctic_b0103
cmu_arctic,bdl,English,M,train,ai-training/datasets/cmu-arctic/raw/cmu_us_bdl_arctic/wav/arctic_b0104.wav,Shooting pains passed like flashes of electricity through his body,0,native_reference,native_reference,arctic_b0104
cmu_arctic,bdl,English,M,train,ai-training/datasets/cmu-arctic/raw/cmu_us_bdl_arctic/wav/arctic_b0105.wav,I know that you are in charge there and Jeanne knows,0,native_reference,native_reference,arctic_b0105
cmu_arctic,bdl,English,M,train,ai-training/datasets/cmu-arctic/raw/cmu_us_bdl_arctic/wav/arctic_b0106.wav,For a full minute the two men stared into each other's face,0,native_reference,native_reference,arctic_b0106
cmu_arctic,bdl,English,M,train,ai-training/datasets/cmu-arctic/raw/cmu_us_bdl_arctic/wav/arctic_b0107.wav,He was sure now of but few things,0,native_reference,native_reference,arctic_b0107
cmu_arctic,bdl,English,M,train,ai-training/datasets/cmu-arctic/raw/cmu_us_bdl_arctic/wav/arctic_b0108.wav,It was a miracle and I owe you my life,0,native_reference,native_reference,arctic_b0108
cmu_arctic,bdl,English,M,train,ai-training/datasets/cmu-arctic/raw/cmu_us_bdl_arctic/wav/arctic_b0109.wav,Philip ate lightly of the food which Pierre had ready for him,0,native_reference,native_reference,arctic_b0109
cmu_arctic,bdl,English,M,train,ai-training/datasets/cmu-arctic/raw/cmu_us_bdl_arctic/wav/arctic_b0110.wav,Such men believe when they come together,0,native_reference,native_reference,arctic_b0110
cmu_arctic,bdl,English,M,train,ai-training/datasets/cmu-arctic/raw/cmu_us_bdl_arctic/wav/arctic_b0111.wav,The journey was continued at dawn,0,native_reference,native_reference,arctic_b0111
cmu_arctic,bdl,English,M,train,ai-training/datasets/cmu-arctic/raw/cmu_us_bdl_arctic/wav/arctic_b0112.wav,Jeanne and Pierre both gazed toward the great rock,0,native_reference,native_reference,arctic_b0112
cmu_arctic,bdl,English,M,train,ai-training/datasets/cmu-arctic/raw/cmu_us_bdl_arctic/wav/arctic_b0113.wav,There was something pathetic in the girl's attitude now,0,native_reference,native_reference,arctic_b0113
cmu_arctic,bdl,English,M,train,ai-training/datasets/cmu-arctic/raw/cmu_us_bdl_arctic/wav/arctic_b0114.wav,He moved his position and the illusion was gone,0,native_reference,native_reference,arctic_b0114
cmu_arctic,bdl,English,M,train,ai-training/datasets/cmu-arctic/raw/cmu_us_bdl_arctic/wav/arctic_b0115.wav,For two hours not a word passed between them,0,native_reference,native_reference,arctic_b0115
cmu_arctic,bdl,English,M,train,ai-training/datasets/cmu-arctic/raw/cmu_us_bdl_arctic/wav/arctic_b0116.wav,I have hunted along this ridge replied Philip,0,native_reference,native_reference,arctic_b0116
cmu_arctic,bdl,English,M,train,ai-training/datasets/cmu-arctic/raw/cmu_us_bdl_arctic/wav/arctic_b0117.wav,That's Thorpe's said the young engineer,0,native_reference,native_reference,arctic_b0117
cmu_arctic,bdl,English,M,train,ai-training/datasets/cmu-arctic/raw/cmu_us_bdl_arctic/wav/arctic_b0118.wav,We saw your light and thought you wouldn't mind a call,0,native_reference,native_reference,arctic_b0118
cmu_arctic,bdl,English,M,train,ai-training/datasets/cmu-arctic/raw/cmu_us_bdl_arctic/wav/arctic_b0119.wav,Billinger may arrive in time,0,native_reference,native_reference,arctic_b0119
cmu_arctic,bdl,English,M,train,ai-training/datasets/cmu-arctic/raw/cmu_us_bdl_arctic/wav/arctic_b0120.wav,There's the hitch replied Thorpe rolling a cigarette,0,native_reference,native_reference,arctic_b0120
cmu_arctic,bdl,English,M,train,ai-training/datasets/cmu-arctic/raw/cmu_us_bdl_arctic/wav/arctic_b0121.wav,I want my men to work by themselves,0,native_reference,native_reference,arctic_b0121
cmu_arctic,bdl,English,M,train,ai-training/datasets/cmu-arctic/raw/cmu_us_bdl_arctic/wav/arctic_b0122.wav,Philip saw MacDougall soon after his short talk with Thorpe,0,native_reference,native_reference,arctic_b0122
cmu_arctic,bdl,English,M,train,ai-training/datasets/cmu-arctic/raw/cmu_us_bdl_arctic/wav/arctic_b0123.wav,Neither could they understand the growing disaffection among Thorpe's men,0,native_reference,native_reference,arctic_b0123
cmu_arctic,bdl,English,M,train,ai-training/datasets/cmu-arctic/raw/cmu_us_bdl_arctic/wav/arctic_b0124.wav,Two weeks passed and in that time Thorpe left camp three times,0,native_reference,native_reference,arctic_b0124
cmu_arctic,bdl,English,M,train,ai-training/datasets/cmu-arctic/raw/cmu_us_bdl_arctic/wav/arctic_b0125.wav,It was the third or fourth time that Philip had heard MacDougall swear,0,native_reference,native_reference,arctic_b0125
cmu_arctic,bdl,English,M,train,ai-training/datasets/cmu-arctic/raw/cmu_us_bdl_arctic/wav/arctic_b0126.wav,Blood was oozing slowly from the wounded man's right breast,0,native_reference,native_reference,arctic_b0126
cmu_arctic,bdl,English,M,train,ai-training/datasets/cmu-arctic/raw/cmu_us_bdl_arctic/wav/arctic_b0127.wav,He destroyed everything that had belonged to the woman,0,native_reference,native_reference,arctic_b0127
cmu_arctic,bdl,English,M,train,ai-training/datasets/cmu-arctic/raw/cmu_us_bdl_arctic/wav/arctic_b0128.wav,Philip bent low over Pierre,0,native_reference,native_reference,arctic_b0128
cmu_arctic,bdl,English,M,train,ai-training/datasets/cmu-arctic/raw/cmu_us_bdl_arctic/wav/arctic_b0129.wav,Did Thorpe go to see any one in Churchill,0,native_reference,native_reference,arctic_b0129
cmu_arctic,bdl,English,M,train,ai-training/datasets/cmu-arctic/raw/cmu_us_bdl_arctic/wav/arctic_b0130.wav,She saw the answer in his face,0,native_reference,native_reference,arctic_b0130
cmu_arctic,bdl,English,M,train,ai-training/datasets/cmu-arctic/raw/cmu_us_bdl_arctic/wav/arctic_b0131.wav,Thorpe and his men were to destroy this camp and kill you,0,native_reference,native_reference,arctic_b0131
cmu_arctic,bdl,English,M,train,ai-training/datasets/cmu-arctic/raw/cmu_us_bdl_arctic/wav/arctic_b0132.wav,There is no need of further detail now -- for you can understand,0,native_reference,native_reference,arctic_b0132
cmu_arctic,bdl,English,M,train,ai-training/datasets/cmu-arctic/raw/cmu_us_bdl_arctic/wav/arctic_b0133.wav,There followed a roar that shook the earth,0,native_reference,native_reference,arctic_b0133
cmu_arctic,bdl,English,M,train,ai-training/datasets/cmu-arctic/raw/cmu_us_bdl_arctic/wav/arctic_b0134.wav,Blind with rage he darted in,0,native_reference,native_reference,arctic_b0134
cmu_arctic,bdl,English,M,train,ai-training/datasets/cmu-arctic/raw/cmu_us_bdl_arctic/wav/arctic_b0135.wav,In it was the joy of life,0,native_reference,native_reference,arctic_b0135
cmu_arctic,bdl,English,M,train,ai-training/datasets/cmu-arctic/raw/cmu_us_bdl_arctic/wav/arctic_b0136.wav,Swiftly his eyes measured the situation,0,native_reference,native_reference,arctic_b0136
cmu_arctic,bdl,English,M,train,ai-training/datasets/cmu-arctic/raw/cmu_us_bdl_arctic/wav/arctic_b0137.wav,But this little defect did not worry him,0,native_reference,native_reference,arctic_b0137
cmu_arctic,bdl,English,M,train,ai-training/datasets/cmu-arctic/raw/cmu_us_bdl_arctic/wav/arctic_b0138.wav,And then steadily he began to chew,0,native_reference,native_reference,arctic_b0138
cmu_arctic,bdl,English,M,train,ai-training/datasets/cmu-arctic/raw/cmu_us_bdl_arctic/wav/arctic_b0139.wav,Together they ate the rabbit,0,native_reference,native_reference,arctic_b0139
cmu_arctic,bdl,English,M,train,ai-training/datasets/cmu-arctic/raw/cmu_us_bdl_arctic/wav/arctic_b0140.wav,They edged nearer and stood shoulder to shoulder facing their world,0,native_reference,native_reference,arctic_b0140
cmu_arctic,bdl,English,M,train,ai-training/datasets/cmu-arctic/raw/cmu_us_bdl_arctic/wav/arctic_b0141.wav,It was beating and waiting in the ambush of those black pits,0,native_reference,native_reference,arctic_b0141
cmu_arctic,bdl,English,M,train,ai-training/datasets/cmu-arctic/raw/cmu_us_bdl_arctic/wav/arctic_b0142.wav,Something vastly more thrilling had come into it now,0,native_reference,native_reference,arctic_b0142
cmu_arctic,bdl,English,M,train,ai-training/datasets/cmu-arctic/raw/cmu_us_bdl_arctic/wav/arctic_b0143.wav,It took him half an hour to reach the edge of it,0,native_reference,native_reference,arctic_b0143
cmu_arctic,bdl,English,M,train,ai-training/datasets/cmu-arctic/raw/cmu_us_bdl_arctic/wav/arctic_b0144.wav,But there was no longer the mother yearning in his heart,0,native_reference,native_reference,arctic_b0144
cmu_arctic,bdl,English,M,train,ai-training/datasets/cmu-arctic/raw/cmu_us_bdl_arctic/wav/arctic_b0145.wav,Besides had he not whipped the big owl in the forest,0,native_reference,native_reference,arctic_b0145
cmu_arctic,bdl,English,M,train,ai-training/datasets/cmu-arctic/raw/cmu_us_bdl_arctic/wav/arctic_b0146.wav,After all it was simply a mistake in judgment,0,native_reference,native_reference,arctic_b0146
cmu_arctic,bdl,English,M,train,ai-training/datasets/cmu-arctic/raw/cmu_us_bdl_arctic/wav/arctic_b0147.wav,Had it struck squarely it would have killed him,0,native_reference,native_reference,arctic_b0147
cmu_arctic,bdl,English,M,train,ai-training/datasets/cmu-arctic/raw/cmu_us_bdl_arctic/wav/arctic_b0148.wav,The Indian even poked his stick into the thick ground spruce,0,native_reference,native_reference,arctic_b0148
cmu_arctic,bdl,English,M,train,ai-training/datasets/cmu-arctic/raw/cmu_us_bdl_arctic/wav/arctic_b0149.wav,Pebbles and dirt flew along with hair and fur,0,native_reference,native_reference,arctic_b0149
cmu_arctic,bdl,English,M,train,ai-training/datasets/cmu-arctic/raw/cmu_us_bdl_arctic/wav/arctic_b0150.wav,And he was filled with a strange and foreboding fear,0,native_reference,native_reference,arctic_b0150
cmu_arctic,bdl,English,M,train,ai-training/datasets/cmu-arctic/raw/cmu_us_bdl_arctic/wav/arctic_b0151.wav,It was steel a fisher trap,0,native_reference,native_reference,arctic_b0151
cmu_arctic,bdl,English,M,train,ai-training/datasets/cmu-arctic/raw/cmu_us_bdl_arctic/wav/arctic_b0152.wav,OW a wild dog he growled,0,native_reference,native_reference,arctic_b0152
cmu_arctic,bdl,English,M,train,ai-training/datasets/cmu-arctic/raw/cmu_us_bdl_arctic/wav/arctic_b0153.wav,He was a pariah a wanderer without a friend or a home,0,native_reference,native_reference,arctic_b0153
cmu_arctic,bdl,English,M,train,ai-training/datasets/cmu-arctic/raw/cmu_us_bdl_arctic/wav/arctic_b0154.wav,That is the strange part of it,0,native_reference,native_reference,arctic_b0154
cmu_arctic,bdl,English,M,train,ai-training/datasets/cmu-arctic/raw/cmu_us_bdl_arctic/wav/arctic_b0155.wav,His freshly caught furs he flung to the floor,0,native_reference,native_reference,arctic_b0155
cmu_arctic,bdl,English,M,train,ai-training/datasets/cmu-arctic/raw/cmu_us_bdl_arctic/wav/arctic_b0156.wav,For that reason Le Beau had chosen him to fight the big fight,0,native_reference,native_reference,arctic_b0156
cmu_arctic,bdl,English,M,train,ai-training/datasets/cmu-arctic/raw/cmu_us_bdl_arctic/wav/arctic_b0157.wav,In the crib the baby sat up and began to prattle,0,native_reference,native_reference,arctic_b0157
cmu_arctic,bdl,English,M,train,ai-training/datasets/cmu-arctic/raw/cmu_us_bdl_arctic/wav/arctic_b0158.wav,She obeyed shrinking back with the baby in her arms,0,native_reference,native_reference,arctic_b0158
cmu_arctic,bdl,English,M,train,ai-training/datasets/cmu-arctic/raw/cmu_us_bdl_arctic/wav/arctic_b0159.wav,His teeth shut with a last click,0,native_reference,native_reference,arctic_b0159
cmu_arctic,bdl,English,M,train,ai-training/datasets/cmu-arctic/raw/cmu_us_bdl_arctic/wav/arctic_b0160.wav,It was over when he made his way through the ring of spectators,0,native_reference,native_reference,arctic_b0160
cmu_arctic,bdl,English,M,train,ai-training/datasets/cmu-arctic/raw/cmu_us_bdl_arctic/wav/arctic_b0161.wav,In a flash he was on his feet facing him,0,native_reference,native_reference,arctic_b0161
cmu_arctic,bdl,English,M,train,ai-training/datasets/cmu-arctic/raw/cmu_us_bdl_arctic/wav/arctic_b0162.wav,He thought he saw a shudder pass through the Factor's shoulders,0,native_reference,native_reference,arctic_b0162
cmu_arctic,bdl,English,M,train,ai-training/datasets/cmu-arctic/raw/cmu_us_bdl_arctic/wav/arctic_b0163.wav,The moon had already begun its westward decline,0,native_reference,native_reference,arctic_b0163
cmu_arctic,bdl,English,M,train,ai-training/datasets/cmu-arctic/raw/cmu_us_bdl_arctic/wav/arctic_b0164.wav,They laughed like two happy children,0,native_reference,native_reference,arctic_b0164
cmu_arctic,bdl,English,M,train,ai-training/datasets/cmu-arctic/raw/cmu_us_bdl_arctic/wav/arctic_b0165.wav,He pulled and the log crashed down to break his back,0,native_reference,native_reference,arctic_b0165
cmu_arctic,bdl,English,M,train,ai-training/datasets/cmu-arctic/raw/cmu_us_bdl_arctic/wav/arctic_b0166.wav,Fast but endure,0,native_reference,native_reference,arctic_b0166
cmu_arctic,bdl,English,M,train,ai-training/datasets/cmu-arctic/raw/cmu_us_bdl_arctic/wav/arctic_b0167.wav,A little before dawn of the day following the fire relief came,0,native_reference,native_reference,arctic_b0167
cmu_arctic,bdl,English,M,train,ai-training/datasets/cmu-arctic/raw/cmu_us_bdl_arctic/wav/arctic_b0168.wav,The Indian felt the worship of her warm in his heart,0,native_reference,native_reference,arctic_b0168
cmu_arctic,bdl,English,M,train,ai-training/datasets/cmu-arctic/raw/cmu_us_bdl_arctic/wav/arctic_b0169.wav,He drew in a deep breath as he looked at them,0,native_reference,native_reference,arctic_b0169
cmu_arctic,bdl,English,M,train,ai-training/datasets/cmu-arctic/raw/cmu_us_bdl_arctic/wav/arctic_b0170.wav,Then he shouted Shut up,0,native_reference,native_reference,arctic_b0170
cmu_arctic,bdl,English,M,train,ai-training/datasets/cmu-arctic/raw/cmu_us_bdl_arctic/wav/arctic_b0171.wav,He changed his seat for a steamer reclining chair,0,native_reference,native_reference,arctic_b0171
cmu_arctic,bdl,English,M,train,ai-training/datasets/cmu-arctic/raw/cmu_us_bdl_arctic/wav/arctic_b0172.wav,On the far corner of the compound fence a hawk brooded,0,native_reference,native_reference,arctic_b0172
cmu_arctic,bdl,English,M,train,ai-training/datasets/cmu-arctic/raw/cmu_us_bdl_arctic/wav/arctic_b0173.wav,To these he gave castor oil,0,native_reference,native_reference,arctic_b0173
cmu_arctic,bdl,English,M,train,ai-training/datasets/cmu-arctic/raw/cmu_us_bdl_arctic/wav/arctic_b0174.wav,Hatred and murder and lust for revenge they possessed to overflowing,0,native_reference,native_reference,arctic_b0174
cmu_arctic,bdl,English,M,train,ai-training/datasets/cmu-arctic/raw/cmu_us_bdl_arctic/wav/arctic_b0175.wav,Sheldon glanced at the thermometer,0,native_reference,native_reference,arctic_b0175
cmu_arctic,bdl,English,M,train,ai-training/datasets/cmu-arctic/raw/cmu_us_bdl_arctic/wav/arctic_b0176.wav,I'll see to poor Hughie,0,native_reference,native_reference,arctic_b0176
cmu_arctic,bdl,English,M,train,ai-training/datasets/cmu-arctic/raw/cmu_us_bdl_arctic/wav/arctic_b0177.wav,Her gray eyes were flashing and her lips were quivering,0,native_reference,native_reference,arctic_b0177
cmu_arctic,bdl,English,M,train,ai-training/datasets/cmu-arctic/raw/cmu_us_bdl_arctic/wav/arctic_b0178.wav,Also I want information,0,native_reference,native_reference,arctic_b0178
cmu_arctic,bdl,English,M,train,ai-training/datasets/cmu-arctic/raw/cmu_us_bdl_arctic/wav/arctic_b0179.wav,Let them go out and eat with my boys,0,native_reference,native_reference,arctic_b0179
cmu_arctic,bdl,English,M,train,ai-training/datasets/cmu-arctic/raw/cmu_us_bdl_arctic/wav/arctic_b0180.wav,I I beg pardon he drawled,0,native_reference,native_reference,arctic_b0180
cmu_arctic,bdl,English,M,train,ai-training/datasets/cmu-arctic/raw/cmu_us_bdl_arctic/wav/arctic_b0181.wav,And you preferred a cannibal isle and a cartridge belt,0,native_reference,native_reference,arctic_b0181
cmu_arctic,bdl,English,M,train,ai-training/datasets/cmu-arctic/raw/cmu_us_bdl_arctic/wav/arctic_b0182.wav,I was in New York when the crash came,0,native_reference,native_reference,arctic_b0182
cmu_arctic,bdl,English,M,train,ai-training/datasets/cmu-arctic/raw/cmu_us_bdl_arctic/wav/arctic_b0183.wav,No I did not fall among thieves,0,native_reference,native_reference,arctic_b0183
cmu_arctic,bdl,English,M,train,ai-training/datasets/cmu-arctic/raw/cmu_us_bdl_arctic/wav/arctic_b0184.wav,Such things in her brain were like so many oaths on her lips,0,native_reference,native_reference,arctic_b0184
cmu_arctic,bdl,English,M,train,ai-training/datasets/cmu-arctic/raw/cmu_us_bdl_arctic/wav/arctic_b0185.wav,Your being wrecked here has been a godsend to me,0,native_reference,native_reference,arctic_b0185
cmu_arctic,bdl,English,M,train,ai-training/datasets/cmu-arctic/raw/cmu_us_bdl_arctic/wav/arctic_b0186.wav,I can't go elsewhere by your own account,0,native_reference,native_reference,arctic_b0186
cmu_arctic,bdl,English,M,train,ai-training/datasets/cmu-arctic/raw/cmu_us_bdl_arctic/wav/arctic_b0187.wav,Her achievements with cocoanuts were a revelation,0,native_reference,native_reference,arctic_b0187
cmu_arctic,bdl,English,M,train,ai-training/datasets/cmu-arctic/raw/cmu_us_bdl_arctic/wav/arctic_b0188.wav,He glanced down at her helplessly and moistened his lips,0,native_reference,native_reference,arctic_b0188
cmu_arctic,bdl,English,M,train,ai-training/datasets/cmu-arctic/raw/cmu_us_bdl_arctic/wav/arctic_b0189.wav,That is what distinguishes all of us from the lower animals,0,native_reference,native_reference,arctic_b0189
cmu_arctic,bdl,English,M,train,ai-training/datasets/cmu-arctic/raw/cmu_us_bdl_arctic/wav/arctic_b0190.wav,Idealism led him to philosophic anarchy and his family threw him off,0,native_reference,native_reference,arctic_b0190
cmu_arctic,bdl,English,M,train,ai-training/datasets/cmu-arctic/raw/cmu_us_bdl_arctic/wav/arctic_b0191.wav,He also contended that better confidence was established by carrying no weapons,0,native_reference,native_reference,arctic_b0191
cmu_arctic,bdl,English,M,train,ai-training/datasets/cmu-arctic/raw/cmu_us_bdl_arctic/wav/arctic_b0192.wav,Outsiders are allowed five minute speeches the sick man urged,0,native_reference,native_reference,arctic_b0192
cmu_arctic,bdl,English,M,train,ai-training/datasets/cmu-arctic/raw/cmu_us_bdl_arctic/wav/arctic_b0193.wav,So was Packard's finish suicide,0,native_reference,native_reference,arctic_b0193
cmu_arctic,bdl,English,M,train,ai-training/datasets/cmu-arctic/raw/cmu_us_bdl_arctic/wav/arctic_b0194.wav,Joan cried with shining eyes,0,native_reference,native_reference,arctic_b0194
cmu_arctic,bdl,English,M,train,ai-training/datasets/cmu-arctic/raw/cmu_us_bdl_arctic/wav/arctic_b0195.wav,Nobody knows how the natives got them,0,native_reference,native_reference,arctic_b0195
cmu_arctic,bdl,English,M,train,ai-training/datasets/cmu-arctic/raw/cmu_us_bdl_arctic/wav/arctic_b0196.wav,How can you manage all alone Mr Young,0,native_reference,native_reference,arctic_b0196
cmu_arctic,bdl,English,M,train,ai-training/datasets/cmu-arctic/raw/cmu_us_bdl_arctic/wav/arctic_b0197.wav,The planters are already considering the matter,0,native_reference,native_reference,arctic_b0197
cmu_arctic,bdl,English,M,train,ai-training/datasets/cmu-arctic/raw/cmu_us_bdl_arctic/wav/arctic_b0198.wav,I use great trouble advisedly,0,native_reference,native_reference,arctic_b0198
cmu_arctic,bdl,English,M,train,ai-training/datasets/cmu-arctic/raw/cmu_us_bdl_arctic/wav/arctic_b0199.wav,Dear Sir Your second victim has fallen on schedule time,0,native_reference,native_reference,arctic_b0199
cmu_arctic,bdl,English,M,train,ai-training/datasets/cmu-arctic/raw/cmu_us_bdl_arctic/wav/arctic_b0200.wav,We leave the eventuality to time and law,0,native_reference,native_reference,arctic_b0200
cmu_arctic,bdl,English,M,train,ai-training/datasets/cmu-arctic/raw/cmu_us_bdl_arctic/wav/arctic_b0201.wav,I also understand that similar branch organizations have made their appearance in Europe,0,native_reference,native_reference,arctic_b0201
cmu_arctic,bdl,English,M,train,ai-training/datasets/cmu-arctic/raw/cmu_us_bdl_arctic/wav/arctic_b0202.wav,Society is shaken to its foundations,0,native_reference,native_reference,arctic_b0202
cmu_arctic,bdl,English,M,train,ai-training/datasets/cmu-arctic/raw/cmu_us_bdl_arctic/wav/arctic_b0203.wav,A month in Australia would finish me,0,native_reference,native_reference,arctic_b0203
cmu_arctic,bdl,English,M,train,ai-training/datasets/cmu-arctic/raw/cmu_us_bdl_arctic/wav/arctic_b0204.wav,Down through the perfume weighted air fluttered the snowy fluffs of the cottonwoods,0,native_reference,native_reference,arctic_b0204
cmu_arctic,bdl,English,M,train,ai-training/datasets/cmu-arctic/raw/cmu_us_bdl_arctic/wav/arctic_b0205.wav,You were destroying my life,0,native_reference,native_reference,arctic_b0205
cmu_arctic,bdl,English,M,train,ai-training/datasets/cmu-arctic/raw/cmu_us_bdl_arctic/wav/arctic_b0206.wav,Horses and rifles had been her toys camp and trail her nursery,0,native_reference,native_reference,arctic_b0206
cmu_arctic,bdl,English,M,train,ai-training/datasets/cmu-arctic/raw/cmu_us_bdl_arctic/wav/arctic_b0207.wav,I'm as good as a man she urged,0,native_reference,native_reference,arctic_b0207
cmu_arctic,bdl,English,M,train,ai-training/datasets/cmu-arctic/raw/cmu_us_bdl_arctic/wav/arctic_b0208.wav,You read the quotations in today's paper,0,native_reference,native_reference,arctic_b0208
cmu_arctic,bdl,English,M,train,ai-training/datasets/cmu-arctic/raw/cmu_us_bdl_arctic/wav/arctic_b0209.wav,He's terribly touchy about his black wards as he calls them,0,native_reference,native_reference,arctic_b0209
cmu_arctic,bdl,English,M,train,ai-training/datasets/cmu-arctic/raw/cmu_us_bdl_arctic/wav/arctic_b0210.wav,Whatever he guessed he locked away in the taboo room of Naomi,0,native_reference,native_reference,arctic_b0210
cmu_arctic,bdl,English,M,train,ai-training/datasets/cmu-arctic/raw/cmu_us_bdl_arctic/wav/arctic_b0211.wav,This is eighteen eighty,0,native_reference,native_reference,arctic_b0211
cmu_arctic,bdl,English,M,train,ai-training/datasets/cmu-arctic/raw/cmu_us_bdl_arctic/wav/arctic_b0212.wav,Death is and has been ever since old Maui died,0,native_reference,native_reference,arctic_b0212
cmu_arctic,bdl,English,M,train,ai-training/datasets/cmu-arctic/raw/cmu_us_bdl_arctic/wav/arctic_b0213.wav,Some boy she laughed acquiescence,0,native_reference,native_reference,arctic_b0213
cmu_arctic,bdl,English,M,train,ai-training/datasets/cmu-arctic/raw/cmu_us_bdl_arctic/wav/arctic_b0214.wav,Let us talk it over and find a way out,0,native_reference,native_reference,arctic_b0214
cmu_arctic,bdl,English,M,train,ai-training/datasets/cmu-arctic/raw/cmu_us_bdl_arctic/wav/arctic_b0215.wav,It is a good property and worth more than that,0,native_reference,native_reference,arctic_b0215
cmu_arctic,bdl,English,M,train,ai-training/datasets/cmu-arctic/raw/cmu_us_bdl_arctic/wav/arctic_b0216.wav,I wish you were more adaptable Joan retorted,0,native_reference,native_reference,arctic_b0216
cmu_arctic,bdl,English,M,train,ai-training/datasets/cmu-arctic/raw/cmu_us_bdl_arctic/wav/arctic_b0217.wav,Such is my passage engaged on the steamer,0,native_reference,native_reference,arctic_b0217
cmu_arctic,bdl,English,M,train,ai-training/datasets/cmu-arctic/raw/cmu_us_bdl_arctic/wav/arctic_b0218.wav,The issue was not in doubt,0,native_reference,native_reference,arctic_b0218
cmu_arctic,bdl,English,M,train,ai-training/datasets/cmu-arctic/raw/cmu_us_bdl_arctic/wav/arctic_b0219.wav,Well there are better men in Hawaii that's all,0,native_reference,native_reference,arctic_b0219
cmu_arctic,bdl,English,M,train,ai-training/datasets/cmu-arctic/raw/cmu_us_bdl_arctic/wav/arctic_b0220.wav,Harry Bancroft Dave lied,0,native_reference,native_reference,arctic_b0220
cmu_arctic,bdl,English,M,train,ai-training/datasets/cmu-arctic/raw/cmu_us_bdl_arctic/wav/arctic_b0221.wav,It's a Yankee Joan cried,0,native_reference,native_reference,arctic_b0221
cmu_arctic,bdl,English,M,train,ai-training/datasets/cmu-arctic/raw/cmu_us_bdl_arctic/wav/arctic_b0222.wav,He was the leader and Tudor was his lieutenant,0,native_reference,native_reference,arctic_b0222
cmu_arctic,bdl,English,M,train,ai-training/datasets/cmu-arctic/raw/cmu_us_bdl_arctic/wav/arctic_b0223.wav,They likewise are disinclined to being eaten,0,native_reference,native_reference,arctic_b0223
cmu_arctic,bdl,English,M,train,ai-training/datasets/cmu-arctic/raw/cmu_us_bdl_arctic/wav/arctic_b0224.wav,But to culture the Revolution thus far had exhausted the Junta,0,native_reference,native_reference,arctic_b0224
cmu_arctic,bdl,English,M,train,ai-training/datasets/cmu-arctic/raw/cmu_us_bdl_arctic/wav/arctic_b0225.wav,The President of the United States was his friend,0,native_reference,native_reference,arctic_b0225
cmu_arctic,bdl,English,M,train,ai-training/datasets/cmu-arctic/raw/cmu_us_bdl_arctic/wav/arctic_b0226.wav,Your face was the personification of duplicity,0,native_reference,native_reference,arctic_b0226
cmu_arctic,bdl,English,M,train,ai-training/datasets/cmu-arctic/raw/cmu_us_bdl_arctic/wav/arctic_b0227.wav,Shorty turned to their employers,0,native_reference,native_reference,arctic_b0227
cmu_arctic,bdl,English,M,train,ai-training/datasets/cmu-arctic/raw/cmu_us_bdl_arctic/wav/arctic_b0228.wav,You were engaged,0,native_reference,native_reference,arctic_b0228
cmu_arctic,bdl,English,M,train,ai-training/datasets/cmu-arctic/raw/cmu_us_bdl_arctic/wav/arctic_b0229.wav,I saw it all myself and it was splendid,0,native_reference,native_reference,arctic_b0229
cmu_arctic,bdl,English,M,train,ai-training/datasets/cmu-arctic/raw/cmu_us_bdl_arctic/wav/arctic_b0230.wav,Now run along and tell them to hurry,0,native_reference,native_reference,arctic_b0230
cmu_arctic,bdl,English,M,train,ai-training/datasets/cmu-arctic/raw/cmu_us_bdl_arctic/wav/arctic_b0231.wav,What's that grub-thief got to do with it,0,native_reference,native_reference,arctic_b0231
cmu_arctic,bdl,English,M,train,ai-training/datasets/cmu-arctic/raw/cmu_us_bdl_arctic/wav/arctic_b0232.wav,It was a superb picture,0,native_reference,native_reference,arctic_b0232
cmu_arctic,bdl,English,M,train,ai-training/datasets/cmu-arctic/raw/cmu_us_bdl_arctic/wav/arctic_b0233.wav,So she said the irate skipper dashed on,0,native_reference,native_reference,arctic_b0233
cmu_arctic,bdl,English,M,train,ai-training/datasets/cmu-arctic/raw/cmu_us_bdl_arctic/wav/arctic_b0234.wav,And watch out for wet feet was his parting advice,0,native_reference,native_reference,arctic_b0234
cmu_arctic,bdl,English,M,train,ai-training/datasets/cmu-arctic/raw/cmu_us_bdl_arctic/wav/arctic_b0235.wav,Raoul yelled in order to make himself heard,0,native_reference,native_reference,arctic_b0235
cmu_arctic,bdl,English,M,train,ai-training/datasets/cmu-arctic/raw/cmu_us_bdl_arctic/wav/arctic_b0236.wav,Oolong was two hundred and fifty miles from the nearest land,0,native_reference,native_reference,arctic_b0236
cmu_arctic,bdl,English,M,train,ai-training/datasets/cmu-arctic/raw/cmu_us_bdl_arctic/wav/arctic_b0237.wav,They just lay off in the bush and plugged away,0,native_reference,native_reference,arctic_b0237
cmu_arctic,bdl,English,M,train,ai-training/datasets/cmu-arctic/raw/cmu_us_bdl_arctic/wav/arctic_b0238.wav,The very thought of the effort to swim over was nauseating,0,native_reference,native_reference,arctic_b0238
cmu_arctic,bdl,English,M,train,ai-training/datasets/cmu-arctic/raw/cmu_us_bdl_arctic/wav/arctic_b0239.wav,And there was a dog that barked,0,native_reference,native_reference,arctic_b0239
cmu_arctic,bdl,English,M,train,ai-training/datasets/cmu-arctic/raw/cmu_us_bdl_arctic/wav/arctic_b0240.wav,There are four all low McCoy answered,0,native_reference,native_reference,arctic_b0240
cmu_arctic,bdl,English,M,train,ai-training/datasets/cmu-arctic/raw/cmu_us_bdl_arctic/wav/arctic_b0241.wav,The women they carried away with them to the Big Valley,0,native_reference,native_reference,arctic_b0241
cmu_arctic,bdl,English,M,train,ai-training/datasets/cmu-arctic/raw/cmu_us_bdl_arctic/wav/arctic_b0242.wav,The Japanese understood as we could never school ourselves or hope to understand,0,native_reference,native_reference,arctic_b0242
cmu_arctic,bdl,English,M,train,ai-training/datasets/cmu-arctic/raw/cmu_us_bdl_arctic/wav/arctic_b0243.wav,They had been on the same lay as ourselves,0,native_reference,native_reference,arctic_b0243
cmu_arctic,bdl,English,M,train,ai-training/datasets/cmu-arctic/raw/cmu_us_bdl_arctic/wav/arctic_b0244.wav,You are positively soulless he said savagely,0,native_reference,native_reference,arctic_b0244
cmu_arctic,bdl,English,M,train,ai-training/datasets/cmu-arctic/raw/cmu_us_bdl_arctic/wav/arctic_b0245.wav,Harrison is still my chauffeur,0,native_reference,native_reference,arctic_b0245
cmu_arctic,bdl,English,M,train,ai-training/datasets/cmu-arctic/raw/cmu_us_bdl_arctic/wav/arctic_b0246.wav,The boy grew and prospered,0,native_reference,native_reference,arctic_b0246
cmu_arctic,bdl,English,M,train,ai-training/datasets/cmu-arctic/raw/cmu_us_bdl_arctic/wav/arctic_b0247.wav,He wanted to give the finish to this foe already so far gone,0,native_reference,native_reference,arctic_b0247
cmu_arctic,bdl,English,M,train,ai-training/datasets/cmu-arctic/raw/cmu_us_bdl_arctic/wav/arctic_b0248.wav,Exciting times are the lot of the fish patrol,0,native_reference,native_reference,arctic_b0248
cmu_arctic,bdl,English,M,train,ai-training/datasets/cmu-arctic/raw/cmu_us_bdl_arctic/wav/arctic_b0249.wav,I know they are my oysters,0,native_reference,native_reference,arctic_b0249
cmu_arctic,bdl,English,M,train,ai-training/datasets/cmu-arctic/raw/cmu_us_bdl_arctic/wav/arctic_b0250.wav,By this time Charley was as enraged as the Greek,0,native_reference,native_reference,arctic_b0250
cmu_arctic,bdl,English,M,train,ai-training/datasets/cmu-arctic/raw/cmu_us_bdl_arctic/wav/arctic_b0251.wav,They must have been swept away by the chaotic currents,0,native_reference,native_reference,arctic_b0251
cmu_arctic,bdl,English,M,train,ai-training/datasets/cmu-arctic/raw/cmu_us_bdl_arctic/wav/arctic_b0252.wav,It resembled tea less than lager beer resembles champagne,0,native_reference,native_reference,arctic_b0252
cmu_arctic,bdl,English,M,train,ai-training/datasets/cmu-arctic/raw/cmu_us_bdl_arctic/wav/arctic_b0253.wav,The very opposite is true they are discouraged vagabonds,0,native_reference,native_reference,arctic_b0253
cmu_arctic,bdl,English,M,train,ai-training/datasets/cmu-arctic/raw/cmu_us_bdl_arctic/wav/arctic_b0254.wav,At the same time spears and arrows began to fall among the invaders,0,native_reference,native_reference,arctic_b0254
cmu_arctic,bdl,English,M,train,ai-training/datasets/cmu-arctic/raw/cmu_us_bdl_arctic/wav/arctic_b0255.wav,Then again Tudor had such an irritating way about him,0,native_reference,native_reference,arctic_b0255
cmu_arctic,bdl,English,M,train,ai-training/datasets/cmu-arctic/raw/cmu_us_bdl_arctic/wav/arctic_b0256.wav,Outwardly he maintained a calm and smiling aspect,0,native_reference,native_reference,arctic_b0256
cmu_arctic,bdl,English,M,train,ai-training/datasets/cmu-arctic/raw/cmu_us_bdl_arctic/wav/arctic_b0257.wav,Tudor surveyed him with withering disgust,0,native_reference,native_reference,arctic_b0257
cmu_arctic,bdl,English,M,train,ai-training/datasets/cmu-arctic/raw/cmu_us_bdl_arctic/wav/arctic_b0258.wav,You fired me out of your house in short,0,native_reference,native_reference,arctic_b0258
cmu_arctic,bdl,English,M,train,ai-training/datasets/cmu-arctic/raw/cmu_us_bdl_arctic/wav/arctic_b0259.wav,Her mouth opened but instead of speaking she drew a long sigh,0,native_reference,native_reference,arctic_b0259
cmu_arctic,bdl,English,M,train,ai-training/datasets/cmu-arctic/raw/cmu_us_bdl_arctic/wav/arctic_b0260.wav,It's worth eight dollars,0,native_reference,native_reference,arctic_b0260
cmu_arctic,bdl,English,M,train,ai-training/datasets/cmu-arctic/raw/cmu_us_bdl_arctic/wav/arctic_b0261.wav,And he did hurt my arm,0,native_reference,native_reference,arctic_b0261
cmu_arctic,bdl,English,M,train,ai-training/datasets/cmu-arctic/raw/cmu_us_bdl_arctic/wav/arctic_b0262.wav,Saxon's onto her job,0,native_reference,native_reference,arctic_b0262
cmu_arctic,bdl,English,M,train,ai-training/datasets/cmu-arctic/raw/cmu_us_bdl_arctic/wav/arctic_b0263.wav,Only once did I confide the strangeness of it all to another,0,native_reference,native_reference,arctic_b0263
cmu_arctic,bdl,English,M,train,ai-training/datasets/cmu-arctic/raw/cmu_us_bdl_arctic/wav/arctic_b0264.wav,But this time it was Saxon who rebelled,0,native_reference,native_reference,arctic_b0264
cmu_arctic,bdl,English,M,train,ai-training/datasets/cmu-arctic/raw/cmu_us_bdl_arctic/wav/arctic_b0265.wav,I was not to cry out in the face of fear,0,native_reference,native_reference,arctic_b0265
cmu_arctic,bdl,English,M,train,ai-training/datasets/cmu-arctic/raw/cmu_us_bdl_arctic/wav/arctic_b0266.wav,And now put yourself in my place for a moment,0,native_reference,native_reference,arctic_b0266
cmu_arctic,bdl,English,M,train,ai-training/datasets/cmu-arctic/raw/cmu_us_bdl_arctic/wav/arctic_b0267.wav,The boy threw back his head with pride,0,native_reference,native_reference,arctic_b0267
cmu_arctic,bdl,English,M,train,ai-training/datasets/cmu-arctic/raw/cmu_us_bdl_arctic/wav/arctic_b0268.wav,Saxon nodded and the boy frowned,0,native_reference,native_reference,arctic_b0268
cmu_arctic,bdl,English,M,train,ai-training/datasets/cmu-arctic/raw/cmu_us_bdl_arctic/wav/arctic_b0269.wav,Why not like any railroad station or ferry depot,0,native_reference,native_reference,arctic_b0269
cmu_arctic,bdl,English,M,train,ai-training/datasets/cmu-arctic/raw/cmu_us_bdl_arctic/wav/arctic_b0270.wav,We could throw stones with our feet,0,native_reference,native_reference,arctic_b0270
cmu_arctic,bdl,English,M,train,ai-training/datasets/cmu-arctic/raw/cmu_us_bdl_arctic/wav/arctic_b0271.wav,It was put together in a casual helter-skelter sort of way,0,native_reference,native_reference,arctic_b0271
cmu_arctic,bdl,English,M,train,ai-training/datasets/cmu-arctic/raw/cmu_us_bdl_arctic/wav/arctic_b0272.wav,These were merely stout sticks an inch or so in diameter,0,native_reference,native_reference,arctic_b0272
cmu_arctic,bdl,English,M,train,ai-training/datasets/cmu-arctic/raw/cmu_us_bdl_arctic/wav/arctic_b0273.wav,Then it was that a strange thing happened,0,native_reference,native_reference,arctic_b0273
cmu_arctic,bdl,English,M,train,ai-training/datasets/cmu-arctic/raw/cmu_us_bdl_arctic/wav/arctic_b0274.wav,From the source of light a harsh voice said,0,native_reference,native_reference,arctic_b0274
cmu_arctic,bdl,English,M,train,ai-training/datasets/cmu-arctic/raw/cmu_us_bdl_arctic/wav/arctic_b0275.wav,But I did not enjoy it long,0,native_reference,native_reference,arctic_b0275
cmu_arctic,bdl,English,M,train,ai-training/datasets/cmu-arctic/raw/cmu_us_bdl_arctic/wav/arctic_b0276.wav,We were now good friends,0,native_reference,native_reference,arctic_b0276
cmu_arctic,bdl,English,M,train,ai-training/datasets/cmu-arctic/raw/cmu_us_bdl_arctic/wav/arctic_b0277.wav,Two of the Folk were already up,0,native_reference,native_reference,arctic_b0277
cmu_arctic,bdl,English,M,train,ai-training/datasets/cmu-arctic/raw/cmu_us_bdl_arctic/wav/arctic_b0278.wav,Now animals do not like mockery,0,native_reference,native_reference,arctic_b0278
cmu_arctic,bdl,English,M,train,ai-training/datasets/cmu-arctic/raw/cmu_us_bdl_arctic/wav/arctic_b0279.wav,He gave one last snarl and slid from view among the trees,0,native_reference,native_reference,arctic_b0279
cmu_arctic,bdl,English,M,train,ai-training/datasets/cmu-arctic/raw/cmu_us_bdl_arctic/wav/arctic_b0280.wav,Again the girls applauded and Mrs Hall cried,0,native_reference,native_reference,arctic_b0280
cmu_arctic,bdl,English,M,train,ai-training/datasets/cmu-arctic/raw/cmu_us_bdl_arctic/wav/arctic_b0281.wav,Just the same I'd sooner be myself than have book indigestion,0,native_reference,native_reference,arctic_b0281
cmu_arctic,bdl,English,M,train,ai-training/datasets/cmu-arctic/raw/cmu_us_bdl_arctic/wav/arctic_b0282.wav,Some of the smaller veins had doubtless been ruptured,0,native_reference,native_reference,arctic_b0282
cmu_arctic,bdl,English,M,train,ai-training/datasets/cmu-arctic/raw/cmu_us_bdl_arctic/wav/arctic_b0283.wav,But we were without this momentum,0,native_reference,native_reference,arctic_b0283
cmu_arctic,bdl,English,M,train,ai-training/datasets/cmu-arctic/raw/cmu_us_bdl_arctic/wav/arctic_b0284.wav,There was one difficulty however,0,native_reference,native_reference,arctic_b0284
cmu_arctic,bdl,English,M,train,ai-training/datasets/cmu-arctic/raw/cmu_us_bdl_arctic/wav/arctic_b0285.wav,The hyena proceeded to dine,0,native_reference,native_reference,arctic_b0285
cmu_arctic,bdl,English,M,train,ai-training/datasets/cmu-arctic/raw/cmu_us_bdl_arctic/wav/arctic_b0286.wav,The time was considered auspicious,0,native_reference,native_reference,arctic_b0286
cmu_arctic,bdl,English,M,train,ai-training/datasets/cmu-arctic/raw/cmu_us_bdl_arctic/wav/arctic_b0287.wav,Or have they already devised one,0,native_reference,native_reference,arctic_b0287
cmu_arctic,bdl,English,M,train,ai-training/datasets/cmu-arctic/raw/cmu_us_bdl_arctic/wav/arctic_b0288.wav,We would not spend another such night,0,native_reference,native_reference,arctic_b0288
cmu_arctic,bdl,English,M,train,ai-training/datasets/cmu-arctic/raw/cmu_us_bdl_arctic/wav/arctic_b0289.wav,At first his progress was slow and erratic,0,native_reference,native_reference,arctic_b0289
cmu_arctic,bdl,English,M,train,ai-training/datasets/cmu-arctic/raw/cmu_us_bdl_arctic/wav/arctic_b0290.wav,He placed his paw on one and its movements were accelerated,0,native_reference,native_reference,arctic_b0290
cmu_arctic,bdl,English,M,train,ai-training/datasets/cmu-arctic/raw/cmu_us_bdl_arctic/wav/arctic_b0291.wav,The awe of man rushed over him again,0,native_reference,native_reference,arctic_b0291
cmu_arctic,bdl,English,M,train,ai-training/datasets/cmu-arctic/raw/cmu_us_bdl_arctic/wav/arctic_b0292.wav,The Fire-Men wore animal skins around their waists and across their shoulders,0,native_reference,native_reference,arctic_b0292
cmu_arctic,bdl,English,M,train,ai-training/datasets/cmu-arctic/raw/cmu_us_bdl_arctic/wav/arctic_b0293.wav,Between him and all domestic animals there must be no hostilities,0,native_reference,native_reference,arctic_b0293
cmu_arctic,bdl,English,M,train,ai-training/datasets/cmu-arctic/raw/cmu_us_bdl_arctic/wav/arctic_b0294.wav,For a much longer time Lop-Ear and I remained and watched,0,native_reference,native_reference,arctic_b0294
cmu_arctic,bdl,English,M,train,ai-training/datasets/cmu-arctic/raw/cmu_us_bdl_arctic/wav/arctic_b0295.wav,All right Sir replied Jock with great regret,0,native_reference,native_reference,arctic_b0295
cmu_arctic,bdl,English,M,train,ai-training/datasets/cmu-arctic/raw/cmu_us_bdl_arctic/wav/arctic_b0296.wav,At times I wondered where Sir Archibald got his style,0,native_reference,native_reference,arctic_b0296
cmu_arctic,bdl,English,M,train,ai-training/datasets/cmu-arctic/raw/cmu_us_bdl_arctic/wav/arctic_b0297.wav,Why should a fellow throw up the sponge after the first round,0,native_reference,native_reference,arctic_b0297
cmu_arctic,bdl,English,M,train,ai-training/datasets/cmu-arctic/raw/cmu_us_bdl_arctic/wav/arctic_b0298.wav,His hand shot out and clutched Crooked-Leg by the neck,0,native_reference,native_reference,arctic_b0298
cmu_arctic,bdl,English,M,train,ai-training/datasets/cmu-arctic/raw/cmu_us_bdl_arctic/wav/arctic_b0299.wav,Miss Brodie's smile was slightly sarcastic,0,native_reference,native_reference,arctic_b0299
cmu_arctic,bdl,English,M,train,ai-training/datasets/cmu-arctic/raw/cmu_us_bdl_arctic/wav/arctic_b0300.wav,Does the old boy often go off at half-cock that way,0,native_reference,native_reference,arctic_b0300
cmu_arctic,bdl,English,M,train,ai-training/datasets/cmu-arctic/raw/cmu_us_bdl_arctic/wav/arctic_b0301.wav,A flying arrow passed between us,0,native_reference,native_reference,arctic_b0301
cmu_arctic,bdl,English,M,train,ai-training/datasets/cmu-arctic/raw/cmu_us_bdl_arctic/wav/arctic_b0302.wav,I pulled suddenly with all my might,0,native_reference,native_reference,arctic_b0302
cmu_arctic,bdl,English,M,train,ai-training/datasets/cmu-arctic/raw/cmu_us_bdl_arctic/wav/arctic_b0303.wav,Here we allow our solicitors to look after our legal work,0,native_reference,native_reference,arctic_b0303
cmu_arctic,bdl,English,M,train,ai-training/datasets/cmu-arctic/raw/cmu_us_bdl_arctic/wav/arctic_b0304.wav,His previous wives had never lived long enough to bear him children,0,native_reference,native_reference,arctic_b0304
cmu_arctic,bdl,English,M,train,ai-training/datasets/cmu-arctic/raw/cmu_us_bdl_arctic/wav/arctic_b0305.wav,It was our river emerging like ourselves from the great swamp,0,native_reference,native_reference,arctic_b0305
cmu_arctic,bdl,English,M,train,ai-training/datasets/cmu-arctic/raw/cmu_us_bdl_arctic/wav/arctic_b0306.wav,Cameron looked at his hands with their long sinewy fingers,0,native_reference,native_reference,arctic_b0306
cmu_arctic,bdl,English,M,train,ai-training/datasets/cmu-arctic/raw/cmu_us_bdl_arctic/wav/arctic_b0307.wav,We got few vegetables and fruits and became fish eaters,0,native_reference,native_reference,arctic_b0307
cmu_arctic,bdl,English,M,train,ai-training/datasets/cmu-arctic/raw/cmu_us_bdl_arctic/wav/arctic_b0308.wav,We never made another migration,0,native_reference,native_reference,arctic_b0308
cmu_arctic,bdl,English,M,train,ai-training/datasets/cmu-arctic/raw/cmu_us_bdl_arctic/wav/arctic_b0309.wav,Nor was Elam Harnish an exception,0,native_reference,native_reference,arctic_b0309
cmu_arctic,bdl,English,M,train,ai-training/datasets/cmu-arctic/raw/cmu_us_bdl_arctic/wav/arctic_b0310.wav,A little treatment massage with some help from the doctor,0,native_reference,native_reference,arctic_b0310
cmu_arctic,bdl,English,M,train,ai-training/datasets/cmu-arctic/raw/cmu_us_bdl_arctic/wav/arctic_b0311.wav,The 29th very foggy,0,native_reference,native_reference,arctic_b0311
cmu_arctic,bdl,English,M,train,ai-training/datasets/cmu-arctic/raw/cmu_us_bdl_arctic/wav/arctic_b0312.wav,Dig in you're sure good was Daylight's answer,0,native_reference,native_reference,arctic_b0312
cmu_arctic,bdl,English,M,train,ai-training/datasets/cmu-arctic/raw/cmu_us_bdl_arctic/wav/arctic_b0313.wav,The apron string loomed near and he shied like an unbroken colt,0,native_reference,native_reference,arctic_b0313
cmu_arctic,bdl,English,M,val,ai-training/datasets/cmu-arctic/raw/cmu_us_bdl_arctic/wav/arctic_b0314.wav,He had been born with this endowment,0,native_reference,native_reference,arctic_b0314
cmu_arctic,bdl,English,M,val,ai-training/datasets/cmu-arctic/raw/cmu_us_bdl_arctic/wav/arctic_b0315.wav,And this was their sole conversation throughout the meal,0,native_reference,native_reference,arctic_b0315
cmu_arctic,bdl,English,M,val,ai-training/datasets/cmu-arctic/raw/cmu_us_bdl_arctic/wav/arctic_b0316.wav,Though the aurora still flamed another day had begun,0,native_reference,native_reference,arctic_b0316
cmu_arctic,bdl,English,M,val,ai-training/datasets/cmu-arctic/raw/cmu_us_bdl_arctic/wav/arctic_b0317.wav,He did not believe in the burning of daylight for such a luxury,0,native_reference,native_reference,arctic_b0317
cmu_arctic,bdl,English,M,val,ai-training/datasets/cmu-arctic/raw/cmu_us_bdl_arctic/wav/arctic_b0318.wav,Again he had done the big thing,0,native_reference,native_reference,arctic_b0318
cmu_arctic,bdl,English,M,val,ai-training/datasets/cmu-arctic/raw/cmu_us_bdl_arctic/wav/arctic_b0319.wav,Daylight was tired profoundly tired,0,native_reference,native_reference,arctic_b0319
cmu_arctic,bdl,English,M,val,ai-training/datasets/cmu-arctic/raw/cmu_us_bdl_arctic/wav/arctic_b0320.wav,The regret in his voice was provocative of a second burst of laughter,0,native_reference,native_reference,arctic_b0320
cmu_arctic,bdl,English,M,val,ai-training/datasets/cmu-arctic/raw/cmu_us_bdl_arctic/wav/arctic_b0321.wav,Instead he arrived on the night of the second day,0,native_reference,native_reference,arctic_b0321
cmu_arctic,bdl,English,M,val,ai-training/datasets/cmu-arctic/raw/cmu_us_bdl_arctic/wav/arctic_b0322.wav,Their supply of grub was gone,0,native_reference,native_reference,arctic_b0322
cmu_arctic,bdl,English,M,val,ai-training/datasets/cmu-arctic/raw/cmu_us_bdl_arctic/wav/arctic_b0323.wav,Crickets began to chirp and more geese and ducks flew overhead,0,native_reference,native_reference,arctic_b0323
cmu_arctic,bdl,English,M,val,ai-training/datasets/cmu-arctic/raw/cmu_us_bdl_arctic/wav/arctic_b0324.wav,Not till the twentieth of May did the river break,0,native_reference,native_reference,arctic_b0324
cmu_arctic,bdl,English,M,val,ai-training/datasets/cmu-arctic/raw/cmu_us_bdl_arctic/wav/arctic_b0325.wav,It was a gigantic inadequacy,0,native_reference,native_reference,arctic_b0325
cmu_arctic,bdl,English,M,val,ai-training/datasets/cmu-arctic/raw/cmu_us_bdl_arctic/wav/arctic_b0326.wav,Our Mr Howison will call upon you at your hotel,0,native_reference,native_reference,arctic_b0326
cmu_arctic,bdl,English,M,val,ai-training/datasets/cmu-arctic/raw/cmu_us_bdl_arctic/wav/arctic_b0327.wav,He had been so easy,0,native_reference,native_reference,arctic_b0327
cmu_arctic,bdl,English,M,val,ai-training/datasets/cmu-arctic/raw/cmu_us_bdl_arctic/wav/arctic_b0328.wav,Change chairs Daylight commanded,0,native_reference,native_reference,arctic_b0328
cmu_arctic,bdl,English,M,val,ai-training/datasets/cmu-arctic/raw/cmu_us_bdl_arctic/wav/arctic_b0329.wav,I'd sooner have my chips back,0,native_reference,native_reference,arctic_b0329
cmu_arctic,bdl,English,M,val,ai-training/datasets/cmu-arctic/raw/cmu_us_bdl_arctic/wav/arctic_b0330.wav,They only had a little thirty thousand dollar fire,0,native_reference,native_reference,arctic_b0330
cmu_arctic,bdl,English,M,val,ai-training/datasets/cmu-arctic/raw/cmu_us_bdl_arctic/wav/arctic_b0331.wav,His partners had starved and died on the Stewart,0,native_reference,native_reference,arctic_b0331
cmu_arctic,bdl,English,M,val,ai-training/datasets/cmu-arctic/raw/cmu_us_bdl_arctic/wav/arctic_b0332.wav,As to how she dressed he had no ideas at all,0,native_reference,native_reference,arctic_b0332
cmu_arctic,bdl,English,M,val,ai-training/datasets/cmu-arctic/raw/cmu_us_bdl_arctic/wav/arctic_b0333.wav,It does was her audacious answer,0,native_reference,native_reference,arctic_b0333
cmu_arctic,bdl,English,M,val,ai-training/datasets/cmu-arctic/raw/cmu_us_bdl_arctic/wav/arctic_b0334.wav,Oh it's just a novel a love story,0,native_reference,native_reference,arctic_b0334
cmu_arctic,bdl,English,M,val,ai-training/datasets/cmu-arctic/raw/cmu_us_bdl_arctic/wav/arctic_b0335.wav,Whoever lived on the ranch did that,0,native_reference,native_reference,arctic_b0335
cmu_arctic,bdl,English,M,val,ai-training/datasets/cmu-arctic/raw/cmu_us_bdl_arctic/wav/arctic_b0336.wav,How old are you mother,0,native_reference,native_reference,arctic_b0336
cmu_arctic,bdl,English,M,val,ai-training/datasets/cmu-arctic/raw/cmu_us_bdl_arctic/wav/arctic_b0337.wav,Here he got a fresh thrill,0,native_reference,native_reference,arctic_b0337
cmu_arctic,bdl,English,M,val,ai-training/datasets/cmu-arctic/raw/cmu_us_bdl_arctic/wav/arctic_b0338.wav,It was unobtrusive yet it was there,0,native_reference,native_reference,arctic_b0338
cmu_arctic,bdl,English,M,val,ai-training/datasets/cmu-arctic/raw/cmu_us_bdl_arctic/wav/arctic_b0339.wav,Well I'll be plumb gosh darned,0,native_reference,native_reference,arctic_b0339
cmu_arctic,bdl,English,M,val,ai-training/datasets/cmu-arctic/raw/cmu_us_bdl_arctic/wav/arctic_b0340.wav,These quick little joys of hers were sources of joy to him,0,native_reference,native_reference,arctic_b0340
cmu_arctic,bdl,English,M,val,ai-training/datasets/cmu-arctic/raw/cmu_us_bdl_arctic/wav/arctic_b0341.wav,I play that choice wide open to win,0,native_reference,native_reference,arctic_b0341
cmu_arctic,bdl,English,M,val,ai-training/datasets/cmu-arctic/raw/cmu_us_bdl_arctic/wav/arctic_b0342.wav,Each improvement makes the value of everything else pump up,0,native_reference,native_reference,arctic_b0342
cmu_arctic,bdl,English,M,val,ai-training/datasets/cmu-arctic/raw/cmu_us_bdl_arctic/wav/arctic_b0343.wav,But how are you going to do it,0,native_reference,native_reference,arctic_b0343
cmu_arctic,bdl,English,M,val,ai-training/datasets/cmu-arctic/raw/cmu_us_bdl_arctic/wav/arctic_b0344.wav,Lots of men take women buggy riding,0,native_reference,native_reference,arctic_b0344
cmu_arctic,bdl,English,M,val,ai-training/datasets/cmu-arctic/raw/cmu_us_bdl_arctic/wav/arctic_b0345.wav,Daylight made no answer and the door closed behind him,0,native_reference,native_reference,arctic_b0345
cmu_arctic,bdl,English,M,val,ai-training/datasets/cmu-arctic/raw/cmu_us_bdl_arctic/wav/arctic_b0346.wav,There's not an iota of truth in it,0,native_reference,native_reference,arctic_b0346
cmu_arctic,bdl,English,M,val,ai-training/datasets/cmu-arctic/raw/cmu_us_bdl_arctic/wav/arctic_b0347.wav,But ever his gaze returned to that Crouched Venus on the piano,0,native_reference,native_reference,arctic_b0347
cmu_arctic,bdl,English,M,val,ai-training/datasets/cmu-arctic/raw/cmu_us_bdl_arctic/wav/arctic_b0348.wav,Would you be satisfied with that one hundredth part of me,0,native_reference,native_reference,arctic_b0348
cmu_arctic,bdl,English,M,val,ai-training/datasets/cmu-arctic/raw/cmu_us_bdl_arctic/wav/arctic_b0349.wav,In such a tumbling of values was no time to sell,0,native_reference,native_reference,arctic_b0349
cmu_arctic,bdl,English,M,val,ai-training/datasets/cmu-arctic/raw/cmu_us_bdl_arctic/wav/arctic_b0350.wav,Stand off butcher and baker and all the rest,0,native_reference,native_reference,arctic_b0350
cmu_arctic,bdl,English,M,val,ai-training/datasets/cmu-arctic/raw/cmu_us_bdl_arctic/wav/arctic_b0351.wav,Matthewson who's this bookkeeper Rogers,0,native_reference,native_reference,arctic_b0351
cmu_arctic,bdl,English,M,val,ai-training/datasets/cmu-arctic/raw/cmu_us_bdl_arctic/wav/arctic_b0352.wav,Now just what do you want to know,0,native_reference,native_reference,arctic_b0352
cmu_arctic,bdl,English,M,val,ai-training/datasets/cmu-arctic/raw/cmu_us_bdl_arctic/wav/arctic_b0353.wav,I want to know how all this is possible,0,native_reference,native_reference,arctic_b0353
cmu_arctic,bdl,English,M,val,ai-training/datasets/cmu-arctic/raw/cmu_us_bdl_arctic/wav/arctic_b0354.wav,It's that much junk,0,native_reference,native_reference,arctic_b0354
cmu_arctic,bdl,English,M,val,ai-training/datasets/cmu-arctic/raw/cmu_us_bdl_arctic/wav/arctic_b0355.wav,There was proper division of labor in the work they individually performed,0,native_reference,native_reference,arctic_b0355
cmu_arctic,bdl,English,M,val,ai-training/datasets/cmu-arctic/raw/cmu_us_bdl_arctic/wav/arctic_b0356.wav,He loved to play Chinese lottery,0,native_reference,native_reference,arctic_b0356
cmu_arctic,bdl,English,M,val,ai-training/datasets/cmu-arctic/raw/cmu_us_bdl_arctic/wav/arctic_b0357.wav,The Law of Club and Fang,0,native_reference,native_reference,arctic_b0357
cmu_arctic,bdl,English,M,val,ai-training/datasets/cmu-arctic/raw/cmu_us_bdl_arctic/wav/arctic_b0358.wav,The temperature dropped to fifty below zero and remained there the whole trip,0,native_reference,native_reference,arctic_b0358
cmu_arctic,bdl,English,M,val,ai-training/datasets/cmu-arctic/raw/cmu_us_bdl_arctic/wav/arctic_b0359.wav,And as never before he was ready to obey,0,native_reference,native_reference,arctic_b0359
cmu_arctic,bdl,English,M,val,ai-training/datasets/cmu-arctic/raw/cmu_us_bdl_arctic/wav/arctic_b0360.wav,This state of mind comes of an undue prominence of the ego,0,native_reference,native_reference,arctic_b0360
cmu_arctic,bdl,English,M,val,ai-training/datasets/cmu-arctic/raw/cmu_us_bdl_arctic/wav/arctic_b0361.wav,There are the canals of China and the Yang-tse River,0,native_reference,native_reference,arctic_b0361
cmu_arctic,bdl,English,M,val,ai-training/datasets/cmu-arctic/raw/cmu_us_bdl_arctic/wav/arctic_b0362.wav,We threaten to be of the one mind before the voyage is completed,0,native_reference,native_reference,arctic_b0362
cmu_arctic,bdl,English,M,val,ai-training/datasets/cmu-arctic/raw/cmu_us_bdl_arctic/wav/arctic_b0363.wav,She was built primarily to sail,0,native_reference,native_reference,arctic_b0363
cmu_arctic,bdl,English,M,val,ai-training/datasets/cmu-arctic/raw/cmu_us_bdl_arctic/wav/arctic_b0364.wav,In the Bohemian Club of San Francisco there are some crack sailors,0,native_reference,native_reference,arctic_b0364
cmu_arctic,bdl,English,M,val,ai-training/datasets/cmu-arctic/raw/cmu_us_bdl_arctic/wav/arctic_b0365.wav,My age in years is twenty two,0,native_reference,native_reference,arctic_b0365
cmu_arctic,bdl,English,M,val,ai-training/datasets/cmu-arctic/raw/cmu_us_bdl_arctic/wav/arctic_b0366.wav,I forgot how easily I had taught myself from the printed page,0,native_reference,native_reference,arctic_b0366
cmu_arctic,bdl,English,M,val,ai-training/datasets/cmu-arctic/raw/cmu_us_bdl_arctic/wav/arctic_b0367.wav,Any average young fellow can teach himself in a week,0,native_reference,native_reference,arctic_b0367
cmu_arctic,bdl,English,M,val,ai-training/datasets/cmu-arctic/raw/cmu_us_bdl_arctic/wav/arctic_b0368.wav,Please do not think that I already know it all,0,native_reference,native_reference,arctic_b0368
cmu_arctic,bdl,English,M,val,ai-training/datasets/cmu-arctic/raw/cmu_us_bdl_arctic/wav/arctic_b0369.wav,You see we were teaching ourselves,0,native_reference,native_reference,arctic_b0369
cmu_arctic,bdl,English,M,val,ai-training/datasets/cmu-arctic/raw/cmu_us_bdl_arctic/wav/arctic_b0370.wav,And now behold the perversity of things,0,native_reference,native_reference,arctic_b0370
cmu_arctic,bdl,English,M,val,ai-training/datasets/cmu-arctic/raw/cmu_us_bdl_arctic/wav/arctic_b0371.wav,Yield yourself to the waters that are ripping and tearing at you,0,native_reference,native_reference,arctic_b0371
cmu_arctic,bdl,English,M,val,ai-training/datasets/cmu-arctic/raw/cmu_us_bdl_arctic/wav/arctic_b0372.wav,Mr McVeigh told me about him,0,native_reference,native_reference,arctic_b0372
cmu_arctic,bdl,English,M,val,ai-training/datasets/cmu-arctic/raw/cmu_us_bdl_arctic/wav/arctic_b0373.wav,Unlike Joshua he stood in no need of divine assistance,0,native_reference,native_reference,arctic_b0373
cmu_arctic,bdl,English,M,val,ai-training/datasets/cmu-arctic/raw/cmu_us_bdl_arctic/wav/arctic_b0374.wav,To say the least Captain Cook was a rather thorough going empiricist,0,native_reference,native_reference,arctic_b0374
cmu_arctic,bdl,English,M,val,ai-training/datasets/cmu-arctic/raw/cmu_us_bdl_arctic/wav/arctic_b0375.wav,Man could not conquer them,0,native_reference,native_reference,arctic_b0375
cmu_arctic,bdl,English,M,val,ai-training/datasets/cmu-arctic/raw/cmu_us_bdl_arctic/wav/arctic_b0376.wav,Thought I and a worthy fool he proved,0,native_reference,native_reference,arctic_b0376
cmu_arctic,bdl,English,M,val,ai-training/datasets/cmu-arctic/raw/cmu_us_bdl_arctic/wav/arctic_b0377.wav,A scarlet loincloth completed his costume,0,native_reference,native_reference,arctic_b0377
cmu_arctic,bdl,English,M,val,ai-training/datasets/cmu-arctic/raw/cmu_us_bdl_arctic/wav/arctic_b0378.wav,I like to speculate upon the glorious future of man,0,native_reference,native_reference,arctic_b0378
cmu_arctic,bdl,English,M,val,ai-training/datasets/cmu-arctic/raw/cmu_us_bdl_arctic/wav/arctic_b0379.wav,Christmas is an easy problem compared with a Polynesian giving-feast,0,native_reference,native_reference,arctic_b0379
cmu_arctic,bdl,English,M,val,ai-training/datasets/cmu-arctic/raw/cmu_us_bdl_arctic/wav/arctic_b0380.wav,He had peeled off his shirt and was wildly waving it,0,native_reference,native_reference,arctic_b0380
cmu_arctic,bdl,English,M,val,ai-training/datasets/cmu-arctic/raw/cmu_us_bdl_arctic/wav/arctic_b0381.wav,And how would we ever find ourselves,0,native_reference,native_reference,arctic_b0381
cmu_arctic,bdl,English,M,val,ai-training/datasets/cmu-arctic/raw/cmu_us_bdl_arctic/wav/arctic_b0382.wav,I defy any man to get a Solomon Island sore in California,0,native_reference,native_reference,arctic_b0382
cmu_arctic,bdl,English,M,val,ai-training/datasets/cmu-arctic/raw/cmu_us_bdl_arctic/wav/arctic_b0383.wav,A bush chief had died a natural death,0,native_reference,native_reference,arctic_b0383
cmu_arctic,bdl,English,M,val,ai-training/datasets/cmu-arctic/raw/cmu_us_bdl_arctic/wav/arctic_b0384.wav,The skipper's and Nakata's gymnastics served as a translation without words,0,native_reference,native_reference,arctic_b0384
cmu_arctic,bdl,English,M,val,ai-training/datasets/cmu-arctic/raw/cmu_us_bdl_arctic/wav/arctic_b0385.wav,Last night he showed all the symptoms of coming down with pneumonia,0,native_reference,native_reference,arctic_b0385
cmu_arctic,bdl,English,M,val,ai-training/datasets/cmu-arctic/raw/cmu_us_bdl_arctic/wav/arctic_b0386.wav,My idea was that he would have more influence over the natives,0,native_reference,native_reference,arctic_b0386
cmu_arctic,bdl,English,M,val,ai-training/datasets/cmu-arctic/raw/cmu_us_bdl_arctic/wav/arctic_b0387.wav,It is merely the simple superlative,0,native_reference,native_reference,arctic_b0387
cmu_arctic,bdl,English,M,val,ai-training/datasets/cmu-arctic/raw/cmu_us_bdl_arctic/wav/arctic_b0388.wav,I made no more overtures,0,native_reference,native_reference,arctic_b0388
cmu_arctic,bdl,English,M,val,ai-training/datasets/cmu-arctic/raw/cmu_us_bdl_arctic/wav/arctic_b0389.wav,Among my minor afflictions I may mention a new and mysterious one,0,native_reference,native_reference,arctic_b0389
cmu_arctic,bdl,English,M,val,ai-training/datasets/cmu-arctic/raw/cmu_us_bdl_arctic/wav/arctic_b0390.wav,The voyage was our idea of a good time,0,native_reference,native_reference,arctic_b0390
cmu_arctic,bdl,English,M,val,ai-training/datasets/cmu-arctic/raw/cmu_us_bdl_arctic/wav/arctic_b0391.wav,At sea Tuesday March 17 1908,0,native_reference,native_reference,arctic_b0391
cmu_arctic,bdl,English,M,val,ai-training/datasets/cmu-arctic/raw/cmu_us_bdl_arctic/wav/arctic_b0392.wav,Yes sir he answered with cheerful alacrity,0,native_reference,native_reference,arctic_b0392
cmu_arctic,bdl,English,M,val,ai-training/datasets/cmu-arctic/raw/cmu_us_bdl_arctic/wav/arctic_b0393.wav,I was still weak from my prolonged immersion,0,native_reference,native_reference,arctic_b0393
cmu_arctic,bdl,English,M,val,ai-training/datasets/cmu-arctic/raw/cmu_us_bdl_arctic/wav/arctic_b0394.wav,The boy hesitated then mastered his temper,0,native_reference,native_reference,arctic_b0394
cmu_arctic,bdl,English,M,val,ai-training/datasets/cmu-arctic/raw/cmu_us_bdl_arctic/wav/arctic_b0395.wav,I was beneath the water suffocating and drowning,0,native_reference,native_reference,arctic_b0395
cmu_arctic,bdl,English,M,val,ai-training/datasets/cmu-arctic/raw/cmu_us_bdl_arctic/wav/arctic_b0396.wav,The pain from my hurt knee was agonizing,0,native_reference,native_reference,arctic_b0396
cmu_arctic,bdl,English,M,val,ai-training/datasets/cmu-arctic/raw/cmu_us_bdl_arctic/wav/arctic_b0397.wav,The hunters were still arguing and roaring like some semi-human amphibious breed,0,native_reference,native_reference,arctic_b0397
cmu_arctic,bdl,English,M,val,ai-training/datasets/cmu-arctic/raw/cmu_us_bdl_arctic/wav/arctic_b0398.wav,I have been robbed sir I amended,0,native_reference,native_reference,arctic_b0398
cmu_arctic,bdl,English,M,val,ai-training/datasets/cmu-arctic/raw/cmu_us_bdl_arctic/wav/arctic_b0399.wav,You were looking squeamish this afternoon he began,0,native_reference,native_reference,arctic_b0399
cmu_arctic,bdl,English,M,val,ai-training/datasets/cmu-arctic/raw/cmu_us_bdl_arctic/wav/arctic_b0400.wav,How could I answer the question on the spur of the moment,0,native_reference,native_reference,arctic_b0400
cmu_arctic,bdl,English,M,val,ai-training/datasets/cmu-arctic/raw/cmu_us_bdl_arctic/wav/arctic_b0401.wav,I learned it myself in English ships,0,native_reference,native_reference,arctic_b0401
cmu_arctic,bdl,English,M,val,ai-training/datasets/cmu-arctic/raw/cmu_us_bdl_arctic/wav/arctic_b0402.wav,An altruistic act is an act performed for the welfare of others,0,native_reference,native_reference,arctic_b0402
cmu_arctic,bdl,English,M,val,ai-training/datasets/cmu-arctic/raw/cmu_us_bdl_arctic/wav/arctic_b0403.wav,Knowing him I review the old Scandinavian myths with clearer understanding,0,native_reference,native_reference,arctic_b0403
cmu_arctic,bdl,English,M,val,ai-training/datasets/cmu-arctic/raw/cmu_us_bdl_arctic/wav/arctic_b0404.wav,Yes and no sir was the slow reply,0,native_reference,native_reference,arctic_b0404
cmu_arctic,bdl,English,M,val,ai-training/datasets/cmu-arctic/raw/cmu_us_bdl_arctic/wav/arctic_b0405.wav,And each year something happened and I did not go,0,native_reference,native_reference,arctic_b0405
cmu_arctic,bdl,English,M,val,ai-training/datasets/cmu-arctic/raw/cmu_us_bdl_arctic/wav/arctic_b0406.wav,How in hell did he know it was you in the dark,0,native_reference,native_reference,arctic_b0406
cmu_arctic,bdl,English,M,val,ai-training/datasets/cmu-arctic/raw/cmu_us_bdl_arctic/wav/arctic_b0407.wav,Of course much grumbling went on and little outbursts were continually occurring,0,native_reference,native_reference,arctic_b0407
cmu_arctic,bdl,English,M,val,ai-training/datasets/cmu-arctic/raw/cmu_us_bdl_arctic/wav/arctic_b0408.wav,You have all the advantage,0,native_reference,native_reference,arctic_b0408
cmu_arctic,bdl,English,M,val,ai-training/datasets/cmu-arctic/raw/cmu_us_bdl_arctic/wav/arctic_b0409.wav,The dirk mentioned by Wolf Larsen rested in its sheath on my hip,0,native_reference,native_reference,arctic_b0409
cmu_arctic,bdl,English,M,val,ai-training/datasets/cmu-arctic/raw/cmu_us_bdl_arctic/wav/arctic_b0410.wav,Have you ever earned a dollar by your own labour,0,native_reference,native_reference,arctic_b0410
cmu_arctic,bdl,English,M,val,ai-training/datasets/cmu-arctic/raw/cmu_us_bdl_arctic/wav/arctic_b0411.wav,He gave no reason but his motive was obvious enough,0,native_reference,native_reference,arctic_b0411
cmu_arctic,bdl,English,M,val,ai-training/datasets/cmu-arctic/raw/cmu_us_bdl_arctic/wav/arctic_b0412.wav,Ah it was sweet in my ears,0,native_reference,native_reference,arctic_b0412
cmu_arctic,bdl,English,M,val,ai-training/datasets/cmu-arctic/raw/cmu_us_bdl_arctic/wav/arctic_b0413.wav,He may desire to escape pain or to enjoy pleasure,0,native_reference,native_reference,arctic_b0413
cmu_arctic,bdl,English,M,val,ai-training/datasets/cmu-arctic/raw/cmu_us_bdl_arctic/wav/arctic_b0414.wav,It was impossible to hoist sail and claw off that shore,0,native_reference,native_reference,arctic_b0414
cmu_arctic,bdl,English,M,val,ai-training/datasets/cmu-arctic/raw/cmu_us_bdl_arctic/wav/arctic_b0415.wav,There was nothing for us but the wide raw ocean,0,native_reference,native_reference,arctic_b0415
cmu_arctic,bdl,English,M,val,ai-training/datasets/cmu-arctic/raw/cmu_us_bdl_arctic/wav/arctic_b0416.wav,I arose obediently and went down the beach,0,native_reference,native_reference,arctic_b0416
cmu_arctic,bdl,English,M,val,ai-training/datasets/cmu-arctic/raw/cmu_us_bdl_arctic/wav/arctic_b0417.wav,The next thing to watch out for is bed sores,0,native_reference,native_reference,arctic_b0417
cmu_arctic,bdl,English,M,val,ai-training/datasets/cmu-arctic/raw/cmu_us_bdl_arctic/wav/arctic_b0418.wav,At that moment I got the impression that she was willowy,0,native_reference,native_reference,arctic_b0418
cmu_arctic,bdl,English,M,val,ai-training/datasets/cmu-arctic/raw/cmu_us_bdl_arctic/wav/arctic_b0419.wav,Your father's fifth command he nodded,0,native_reference,native_reference,arctic_b0419
cmu_arctic,bdl,English,M,val,ai-training/datasets/cmu-arctic/raw/cmu_us_bdl_arctic/wav/arctic_b0420.wav,On occasion on this traverse the Cape Verde Islands are raised,0,native_reference,native_reference,arctic_b0420
cmu_arctic,bdl,English,M,val,ai-training/datasets/cmu-arctic/raw/cmu_us_bdl_arctic/wav/arctic_b0421.wav,She is essentially the life-giving life-conserving female of the species,0,native_reference,native_reference,arctic_b0421
cmu_arctic,bdl,English,M,val,ai-training/datasets/cmu-arctic/raw/cmu_us_bdl_arctic/wav/arctic_b0422.wav,This was when the explosion occurred,0,native_reference,native_reference,arctic_b0422
cmu_arctic,bdl,English,M,val,ai-training/datasets/cmu-arctic/raw/cmu_us_bdl_arctic/wav/arctic_b0423.wav,Also at regular intervals he would mutter,0,native_reference,native_reference,arctic_b0423
cmu_arctic,bdl,English,M,val,ai-training/datasets/cmu-arctic/raw/cmu_us_bdl_arctic/wav/arctic_b0424.wav,It is a very tenable hypothesis and will bear looking into,0,native_reference,native_reference,arctic_b0424
cmu_arctic,bdl,English,M,val,ai-training/datasets/cmu-arctic/raw/cmu_us_bdl_arctic/wav/arctic_b0425.wav,There were orange-green gold-green and a copper-green,0,native_reference,native_reference,arctic_b0425
cmu_arctic,bdl,English,M,val,ai-training/datasets/cmu-arctic/raw/cmu_us_bdl_arctic/wav/arctic_b0426.wav,The Gabriel voice of the Samurai rang out,0,native_reference,native_reference,arctic_b0426
cmu_arctic,bdl,English,M,test,ai-training/datasets/cmu-arctic/raw/cmu_us_bdl_arctic/wav/arctic_b0427.wav,The sunsets grow more bizarre and spectacular off this coast of the Argentine,0,native_reference,native_reference,arctic_b0427
cmu_arctic,bdl,English,M,test,ai-training/datasets/cmu-arctic/raw/cmu_us_bdl_arctic/wav/arctic_b0428.wav,The history of our westward-faring race is written in it,0,native_reference,native_reference,arctic_b0428
cmu_arctic,bdl,English,M,test,ai-training/datasets/cmu-arctic/raw/cmu_us_bdl_arctic/wav/arctic_b0429.wav,And the Eurasian Chinese-Englishman bowed himself away,0,native_reference,native_reference,arctic_b0429
cmu_arctic,bdl,English,M,test,ai-training/datasets/cmu-arctic/raw/cmu_us_bdl_arctic/wav/arctic_b0430.wav,They were babbling and chattering all together,0,native_reference,native_reference,arctic_b0430
cmu_arctic,bdl,English,M,test,ai-training/datasets/cmu-arctic/raw/cmu_us_bdl_arctic/wav/arctic_b0431.wav,Too much he told me with ominous rolling head,0,native_reference,native_reference,arctic_b0431
cmu_arctic,bdl,English,M,test,ai-training/datasets/cmu-arctic/raw/cmu_us_bdl_arctic/wav/arctic_b0432.wav,He is a candidate rising from the serf class to our class,0,native_reference,native_reference,arctic_b0432
cmu_arctic,bdl,English,M,test,ai-training/datasets/cmu-arctic/raw/cmu_us_bdl_arctic/wav/arctic_b0433.wav,We are cooking on the coal stove and on the oil burners,0,native_reference,native_reference,arctic_b0433
cmu_arctic,bdl,English,M,test,ai-training/datasets/cmu-arctic/raw/cmu_us_bdl_arctic/wav/arctic_b0434.wav,The steward has just tendered me a respectful bit of advice,0,native_reference,native_reference,arctic_b0434
cmu_arctic,bdl,English,M,test,ai-training/datasets/cmu-arctic/raw/cmu_us_bdl_arctic/wav/arctic_b0435.wav,Well did they eat,0,native_reference,native_reference,arctic_b0435
cmu_arctic,bdl,English,M,test,ai-training/datasets/cmu-arctic/raw/cmu_us_bdl_arctic/wav/arctic_b0436.wav,Famine had been my great ally,0,native_reference,native_reference,arctic_b0436
cmu_arctic,bdl,English,M,test,ai-training/datasets/cmu-arctic/raw/cmu_us_bdl_arctic/wav/arctic_b0437.wav,Nowhere in the North is the soil so prolific,0,native_reference,native_reference,arctic_b0437
cmu_arctic,bdl,English,M,test,ai-training/datasets/cmu-arctic/raw/cmu_us_bdl_arctic/wav/arctic_b0438.wav,They ran the canoe in and climbed the high earth bank,0,native_reference,native_reference,arctic_b0438
cmu_arctic,bdl,English,M,test,ai-training/datasets/cmu-arctic/raw/cmu_us_bdl_arctic/wav/arctic_b0439.wav,The land exchanged its austere robes for the garb of a smiling wanton,0,native_reference,native_reference,arctic_b0439
cmu_arctic,bdl,English,M,test,ai-training/datasets/cmu-arctic/raw/cmu_us_bdl_arctic/wav/arctic_b0440.wav,There were stir and bustle new faces and fresh facts,0,native_reference,native_reference,arctic_b0440
cmu_arctic,bdl,English,M,test,ai-training/datasets/cmu-arctic/raw/cmu_us_bdl_arctic/wav/arctic_b0441.wav,And there was Ethel Baird whom also you must remember,0,native_reference,native_reference,arctic_b0441
cmu_arctic,bdl,English,M,test,ai-training/datasets/cmu-arctic/raw/cmu_us_bdl_arctic/wav/arctic_b0442.wav,He had become a man very early in life,0,native_reference,native_reference,arctic_b0442
cmu_arctic,bdl,English,M,test,ai-training/datasets/cmu-arctic/raw/cmu_us_bdl_arctic/wav/arctic_b0443.wav,I did not think you would be so early,0,native_reference,native_reference,arctic_b0443
cmu_arctic,bdl,English,M,test,ai-training/datasets/cmu-arctic/raw/cmu_us_bdl_arctic/wav/arctic_b0444.wav,He did not know what went on in the minds of his superiors,0,native_reference,native_reference,arctic_b0444
cmu_arctic,bdl,English,M,test,ai-training/datasets/cmu-arctic/raw/cmu_us_bdl_arctic/wav/arctic_b0445.wav,Mops sir eagerly answered the sailor at the wheel,0,native_reference,native_reference,arctic_b0445
cmu_arctic,bdl,English,M,test,ai-training/datasets/cmu-arctic/raw/cmu_us_bdl_arctic/wav/arctic_b0446.wav,Some one had thrust a large sheath-knife into his hand,0,native_reference,native_reference,arctic_b0446
cmu_arctic,bdl,English,M,test,ai-training/datasets/cmu-arctic/raw/cmu_us_bdl_arctic/wav/arctic_b0447.wav,O'Brien emitted a shriek that sank swiftly to a gurgling sob,0,native_reference,native_reference,arctic_b0447
cmu_arctic,bdl,English,M,test,ai-training/datasets/cmu-arctic/raw/cmu_us_bdl_arctic/wav/arctic_b0448.wav,Sandel would never become a world champion,0,native_reference,native_reference,arctic_b0448
cmu_arctic,bdl,English,M,test,ai-training/datasets/cmu-arctic/raw/cmu_us_bdl_arctic/wav/arctic_b0449.wav,Also she wouldn't walk,0,native_reference,native_reference,arctic_b0449
cmu_arctic,bdl,English,M,test,ai-training/datasets/cmu-arctic/raw/cmu_us_bdl_arctic/wav/arctic_b0450.wav,To my dearest and always appreciated friend I submit myself,0,native_reference,native_reference,arctic_b0450
cmu_arctic,bdl,English,M,test,ai-training/datasets/cmu-arctic/raw/cmu_us_bdl_arctic/wav/arctic_b0451.wav,You used to joyride like the very devil,0,native_reference,native_reference,arctic_b0451
cmu_arctic,bdl,English,M,test,ai-training/datasets/cmu-arctic/raw/cmu_us_bdl_arctic/wav/arctic_b0452.wav,They saw each other for the first time in Boston,0,native_reference,native_reference,arctic_b0452
cmu_arctic,bdl,English,M,test,ai-training/datasets/cmu-arctic/raw/cmu_us_bdl_arctic/wav/arctic_b0453.wav,Isaac Ford the austere soldier of the Lord the old hypocrite,0,native_reference,native_reference,arctic_b0453
cmu_arctic,bdl,English,M,test,ai-training/datasets/cmu-arctic/raw/cmu_us_bdl_arctic/wav/arctic_b0454.wav,Eighteen he added,0,native_reference,native_reference,arctic_b0454
cmu_arctic,bdl,English,M,test,ai-training/datasets/cmu-arctic/raw/cmu_us_bdl_arctic/wav/arctic_b0455.wav,His reward should have been peace and repose,0,native_reference,native_reference,arctic_b0455
cmu_arctic,bdl,English,M,test,ai-training/datasets/cmu-arctic/raw/cmu_us_bdl_arctic/wav/arctic_b0456.wav,He was an amphibian and a mountaineer,0,native_reference,native_reference,arctic_b0456
cmu_arctic,bdl,English,M,test,ai-training/datasets/cmu-arctic/raw/cmu_us_bdl_arctic/wav/arctic_b0457.wav,It was sanctification and salvation,0,native_reference,native_reference,arctic_b0457
cmu_arctic,bdl,English,M,test,ai-training/datasets/cmu-arctic/raw/cmu_us_bdl_arctic/wav/arctic_b0458.wav,The history of the eighteenth century is written Ernest prompted,0,native_reference,native_reference,arctic_b0458
cmu_arctic,bdl,English,M,test,ai-training/datasets/cmu-arctic/raw/cmu_us_bdl_arctic/wav/arctic_b0459.wav,They are not biologists nor sociologists,0,native_reference,native_reference,arctic_b0459
cmu_arctic,bdl,English,M,test,ai-training/datasets/cmu-arctic/raw/cmu_us_bdl_arctic/wav/arctic_b0460.wav,The more his opponents grew excited the more Ernest deliberately excited them,0,native_reference,native_reference,arctic_b0460
cmu_arctic,bdl,English,M,test,ai-training/datasets/cmu-arctic/raw/cmu_us_bdl_arctic/wav/arctic_b0461.wav,By virtue of that power we shall remain in power,0,native_reference,native_reference,arctic_b0461
cmu_arctic,bdl,English,M,test,ai-training/datasets/cmu-arctic/raw/cmu_us_bdl_arctic/wav/arctic_b0462.wav,One guess will do Ernest retorted,0,native_reference,native_reference,arctic_b0462
cmu_arctic,bdl,English,M,test,ai-training/datasets/cmu-arctic/raw/cmu_us_bdl_arctic/wav/arctic_b0463.wav,Take my advice and accept the vacation,0,native_reference,native_reference,arctic_b0463
cmu_arctic,bdl,English,M,test,ai-training/datasets/cmu-arctic/raw/cmu_us_bdl_arctic/wav/arctic_b0464.wav,I could not agree with Ernest,0,native_reference,native_reference,arctic_b0464
cmu_arctic,bdl,English,M,test,ai-training/datasets/cmu-arctic/raw/cmu_us_bdl_arctic/wav/arctic_b0465.wav,But such divergence of opinion would constitute no menace to society,0,native_reference,native_reference,arctic_b0465
cmu_arctic,bdl,English,M,test,ai-training/datasets/cmu-arctic/raw/cmu_us_bdl_arctic/wav/arctic_b0466.wav,It is dog eat dog and you ate them up,0,native_reference,native_reference,arctic_b0466
cmu_arctic,bdl,English,M,test,ai-training/datasets/cmu-arctic/raw/cmu_us_bdl_arctic/wav/arctic_b0467.wav,Let us run them for ourselves,0,native_reference,native_reference,arctic_b0467
cmu_arctic,bdl,English,M,test,ai-training/datasets/cmu-arctic/raw/cmu_us_bdl_arctic/wav/arctic_b0468.wav,It was introduced by Representative Dick of Ohio,0,native_reference,native_reference,arctic_b0468
cmu_arctic,bdl,English,M,test,ai-training/datasets/cmu-arctic/raw/cmu_us_bdl_arctic/wav/arctic_b0469.wav,Very few people knew of the existence of this law,0,native_reference,native_reference,arctic_b0469
cmu_arctic,bdl,English,M,test,ai-training/datasets/cmu-arctic/raw/cmu_us_bdl_arctic/wav/arctic_b0470.wav,The very thing Ernest agreed,0,native_reference,native_reference,arctic_b0470
cmu_arctic,bdl,English,M,test,ai-training/datasets/cmu-arctic/raw/cmu_us_bdl_arctic/wav/arctic_b0471.wav,Also a fellow Senator Chauncey Depew said,0,native_reference,native_reference,arctic_b0471
cmu_arctic,bdl,English,M,test,ai-training/datasets/cmu-arctic/raw/cmu_us_bdl_arctic/wav/arctic_b0472.wav,Ernest saw in the affair the most sinister import,0,native_reference,native_reference,arctic_b0472
cmu_arctic,bdl,English,M,test,ai-training/datasets/cmu-arctic/raw/cmu_us_bdl_arctic/wav/arctic_b0473.wav,Then there was the campaign,0,native_reference,native_reference,arctic_b0473
cmu_arctic,bdl,English,M,test,ai-training/datasets/cmu-arctic/raw/cmu_us_bdl_arctic/wav/arctic_b0474.wav,He was manifestly distressed by my coming,0,native_reference,native_reference,arctic_b0474
cmu_arctic,bdl,English,M,test,ai-training/datasets/cmu-arctic/raw/cmu_us_bdl_arctic/wav/arctic_b0475.wav,Not a wheel moved in his empire,0,native_reference,native_reference,arctic_b0475
cmu_arctic,bdl,English,M,test,ai-training/datasets/cmu-arctic/raw/cmu_us_bdl_arctic/wav/arctic_b0476.wav,The reorganization of these countries took the form of revolution,0,native_reference,native_reference,arctic_b0476
cmu_arctic,bdl,English,M,test,ai-training/datasets/cmu-arctic/raw/cmu_us_bdl_arctic/wav/arctic_b0477.wav,You're going in for grab sharing,0,native_reference,native_reference,arctic_b0477
cmu_arctic,bdl,English,M,test,ai-training/datasets/cmu-arctic/raw/cmu_us_bdl_arctic/wav/arctic_b0478.wav,The Oligarchy will encourage such ambition and the consequent competition,0,native_reference,native_reference,arctic_b0478
cmu_arctic,bdl,English,M,test,ai-training/datasets/cmu-arctic/raw/cmu_us_bdl_arctic/wav/arctic_b0479.wav,Violation of this law was made a high misdemeanor and punished accordingly,0,native_reference,native_reference,arctic_b0479
cmu_arctic,bdl,English,M,test,ai-training/datasets/cmu-arctic/raw/cmu_us_bdl_arctic/wav/arctic_b0480.wav,Without discussion it was the agents provocateurs who caused the Peasant Revolt,0,native_reference,native_reference,arctic_b0480
cmu_arctic,bdl,English,M,test,ai-training/datasets/cmu-arctic/raw/cmu_us_bdl_arctic/wav/arctic_b0481.wav,The task we set ourselves was threefold,0,native_reference,native_reference,arctic_b0481
cmu_arctic,bdl,English,M,test,ai-training/datasets/cmu-arctic/raw/cmu_us_bdl_arctic/wav/arctic_b0482.wav,Many other similar disconcerting omissions will be noticed in the Manuscript,0,native_reference,native_reference,arctic_b0482
cmu_arctic,bdl,English,M,test,ai-training/datasets/cmu-arctic/raw/cmu_us_bdl_arctic/wav/arctic_b0483.wav,The flower of the artistic and intellectual world were revolutionists,0,native_reference,native_reference,arctic_b0483
cmu_arctic,bdl,English,M,test,ai-training/datasets/cmu-arctic/raw/cmu_us_bdl_arctic/wav/arctic_b0484.wav,This the Iron Heel foresaw and laid its schemes accordingly,0,native_reference,native_reference,arctic_b0484
cmu_arctic,bdl,English,M,test,ai-training/datasets/cmu-arctic/raw/cmu_us_bdl_arctic/wav/arctic_b0485.wav,The mob came on but it could not advance,0,native_reference,native_reference,arctic_b0485
cmu_arctic,bdl,English,M,test,ai-training/datasets/cmu-arctic/raw/cmu_us_bdl_arctic/wav/arctic_b0486.wav,But why continue the tirade for tirade it was,0,native_reference,native_reference,arctic_b0486
cmu_arctic,bdl,English,M,test,ai-training/datasets/cmu-arctic/raw/cmu_us_bdl_arctic/wav/arctic_b0487.wav,After all superfluous flesh is gone what is left is stringy and resistant,0,native_reference,native_reference,arctic_b0487
cmu_arctic,bdl,English,M,test,ai-training/datasets/cmu-arctic/raw/cmu_us_bdl_arctic/wav/arctic_b0488.wav,Beyond refusing to sell us food they left us to ourselves,0,native_reference,native_reference,arctic_b0488
cmu_arctic,bdl,English,M,test,ai-training/datasets/cmu-arctic/raw/cmu_us_bdl_arctic/wav/arctic_b0489.wav,He was a merry monarch especially so for an Asiatic,0,native_reference,native_reference,arctic_b0489
cmu_arctic,bdl,English,M,test,ai-training/datasets/cmu-arctic/raw/cmu_us_bdl_arctic/wav/arctic_b0490.wav,What an excited whispering and conferring took place,0,native_reference,native_reference,arctic_b0490
cmu_arctic,bdl,English,M,test,ai-training/datasets/cmu-arctic/raw/cmu_us_bdl_arctic/wav/arctic_b0491.wav,Jacob Brinker who was his roadmate brought the news,0,native_reference,native_reference,arctic_b0491
cmu_arctic,bdl,English,M,test,ai-training/datasets/cmu-arctic/raw/cmu_us_bdl_arctic/wav/arctic_b0492.wav,Thus he turned the tenets and jargon of psychology back on me,0,native_reference,native_reference,arctic_b0492
cmu_arctic,bdl,English,M,test,ai-training/datasets/cmu-arctic/raw/cmu_us_bdl_arctic/wav/arctic_b0493.wav,You yellow giant thing of the frost,0,native_reference,native_reference,arctic_b0493
cmu_arctic,bdl,English,M,test,ai-training/datasets/cmu-arctic/raw/cmu_us_bdl_arctic/wav/arctic_b0494.wav,Never so strange a prophet came up to Jerusalem,0,native_reference,native_reference,arctic_b0494
cmu_arctic,bdl,English,M,test,ai-training/datasets/cmu-arctic/raw/cmu_us_bdl_arctic/wav/arctic_b0495.wav,We who have endured so much surely can endure a little more,0,native_reference,native_reference,arctic_b0495
cmu_arctic,bdl,English,M,test,ai-training/datasets/cmu-arctic/raw/cmu_us_bdl_arctic/wav/arctic_b0496.wav,I have seen myself that one man contemplated by Pascal's philosophic eye,0,native_reference,native_reference,arctic_b0496
cmu_arctic,bdl,English,M,test,ai-training/datasets/cmu-arctic/raw/cmu_us_bdl_arctic/wav/arctic_b0497.wav,One great drawback to farming in California is our long dry summer,0,native_reference,native_reference,arctic_b0497
cmu_arctic,bdl,English,M,test,ai-training/datasets/cmu-arctic/raw/cmu_us_bdl_arctic/wav/arctic_b0498.wav,I remembered the red wine of the Italian rancho and shuddered inwardly,0,native_reference,native_reference,arctic_b0498
cmu_arctic,bdl,English,M,test,ai-training/datasets/cmu-arctic/raw/cmu_us_bdl_arctic/wav/arctic_b0499.wav,I said and dismissed the matter as not worth thinking about,0,native_reference,native_reference,arctic_b0499
cmu_arctic,bdl,English,M,test,ai-training/datasets/cmu-arctic/raw/cmu_us_bdl_arctic/wav/arctic_b0500.wav,Then came my boy code,0,native_reference,native_reference,arctic_b0500
cmu_arctic,bdl,English,M,test,ai-training/datasets/cmu-arctic/raw/cmu_us_bdl_arctic/wav/arctic_b0501.wav,And wherever I ranged the way lay along alcohol-drenched roads,0,native_reference,native_reference,arctic_b0501
cmu_arctic,bdl,English,M,test,ai-training/datasets/cmu-arctic/raw/cmu_us_bdl_arctic/wav/arctic_b0502.wav,And as we hurried up town Joe Goose explained,0,native_reference,native_reference,arctic_b0502
cmu_arctic,bdl,English,M,test,ai-training/datasets/cmu-arctic/raw/cmu_us_bdl_arctic/wav/arctic_b0503.wav,The scents of strange vegetation blew off the tropic land,0,native_reference,native_reference,arctic_b0503
cmu_arctic,bdl,English,M,test,ai-training/datasets/cmu-arctic/raw/cmu_us_bdl_arctic/wav/arctic_b0504.wav,The life there was healthful and athletic but too juvenile,0,native_reference,native_reference,arctic_b0504
cmu_arctic,bdl,English,M,test,ai-training/datasets/cmu-arctic/raw/cmu_us_bdl_arctic/wav/arctic_b0505.wav,How valiantly I went at it that first day,0,native_reference,native_reference,arctic_b0505
cmu_arctic,bdl,English,M,test,ai-training/datasets/cmu-arctic/raw/cmu_us_bdl_arctic/wav/arctic_b0506.wav,It would help to tide me along until I got steady employment,0,native_reference,native_reference,arctic_b0506
cmu_arctic,bdl,English,M,test,ai-training/datasets/cmu-arctic/raw/cmu_us_bdl_arctic/wav/arctic_b0507.wav,Did I possess too much vitality,0,native_reference,native_reference,arctic_b0507
cmu_arctic,bdl,English,M,test,ai-training/datasets/cmu-arctic/raw/cmu_us_bdl_arctic/wav/arctic_b0508.wav,In his anxiety and solicitude and love they did not count,0,native_reference,native_reference,arctic_b0508
cmu_arctic,bdl,English,M,test,ai-training/datasets/cmu-arctic/raw/cmu_us_bdl_arctic/wav/arctic_b0509.wav,He had fulfilled his duty and paid properly,0,native_reference,native_reference,arctic_b0509
cmu_arctic,bdl,English,M,test,ai-training/datasets/cmu-arctic/raw/cmu_us_bdl_arctic/wav/arctic_b0510.wav,He knew what taboos he was violating,0,native_reference,native_reference,arctic_b0510
cmu_arctic,bdl,English,M,test,ai-training/datasets/cmu-arctic/raw/cmu_us_bdl_arctic/wav/arctic_b0511.wav,Do you value your hide,0,native_reference,native_reference,arctic_b0511
cmu_arctic,bdl,English,M,test,ai-training/datasets/cmu-arctic/raw/cmu_us_bdl_arctic/wav/arctic_b0512.wav,You should have seen them when they heard me spitting Chinook,0,native_reference,native_reference,arctic_b0512
cmu_arctic,bdl,English,M,test,ai-training/datasets/cmu-arctic/raw/cmu_us_bdl_arctic/wav/arctic_b0513.wav,He plodded on for half an hour when the hallucination arose again,0,native_reference,native_reference,arctic_b0513
cmu_arctic,bdl,English,M,test,ai-training/datasets/cmu-arctic/raw/cmu_us_bdl_arctic/wav/arctic_b0514.wav,Tomorrow or next day it might he gone,0,native_reference,native_reference,arctic_b0514
cmu_arctic,bdl,English,M,test,ai-training/datasets/cmu-arctic/raw/cmu_us_bdl_arctic/wav/arctic_b0515.wav,But already he had composed himself,0,native_reference,native_reference,arctic_b0515
cmu_arctic,bdl,English,M,test,ai-training/datasets/cmu-arctic/raw/cmu_us_bdl_arctic/wav/arctic_b0516.wav,Zilla relaxed her sour mouth long enough to sigh her satisfaction,0,native_reference,native_reference,arctic_b0516
cmu_arctic,bdl,English,M,test,ai-training/datasets/cmu-arctic/raw/cmu_us_bdl_arctic/wav/arctic_b0517.wav,Eggshell is not good to eat,0,native_reference,native_reference,arctic_b0517
cmu_arctic,bdl,English,M,test,ai-training/datasets/cmu-arctic/raw/cmu_us_bdl_arctic/wav/arctic_b0518.wav,But there was also talk of witchcraft in the village,0,native_reference,native_reference,arctic_b0518
cmu_arctic,bdl,English,M,test,ai-training/datasets/cmu-arctic/raw/cmu_us_bdl_arctic/wav/arctic_b0519.wav,Yea I will tell thee,0,native_reference,native_reference,arctic_b0519
cmu_arctic,bdl,English,M,test,ai-training/datasets/cmu-arctic/raw/cmu_us_bdl_arctic/wav/arctic_b0520.wav,Hans hurled himself upon the prostrate man striking madly with his fists,0,native_reference,native_reference,arctic_b0520
cmu_arctic,bdl,English,M,test,ai-training/datasets/cmu-arctic/raw/cmu_us_bdl_arctic/wav/arctic_b0521.wav,And he thought of Oona and of her words,0,native_reference,native_reference,arctic_b0521
cmu_arctic,bdl,English,M,test,ai-training/datasets/cmu-arctic/raw/cmu_us_bdl_arctic/wav/arctic_b0522.wav,Nor would it thaw out his hands and feet,0,native_reference,native_reference,arctic_b0522
cmu_arctic,bdl,English,M,test,ai-training/datasets/cmu-arctic/raw/cmu_us_bdl_arctic/wav/arctic_b0523.wav,The Russian music player the Count was her obedient slave,0,native_reference,native_reference,arctic_b0523
cmu_arctic,bdl,English,M,test,ai-training/datasets/cmu-arctic/raw/cmu_us_bdl_arctic/wav/arctic_b0524.wav,So far as flags were concerned they were beyond all jurisdiction,0,native_reference,native_reference,arctic_b0524
cmu_arctic,bdl,English,M,test,ai-training/datasets/cmu-arctic/raw/cmu_us_bdl_arctic/wav/arctic_b0525.wav,New idea he volunteered brand new idea,0,native_reference,native_reference,arctic_b0525
cmu_arctic,bdl,English,M,test,ai-training/datasets/cmu-arctic/raw/cmu_us_bdl_arctic/wav/arctic_b0526.wav,Thirty pounds said the captain with finality,0,native_reference,native_reference,arctic_b0526
cmu_arctic,bdl,English,M,test,ai-training/datasets/cmu-arctic/raw/cmu_us_bdl_arctic/wav/arctic_b0527.wav,The very idea of it was preposterous,0,native_reference,native_reference,arctic_b0527
cmu_arctic,bdl,English,M,test,ai-training/datasets/cmu-arctic/raw/cmu_us_bdl_arctic/wav/arctic_b0528.wav,Captain Doane's orders were swiftly obeyed,0,native_reference,native_reference,arctic_b0528
cmu_arctic,bdl,English,M,test,ai-training/datasets/cmu-arctic/raw/cmu_us_bdl_arctic/wav/arctic_b0529.wav,Come on Del Mar challenged,0,native_reference,native_reference,arctic_b0529
cmu_arctic,bdl,English,M,test,ai-training/datasets/cmu-arctic/raw/cmu_us_bdl_arctic/wav/arctic_b0530.wav,He had a big chimpanzee that was a winner,0,native_reference,native_reference,arctic_b0530
cmu_arctic,bdl,English,M,test,ai-training/datasets/cmu-arctic/raw/cmu_us_bdl_arctic/wav/arctic_b0531.wav,I am sure it must have been some adventure,0,native_reference,native_reference,arctic_b0531
cmu_arctic,bdl,English,M,test,ai-training/datasets/cmu-arctic/raw/cmu_us_bdl_arctic/wav/arctic_b0532.wav,That Longfellow chap most likely had written countless books of poetry,0,native_reference,native_reference,arctic_b0532
cmu_arctic,bdl,English,M,test,ai-training/datasets/cmu-arctic/raw/cmu_us_bdl_arctic/wav/arctic_b0533.wav,His abnormal power of vision made abstractions take on concrete form,0,native_reference,native_reference,arctic_b0533
cmu_arctic,bdl,English,M,test,ai-training/datasets/cmu-arctic/raw/cmu_us_bdl_arctic/wav/arctic_b0534.wav,I'll tell you the librarian said with a brightening face,0,native_reference,native_reference,arctic_b0534
cmu_arctic,bdl,English,M,test,ai-training/datasets/cmu-arctic/raw/cmu_us_bdl_arctic/wav/arctic_b0535.wav,He read his fragments aloud,0,native_reference,native_reference,arctic_b0535
cmu_arctic,bdl,English,M,test,ai-training/datasets/cmu-arctic/raw/cmu_us_bdl_arctic/wav/arctic_b0536.wav,Typhoid -- did I tell you,0,native_reference,native_reference,arctic_b0536
cmu_arctic,bdl,English,M,test,ai-training/datasets/cmu-arctic/raw/cmu_us_bdl_arctic/wav/arctic_b0537.wav,But she had become an automaton,0,native_reference,native_reference,arctic_b0537
cmu_arctic,bdl,English,M,test,ai-training/datasets/cmu-arctic/raw/cmu_us_bdl_arctic/wav/arctic_b0538.wav,At the best they were necessary accessories,0,native_reference,native_reference,arctic_b0538
cmu_arctic,bdl,English,M,test,ai-training/datasets/cmu-arctic/raw/cmu_us_bdl_arctic/wav/arctic_b0539.wav,You were making them talk shop Ruth charged him,0,native_reference,native_reference,arctic_b0539
cmu_arctic,slt,English,F,train,ai-training/datasets/cmu-arctic/raw/cmu_us_slt_arctic/wav/arctic_a0001.wav,Author of the danger trail Philip Steels etc,0,native_reference,native_reference,arctic_a0001
cmu_arctic,slt,English,F,train,ai-training/datasets/cmu-arctic/raw/cmu_us_slt_arctic/wav/arctic_a0002.wav,Not at this particular case Tom apologized Whittemore,0,native_reference,native_reference,arctic_a0002
cmu_arctic,slt,English,F,train,ai-training/datasets/cmu-arctic/raw/cmu_us_slt_arctic/wav/arctic_a0003.wav,For the twentieth time that evening the two men shook hands,0,native_reference,native_reference,arctic_a0003
cmu_arctic,slt,English,F,train,ai-training/datasets/cmu-arctic/raw/cmu_us_slt_arctic/wav/arctic_a0004.wav,Lord but I'm glad to see you again Phil,0,native_reference,native_reference,arctic_a0004
cmu_arctic,slt,English,F,train,ai-training/datasets/cmu-arctic/raw/cmu_us_slt_arctic/wav/arctic_a0005.wav,Will we ever forget it,0,native_reference,native_reference,arctic_a0005
cmu_arctic,slt,English,F,train,ai-training/datasets/cmu-arctic/raw/cmu_us_slt_arctic/wav/arctic_a0006.wav,God bless 'em I hope I'll go on seeing them forever,0,native_reference,native_reference,arctic_a0006
cmu_arctic,slt,English,F,train,ai-training/datasets/cmu-arctic/raw/cmu_us_slt_arctic/wav/arctic_a0007.wav,And you always want to see it in the superlative degree,0,native_reference,native_reference,arctic_a0007
cmu_arctic,slt,English,F,train,ai-training/datasets/cmu-arctic/raw/cmu_us_slt_arctic/wav/arctic_a0008.wav,Gad your letter came just in time,0,native_reference,native_reference,arctic_a0008
cmu_arctic,slt,English,F,train,ai-training/datasets/cmu-arctic/raw/cmu_us_slt_arctic/wav/arctic_a0009.wav,He turned sharply and faced Gregson across the table,0,native_reference,native_reference,arctic_a0009
cmu_arctic,slt,English,F,train,ai-training/datasets/cmu-arctic/raw/cmu_us_slt_arctic/wav/arctic_a0010.wav,I'm playing a single hand in what looks like a losing game,0,native_reference,native_reference,arctic_a0010
cmu_arctic,slt,English,F,train,ai-training/datasets/cmu-arctic/raw/cmu_us_slt_arctic/wav/arctic_a0011.wav,If I ever needed a fighter in my life I need one now,0,native_reference,native_reference,arctic_a0011
cmu_arctic,slt,English,F,train,ai-training/datasets/cmu-arctic/raw/cmu_us_slt_arctic/wav/arctic_a0012.wav,Gregson shoved back his chair and rose to his feet,0,native_reference,native_reference,arctic_a0012
cmu_arctic,slt,English,F,train,ai-training/datasets/cmu-arctic/raw/cmu_us_slt_arctic/wav/arctic_a0013.wav,He was a head shorter than his companion of almost delicate physique,0,native_reference,native_reference,arctic_a0013
cmu_arctic,slt,English,F,train,ai-training/datasets/cmu-arctic/raw/cmu_us_slt_arctic/wav/arctic_a0014.wav,Now you're coming down to business Phil he exclaimed,0,native_reference,native_reference,arctic_a0014
cmu_arctic,slt,English,F,train,ai-training/datasets/cmu-arctic/raw/cmu_us_slt_arctic/wav/arctic_a0015.wav,It's the aurora borealis,0,native_reference,native_reference,arctic_a0015
cmu_arctic,slt,English,F,train,ai-training/datasets/cmu-arctic/raw/cmu_us_slt_arctic/wav/arctic_a0016.wav,There's Fort Churchill a rifle-shot beyond the ridge asleep,0,native_reference,native_reference,arctic_a0016
cmu_arctic,slt,English,F,train,ai-training/datasets/cmu-arctic/raw/cmu_us_slt_arctic/wav/arctic_a0017.wav,From that moment his friendship for Belize turns to hatred and jealousy,0,native_reference,native_reference,arctic_a0017
cmu_arctic,slt,English,F,train,ai-training/datasets/cmu-arctic/raw/cmu_us_slt_arctic/wav/arctic_a0018.wav,There was a change now,0,native_reference,native_reference,arctic_a0018
cmu_arctic,slt,English,F,train,ai-training/datasets/cmu-arctic/raw/cmu_us_slt_arctic/wav/arctic_a0019.wav,I followed the line of the proposed railroad looking for chances,0,native_reference,native_reference,arctic_a0019
cmu_arctic,slt,English,F,train,ai-training/datasets/cmu-arctic/raw/cmu_us_slt_arctic/wav/arctic_a0020.wav,Clubs and balls and cities grew to be only memories,0,native_reference,native_reference,arctic_a0020
cmu_arctic,slt,English,F,train,ai-training/datasets/cmu-arctic/raw/cmu_us_slt_arctic/wav/arctic_a0021.wav,It fairly clubbed me into recognizing it,0,native_reference,native_reference,arctic_a0021
cmu_arctic,slt,English,F,train,ai-training/datasets/cmu-arctic/raw/cmu_us_slt_arctic/wav/arctic_a0022.wav,Hardly were our plans made public before we were met by powerful opposition,0,native_reference,native_reference,arctic_a0022
cmu_arctic,slt,English,F,train,ai-training/datasets/cmu-arctic/raw/cmu_us_slt_arctic/wav/arctic_a0023.wav,A combination of Canadian capital quickly organized and petitioned for the same privileges,0,native_reference,native_reference,arctic_a0023
cmu_arctic,slt,English,F,train,ai-training/datasets/cmu-arctic/raw/cmu_us_slt_arctic/wav/arctic_a0024.wav,It was my reports from the north which chiefly induced people to buy,0,native_reference,native_reference,arctic_a0024
cmu_arctic,slt,English,F,train,ai-training/datasets/cmu-arctic/raw/cmu_us_slt_arctic/wav/arctic_a0025.wav,I was about to do this when cooler judgment prevailed,0,native_reference,native_reference,arctic_a0025
cmu_arctic,slt,English,F,train,ai-training/datasets/cmu-arctic/raw/cmu_us_slt_arctic/wav/arctic_a0026.wav,It occurred to me that there would have to be an accounting,0,native_reference,native_reference,arctic_a0026
cmu_arctic,slt,English,F,train,ai-training/datasets/cmu-arctic/raw/cmu_us_slt_arctic/wav/arctic_a0027.wav,To my surprise he began to show actual enthusiasm in my favor,0,native_reference,native_reference,arctic_a0027
cmu_arctic,slt,English,F,train,ai-training/datasets/cmu-arctic/raw/cmu_us_slt_arctic/wav/arctic_a0028.wav,Robbery bribery fraud,0,native_reference,native_reference,arctic_a0028
cmu_arctic,slt,English,F,train,ai-training/datasets/cmu-arctic/raw/cmu_us_slt_arctic/wav/arctic_a0029.wav,Their forces were already moving into the north country,0,native_reference,native_reference,arctic_a0029
cmu_arctic,slt,English,F,train,ai-training/datasets/cmu-arctic/raw/cmu_us_slt_arctic/wav/arctic_a0030.wav,I had faith in them,0,native_reference,native_reference,arctic_a0030
cmu_arctic,slt,English,F,train,ai-training/datasets/cmu-arctic/raw/cmu_us_slt_arctic/wav/arctic_a0031.wav,They were three hundred yards apart,0,native_reference,native_reference,arctic_a0031
cmu_arctic,slt,English,F,train,ai-training/datasets/cmu-arctic/raw/cmu_us_slt_arctic/wav/arctic_a0032.wav,Since then some mysterious force has been fighting us at every step,0,native_reference,native_reference,arctic_a0032
cmu_arctic,slt,English,F,train,ai-training/datasets/cmu-arctic/raw/cmu_us_slt_arctic/wav/arctic_a0033.wav,He unfolded a long typewritten letter and handed it to Gregson,0,native_reference,native_reference,arctic_a0033
cmu_arctic,slt,English,F,train,ai-training/datasets/cmu-arctic/raw/cmu_us_slt_arctic/wav/arctic_a0034.wav,Men of Selden's stamp don't stop at women and children,0,native_reference,native_reference,arctic_a0034
cmu_arctic,slt,English,F,train,ai-training/datasets/cmu-arctic/raw/cmu_us_slt_arctic/wav/arctic_a0035.wav,He stopped and Philip nodded at the horrified question in his eyes,0,native_reference,native_reference,arctic_a0035
cmu_arctic,slt,English,F,train,ai-training/datasets/cmu-arctic/raw/cmu_us_slt_arctic/wav/arctic_a0036.wav,She turned in at the hotel,0,native_reference,native_reference,arctic_a0036
cmu_arctic,slt,English,F,train,ai-training/datasets/cmu-arctic/raw/cmu_us_slt_arctic/wav/arctic_a0037.wav,I was the only one who remained sitting,0,native_reference,native_reference,arctic_a0037
cmu_arctic,slt,English,F,train,ai-training/datasets/cmu-arctic/raw/cmu_us_slt_arctic/wav/arctic_a0038.wav,We'll have to watch our chances,0,native_reference,native_reference,arctic_a0038
cmu_arctic,slt,English,F,train,ai-training/datasets/cmu-arctic/raw/cmu_us_slt_arctic/wav/arctic_a0039.wav,The ship should be in within a week or ten days,0,native_reference,native_reference,arctic_a0039
cmu_arctic,slt,English,F,train,ai-training/datasets/cmu-arctic/raw/cmu_us_slt_arctic/wav/arctic_a0040.wav,I suppose you wonder why she is coming up here,0,native_reference,native_reference,arctic_a0040
cmu_arctic,slt,English,F,train,ai-training/datasets/cmu-arctic/raw/cmu_us_slt_arctic/wav/arctic_a0041.wav,Meanwhile I'll go out to breathe a spell,0,native_reference,native_reference,arctic_a0041
cmu_arctic,slt,English,F,train,ai-training/datasets/cmu-arctic/raw/cmu_us_slt_arctic/wav/arctic_a0042.wav,How could he explain his possession of the sketch,0,native_reference,native_reference,arctic_a0042
cmu_arctic,slt,English,F,train,ai-training/datasets/cmu-arctic/raw/cmu_us_slt_arctic/wav/arctic_a0043.wav,It seemed nearer to him since he had seen and talked with Gregson,0,native_reference,native_reference,arctic_a0043
cmu_arctic,slt,English,F,train,ai-training/datasets/cmu-arctic/raw/cmu_us_slt_arctic/wav/arctic_a0044.wav,Her own betrayal of herself was like tonic to Philip,0,native_reference,native_reference,arctic_a0044
cmu_arctic,slt,English,F,train,ai-training/datasets/cmu-arctic/raw/cmu_us_slt_arctic/wav/arctic_a0045.wav,He moved away as quietly as he had come,0,native_reference,native_reference,arctic_a0045
cmu_arctic,slt,English,F,train,ai-training/datasets/cmu-arctic/raw/cmu_us_slt_arctic/wav/arctic_a0046.wav,The girl faced him her eyes shining with sudden fear,0,native_reference,native_reference,arctic_a0046
cmu_arctic,slt,English,F,train,ai-training/datasets/cmu-arctic/raw/cmu_us_slt_arctic/wav/arctic_a0047.wav,Close beside him gleamed the white fangs of the wolf-dog,0,native_reference,native_reference,arctic_a0047
cmu_arctic,slt,English,F,train,ai-training/datasets/cmu-arctic/raw/cmu_us_slt_arctic/wav/arctic_a0048.wav,He looked at the handkerchief more closely,0,native_reference,native_reference,arctic_a0048
cmu_arctic,slt,English,F,train,ai-training/datasets/cmu-arctic/raw/cmu_us_slt_arctic/wav/arctic_a0049.wav,Gregson was asleep when he re-entered the cabin,0,native_reference,native_reference,arctic_a0049
cmu_arctic,slt,English,F,train,ai-training/datasets/cmu-arctic/raw/cmu_us_slt_arctic/wav/arctic_a0050.wav,In spite of their absurdity the words affected Philip curiously,0,native_reference,native_reference,arctic_a0050
cmu_arctic,slt,English,F,train,ai-training/datasets/cmu-arctic/raw/cmu_us_slt_arctic/wav/arctic_a0051.wav,The lace was of a delicate ivory color faintly tinted with yellow,0,native_reference,native_reference,arctic_a0051
cmu_arctic,slt,English,F,train,ai-training/datasets/cmu-arctic/raw/cmu_us_slt_arctic/wav/arctic_a0052.wav,It was a curious coincidence,0,native_reference,native_reference,arctic_a0052
cmu_arctic,slt,English,F,train,ai-training/datasets/cmu-arctic/raw/cmu_us_slt_arctic/wav/arctic_a0053.wav,Suddenly his fingers closed tightly over the handkerchief,0,native_reference,native_reference,arctic_a0053
cmu_arctic,slt,English,F,train,ai-training/datasets/cmu-arctic/raw/cmu_us_slt_arctic/wav/arctic_a0054.wav,There was nothing on the rock,0,native_reference,native_reference,arctic_a0054
cmu_arctic,slt,English,F,train,ai-training/datasets/cmu-arctic/raw/cmu_us_slt_arctic/wav/arctic_a0055.wav,Philip stood undecided his ears strained to catch the slightest sound,0,native_reference,native_reference,arctic_a0055
cmu_arctic,slt,English,F,train,ai-training/datasets/cmu-arctic/raw/cmu_us_slt_arctic/wav/arctic_a0056.wav,Pearce's little eyes were fixed on him shrewdly,0,native_reference,native_reference,arctic_a0056
cmu_arctic,slt,English,F,train,ai-training/datasets/cmu-arctic/raw/cmu_us_slt_arctic/wav/arctic_a0057.wav,I have no idea replied Philip,0,native_reference,native_reference,arctic_a0057
cmu_arctic,slt,English,F,train,ai-training/datasets/cmu-arctic/raw/cmu_us_slt_arctic/wav/arctic_a0058.wav,I came for information more out of curiosity than anything else,0,native_reference,native_reference,arctic_a0058
cmu_arctic,slt,English,F,train,ai-training/datasets/cmu-arctic/raw/cmu_us_slt_arctic/wav/arctic_a0059.wav,His immaculate appearance was gone,0,native_reference,native_reference,arctic_a0059
cmu_arctic,slt,English,F,train,ai-training/datasets/cmu-arctic/raw/cmu_us_slt_arctic/wav/arctic_a0060.wav,Anyway no one saw her like that,0,native_reference,native_reference,arctic_a0060
cmu_arctic,slt,English,F,train,ai-training/datasets/cmu-arctic/raw/cmu_us_slt_arctic/wav/arctic_a0061.wav,Philip snatched at the letter which Gregson held out to him,0,native_reference,native_reference,arctic_a0061
cmu_arctic,slt,English,F,train,ai-training/datasets/cmu-arctic/raw/cmu_us_slt_arctic/wav/arctic_a0062.wav,The men stared into each other's face,0,native_reference,native_reference,arctic_a0062
cmu_arctic,slt,English,F,train,ai-training/datasets/cmu-arctic/raw/cmu_us_slt_arctic/wav/arctic_a0063.wav,Yes it was a man who asked a stranger,0,native_reference,native_reference,arctic_a0063
cmu_arctic,slt,English,F,train,ai-training/datasets/cmu-arctic/raw/cmu_us_slt_arctic/wav/arctic_a0064.wav,The fourth and fifth days passed without any developments,0,native_reference,native_reference,arctic_a0064
cmu_arctic,slt,English,F,train,ai-training/datasets/cmu-arctic/raw/cmu_us_slt_arctic/wav/arctic_a0065.wav,They closed now until his fingers were like cords of steel,0,native_reference,native_reference,arctic_a0065
cmu_arctic,slt,English,F,train,ai-training/datasets/cmu-arctic/raw/cmu_us_slt_arctic/wav/arctic_a0066.wav,He saw Jeanne falter for a moment,0,native_reference,native_reference,arctic_a0066
cmu_arctic,slt,English,F,train,ai-training/datasets/cmu-arctic/raw/cmu_us_slt_arctic/wav/arctic_a0067.wav,Surely I will excuse you she cried,0,native_reference,native_reference,arctic_a0067
cmu_arctic,slt,English,F,train,ai-training/datasets/cmu-arctic/raw/cmu_us_slt_arctic/wav/arctic_a0068.wav,In a flash Philip followed its direction,0,native_reference,native_reference,arctic_a0068
cmu_arctic,slt,English,F,train,ai-training/datasets/cmu-arctic/raw/cmu_us_slt_arctic/wav/arctic_a0069.wav,It was his intention to return to Eileen and her father,0,native_reference,native_reference,arctic_a0069
cmu_arctic,slt,English,F,train,ai-training/datasets/cmu-arctic/raw/cmu_us_slt_arctic/wav/arctic_a0070.wav,He would first hunt up Gregson and begin his work there,0,native_reference,native_reference,arctic_a0070
cmu_arctic,slt,English,F,train,ai-training/datasets/cmu-arctic/raw/cmu_us_slt_arctic/wav/arctic_a0071.wav,What was the object of your little sensation,0,native_reference,native_reference,arctic_a0071
cmu_arctic,slt,English,F,train,ai-training/datasets/cmu-arctic/raw/cmu_us_slt_arctic/wav/arctic_a0072.wav,But who was Eileen's double,0,native_reference,native_reference,arctic_a0072
cmu_arctic,slt,English,F,train,ai-training/datasets/cmu-arctic/raw/cmu_us_slt_arctic/wav/arctic_a0073.wav,The promoter's eyes were heavy with little puffy bags under them,0,native_reference,native_reference,arctic_a0073
cmu_arctic,slt,English,F,train,ai-training/datasets/cmu-arctic/raw/cmu_us_slt_arctic/wav/arctic_a0074.wav,And now down there Eileen was waiting for him,0,native_reference,native_reference,arctic_a0074
cmu_arctic,slt,English,F,train,ai-training/datasets/cmu-arctic/raw/cmu_us_slt_arctic/wav/arctic_a0075.wav,There has been a change she interrupted him,0,native_reference,native_reference,arctic_a0075
cmu_arctic,slt,English,F,train,ai-training/datasets/cmu-arctic/raw/cmu_us_slt_arctic/wav/arctic_a0076.wav,The gray eyes faltered the flush deepened,0,native_reference,native_reference,arctic_a0076
cmu_arctic,slt,English,F,train,ai-training/datasets/cmu-arctic/raw/cmu_us_slt_arctic/wav/arctic_a0077.wav,It is the fire partly she said,0,native_reference,native_reference,arctic_a0077
cmu_arctic,slt,English,F,train,ai-training/datasets/cmu-arctic/raw/cmu_us_slt_arctic/wav/arctic_a0078.wav,Then and at supper he tried to fathom her,0,native_reference,native_reference,arctic_a0078
cmu_arctic,slt,English,F,train,ai-training/datasets/cmu-arctic/raw/cmu_us_slt_arctic/wav/arctic_a0079.wav,It was a large canoe,0,native_reference,native_reference,arctic_a0079
cmu_arctic,slt,English,F,train,ai-training/datasets/cmu-arctic/raw/cmu_us_slt_arctic/wav/arctic_a0080.wav,What if Jeanne failed him,0,native_reference,native_reference,arctic_a0080
cmu_arctic,slt,English,F,train,ai-training/datasets/cmu-arctic/raw/cmu_us_slt_arctic/wav/arctic_a0081.wav,What if she did not come to the rock,0,native_reference,native_reference,arctic_a0081
cmu_arctic,slt,English,F,train,ai-training/datasets/cmu-arctic/raw/cmu_us_slt_arctic/wav/arctic_a0082.wav,His face was streaming with blood,0,native_reference,native_reference,arctic_a0082
cmu_arctic,slt,English,F,train,ai-training/datasets/cmu-arctic/raw/cmu_us_slt_arctic/wav/arctic_a0083.wav,A shadow was creeping over Pierre's eyes,0,native_reference,native_reference,arctic_a0083
cmu_arctic,slt,English,F,train,ai-training/datasets/cmu-arctic/raw/cmu_us_slt_arctic/wav/arctic_a0084.wav,Scarcely had he uttered the name when Pierre's closing eyes shot open,0,native_reference,native_reference,arctic_a0084
cmu_arctic,slt,English,F,train,ai-training/datasets/cmu-arctic/raw/cmu_us_slt_arctic/wav/arctic_a0085.wav,A trickle of fresh blood ran over his face,0,native_reference,native_reference,arctic_a0085
cmu_arctic,slt,English,F,train,ai-training/datasets/cmu-arctic/raw/cmu_us_slt_arctic/wav/arctic_a0086.wav,Death had come with terrible suddenness,0,native_reference,native_reference,arctic_a0086
cmu_arctic,slt,English,F,train,ai-training/datasets/cmu-arctic/raw/cmu_us_slt_arctic/wav/arctic_a0087.wav,Philip bent lower and stared into the face of the dead man,0,native_reference,native_reference,arctic_a0087
cmu_arctic,slt,English,F,train,ai-training/datasets/cmu-arctic/raw/cmu_us_slt_arctic/wav/arctic_a0088.wav,He made sure that the magazine was loaded and resumed his paddling,0,native_reference,native_reference,arctic_a0088
cmu_arctic,slt,English,F,train,ai-training/datasets/cmu-arctic/raw/cmu_us_slt_arctic/wav/arctic_a0089.wav,The nightglow was treacherous to shoot by,0,native_reference,native_reference,arctic_a0089
cmu_arctic,slt,English,F,train,ai-training/datasets/cmu-arctic/raw/cmu_us_slt_arctic/wav/arctic_a0090.wav,The singing voice approached rapidly,0,native_reference,native_reference,arctic_a0090
cmu_arctic,slt,English,F,train,ai-training/datasets/cmu-arctic/raw/cmu_us_slt_arctic/wav/arctic_a0091.wav,His blood grew hot with rage at the thought,0,native_reference,native_reference,arctic_a0091
cmu_arctic,slt,English,F,train,ai-training/datasets/cmu-arctic/raw/cmu_us_slt_arctic/wav/arctic_a0092.wav,He went down in midstream searching the shadows of both shores,0,native_reference,native_reference,arctic_a0092
cmu_arctic,slt,English,F,train,ai-training/datasets/cmu-arctic/raw/cmu_us_slt_arctic/wav/arctic_a0093.wav,For a full minute he crouched and listened,0,native_reference,native_reference,arctic_a0093
cmu_arctic,slt,English,F,train,ai-training/datasets/cmu-arctic/raw/cmu_us_slt_arctic/wav/arctic_a0094.wav,He had barely entered this when he saw the glow of a fire,0,native_reference,native_reference,arctic_a0094
cmu_arctic,slt,English,F,train,ai-training/datasets/cmu-arctic/raw/cmu_us_slt_arctic/wav/arctic_a0095.wav,A big canvas tent was the first thing to come within his vision,0,native_reference,native_reference,arctic_a0095
cmu_arctic,slt,English,F,train,ai-training/datasets/cmu-arctic/raw/cmu_us_slt_arctic/wav/arctic_a0096.wav,Perhaps she had already met her fate a little deeper in the forest,0,native_reference,native_reference,arctic_a0096
cmu_arctic,slt,English,F,train,ai-training/datasets/cmu-arctic/raw/cmu_us_slt_arctic/wav/arctic_a0097.wav,Then you can arrange yourself comfortably among these robes in the bow,0,native_reference,native_reference,arctic_a0097
cmu_arctic,slt,English,F,train,ai-training/datasets/cmu-arctic/raw/cmu_us_slt_arctic/wav/arctic_a0098.wav,Shall I carry you,0,native_reference,native_reference,arctic_a0098
cmu_arctic,slt,English,F,train,ai-training/datasets/cmu-arctic/raw/cmu_us_slt_arctic/wav/arctic_a0099.wav,A maddening joy pounded in his brain,0,native_reference,native_reference,arctic_a0099
cmu_arctic,slt,English,F,train,ai-training/datasets/cmu-arctic/raw/cmu_us_slt_arctic/wav/arctic_a0100.wav,You must sleep he urged,0,native_reference,native_reference,arctic_a0100
cmu_arctic,slt,English,F,train,ai-training/datasets/cmu-arctic/raw/cmu_us_slt_arctic/wav/arctic_a0101.wav,You you would not keep the truth from me,0,native_reference,native_reference,arctic_a0101
cmu_arctic,slt,English,F,train,ai-training/datasets/cmu-arctic/raw/cmu_us_slt_arctic/wav/arctic_a0102.wav,He will follow us soon,0,native_reference,native_reference,arctic_a0102
cmu_arctic,slt,English,F,train,ai-training/datasets/cmu-arctic/raw/cmu_us_slt_arctic/wav/arctic_a0103.wav,But there came no promise from the bow of the canoe,0,native_reference,native_reference,arctic_a0103
cmu_arctic,slt,English,F,train,ai-training/datasets/cmu-arctic/raw/cmu_us_slt_arctic/wav/arctic_a0104.wav,She was sleeping under his protection as sweetly as a child,0,native_reference,native_reference,arctic_a0104
cmu_arctic,slt,English,F,train,ai-training/datasets/cmu-arctic/raw/cmu_us_slt_arctic/wav/arctic_a0105.wav,Only it is so wonderful so almost impossible to believe,0,native_reference,native_reference,arctic_a0105
cmu_arctic,slt,English,F,train,ai-training/datasets/cmu-arctic/raw/cmu_us_slt_arctic/wav/arctic_a0106.wav,The emotion which she had suppressed burst forth now in a choking sob,0,native_reference,native_reference,arctic_a0106
cmu_arctic,slt,English,F,train,ai-training/datasets/cmu-arctic/raw/cmu_us_slt_arctic/wav/arctic_a0107.wav,If you only could know how I thank you,0,native_reference,native_reference,arctic_a0107
cmu_arctic,slt,English,F,train,ai-training/datasets/cmu-arctic/raw/cmu_us_slt_arctic/wav/arctic_a0108.wav,He waded into the edge of the water and began scrubbing himself,0,native_reference,native_reference,arctic_a0108
cmu_arctic,slt,English,F,train,ai-training/datasets/cmu-arctic/raw/cmu_us_slt_arctic/wav/arctic_a0109.wav,Do you know that you are shaking my confidence in you,0,native_reference,native_reference,arctic_a0109
cmu_arctic,slt,English,F,train,ai-training/datasets/cmu-arctic/raw/cmu_us_slt_arctic/wav/arctic_a0110.wav,Much replied Jeanne as tersely,0,native_reference,native_reference,arctic_a0110
cmu_arctic,slt,English,F,train,ai-training/datasets/cmu-arctic/raw/cmu_us_slt_arctic/wav/arctic_a0111.wav,Instead he joined her and they ate like two hungry children,0,native_reference,native_reference,arctic_a0111
cmu_arctic,slt,English,F,train,ai-training/datasets/cmu-arctic/raw/cmu_us_slt_arctic/wav/arctic_a0112.wav,He was wounded in the arm,0,native_reference,native_reference,arctic_a0112
cmu_arctic,slt,English,F,train,ai-training/datasets/cmu-arctic/raw/cmu_us_slt_arctic/wav/arctic_a0113.wav,I suppose you picked that lingo up among the Indians,0,native_reference,native_reference,arctic_a0113
cmu_arctic,slt,English,F,train,ai-training/datasets/cmu-arctic/raw/cmu_us_slt_arctic/wav/arctic_a0114.wav,Her words sent a strange chill through Philip,0,native_reference,native_reference,arctic_a0114
cmu_arctic,slt,English,F,train,ai-training/datasets/cmu-arctic/raw/cmu_us_slt_arctic/wav/arctic_a0115.wav,He had no excuse for the feelings which were aroused in him,0,native_reference,native_reference,arctic_a0115
cmu_arctic,slt,English,F,train,ai-training/datasets/cmu-arctic/raw/cmu_us_slt_arctic/wav/arctic_a0116.wav,Was it the rendezvous of those who were striving to work his ruin,0,native_reference,native_reference,arctic_a0116
cmu_arctic,slt,English,F,train,ai-training/datasets/cmu-arctic/raw/cmu_us_slt_arctic/wav/arctic_a0117.wav,She added with genuine sympathy in her face and voice,0,native_reference,native_reference,arctic_a0117
cmu_arctic,slt,English,F,train,ai-training/datasets/cmu-arctic/raw/cmu_us_slt_arctic/wav/arctic_a0118.wav,Pierre obeys me when we are together,0,native_reference,native_reference,arctic_a0118
cmu_arctic,slt,English,F,train,ai-training/datasets/cmu-arctic/raw/cmu_us_slt_arctic/wav/arctic_a0119.wav,Jeanne was turning the bow shoreward,0,native_reference,native_reference,arctic_a0119
cmu_arctic,slt,English,F,train,ai-training/datasets/cmu-arctic/raw/cmu_us_slt_arctic/wav/arctic_a0120.wav,My right foot feels like that of a Chinese debutante,0,native_reference,native_reference,arctic_a0120
cmu_arctic,slt,English,F,train,ai-training/datasets/cmu-arctic/raw/cmu_us_slt_arctic/wav/arctic_a0121.wav,They ate dinner at the fifth and rested for two hours,0,native_reference,native_reference,arctic_a0121
cmu_arctic,slt,English,F,train,ai-training/datasets/cmu-arctic/raw/cmu_us_slt_arctic/wav/arctic_a0122.wav,Two years ago I gave up civilization for this,0,native_reference,native_reference,arctic_a0122
cmu_arctic,slt,English,F,train,ai-training/datasets/cmu-arctic/raw/cmu_us_slt_arctic/wav/arctic_a0123.wav,She had died from cold and starvation,0,native_reference,native_reference,arctic_a0123
cmu_arctic,slt,English,F,train,ai-training/datasets/cmu-arctic/raw/cmu_us_slt_arctic/wav/arctic_a0124.wav,It was Jeanne singing softly over beyond the rocks,0,native_reference,native_reference,arctic_a0124
cmu_arctic,slt,English,F,train,ai-training/datasets/cmu-arctic/raw/cmu_us_slt_arctic/wav/arctic_a0125.wav,He was determined now to maintain a more certain hold upon himself,0,native_reference,native_reference,arctic_a0125
cmu_arctic,slt,English,F,train,ai-training/datasets/cmu-arctic/raw/cmu_us_slt_arctic/wav/arctic_a0126.wav,Each day she became a more vital part of him,0,native_reference,native_reference,arctic_a0126
cmu_arctic,slt,English,F,train,ai-training/datasets/cmu-arctic/raw/cmu_us_slt_arctic/wav/arctic_a0127.wav,It was a temptation but he resisted it,0,native_reference,native_reference,arctic_a0127
cmu_arctic,slt,English,F,train,ai-training/datasets/cmu-arctic/raw/cmu_us_slt_arctic/wav/arctic_a0128.wav,This one hope was destroyed as quickly as it was born,0,native_reference,native_reference,arctic_a0128
cmu_arctic,slt,English,F,train,ai-training/datasets/cmu-arctic/raw/cmu_us_slt_arctic/wav/arctic_a0129.wav,Her face was against his breast,0,native_reference,native_reference,arctic_a0129
cmu_arctic,slt,English,F,train,ai-training/datasets/cmu-arctic/raw/cmu_us_slt_arctic/wav/arctic_a0130.wav,She was his now forever,0,native_reference,native_reference,arctic_a0130
cmu_arctic,slt,English,F,train,ai-training/datasets/cmu-arctic/raw/cmu_us_slt_arctic/wav/arctic_a0131.wav,Providence had delivered him through the maelstrom,0,native_reference,native_reference,arctic_a0131
cmu_arctic,slt,English,F,train,ai-training/datasets/cmu-arctic/raw/cmu_us_slt_arctic/wav/arctic_a0132.wav,A cry of joy burst from Philip's lips,0,native_reference,native_reference,arctic_a0132
cmu_arctic,slt,English,F,train,ai-training/datasets/cmu-arctic/raw/cmu_us_slt_arctic/wav/arctic_a0133.wav,Philip began to feel that he had foolishly overestimated his strength,0,native_reference,native_reference,arctic_a0133
cmu_arctic,slt,English,F,train,ai-training/datasets/cmu-arctic/raw/cmu_us_slt_arctic/wav/arctic_a0134.wav,He obeyed the pressure of her hand,0,native_reference,native_reference,arctic_a0134
cmu_arctic,slt,English,F,train,ai-training/datasets/cmu-arctic/raw/cmu_us_slt_arctic/wav/arctic_a0135.wav,I am going to surprise father and you will go with Pierre,0,native_reference,native_reference,arctic_a0135
cmu_arctic,slt,English,F,train,ai-training/datasets/cmu-arctic/raw/cmu_us_slt_arctic/wav/arctic_a0136.wav,About him everywhere were the evidences of luxury and of age,0,native_reference,native_reference,arctic_a0136
cmu_arctic,slt,English,F,train,ai-training/datasets/cmu-arctic/raw/cmu_us_slt_arctic/wav/arctic_a0137.wav,Then he stepped back with a low cry of pleasure,0,native_reference,native_reference,arctic_a0137
cmu_arctic,slt,English,F,train,ai-training/datasets/cmu-arctic/raw/cmu_us_slt_arctic/wav/arctic_a0138.wav,In the picture he saw each moment a greater resemblance to Jeanne,0,native_reference,native_reference,arctic_a0138
cmu_arctic,slt,English,F,train,ai-training/datasets/cmu-arctic/raw/cmu_us_slt_arctic/wav/arctic_a0139.wav,He told himself that as he washed himself and groomed his disheveled clothes,0,native_reference,native_reference,arctic_a0139
cmu_arctic,slt,English,F,train,ai-training/datasets/cmu-arctic/raw/cmu_us_slt_arctic/wav/arctic_a0140.wav,Accept a father's blessing and with it this,0,native_reference,native_reference,arctic_a0140
cmu_arctic,slt,English,F,train,ai-training/datasets/cmu-arctic/raw/cmu_us_slt_arctic/wav/arctic_a0141.wav,It seems like a strange pointing of the hand of God,0,native_reference,native_reference,arctic_a0141
cmu_arctic,slt,English,F,train,ai-training/datasets/cmu-arctic/raw/cmu_us_slt_arctic/wav/arctic_a0142.wav,Such things had occurred before he told Philip,0,native_reference,native_reference,arctic_a0142
cmu_arctic,slt,English,F,train,ai-training/datasets/cmu-arctic/raw/cmu_us_slt_arctic/wav/arctic_a0143.wav,Ah I had forgotten he exclaimed,0,native_reference,native_reference,arctic_a0143
cmu_arctic,slt,English,F,train,ai-training/datasets/cmu-arctic/raw/cmu_us_slt_arctic/wav/arctic_a0144.wav,But there was something even more startling than this resemblance,0,native_reference,native_reference,arctic_a0144
cmu_arctic,slt,English,F,train,ai-training/datasets/cmu-arctic/raw/cmu_us_slt_arctic/wav/arctic_a0145.wav,I have to be careful of them as they tear very easily,0,native_reference,native_reference,arctic_a0145
cmu_arctic,slt,English,F,train,ai-training/datasets/cmu-arctic/raw/cmu_us_slt_arctic/wav/arctic_a0146.wav,Of course that is uninteresting she continued,0,native_reference,native_reference,arctic_a0146
cmu_arctic,slt,English,F,train,ai-training/datasets/cmu-arctic/raw/cmu_us_slt_arctic/wav/arctic_a0147.wav,A moment before he was intoxicated by a joy that was almost madness,0,native_reference,native_reference,arctic_a0147
cmu_arctic,slt,English,F,train,ai-training/datasets/cmu-arctic/raw/cmu_us_slt_arctic/wav/arctic_a0148.wav,Now these things had been struck dead within him,0,native_reference,native_reference,arctic_a0148
cmu_arctic,slt,English,F,train,ai-training/datasets/cmu-arctic/raw/cmu_us_slt_arctic/wav/arctic_a0149.wav,For an instant he saw Pierre drawn like a silhouette against the sky,0,native_reference,native_reference,arctic_a0149
cmu_arctic,slt,English,F,train,ai-training/datasets/cmu-arctic/raw/cmu_us_slt_arctic/wav/arctic_a0150.wav,Goodbye Pierre he shouted,0,native_reference,native_reference,arctic_a0150
cmu_arctic,slt,English,F,train,ai-training/datasets/cmu-arctic/raw/cmu_us_slt_arctic/wav/arctic_a0151.wav,And MacDougall was beyond the trail with three weeks to spare,0,native_reference,native_reference,arctic_a0151
cmu_arctic,slt,English,F,train,ai-training/datasets/cmu-arctic/raw/cmu_us_slt_arctic/wav/arctic_a0152.wav,Philip thrust himself against it and entered,0,native_reference,native_reference,arctic_a0152
cmu_arctic,slt,English,F,train,ai-training/datasets/cmu-arctic/raw/cmu_us_slt_arctic/wav/arctic_a0153.wav,MacDougall tapped his forehead suspiciously with a stubby forefinger,0,native_reference,native_reference,arctic_a0153
cmu_arctic,slt,English,F,train,ai-training/datasets/cmu-arctic/raw/cmu_us_slt_arctic/wav/arctic_a0154.wav,He was smooth-shaven and his hair and eyes were black,0,native_reference,native_reference,arctic_a0154
cmu_arctic,slt,English,F,train,ai-training/datasets/cmu-arctic/raw/cmu_us_slt_arctic/wav/arctic_a0155.wav,Won't you draw up gentlemen,0,native_reference,native_reference,arctic_a0155
cmu_arctic,slt,English,F,train,ai-training/datasets/cmu-arctic/raw/cmu_us_slt_arctic/wav/arctic_a0156.wav,A strange fire burned in his eyes when Thorpe turned,0,native_reference,native_reference,arctic_a0156
cmu_arctic,slt,English,F,train,ai-training/datasets/cmu-arctic/raw/cmu_us_slt_arctic/wav/arctic_a0157.wav,He had worshiped her as Dante might have worshiped Beatrice,0,native_reference,native_reference,arctic_a0157
cmu_arctic,slt,English,F,train,ai-training/datasets/cmu-arctic/raw/cmu_us_slt_arctic/wav/arctic_a0158.wav,Does that look good,0,native_reference,native_reference,arctic_a0158
cmu_arctic,slt,English,F,train,ai-training/datasets/cmu-arctic/raw/cmu_us_slt_arctic/wav/arctic_a0159.wav,They look as though he had been drumming a piano all his life,0,native_reference,native_reference,arctic_a0159
cmu_arctic,slt,English,F,train,ai-training/datasets/cmu-arctic/raw/cmu_us_slt_arctic/wav/arctic_a0160.wav,You want to go over and see his gang throw dirt,0,native_reference,native_reference,arctic_a0160
cmu_arctic,slt,English,F,train,ai-training/datasets/cmu-arctic/raw/cmu_us_slt_arctic/wav/arctic_a0161.wav,Take away their foreman and they wouldn't be worth their grub,0,native_reference,native_reference,arctic_a0161
cmu_arctic,slt,English,F,train,ai-training/datasets/cmu-arctic/raw/cmu_us_slt_arctic/wav/arctic_a0162.wav,That's the sub-foreman explained Thorpe,0,native_reference,native_reference,arctic_a0162
cmu_arctic,slt,English,F,train,ai-training/datasets/cmu-arctic/raw/cmu_us_slt_arctic/wav/arctic_a0163.wav,Philip made no effort to follow,0,native_reference,native_reference,arctic_a0163
cmu_arctic,slt,English,F,train,ai-training/datasets/cmu-arctic/raw/cmu_us_slt_arctic/wav/arctic_a0164.wav,He came first a year ago and revealed himself to Jeanne,0,native_reference,native_reference,arctic_a0164
cmu_arctic,slt,English,F,train,ai-training/datasets/cmu-arctic/raw/cmu_us_slt_arctic/wav/arctic_a0165.wav,They are to attack your camp tomorrow night,0,native_reference,native_reference,arctic_a0165
cmu_arctic,slt,English,F,train,ai-training/datasets/cmu-arctic/raw/cmu_us_slt_arctic/wav/arctic_a0166.wav,Two days ago Jeanne learned where her father's men were hiding,0,native_reference,native_reference,arctic_a0166
cmu_arctic,slt,English,F,train,ai-training/datasets/cmu-arctic/raw/cmu_us_slt_arctic/wav/arctic_a0167.wav,I was near the cabin and saw you,0,native_reference,native_reference,arctic_a0167
cmu_arctic,slt,English,F,train,ai-training/datasets/cmu-arctic/raw/cmu_us_slt_arctic/wav/arctic_a0168.wav,Low bush whipped him in the face and left no sting,0,native_reference,native_reference,arctic_a0168
cmu_arctic,slt,English,F,train,ai-training/datasets/cmu-arctic/raw/cmu_us_slt_arctic/wav/arctic_a0169.wav,Suddenly Jeanne stopped for an instant,0,native_reference,native_reference,arctic_a0169
cmu_arctic,slt,English,F,train,ai-training/datasets/cmu-arctic/raw/cmu_us_slt_arctic/wav/arctic_a0170.wav,There was none of the joy of meeting in his face,0,native_reference,native_reference,arctic_a0170
cmu_arctic,slt,English,F,train,ai-training/datasets/cmu-arctic/raw/cmu_us_slt_arctic/wav/arctic_a0171.wav,And when you come back in a few days bring Eileen,0,native_reference,native_reference,arctic_a0171
cmu_arctic,slt,English,F,train,ai-training/datasets/cmu-arctic/raw/cmu_us_slt_arctic/wav/arctic_a0172.wav,Gregson had left the outer door slightly ajar,0,native_reference,native_reference,arctic_a0172
cmu_arctic,slt,English,F,train,ai-training/datasets/cmu-arctic/raw/cmu_us_slt_arctic/wav/arctic_a0173.wav,The date was nearly eighteen years old,0,native_reference,native_reference,arctic_a0173
cmu_arctic,slt,English,F,train,ai-training/datasets/cmu-arctic/raw/cmu_us_slt_arctic/wav/arctic_a0174.wav,They were the presage of storm,0,native_reference,native_reference,arctic_a0174
cmu_arctic,slt,English,F,train,ai-training/datasets/cmu-arctic/raw/cmu_us_slt_arctic/wav/arctic_a0175.wav,Down there the earth was already swelling with life,0,native_reference,native_reference,arctic_a0175
cmu_arctic,slt,English,F,train,ai-training/datasets/cmu-arctic/raw/cmu_us_slt_arctic/wav/arctic_a0176.wav,For the first time in his life he was yearning for a scrap,0,native_reference,native_reference,arctic_a0176
cmu_arctic,slt,English,F,train,ai-training/datasets/cmu-arctic/raw/cmu_us_slt_arctic/wav/arctic_a0177.wav,She had been thoroughly and efficiently mauled,0,native_reference,native_reference,arctic_a0177
cmu_arctic,slt,English,F,train,ai-training/datasets/cmu-arctic/raw/cmu_us_slt_arctic/wav/arctic_a0178.wav,Every bone in her aged body seemed broken or dislocated,0,native_reference,native_reference,arctic_a0178
cmu_arctic,slt,English,F,train,ai-training/datasets/cmu-arctic/raw/cmu_us_slt_arctic/wav/arctic_a0179.wav,Tomorrow I'm going after that bear he said,0,native_reference,native_reference,arctic_a0179
cmu_arctic,slt,English,F,train,ai-training/datasets/cmu-arctic/raw/cmu_us_slt_arctic/wav/arctic_a0180.wav,If not let's say our prayers and go to bed,0,native_reference,native_reference,arctic_a0180
cmu_arctic,slt,English,F,train,ai-training/datasets/cmu-arctic/raw/cmu_us_slt_arctic/wav/arctic_a0181.wav,So cheer up and give us your paw,0,native_reference,native_reference,arctic_a0181
cmu_arctic,slt,English,F,train,ai-training/datasets/cmu-arctic/raw/cmu_us_slt_arctic/wav/arctic_a0182.wav,This time he did not yap for mercy,0,native_reference,native_reference,arctic_a0182
cmu_arctic,slt,English,F,train,ai-training/datasets/cmu-arctic/raw/cmu_us_slt_arctic/wav/arctic_a0183.wav,And the air was growing chilly,0,native_reference,native_reference,arctic_a0183
cmu_arctic,slt,English,F,train,ai-training/datasets/cmu-arctic/raw/cmu_us_slt_arctic/wav/arctic_a0184.wav,Don't you see I'm chewing this thing in two,0,native_reference,native_reference,arctic_a0184
cmu_arctic,slt,English,F,train,ai-training/datasets/cmu-arctic/raw/cmu_us_slt_arctic/wav/arctic_a0185.wav,The questions may have come vaguely in his mind,0,native_reference,native_reference,arctic_a0185
cmu_arctic,slt,English,F,train,ai-training/datasets/cmu-arctic/raw/cmu_us_slt_arctic/wav/arctic_a0186.wav,Like a flash he launched himself into the feathered mass of the owl,0,native_reference,native_reference,arctic_a0186
cmu_arctic,slt,English,F,train,ai-training/datasets/cmu-arctic/raw/cmu_us_slt_arctic/wav/arctic_a0187.wav,Ahead of them they saw a glimmer of sunshine,0,native_reference,native_reference,arctic_a0187
cmu_arctic,slt,English,F,train,ai-training/datasets/cmu-arctic/raw/cmu_us_slt_arctic/wav/arctic_a0188.wav,Two gigantic owls were tearing at the carcass,0,native_reference,native_reference,arctic_a0188
cmu_arctic,slt,English,F,train,ai-training/datasets/cmu-arctic/raw/cmu_us_slt_arctic/wav/arctic_a0189.wav,The big-eyed clucking moose-birds were most annoying,0,native_reference,native_reference,arctic_a0189
cmu_arctic,slt,English,F,train,ai-training/datasets/cmu-arctic/raw/cmu_us_slt_arctic/wav/arctic_a0190.wav,Next to them the Canada jays were most persistent,0,native_reference,native_reference,arctic_a0190
cmu_arctic,slt,English,F,train,ai-training/datasets/cmu-arctic/raw/cmu_us_slt_arctic/wav/arctic_a0191.wav,For a time the exciting thrill of his adventure was gone,0,native_reference,native_reference,arctic_a0191
cmu_arctic,slt,English,F,train,ai-training/datasets/cmu-arctic/raw/cmu_us_slt_arctic/wav/arctic_a0192.wav,He did not rush in,0,native_reference,native_reference,arctic_a0192
cmu_arctic,slt,English,F,train,ai-training/datasets/cmu-arctic/raw/cmu_us_slt_arctic/wav/arctic_a0193.wav,It was edged with ice,0,native_reference,native_reference,arctic_a0193
cmu_arctic,slt,English,F,train,ai-training/datasets/cmu-arctic/raw/cmu_us_slt_arctic/wav/arctic_a0194.wav,He drank of the water cautiously,0,native_reference,native_reference,arctic_a0194
cmu_arctic,slt,English,F,train,ai-training/datasets/cmu-arctic/raw/cmu_us_slt_arctic/wav/arctic_a0195.wav,But a strange thing happened,0,native_reference,native_reference,arctic_a0195
cmu_arctic,slt,English,F,train,ai-training/datasets/cmu-arctic/raw/cmu_us_slt_arctic/wav/arctic_a0196.wav,He began to follow the footprints of the dog,0,native_reference,native_reference,arctic_a0196
cmu_arctic,slt,English,F,train,ai-training/datasets/cmu-arctic/raw/cmu_us_slt_arctic/wav/arctic_a0197.wav,Such a dog the wise driver kills or turns loose,0,native_reference,native_reference,arctic_a0197
cmu_arctic,slt,English,F,train,ai-training/datasets/cmu-arctic/raw/cmu_us_slt_arctic/wav/arctic_a0198.wav,Sometimes her dreams were filled with visions,0,native_reference,native_reference,arctic_a0198
cmu_arctic,slt,English,F,train,ai-training/datasets/cmu-arctic/raw/cmu_us_slt_arctic/wav/arctic_a0199.wav,Thus had the raw wilderness prepared him for this day,0,native_reference,native_reference,arctic_a0199
cmu_arctic,slt,English,F,train,ai-training/datasets/cmu-arctic/raw/cmu_us_slt_arctic/wav/arctic_a0200.wav,He leapt again and the club caught him once more,0,native_reference,native_reference,arctic_a0200
cmu_arctic,slt,English,F,train,ai-training/datasets/cmu-arctic/raw/cmu_us_slt_arctic/wav/arctic_a0201.wav,He cried and swung the club wildly,0,native_reference,native_reference,arctic_a0201
cmu_arctic,slt,English,F,train,ai-training/datasets/cmu-arctic/raw/cmu_us_slt_arctic/wav/arctic_a0202.wav,She turned fearing that Jacques might see what was in her face,0,native_reference,native_reference,arctic_a0202
cmu_arctic,slt,English,F,train,ai-training/datasets/cmu-arctic/raw/cmu_us_slt_arctic/wav/arctic_a0203.wav,They were following the shore of a lake,0,native_reference,native_reference,arctic_a0203
cmu_arctic,slt,English,F,train,ai-training/datasets/cmu-arctic/raw/cmu_us_slt_arctic/wav/arctic_a0204.wav,The wolf-dog thrust his gaunt muzzle toward him,0,native_reference,native_reference,arctic_a0204
cmu_arctic,slt,English,F,train,ai-training/datasets/cmu-arctic/raw/cmu_us_slt_arctic/wav/arctic_a0205.wav,From now on we're pals,0,native_reference,native_reference,arctic_a0205
cmu_arctic,slt,English,F,train,ai-training/datasets/cmu-arctic/raw/cmu_us_slt_arctic/wav/arctic_a0206.wav,He says he bought him of Jacques Le Beau,0,native_reference,native_reference,arctic_a0206
cmu_arctic,slt,English,F,train,ai-training/datasets/cmu-arctic/raw/cmu_us_slt_arctic/wav/arctic_a0207.wav,How much was it,0,native_reference,native_reference,arctic_a0207
cmu_arctic,slt,English,F,train,ai-training/datasets/cmu-arctic/raw/cmu_us_slt_arctic/wav/arctic_a0208.wav,Youth had come back to her freed from the yoke of oppression,0,native_reference,native_reference,arctic_a0208
cmu_arctic,slt,English,F,train,ai-training/datasets/cmu-arctic/raw/cmu_us_slt_arctic/wav/arctic_a0209.wav,It was not a large lake and almost round,0,native_reference,native_reference,arctic_a0209
cmu_arctic,slt,English,F,train,ai-training/datasets/cmu-arctic/raw/cmu_us_slt_arctic/wav/arctic_a0210.wav,Its diameter was not more than two hundred yards,0,native_reference,native_reference,arctic_a0210
cmu_arctic,slt,English,F,train,ai-training/datasets/cmu-arctic/raw/cmu_us_slt_arctic/wav/arctic_a0211.wav,It drowned all sound that brute agony and death may have made,0,native_reference,native_reference,arctic_a0211
cmu_arctic,slt,English,F,train,ai-training/datasets/cmu-arctic/raw/cmu_us_slt_arctic/wav/arctic_a0212.wav,Fresh cases still able to walk they clustered about the spokesman,0,native_reference,native_reference,arctic_a0212
cmu_arctic,slt,English,F,train,ai-training/datasets/cmu-arctic/raw/cmu_us_slt_arctic/wav/arctic_a0213.wav,Between him and the beach was the cane-grass fence of the compound,0,native_reference,native_reference,arctic_a0213
cmu_arctic,slt,English,F,train,ai-training/datasets/cmu-arctic/raw/cmu_us_slt_arctic/wav/arctic_a0214.wav,Besides he was paid one case of tobacco per head,0,native_reference,native_reference,arctic_a0214
cmu_arctic,slt,English,F,train,ai-training/datasets/cmu-arctic/raw/cmu_us_slt_arctic/wav/arctic_a0215.wav,They die out of spite,0,native_reference,native_reference,arctic_a0215
cmu_arctic,slt,English,F,train,ai-training/datasets/cmu-arctic/raw/cmu_us_slt_arctic/wav/arctic_a0216.wav,The other felt a sudden wave of irritation rush through him,0,native_reference,native_reference,arctic_a0216
cmu_arctic,slt,English,F,train,ai-training/datasets/cmu-arctic/raw/cmu_us_slt_arctic/wav/arctic_a0217.wav,Oppressive as the heat had been it was now even more oppressive,0,native_reference,native_reference,arctic_a0217
cmu_arctic,slt,English,F,train,ai-training/datasets/cmu-arctic/raw/cmu_us_slt_arctic/wav/arctic_a0218.wav,The ringing of the big bell aroused him,0,native_reference,native_reference,arctic_a0218
cmu_arctic,slt,English,F,train,ai-training/datasets/cmu-arctic/raw/cmu_us_slt_arctic/wav/arctic_a0219.wav,At first he puzzled over something untoward he was sure had happened,0,native_reference,native_reference,arctic_a0219
cmu_arctic,slt,English,F,train,ai-training/datasets/cmu-arctic/raw/cmu_us_slt_arctic/wav/arctic_a0220.wav,A dead man is of no use on a plantation,0,native_reference,native_reference,arctic_a0220
cmu_arctic,slt,English,F,train,ai-training/datasets/cmu-arctic/raw/cmu_us_slt_arctic/wav/arctic_a0221.wav,I don't know why you're here at all,0,native_reference,native_reference,arctic_a0221
cmu_arctic,slt,English,F,train,ai-training/datasets/cmu-arctic/raw/cmu_us_slt_arctic/wav/arctic_a0222.wav,What part of the United States is your home,0,native_reference,native_reference,arctic_a0222
cmu_arctic,slt,English,F,train,ai-training/datasets/cmu-arctic/raw/cmu_us_slt_arctic/wav/arctic_a0223.wav,My I'm almost homesick for it already,0,native_reference,native_reference,arctic_a0223
cmu_arctic,slt,English,F,train,ai-training/datasets/cmu-arctic/raw/cmu_us_slt_arctic/wav/arctic_a0224.wav,She nodded and her eyes grew soft and moist,0,native_reference,native_reference,arctic_a0224
cmu_arctic,slt,English,F,train,ai-training/datasets/cmu-arctic/raw/cmu_us_slt_arctic/wav/arctic_a0225.wav,I was brought up the way most girls in Hawaii are brought up,0,native_reference,native_reference,arctic_a0225
cmu_arctic,slt,English,F,train,ai-training/datasets/cmu-arctic/raw/cmu_us_slt_arctic/wav/arctic_a0226.wav,That came before my A B C's,0,native_reference,native_reference,arctic_a0226
cmu_arctic,slt,English,F,train,ai-training/datasets/cmu-arctic/raw/cmu_us_slt_arctic/wav/arctic_a0227.wav,It was the same way with our revolvers and rifles,0,native_reference,native_reference,arctic_a0227
cmu_arctic,slt,English,F,train,ai-training/datasets/cmu-arctic/raw/cmu_us_slt_arctic/wav/arctic_a0228.wav,But it contributed to the smash,0,native_reference,native_reference,arctic_a0228
cmu_arctic,slt,English,F,train,ai-training/datasets/cmu-arctic/raw/cmu_us_slt_arctic/wav/arctic_a0229.wav,The last one I knew was an overseer,0,native_reference,native_reference,arctic_a0229
cmu_arctic,slt,English,F,train,ai-training/datasets/cmu-arctic/raw/cmu_us_slt_arctic/wav/arctic_a0230.wav,Do you know any good land around here,0,native_reference,native_reference,arctic_a0230
cmu_arctic,slt,English,F,train,ai-training/datasets/cmu-arctic/raw/cmu_us_slt_arctic/wav/arctic_a0231.wav,The Resident Commissioner is away in Australia,0,native_reference,native_reference,arctic_a0231
cmu_arctic,slt,English,F,train,ai-training/datasets/cmu-arctic/raw/cmu_us_slt_arctic/wav/arctic_a0232.wav,I cannot follow you she said,0,native_reference,native_reference,arctic_a0232
cmu_arctic,slt,English,F,train,ai-training/datasets/cmu-arctic/raw/cmu_us_slt_arctic/wav/arctic_a0233.wav,I never allow what can't be changed to annoy me,0,native_reference,native_reference,arctic_a0233
cmu_arctic,slt,English,F,train,ai-training/datasets/cmu-arctic/raw/cmu_us_slt_arctic/wav/arctic_a0234.wav,Why the average review is more nauseating than cod liver oil,0,native_reference,native_reference,arctic_a0234
cmu_arctic,slt,English,F,train,ai-training/datasets/cmu-arctic/raw/cmu_us_slt_arctic/wav/arctic_a0235.wav,His voice was passionately rebellious,0,native_reference,native_reference,arctic_a0235
cmu_arctic,slt,English,F,train,ai-training/datasets/cmu-arctic/raw/cmu_us_slt_arctic/wav/arctic_a0236.wav,Don't you see I hate you,0,native_reference,native_reference,arctic_a0236
cmu_arctic,slt,English,F,train,ai-training/datasets/cmu-arctic/raw/cmu_us_slt_arctic/wav/arctic_a0237.wav,So Hughie and I did the managing ourselves,0,native_reference,native_reference,arctic_a0237
cmu_arctic,slt,English,F,train,ai-training/datasets/cmu-arctic/raw/cmu_us_slt_arctic/wav/arctic_a0238.wav,It happened to him at the Gallina Society in Oakland one afternoon,0,native_reference,native_reference,arctic_a0238
cmu_arctic,slt,English,F,train,ai-training/datasets/cmu-arctic/raw/cmu_us_slt_arctic/wav/arctic_a0239.wav,He cried in such genuine dismay that she broke into hearty laughter,0,native_reference,native_reference,arctic_a0239
cmu_arctic,slt,English,F,train,ai-training/datasets/cmu-arctic/raw/cmu_us_slt_arctic/wav/arctic_a0240.wav,Wash your hands of me,0,native_reference,native_reference,arctic_a0240
cmu_arctic,slt,English,F,train,ai-training/datasets/cmu-arctic/raw/cmu_us_slt_arctic/wav/arctic_a0241.wav,I think it's much nicer to quarrel,0,native_reference,native_reference,arctic_a0241
cmu_arctic,slt,English,F,train,ai-training/datasets/cmu-arctic/raw/cmu_us_slt_arctic/wav/arctic_a0242.wav,I saw it when she rolled,0,native_reference,native_reference,arctic_a0242
cmu_arctic,slt,English,F,train,ai-training/datasets/cmu-arctic/raw/cmu_us_slt_arctic/wav/arctic_a0243.wav,I only read the quotations,0,native_reference,native_reference,arctic_a0243
cmu_arctic,slt,English,F,train,ai-training/datasets/cmu-arctic/raw/cmu_us_slt_arctic/wav/arctic_a0244.wav,He was the soul of devotion to his employers,0,native_reference,native_reference,arctic_a0244
cmu_arctic,slt,English,F,train,ai-training/datasets/cmu-arctic/raw/cmu_us_slt_arctic/wav/arctic_a0245.wav,Out of his eighteen hundred he laid aside sixteen hundred each year,0,native_reference,native_reference,arctic_a0245
cmu_arctic,slt,English,F,train,ai-training/datasets/cmu-arctic/raw/cmu_us_slt_arctic/wav/arctic_a0246.wav,You have heard always how he was the lover of the Princess Naomi,0,native_reference,native_reference,arctic_a0246
cmu_arctic,slt,English,F,train,ai-training/datasets/cmu-arctic/raw/cmu_us_slt_arctic/wav/arctic_a0247.wav,They ought to pass here some time today,0,native_reference,native_reference,arctic_a0247
cmu_arctic,slt,English,F,train,ai-training/datasets/cmu-arctic/raw/cmu_us_slt_arctic/wav/arctic_a0248.wav,I had been sad too long already,0,native_reference,native_reference,arctic_a0248
cmu_arctic,slt,English,F,train,ai-training/datasets/cmu-arctic/raw/cmu_us_slt_arctic/wav/arctic_a0249.wav,All eyes however were staring at him in certitude of expectancy,0,native_reference,native_reference,arctic_a0249
cmu_arctic,slt,English,F,train,ai-training/datasets/cmu-arctic/raw/cmu_us_slt_arctic/wav/arctic_a0250.wav,He had observed the business life of Hawaii and developed a vaulting ambition,0,native_reference,native_reference,arctic_a0250
cmu_arctic,slt,English,F,train,ai-training/datasets/cmu-arctic/raw/cmu_us_slt_arctic/wav/arctic_a0251.wav,I may manage to freight a cargo back as well,0,native_reference,native_reference,arctic_a0251
cmu_arctic,slt,English,F,train,ai-training/datasets/cmu-arctic/raw/cmu_us_slt_arctic/wav/arctic_a0252.wav,O'Brien had been a clean living young man with ideals,0,native_reference,native_reference,arctic_a0252
cmu_arctic,slt,English,F,train,ai-training/datasets/cmu-arctic/raw/cmu_us_slt_arctic/wav/arctic_a0253.wav,He it was that lived to found the family of the Patino,0,native_reference,native_reference,arctic_a0253
cmu_arctic,slt,English,F,train,ai-training/datasets/cmu-arctic/raw/cmu_us_slt_arctic/wav/arctic_a0254.wav,Straight out they swam their heads growing smaller and smaller,0,native_reference,native_reference,arctic_a0254
cmu_arctic,slt,English,F,train,ai-training/datasets/cmu-arctic/raw/cmu_us_slt_arctic/wav/arctic_a0255.wav,You won't die of malnutrition be sure of that,0,native_reference,native_reference,arctic_a0255
cmu_arctic,slt,English,F,train,ai-training/datasets/cmu-arctic/raw/cmu_us_slt_arctic/wav/arctic_a0256.wav,See the length of the body and that elongated neck,0,native_reference,native_reference,arctic_a0256
cmu_arctic,slt,English,F,train,ai-training/datasets/cmu-arctic/raw/cmu_us_slt_arctic/wav/arctic_a0257.wav,They are coming ashore whoever they are,0,native_reference,native_reference,arctic_a0257
cmu_arctic,slt,English,F,train,ai-training/datasets/cmu-arctic/raw/cmu_us_slt_arctic/wav/arctic_a0258.wav,Soaked in seawater they offset the heat rays,0,native_reference,native_reference,arctic_a0258
cmu_arctic,slt,English,F,train,ai-training/datasets/cmu-arctic/raw/cmu_us_slt_arctic/wav/arctic_a0259.wav,Think of investing in such an adventure,0,native_reference,native_reference,arctic_a0259
cmu_arctic,slt,English,F,train,ai-training/datasets/cmu-arctic/raw/cmu_us_slt_arctic/wav/arctic_a0260.wav,Nobody knew his history they of the Junta least of all,0,native_reference,native_reference,arctic_a0260
cmu_arctic,slt,English,F,train,ai-training/datasets/cmu-arctic/raw/cmu_us_slt_arctic/wav/arctic_a0261.wav,I have been doubly baptized,0,native_reference,native_reference,arctic_a0261
cmu_arctic,slt,English,F,train,ai-training/datasets/cmu-arctic/raw/cmu_us_slt_arctic/wav/arctic_a0262.wav,They wouldn't be sweeping a big vessel like the Martha,0,native_reference,native_reference,arctic_a0262
cmu_arctic,slt,English,F,train,ai-training/datasets/cmu-arctic/raw/cmu_us_slt_arctic/wav/arctic_a0263.wav,Joan looked triumphantly at Sheldon who bowed,0,native_reference,native_reference,arctic_a0263
cmu_arctic,slt,English,F,train,ai-training/datasets/cmu-arctic/raw/cmu_us_slt_arctic/wav/arctic_a0264.wav,And I hope you've got plenty of chain out Captain Young,0,native_reference,native_reference,arctic_a0264
cmu_arctic,slt,English,F,train,ai-training/datasets/cmu-arctic/raw/cmu_us_slt_arctic/wav/arctic_a0265.wav,The discovery seemed to have been made on the spur of the moment,0,native_reference,native_reference,arctic_a0265
cmu_arctic,slt,English,F,train,ai-training/datasets/cmu-arctic/raw/cmu_us_slt_arctic/wav/arctic_a0266.wav,They handled two men already both grub-thieves,0,native_reference,native_reference,arctic_a0266
cmu_arctic,slt,English,F,train,ai-training/datasets/cmu-arctic/raw/cmu_us_slt_arctic/wav/arctic_a0267.wav,Eli Harding asked as Shunk started to follow,0,native_reference,native_reference,arctic_a0267
cmu_arctic,slt,English,F,train,ai-training/datasets/cmu-arctic/raw/cmu_us_slt_arctic/wav/arctic_a0268.wav,Now go ahead and tell me in a straightforward way what has happened,0,native_reference,native_reference,arctic_a0268
cmu_arctic,slt,English,F,train,ai-training/datasets/cmu-arctic/raw/cmu_us_slt_arctic/wav/arctic_a0269.wav,That's where they cut off the Scottish Chiefs and killed all hands,0,native_reference,native_reference,arctic_a0269
cmu_arctic,slt,English,F,train,ai-training/datasets/cmu-arctic/raw/cmu_us_slt_arctic/wav/arctic_a0270.wav,And after the bath a shave would not be bad,0,native_reference,native_reference,arctic_a0270
cmu_arctic,slt,English,F,train,ai-training/datasets/cmu-arctic/raw/cmu_us_slt_arctic/wav/arctic_a0271.wav,Now please give a plain statement of what occurred,0,native_reference,native_reference,arctic_a0271
cmu_arctic,slt,English,F,train,ai-training/datasets/cmu-arctic/raw/cmu_us_slt_arctic/wav/arctic_a0272.wav,You can take a vacation on pay,0,native_reference,native_reference,arctic_a0272
cmu_arctic,slt,English,F,train,ai-training/datasets/cmu-arctic/raw/cmu_us_slt_arctic/wav/arctic_a0273.wav,They are big trees and require plenty of room,0,native_reference,native_reference,arctic_a0273
cmu_arctic,slt,English,F,train,ai-training/datasets/cmu-arctic/raw/cmu_us_slt_arctic/wav/arctic_a0274.wav,And Raoul listened again to the tale of the house,0,native_reference,native_reference,arctic_a0274
cmu_arctic,slt,English,F,train,ai-training/datasets/cmu-arctic/raw/cmu_us_slt_arctic/wav/arctic_a0275.wav,There are no kiddies and half grown youths among them,0,native_reference,native_reference,arctic_a0275
cmu_arctic,slt,English,F,train,ai-training/datasets/cmu-arctic/raw/cmu_us_slt_arctic/wav/arctic_a0276.wav,Oolong Atoll was one hundred and forty miles in circumference,0,native_reference,native_reference,arctic_a0276
cmu_arctic,slt,English,F,train,ai-training/datasets/cmu-arctic/raw/cmu_us_slt_arctic/wav/arctic_a0277.wav,McCoy found a stifling poisonous atmosphere in the pent cabin,0,native_reference,native_reference,arctic_a0277
cmu_arctic,slt,English,F,train,ai-training/datasets/cmu-arctic/raw/cmu_us_slt_arctic/wav/arctic_a0278.wav,It would give me nervous prostration,0,native_reference,native_reference,arctic_a0278
cmu_arctic,slt,English,F,train,ai-training/datasets/cmu-arctic/raw/cmu_us_slt_arctic/wav/arctic_a0279.wav,She said with chattering teeth,0,native_reference,native_reference,arctic_a0279
cmu_arctic,slt,English,F,train,ai-training/datasets/cmu-arctic/raw/cmu_us_slt_arctic/wav/arctic_a0280.wav,I'll be out of my head in fifteen minutes,0,native_reference,native_reference,arctic_a0280
cmu_arctic,slt,English,F,train,ai-training/datasets/cmu-arctic/raw/cmu_us_slt_arctic/wav/arctic_a0281.wav,I do not blame you for anything remember that,0,native_reference,native_reference,arctic_a0281
cmu_arctic,slt,English,F,train,ai-training/datasets/cmu-arctic/raw/cmu_us_slt_arctic/wav/arctic_a0282.wav,If you mean to insinuate -- Brentwood began hotly,0,native_reference,native_reference,arctic_a0282
cmu_arctic,slt,English,F,train,ai-training/datasets/cmu-arctic/raw/cmu_us_slt_arctic/wav/arctic_a0283.wav,The woman in you is only incidental accidental and irrelevant,0,native_reference,native_reference,arctic_a0283
cmu_arctic,slt,English,F,train,ai-training/datasets/cmu-arctic/raw/cmu_us_slt_arctic/wav/arctic_a0284.wav,There was no forecasting this strange girl's processes,0,native_reference,native_reference,arctic_a0284
cmu_arctic,slt,English,F,train,ai-training/datasets/cmu-arctic/raw/cmu_us_slt_arctic/wav/arctic_a0285.wav,But what they want with your toothbrush is more than I can imagine,0,native_reference,native_reference,arctic_a0285
cmu_arctic,slt,English,F,train,ai-training/datasets/cmu-arctic/raw/cmu_us_slt_arctic/wav/arctic_a0286.wav,Give them their choice between a fine or an official whipping,0,native_reference,native_reference,arctic_a0286
cmu_arctic,slt,English,F,train,ai-training/datasets/cmu-arctic/raw/cmu_us_slt_arctic/wav/arctic_a0287.wav,Keep an eye on him,0,native_reference,native_reference,arctic_a0287
cmu_arctic,slt,English,F,train,ai-training/datasets/cmu-arctic/raw/cmu_us_slt_arctic/wav/arctic_a0288.wav,Those are my oysters he said at last,0,native_reference,native_reference,arctic_a0288
cmu_arctic,slt,English,F,train,ai-training/datasets/cmu-arctic/raw/cmu_us_slt_arctic/wav/arctic_a0289.wav,They are not regular oyster pirates Nicholas continued,0,native_reference,native_reference,arctic_a0289
cmu_arctic,slt,English,F,train,ai-training/datasets/cmu-arctic/raw/cmu_us_slt_arctic/wav/arctic_a0290.wav,One by one the boys were captured,0,native_reference,native_reference,arctic_a0290
cmu_arctic,slt,English,F,train,ai-training/datasets/cmu-arctic/raw/cmu_us_slt_arctic/wav/arctic_a0291.wav,The weeks had gone by and no overt acts had been attempted,0,native_reference,native_reference,arctic_a0291
cmu_arctic,slt,English,F,train,ai-training/datasets/cmu-arctic/raw/cmu_us_slt_arctic/wav/arctic_a0292.wav,Here in the midmorning the first casualty occurred,0,native_reference,native_reference,arctic_a0292
cmu_arctic,slt,English,F,train,ai-training/datasets/cmu-arctic/raw/cmu_us_slt_arctic/wav/arctic_a0293.wav,They were deep in the primeval forest,0,native_reference,native_reference,arctic_a0293
cmu_arctic,slt,English,F,train,ai-training/datasets/cmu-arctic/raw/cmu_us_slt_arctic/wav/arctic_a0294.wav,He had been foiled in his attempt to escape,0,native_reference,native_reference,arctic_a0294
cmu_arctic,slt,English,F,train,ai-training/datasets/cmu-arctic/raw/cmu_us_slt_arctic/wav/arctic_a0295.wav,And twenty men could hold it with spears and arrows,0,native_reference,native_reference,arctic_a0295
cmu_arctic,slt,English,F,train,ai-training/datasets/cmu-arctic/raw/cmu_us_slt_arctic/wav/arctic_a0296.wav,Bassett was a fastidious man,0,native_reference,native_reference,arctic_a0296
cmu_arctic,slt,English,F,train,ai-training/datasets/cmu-arctic/raw/cmu_us_slt_arctic/wav/arctic_a0297.wav,There's a big English general right now whose name is Roberts,0,native_reference,native_reference,arctic_a0297
cmu_arctic,slt,English,F,train,ai-training/datasets/cmu-arctic/raw/cmu_us_slt_arctic/wav/arctic_a0298.wav,This tacit promise of continued acquaintance gave Saxon a little joy-thrill,0,native_reference,native_reference,arctic_a0298
cmu_arctic,slt,English,F,train,ai-training/datasets/cmu-arctic/raw/cmu_us_slt_arctic/wav/arctic_a0299.wav,I tell you I am disgusted with this adventure tomfoolery and rot,0,native_reference,native_reference,arctic_a0299
cmu_arctic,slt,English,F,train,ai-training/datasets/cmu-arctic/raw/cmu_us_slt_arctic/wav/arctic_a0300.wav,From my earliest recollection my sleep was a period of terror,0,native_reference,native_reference,arctic_a0300
cmu_arctic,slt,English,F,train,ai-training/datasets/cmu-arctic/raw/cmu_us_slt_arctic/wav/arctic_a0301.wav,But all my dreams violated this law,0,native_reference,native_reference,arctic_a0301
cmu_arctic,slt,English,F,train,ai-training/datasets/cmu-arctic/raw/cmu_us_slt_arctic/wav/arctic_a0302.wav,It is very plausible to such people a most convincing hypothesis,0,native_reference,native_reference,arctic_a0302
cmu_arctic,slt,English,F,train,ai-training/datasets/cmu-arctic/raw/cmu_us_slt_arctic/wav/arctic_a0303.wav,But they make the mistake of ignoring their own duality,0,native_reference,native_reference,arctic_a0303
cmu_arctic,slt,English,F,train,ai-training/datasets/cmu-arctic/raw/cmu_us_slt_arctic/wav/arctic_a0304.wav,I graduated last of my class,0,native_reference,native_reference,arctic_a0304
cmu_arctic,slt,English,F,train,ai-training/datasets/cmu-arctic/raw/cmu_us_slt_arctic/wav/arctic_a0305.wav,They had no fixed values to be altered by adjectives and adverbs,0,native_reference,native_reference,arctic_a0305
cmu_arctic,slt,English,F,train,ai-training/datasets/cmu-arctic/raw/cmu_us_slt_arctic/wav/arctic_a0306.wav,He was pressing beyond the limits of his vocabulary,0,native_reference,native_reference,arctic_a0306
cmu_arctic,slt,English,F,train,ai-training/datasets/cmu-arctic/raw/cmu_us_slt_arctic/wav/arctic_a0307.wav,Very early in my life I separated from my mother,0,native_reference,native_reference,arctic_a0307
cmu_arctic,slt,English,F,train,ai-training/datasets/cmu-arctic/raw/cmu_us_slt_arctic/wav/arctic_a0308.wav,His infernal chattering worries me even now as I think of it,0,native_reference,native_reference,arctic_a0308
cmu_arctic,slt,English,F,train,ai-training/datasets/cmu-arctic/raw/cmu_us_slt_arctic/wav/arctic_a0309.wav,White Leghorns said Mrs Mortimer,0,native_reference,native_reference,arctic_a0309
cmu_arctic,slt,English,F,train,ai-training/datasets/cmu-arctic/raw/cmu_us_slt_arctic/wav/arctic_a0310.wav,Massage under tension was the cryptic reply,0,native_reference,native_reference,arctic_a0310
cmu_arctic,slt,English,F,train,ai-training/datasets/cmu-arctic/raw/cmu_us_slt_arctic/wav/arctic_a0311.wav,Therefore hurrah for the game,0,native_reference,native_reference,arctic_a0311
cmu_arctic,slt,English,F,train,ai-training/datasets/cmu-arctic/raw/cmu_us_slt_arctic/wav/arctic_a0312.wav,It lived in perpetual apprehension of that quarter of the compass,0,native_reference,native_reference,arctic_a0312
cmu_arctic,slt,English,F,train,ai-training/datasets/cmu-arctic/raw/cmu_us_slt_arctic/wav/arctic_a0313.wav,Broken-Tooth yelled with fright and pain,0,native_reference,native_reference,arctic_a0313
cmu_arctic,slt,English,F,train,ai-training/datasets/cmu-arctic/raw/cmu_us_slt_arctic/wav/arctic_a0314.wav,Thus was momentum gained in the Younger World,0,native_reference,native_reference,arctic_a0314
cmu_arctic,slt,English,F,train,ai-training/datasets/cmu-arctic/raw/cmu_us_slt_arctic/wav/arctic_a0315.wav,Saxon waited for she knew a fresh idea had struck Billy,0,native_reference,native_reference,arctic_a0315
cmu_arctic,slt,English,F,train,ai-training/datasets/cmu-arctic/raw/cmu_us_slt_arctic/wav/arctic_a0316.wav,We had been chased by them ourselves more than once,0,native_reference,native_reference,arctic_a0316
cmu_arctic,slt,English,F,train,ai-training/datasets/cmu-arctic/raw/cmu_us_slt_arctic/wav/arctic_a0317.wav,He was a wise hyena,0,native_reference,native_reference,arctic_a0317
cmu_arctic,slt,English,F,train,ai-training/datasets/cmu-arctic/raw/cmu_us_slt_arctic/wav/arctic_a0318.wav,Production is doubling and quadrupling upon itself,0,native_reference,native_reference,arctic_a0318
cmu_arctic,slt,English,F,train,ai-training/datasets/cmu-arctic/raw/cmu_us_slt_arctic/wav/arctic_a0319.wav,And the Edinburgh Evening News says with editorial gloom,0,native_reference,native_reference,arctic_a0319
cmu_arctic,slt,English,F,train,ai-training/datasets/cmu-arctic/raw/cmu_us_slt_arctic/wav/arctic_a0320.wav,With my strength I slammed it full into Red-Eye's face,0,native_reference,native_reference,arctic_a0320
cmu_arctic,slt,English,F,train,ai-training/datasets/cmu-arctic/raw/cmu_us_slt_arctic/wav/arctic_a0321.wav,The log on which Lop-Ear was lying got adrift,0,native_reference,native_reference,arctic_a0321
cmu_arctic,slt,English,F,train,ai-training/datasets/cmu-arctic/raw/cmu_us_slt_arctic/wav/arctic_a0322.wav,This is a common experience with all of us,0,native_reference,native_reference,arctic_a0322
cmu_arctic,slt,English,F,train,ai-training/datasets/cmu-arctic/raw/cmu_us_slt_arctic/wav/arctic_a0323.wav,He considered the victory already his and stepped forward to the meat,0,native_reference,native_reference,arctic_a0323
cmu_arctic,slt,English,F,train,ai-training/datasets/cmu-arctic/raw/cmu_us_slt_arctic/wav/arctic_a0324.wav,It was not Red-Eye's way to forego revenge so easily,0,native_reference,native_reference,arctic_a0324
cmu_arctic,slt,English,F,train,ai-training/datasets/cmu-arctic/raw/cmu_us_slt_arctic/wav/arctic_a0325.wav,Whiz-zip-bang Lop-Ear screamed with sudden anguish,0,native_reference,native_reference,arctic_a0325
cmu_arctic,slt,English,F,train,ai-training/datasets/cmu-arctic/raw/cmu_us_slt_arctic/wav/arctic_a0326.wav,Cherokee identified himself with his instinct,0,native_reference,native_reference,arctic_a0326
cmu_arctic,slt,English,F,train,ai-training/datasets/cmu-arctic/raw/cmu_us_slt_arctic/wav/arctic_a0327.wav,They were less stooped than we less springy in their movements,0,native_reference,native_reference,arctic_a0327
cmu_arctic,slt,English,F,train,ai-training/datasets/cmu-arctic/raw/cmu_us_slt_arctic/wav/arctic_a0328.wav,The Fire People like ourselves lived in caves,0,native_reference,native_reference,arctic_a0328
cmu_arctic,slt,English,F,train,ai-training/datasets/cmu-arctic/raw/cmu_us_slt_arctic/wav/arctic_a0329.wav,Ah indeed,0,native_reference,native_reference,arctic_a0329
cmu_arctic,slt,English,F,train,ai-training/datasets/cmu-arctic/raw/cmu_us_slt_arctic/wav/arctic_a0330.wav,Red-Eye never committed a more outrageous deed,0,native_reference,native_reference,arctic_a0330
cmu_arctic,slt,English,F,train,ai-training/datasets/cmu-arctic/raw/cmu_us_slt_arctic/wav/arctic_a0331.wav,Poor little Crooked-Leg was terribly scared,0,native_reference,native_reference,arctic_a0331
cmu_arctic,slt,English,F,train,ai-training/datasets/cmu-arctic/raw/cmu_us_slt_arctic/wav/arctic_a0332.wav,Unconsciously our yells and exclamations yielded to this rhythm,0,native_reference,native_reference,arctic_a0332
cmu_arctic,slt,English,F,train,ai-training/datasets/cmu-arctic/raw/cmu_us_slt_arctic/wav/arctic_a0333.wav,This is no place for you,0,native_reference,native_reference,arctic_a0333
cmu_arctic,slt,English,F,train,ai-training/datasets/cmu-arctic/raw/cmu_us_slt_arctic/wav/arctic_a0334.wav,He'll knock you off a few sticks in no time,0,native_reference,native_reference,arctic_a0334
cmu_arctic,slt,English,F,train,ai-training/datasets/cmu-arctic/raw/cmu_us_slt_arctic/wav/arctic_a0335.wav,Red-Eye swung back and forth on the branch farther down,0,native_reference,native_reference,arctic_a0335
cmu_arctic,slt,English,F,train,ai-training/datasets/cmu-arctic/raw/cmu_us_slt_arctic/wav/arctic_a0336.wav,So unexpected was my charge that I knocked him off his feet,0,native_reference,native_reference,arctic_a0336
cmu_arctic,slt,English,F,train,ai-training/datasets/cmu-arctic/raw/cmu_us_slt_arctic/wav/arctic_a0337.wav,Encouraged by my conduct Big-Face became a sudden ally,0,native_reference,native_reference,arctic_a0337
cmu_arctic,slt,English,F,train,ai-training/datasets/cmu-arctic/raw/cmu_us_slt_arctic/wav/arctic_a0338.wav,The fighting had now become intermittent,0,native_reference,native_reference,arctic_a0338
cmu_arctic,slt,English,F,train,ai-training/datasets/cmu-arctic/raw/cmu_us_slt_arctic/wav/arctic_a0339.wav,They obeyed him and went here and there at his commands,0,native_reference,native_reference,arctic_a0339
cmu_arctic,slt,English,F,train,ai-training/datasets/cmu-arctic/raw/cmu_us_slt_arctic/wav/arctic_a0340.wav,It was like the beating of hoofs,0,native_reference,native_reference,arctic_a0340
cmu_arctic,slt,English,F,train,ai-training/datasets/cmu-arctic/raw/cmu_us_slt_arctic/wav/arctic_a0341.wav,Why doggone you all shake again,0,native_reference,native_reference,arctic_a0341
cmu_arctic,slt,English,F,train,ai-training/datasets/cmu-arctic/raw/cmu_us_slt_arctic/wav/arctic_a0342.wav,Seventeen no eighteen days ago,0,native_reference,native_reference,arctic_a0342
cmu_arctic,slt,English,F,train,ai-training/datasets/cmu-arctic/raw/cmu_us_slt_arctic/wav/arctic_a0343.wav,You mean for this State General Alberta,0,native_reference,native_reference,arctic_a0343
cmu_arctic,slt,English,F,train,ai-training/datasets/cmu-arctic/raw/cmu_us_slt_arctic/wav/arctic_a0344.wav,He seemed to fill it with his tremendous vitality,0,native_reference,native_reference,arctic_a0344
cmu_arctic,slt,English,F,train,ai-training/datasets/cmu-arctic/raw/cmu_us_slt_arctic/wav/arctic_a0345.wav,She was trying to pass the apron string around him,0,native_reference,native_reference,arctic_a0345
cmu_arctic,slt,English,F,train,ai-training/datasets/cmu-arctic/raw/cmu_us_slt_arctic/wav/arctic_a0346.wav,Get down and dig in,0,native_reference,native_reference,arctic_a0346
cmu_arctic,slt,English,F,train,ai-training/datasets/cmu-arctic/raw/cmu_us_slt_arctic/wav/arctic_a0347.wav,They are greatly delighted with anything that is bright or giveth a sound,0,native_reference,native_reference,arctic_a0347
cmu_arctic,slt,English,F,train,ai-training/datasets/cmu-arctic/raw/cmu_us_slt_arctic/wav/arctic_a0348.wav,They only lifted seven hundred and fifty,0,native_reference,native_reference,arctic_a0348
cmu_arctic,slt,English,F,train,ai-training/datasets/cmu-arctic/raw/cmu_us_slt_arctic/wav/arctic_a0349.wav,It was simple in its way and no virtue of his,0,native_reference,native_reference,arctic_a0349
cmu_arctic,slt,English,F,train,ai-training/datasets/cmu-arctic/raw/cmu_us_slt_arctic/wav/arctic_a0350.wav,Is that Pat Hanrahan's mug looking hungry and willing,0,native_reference,native_reference,arctic_a0350
cmu_arctic,slt,English,F,train,ai-training/datasets/cmu-arctic/raw/cmu_us_slt_arctic/wav/arctic_a0351.wav,It was more like sugar,0,native_reference,native_reference,arctic_a0351
cmu_arctic,slt,English,F,train,ai-training/datasets/cmu-arctic/raw/cmu_us_slt_arctic/wav/arctic_a0352.wav,I'm sure going along with you all Elijah,0,native_reference,native_reference,arctic_a0352
cmu_arctic,slt,English,F,train,ai-training/datasets/cmu-arctic/raw/cmu_us_slt_arctic/wav/arctic_a0353.wav,Here the explosion of mirth drowned him out,0,native_reference,native_reference,arctic_a0353
cmu_arctic,slt,English,F,train,ai-training/datasets/cmu-arctic/raw/cmu_us_slt_arctic/wav/arctic_a0354.wav,Fresh meat they failed to obtain,0,native_reference,native_reference,arctic_a0354
cmu_arctic,slt,English,F,train,ai-training/datasets/cmu-arctic/raw/cmu_us_slt_arctic/wav/arctic_a0355.wav,A burst of laughter was his reward,0,native_reference,native_reference,arctic_a0355
cmu_arctic,slt,English,F,train,ai-training/datasets/cmu-arctic/raw/cmu_us_slt_arctic/wav/arctic_a0356.wav,You don't catch me at any such foolishness,0,native_reference,native_reference,arctic_a0356
cmu_arctic,slt,English,F,train,ai-training/datasets/cmu-arctic/raw/cmu_us_slt_arctic/wav/arctic_a0357.wav,A month passed by and Bonanza Creek remained quiet,0,native_reference,native_reference,arctic_a0357
cmu_arctic,slt,English,F,train,ai-training/datasets/cmu-arctic/raw/cmu_us_slt_arctic/wav/arctic_a0358.wav,They continued valiantly to lie but the truth continued to outrun them,0,native_reference,native_reference,arctic_a0358
cmu_arctic,slt,English,F,train,ai-training/datasets/cmu-arctic/raw/cmu_us_slt_arctic/wav/arctic_a0359.wav,Earth and gravel seemed to fill the pan,0,native_reference,native_reference,arctic_a0359
cmu_arctic,slt,English,F,train,ai-training/datasets/cmu-arctic/raw/cmu_us_slt_arctic/wav/arctic_a0360.wav,But he no longer cared quite so much for that form of diversion,0,native_reference,native_reference,arctic_a0360
cmu_arctic,slt,English,F,train,ai-training/datasets/cmu-arctic/raw/cmu_us_slt_arctic/wav/arctic_a0361.wav,But he did not broach it preferring to mature it carefully,0,native_reference,native_reference,arctic_a0361
cmu_arctic,slt,English,F,train,ai-training/datasets/cmu-arctic/raw/cmu_us_slt_arctic/wav/arctic_a0362.wav,Nope not the slightest idea,0,native_reference,native_reference,arctic_a0362
cmu_arctic,slt,English,F,train,ai-training/datasets/cmu-arctic/raw/cmu_us_slt_arctic/wav/arctic_a0363.wav,It is not an attempt to smash the market,0,native_reference,native_reference,arctic_a0363
cmu_arctic,slt,English,F,train,ai-training/datasets/cmu-arctic/raw/cmu_us_slt_arctic/wav/arctic_a0364.wav,We have plenty of capital ourselves and yet we want more,0,native_reference,native_reference,arctic_a0364
cmu_arctic,slt,English,F,train,ai-training/datasets/cmu-arctic/raw/cmu_us_slt_arctic/wav/arctic_a0365.wav,These rumors may even originate with us,0,native_reference,native_reference,arctic_a0365
cmu_arctic,slt,English,F,train,ai-training/datasets/cmu-arctic/raw/cmu_us_slt_arctic/wav/arctic_a0366.wav,A wildly exciting time was his during the week preceding Thursday the eighteenth,0,native_reference,native_reference,arctic_a0366
cmu_arctic,slt,English,F,train,ai-training/datasets/cmu-arctic/raw/cmu_us_slt_arctic/wav/arctic_a0367.wav,There is not an iota of truth in it certainly not,0,native_reference,native_reference,arctic_a0367
cmu_arctic,slt,English,F,train,ai-training/datasets/cmu-arctic/raw/cmu_us_slt_arctic/wav/arctic_a0368.wav,I just do appreciate it without being able to express my feelings,0,native_reference,native_reference,arctic_a0368
cmu_arctic,slt,English,F,train,ai-training/datasets/cmu-arctic/raw/cmu_us_slt_arctic/wav/arctic_a0369.wav,In partnership with Daylight the pair raided the San Jose Interurban,0,native_reference,native_reference,arctic_a0369
cmu_arctic,slt,English,F,train,ai-training/datasets/cmu-arctic/raw/cmu_us_slt_arctic/wav/arctic_a0370.wav,He saw all men in the business game doing this,0,native_reference,native_reference,arctic_a0370
cmu_arctic,slt,English,F,train,ai-training/datasets/cmu-arctic/raw/cmu_us_slt_arctic/wav/arctic_a0371.wav,It issued a rate of forty two dollars a car on charcoal,0,native_reference,native_reference,arctic_a0371
cmu_arctic,slt,English,F,train,ai-training/datasets/cmu-arctic/raw/cmu_us_slt_arctic/wav/arctic_a0372.wav,He saw only the effect in a general sketchy way,0,native_reference,native_reference,arctic_a0372
cmu_arctic,slt,English,F,train,ai-training/datasets/cmu-arctic/raw/cmu_us_slt_arctic/wav/arctic_a0373.wav,Points of view new ideas life,0,native_reference,native_reference,arctic_a0373
cmu_arctic,slt,English,F,train,ai-training/datasets/cmu-arctic/raw/cmu_us_slt_arctic/wav/arctic_a0374.wav,But life's worth more than cash she argued,0,native_reference,native_reference,arctic_a0374
cmu_arctic,slt,English,F,train,ai-training/datasets/cmu-arctic/raw/cmu_us_slt_arctic/wav/arctic_a0375.wav,The butchers and meat cutters refused to handle meat destined for unfair restaurants,0,native_reference,native_reference,arctic_a0375
cmu_arctic,slt,English,F,train,ai-training/datasets/cmu-arctic/raw/cmu_us_slt_arctic/wav/arctic_a0376.wav,Your price my son is just about thirty per week,0,native_reference,native_reference,arctic_a0376
cmu_arctic,slt,English,F,train,ai-training/datasets/cmu-arctic/raw/cmu_us_slt_arctic/wav/arctic_a0377.wav,This sound did not disturb the hush and awe of the place,0,native_reference,native_reference,arctic_a0377
cmu_arctic,slt,English,F,train,ai-training/datasets/cmu-arctic/raw/cmu_us_slt_arctic/wav/arctic_a0378.wav,That's why its boundaries are all gouged and jagged,0,native_reference,native_reference,arctic_a0378
cmu_arctic,slt,English,F,train,ai-training/datasets/cmu-arctic/raw/cmu_us_slt_arctic/wav/arctic_a0379.wav,How old are you daddy,0,native_reference,native_reference,arctic_a0379
cmu_arctic,slt,English,F,train,ai-training/datasets/cmu-arctic/raw/cmu_us_slt_arctic/wav/arctic_a0380.wav,But in the canyons water was plentiful and also a luxuriant forest growth,0,native_reference,native_reference,arctic_a0380
cmu_arctic,slt,English,F,train,ai-training/datasets/cmu-arctic/raw/cmu_us_slt_arctic/wav/arctic_a0381.wav,My name's Ferguson,0,native_reference,native_reference,arctic_a0381
cmu_arctic,slt,English,F,train,ai-training/datasets/cmu-arctic/raw/cmu_us_slt_arctic/wav/arctic_a0382.wav,Daylight found himself charmed and made curious by the little man,0,native_reference,native_reference,arctic_a0382
cmu_arctic,slt,English,F,train,ai-training/datasets/cmu-arctic/raw/cmu_us_slt_arctic/wav/arctic_a0383.wav,To his surprise her answer was flat and uncompromising,0,native_reference,native_reference,arctic_a0383
cmu_arctic,slt,English,F,train,ai-training/datasets/cmu-arctic/raw/cmu_us_slt_arctic/wav/arctic_a0384.wav,The farmer works the soil and produces grain,0,native_reference,native_reference,arctic_a0384
cmu_arctic,slt,English,F,train,ai-training/datasets/cmu-arctic/raw/cmu_us_slt_arctic/wav/arctic_a0385.wav,That's what Carnegie did,0,native_reference,native_reference,arctic_a0385
cmu_arctic,slt,English,F,train,ai-training/datasets/cmu-arctic/raw/cmu_us_slt_arctic/wav/arctic_a0386.wav,I can't argue with you and you know that,0,native_reference,native_reference,arctic_a0386
cmu_arctic,slt,English,F,train,ai-training/datasets/cmu-arctic/raw/cmu_us_slt_arctic/wav/arctic_a0387.wav,Bob growing disgusted turned back suddenly and attempted to pass Mab,0,native_reference,native_reference,arctic_a0387
cmu_arctic,slt,English,F,train,ai-training/datasets/cmu-arctic/raw/cmu_us_slt_arctic/wav/arctic_a0388.wav,It was my idea to a tee,0,native_reference,native_reference,arctic_a0388
cmu_arctic,slt,English,F,train,ai-training/datasets/cmu-arctic/raw/cmu_us_slt_arctic/wav/arctic_a0389.wav,Mab she said,0,native_reference,native_reference,arctic_a0389
cmu_arctic,slt,English,F,train,ai-training/datasets/cmu-arctic/raw/cmu_us_slt_arctic/wav/arctic_a0390.wav,I'll go over tomorrow afternoon,0,native_reference,native_reference,arctic_a0390
cmu_arctic,slt,English,F,train,ai-training/datasets/cmu-arctic/raw/cmu_us_slt_arctic/wav/arctic_a0391.wav,But he reconciled himself to it by an act of faith,0,native_reference,native_reference,arctic_a0391
cmu_arctic,slt,English,F,train,ai-training/datasets/cmu-arctic/raw/cmu_us_slt_arctic/wav/arctic_a0392.wav,There is that magnificent Bob eating his head off in the stable,0,native_reference,native_reference,arctic_a0392
cmu_arctic,slt,English,F,train,ai-training/datasets/cmu-arctic/raw/cmu_us_slt_arctic/wav/arctic_a0393.wav,Already he had begun borrowing from the banks,0,native_reference,native_reference,arctic_a0393
cmu_arctic,slt,English,F,train,ai-training/datasets/cmu-arctic/raw/cmu_us_slt_arctic/wav/arctic_a0394.wav,It's the strap hangers that'll keep us from going under,0,native_reference,native_reference,arctic_a0394
cmu_arctic,slt,English,F,train,ai-training/datasets/cmu-arctic/raw/cmu_us_slt_arctic/wav/arctic_a0395.wav,As for himself weren't the street railway earnings increasing steadily,0,native_reference,native_reference,arctic_a0395
cmu_arctic,slt,English,F,train,ai-training/datasets/cmu-arctic/raw/cmu_us_slt_arctic/wav/arctic_a0396.wav,A rising tide of fat had submerged them,0,native_reference,native_reference,arctic_a0396
cmu_arctic,slt,English,F,train,ai-training/datasets/cmu-arctic/raw/cmu_us_slt_arctic/wav/arctic_a0397.wav,Call me that again he murmured ecstatically,0,native_reference,native_reference,arctic_a0397
cmu_arctic,slt,English,F,train,ai-training/datasets/cmu-arctic/raw/cmu_us_slt_arctic/wav/arctic_a0398.wav,In the car were Unwin and Harrison while Jones sat with the chauffeur,0,native_reference,native_reference,arctic_a0398
cmu_arctic,slt,English,F,train,ai-training/datasets/cmu-arctic/raw/cmu_us_slt_arctic/wav/arctic_a0399.wav,And here's another idea,0,native_reference,native_reference,arctic_a0399
cmu_arctic,slt,English,F,train,ai-training/datasets/cmu-arctic/raw/cmu_us_slt_arctic/wav/arctic_a0400.wav,Manuel had one besetting sin,0,native_reference,native_reference,arctic_a0400
cmu_arctic,slt,English,F,train,ai-training/datasets/cmu-arctic/raw/cmu_us_slt_arctic/wav/arctic_a0401.wav,The man smiled grimly and brought a hatchet and a club,0,native_reference,native_reference,arctic_a0401
cmu_arctic,slt,English,F,train,ai-training/datasets/cmu-arctic/raw/cmu_us_slt_arctic/wav/arctic_a0402.wav,Curly rushed her antagonist who struck again and leaped aside,0,native_reference,native_reference,arctic_a0402
cmu_arctic,slt,English,F,train,ai-training/datasets/cmu-arctic/raw/cmu_us_slt_arctic/wav/arctic_a0403.wav,His newborn cunning gave him poise and control,0,native_reference,native_reference,arctic_a0403
cmu_arctic,slt,English,F,train,ai-training/datasets/cmu-arctic/raw/cmu_us_slt_arctic/wav/arctic_a0404.wav,Perrault found one with head buried in the grub box,0,native_reference,native_reference,arctic_a0404
cmu_arctic,slt,English,F,train,ai-training/datasets/cmu-arctic/raw/cmu_us_slt_arctic/wav/arctic_a0405.wav,It seemed the ordained order of things that dogs should work,0,native_reference,native_reference,arctic_a0405
cmu_arctic,slt,English,F,train,ai-training/datasets/cmu-arctic/raw/cmu_us_slt_arctic/wav/arctic_a0406.wav,And that was the last of Francois and Perrault,0,native_reference,native_reference,arctic_a0406
cmu_arctic,slt,English,F,train,ai-training/datasets/cmu-arctic/raw/cmu_us_slt_arctic/wav/arctic_a0407.wav,Mercedes screamed cried laughed and manifested the chaotic abandonment of hysteria,0,native_reference,native_reference,arctic_a0407
cmu_arctic,slt,English,F,train,ai-training/datasets/cmu-arctic/raw/cmu_us_slt_arctic/wav/arctic_a0408.wav,The Eldorado emptied its occupants into the street to see the test,0,native_reference,native_reference,arctic_a0408
cmu_arctic,slt,English,F,train,ai-training/datasets/cmu-arctic/raw/cmu_us_slt_arctic/wav/arctic_a0409.wav,He could feel a new stir in the land,0,native_reference,native_reference,arctic_a0409
cmu_arctic,slt,English,F,train,ai-training/datasets/cmu-arctic/raw/cmu_us_slt_arctic/wav/arctic_a0410.wav,So we have to fit the boat throughout with oil lamps as well,0,native_reference,native_reference,arctic_a0410
cmu_arctic,slt,English,F,train,ai-training/datasets/cmu-arctic/raw/cmu_us_slt_arctic/wav/arctic_a0411.wav,It will break our hearts and our backs to hoist anchor by hand,0,native_reference,native_reference,arctic_a0411
cmu_arctic,slt,English,F,train,ai-training/datasets/cmu-arctic/raw/cmu_us_slt_arctic/wav/arctic_a0412.wav,There is another virtue in these bulkheads,0,native_reference,native_reference,arctic_a0412
cmu_arctic,slt,English,F,train,ai-training/datasets/cmu-arctic/raw/cmu_us_slt_arctic/wav/arctic_a0413.wav,But I am at the end of my resources,0,native_reference,native_reference,arctic_a0413
cmu_arctic,slt,English,F,train,ai-training/datasets/cmu-arctic/raw/cmu_us_slt_arctic/wav/arctic_a0414.wav,Now our figuring was all right,0,native_reference,native_reference,arctic_a0414
cmu_arctic,slt,English,F,train,ai-training/datasets/cmu-arctic/raw/cmu_us_slt_arctic/wav/arctic_a0415.wav,It lasted as a deterrent for two days,0,native_reference,native_reference,arctic_a0415
cmu_arctic,slt,English,F,train,ai-training/datasets/cmu-arctic/raw/cmu_us_slt_arctic/wav/arctic_a0416.wav,The added weight had a velocity of fifteen miles per hour,0,native_reference,native_reference,arctic_a0416
cmu_arctic,slt,English,F,train,ai-training/datasets/cmu-arctic/raw/cmu_us_slt_arctic/wav/arctic_a0417.wav,It is also an insidious deceitful sun,0,native_reference,native_reference,arctic_a0417
cmu_arctic,slt,English,F,train,ai-training/datasets/cmu-arctic/raw/cmu_us_slt_arctic/wav/arctic_a0418.wav,The Portuguese boy crawled nearer and nearer,0,native_reference,native_reference,arctic_a0418
cmu_arctic,slt,English,F,train,ai-training/datasets/cmu-arctic/raw/cmu_us_slt_arctic/wav/arctic_a0419.wav,The Portuguese boy passed the Hawaiian,0,native_reference,native_reference,arctic_a0419
cmu_arctic,slt,English,F,train,ai-training/datasets/cmu-arctic/raw/cmu_us_slt_arctic/wav/arctic_a0420.wav,When I came to I was waving my hat and murmuring ecstatically,0,native_reference,native_reference,arctic_a0420
cmu_arctic,slt,English,F,train,ai-training/datasets/cmu-arctic/raw/cmu_us_slt_arctic/wav/arctic_a0421.wav,By golly the boy wins,0,native_reference,native_reference,arctic_a0421
cmu_arctic,slt,English,F,train,ai-training/datasets/cmu-arctic/raw/cmu_us_slt_arctic/wav/arctic_a0422.wav,Halfway around the track one donkey got into an argument with its rider,0,native_reference,native_reference,arctic_a0422
cmu_arctic,slt,English,F,train,ai-training/datasets/cmu-arctic/raw/cmu_us_slt_arctic/wav/arctic_a0423.wav,McVeigh when he returns from a trip to Honolulu,0,native_reference,native_reference,arctic_a0423
cmu_arctic,slt,English,F,train,ai-training/datasets/cmu-arctic/raw/cmu_us_slt_arctic/wav/arctic_a0424.wav,Obviously it was a disease that could be contracted by contact,0,native_reference,native_reference,arctic_a0424
cmu_arctic,slt,English,F,train,ai-training/datasets/cmu-arctic/raw/cmu_us_slt_arctic/wav/arctic_a0425.wav,Otherwise no restriction is put upon their seafaring,0,native_reference,native_reference,arctic_a0425
cmu_arctic,slt,English,F,train,ai-training/datasets/cmu-arctic/raw/cmu_us_slt_arctic/wav/arctic_a0426.wav,They do not know the length of time of incubation,0,native_reference,native_reference,arctic_a0426
cmu_arctic,slt,English,F,train,ai-training/datasets/cmu-arctic/raw/cmu_us_slt_arctic/wav/arctic_a0427.wav,Enters now the psychology of the situation,0,native_reference,native_reference,arctic_a0427
cmu_arctic,slt,English,F,train,ai-training/datasets/cmu-arctic/raw/cmu_us_slt_arctic/wav/arctic_a0428.wav,It was not exactly a deportation,0,native_reference,native_reference,arctic_a0428
cmu_arctic,slt,English,F,train,ai-training/datasets/cmu-arctic/raw/cmu_us_slt_arctic/wav/arctic_a0429.wav,Quick was the disappointment in his face yet smiling was the acquiescence,0,native_reference,native_reference,arctic_a0429
cmu_arctic,slt,English,F,train,ai-training/datasets/cmu-arctic/raw/cmu_us_slt_arctic/wav/arctic_a0430.wav,Nevertheless we found ourselves once more in the high seat of abundance,0,native_reference,native_reference,arctic_a0430
cmu_arctic,slt,English,F,train,ai-training/datasets/cmu-arctic/raw/cmu_us_slt_arctic/wav/arctic_a0431.wav,Wada and Nakata were in a bit of a funk,0,native_reference,native_reference,arctic_a0431
cmu_arctic,slt,English,F,train,ai-training/datasets/cmu-arctic/raw/cmu_us_slt_arctic/wav/arctic_a0432.wav,The boy at the wheel lost his head,0,native_reference,native_reference,arctic_a0432
cmu_arctic,slt,English,F,train,ai-training/datasets/cmu-arctic/raw/cmu_us_slt_arctic/wav/arctic_a0433.wav,To her the bridge was tambo which is the native for taboo,0,native_reference,native_reference,arctic_a0433
cmu_arctic,slt,English,F,train,ai-training/datasets/cmu-arctic/raw/cmu_us_slt_arctic/wav/arctic_a0434.wav,A half a case of tobacco was worth three pounds,0,native_reference,native_reference,arctic_a0434
cmu_arctic,slt,English,F,train,ai-training/datasets/cmu-arctic/raw/cmu_us_slt_arctic/wav/arctic_a0435.wav,What do you mean by this outrageous conduct,0,native_reference,native_reference,arctic_a0435
cmu_arctic,slt,English,F,train,ai-training/datasets/cmu-arctic/raw/cmu_us_slt_arctic/wav/arctic_a0436.wav,But Martin smiled a superior smile,0,native_reference,native_reference,arctic_a0436
cmu_arctic,slt,English,F,train,ai-training/datasets/cmu-arctic/raw/cmu_us_slt_arctic/wav/arctic_a0437.wav,By that answer my professional medical prestige stood or fell,0,native_reference,native_reference,arctic_a0437
cmu_arctic,slt,English,F,train,ai-training/datasets/cmu-arctic/raw/cmu_us_slt_arctic/wav/arctic_a0438.wav,At sea Monday March 16 1908,0,native_reference,native_reference,arctic_a0438
cmu_arctic,slt,English,F,train,ai-training/datasets/cmu-arctic/raw/cmu_us_slt_arctic/wav/arctic_a0439.wav,At sea Wednesday March 18 1908,0,native_reference,native_reference,arctic_a0439
cmu_arctic,slt,English,F,train,ai-training/datasets/cmu-arctic/raw/cmu_us_slt_arctic/wav/arctic_a0440.wav,Yes sir I corrected,0,native_reference,native_reference,arctic_a0440
cmu_arctic,slt,English,F,train,ai-training/datasets/cmu-arctic/raw/cmu_us_slt_arctic/wav/arctic_a0441.wav,Violent life and athletic sports had never appealed to me,0,native_reference,native_reference,arctic_a0441
cmu_arctic,slt,English,F,train,ai-training/datasets/cmu-arctic/raw/cmu_us_slt_arctic/wav/arctic_a0442.wav,You live on an income which your father earned,0,native_reference,native_reference,arctic_a0442
cmu_arctic,slt,English,F,train,ai-training/datasets/cmu-arctic/raw/cmu_us_slt_arctic/wav/arctic_a0443.wav,He was worth nothing to the world,0,native_reference,native_reference,arctic_a0443
cmu_arctic,slt,English,F,train,ai-training/datasets/cmu-arctic/raw/cmu_us_slt_arctic/wav/arctic_a0444.wav,Then you don't believe in altruism,0,native_reference,native_reference,arctic_a0444
cmu_arctic,slt,English,F,train,ai-training/datasets/cmu-arctic/raw/cmu_us_slt_arctic/wav/arctic_a0445.wav,The creative joy I murmured,0,native_reference,native_reference,arctic_a0445
cmu_arctic,slt,English,F,train,ai-training/datasets/cmu-arctic/raw/cmu_us_slt_arctic/wav/arctic_a0446.wav,He deluged me overwhelmed me with argument,0,native_reference,native_reference,arctic_a0446
cmu_arctic,slt,English,F,train,ai-training/datasets/cmu-arctic/raw/cmu_us_slt_arctic/wav/arctic_a0447.wav,Ah it is growing dark and darker,0,native_reference,native_reference,arctic_a0447
cmu_arctic,slt,English,F,train,ai-training/datasets/cmu-arctic/raw/cmu_us_slt_arctic/wav/arctic_a0448.wav,I was Hump cabin boy on the schooner Ghost,0,native_reference,native_reference,arctic_a0448
cmu_arctic,slt,English,F,train,ai-training/datasets/cmu-arctic/raw/cmu_us_slt_arctic/wav/arctic_a0449.wav,A sinewy hand dripping with water was clutching the rail,0,native_reference,native_reference,arctic_a0449
cmu_arctic,slt,English,F,train,ai-training/datasets/cmu-arctic/raw/cmu_us_slt_arctic/wav/arctic_a0450.wav,No man ate of the seal meat or the oil,0,native_reference,native_reference,arctic_a0450
cmu_arctic,slt,English,F,train,ai-training/datasets/cmu-arctic/raw/cmu_us_slt_arctic/wav/arctic_a0451.wav,I noticed blood spouting from Kerfoot's left hand,0,native_reference,native_reference,arctic_a0451
cmu_arctic,slt,English,F,train,ai-training/datasets/cmu-arctic/raw/cmu_us_slt_arctic/wav/arctic_a0452.wav,Three oilers and a fourth engineer was his greeting,0,native_reference,native_reference,arctic_a0452
cmu_arctic,slt,English,F,train,ai-training/datasets/cmu-arctic/raw/cmu_us_slt_arctic/wav/arctic_a0453.wav,Eighteen hundred he calculated,0,native_reference,native_reference,arctic_a0453
cmu_arctic,slt,English,F,train,ai-training/datasets/cmu-arctic/raw/cmu_us_slt_arctic/wav/arctic_a0454.wav,The sharp voice of Wolf Larsen aroused me,0,native_reference,native_reference,arctic_a0454
cmu_arctic,slt,English,F,train,ai-training/datasets/cmu-arctic/raw/cmu_us_slt_arctic/wav/arctic_a0455.wav,I obeyed and a minute or two later they stood before him,0,native_reference,native_reference,arctic_a0455
cmu_arctic,slt,English,F,train,ai-training/datasets/cmu-arctic/raw/cmu_us_slt_arctic/wav/arctic_a0456.wav,But it won't continue she said with easy confidence,0,native_reference,native_reference,arctic_a0456
cmu_arctic,slt,English,F,train,ai-training/datasets/cmu-arctic/raw/cmu_us_slt_arctic/wav/arctic_a0457.wav,What I saw I could not at first believe,0,native_reference,native_reference,arctic_a0457
cmu_arctic,slt,English,F,train,ai-training/datasets/cmu-arctic/raw/cmu_us_slt_arctic/wav/arctic_a0458.wav,The stout wood was crushed like an eggshell,0,native_reference,native_reference,arctic_a0458
cmu_arctic,slt,English,F,train,ai-training/datasets/cmu-arctic/raw/cmu_us_slt_arctic/wav/arctic_a0459.wav,There's too much of the schoolboy in me,0,native_reference,native_reference,arctic_a0459
cmu_arctic,slt,English,F,train,ai-training/datasets/cmu-arctic/raw/cmu_us_slt_arctic/wav/arctic_a0460.wav,I had forgotten their existence,0,native_reference,native_reference,arctic_a0460
cmu_arctic,slt,English,F,train,ai-training/datasets/cmu-arctic/raw/cmu_us_slt_arctic/wav/arctic_a0461.wav,Ah we were very close together in that moment,0,native_reference,native_reference,arctic_a0461
cmu_arctic,slt,English,F,train,ai-training/datasets/cmu-arctic/raw/cmu_us_slt_arctic/wav/arctic_a0462.wav,But she swung obediently on her heel into the wind,0,native_reference,native_reference,arctic_a0462
cmu_arctic,slt,English,F,train,ai-training/datasets/cmu-arctic/raw/cmu_us_slt_arctic/wav/arctic_a0463.wav,They are his tongue by which he makes his knowledge articulate,0,native_reference,native_reference,arctic_a0463
cmu_arctic,slt,English,F,train,ai-training/datasets/cmu-arctic/raw/cmu_us_slt_arctic/wav/arctic_a0464.wav,Between the rush of the cascades streaks of rust showed everywhere,0,native_reference,native_reference,arctic_a0464
cmu_arctic,slt,English,F,train,ai-training/datasets/cmu-arctic/raw/cmu_us_slt_arctic/wav/arctic_a0465.wav,He'll never do a tap of work the whole Voyage,0,native_reference,native_reference,arctic_a0465
cmu_arctic,slt,English,F,train,ai-training/datasets/cmu-arctic/raw/cmu_us_slt_arctic/wav/arctic_a0466.wav,Captain West may be a Samurai but he is also human,0,native_reference,native_reference,arctic_a0466
cmu_arctic,slt,English,F,train,ai-training/datasets/cmu-arctic/raw/cmu_us_slt_arctic/wav/arctic_a0467.wav,And so early in the voyage too,0,native_reference,native_reference,arctic_a0467
cmu_arctic,slt,English,F,train,ai-training/datasets/cmu-arctic/raw/cmu_us_slt_arctic/wav/arctic_a0468.wav,In the matter of curry she is a sheer genius,0,native_reference,native_reference,arctic_a0468
cmu_arctic,slt,English,F,train,ai-training/datasets/cmu-arctic/raw/cmu_us_slt_arctic/wav/arctic_a0469.wav,The eastern heavens were equally spectacular,0,native_reference,native_reference,arctic_a0469
cmu_arctic,slt,English,F,train,ai-training/datasets/cmu-arctic/raw/cmu_us_slt_arctic/wav/arctic_a0470.wav,He spat it out like so much venom,0,native_reference,native_reference,arctic_a0470
cmu_arctic,slt,English,F,train,ai-training/datasets/cmu-arctic/raw/cmu_us_slt_arctic/wav/arctic_a0471.wav,I saw Mr Pike nod his head grimly and sarcastically,0,native_reference,native_reference,arctic_a0471
cmu_arctic,slt,English,F,train,ai-training/datasets/cmu-arctic/raw/cmu_us_slt_arctic/wav/arctic_a0472.wav,He is too keenly intelligent too sharply sensitive successfully to endure,0,native_reference,native_reference,arctic_a0472
cmu_arctic,slt,English,F,train,ai-training/datasets/cmu-arctic/raw/cmu_us_slt_arctic/wav/arctic_a0473.wav,The night was calm and snowy,0,native_reference,native_reference,arctic_a0473
cmu_arctic,slt,English,F,train,ai-training/datasets/cmu-arctic/raw/cmu_us_slt_arctic/wav/arctic_a0474.wav,I sailed third mate in the little Vampire before you were born,0,native_reference,native_reference,arctic_a0474
cmu_arctic,slt,English,F,train,ai-training/datasets/cmu-arctic/raw/cmu_us_slt_arctic/wav/arctic_a0475.wav,His outstretched arm dropped to his side and he paused,0,native_reference,native_reference,arctic_a0475
cmu_arctic,slt,English,F,train,ai-training/datasets/cmu-arctic/raw/cmu_us_slt_arctic/wav/arctic_a0476.wav,At this moment I felt a stir at my shoulder,0,native_reference,native_reference,arctic_a0476
cmu_arctic,slt,English,F,train,ai-training/datasets/cmu-arctic/raw/cmu_us_slt_arctic/wav/arctic_a0477.wav,Wada Louis and the steward are servants of Asiatic breed,0,native_reference,native_reference,arctic_a0477
cmu_arctic,slt,English,F,train,ai-training/datasets/cmu-arctic/raw/cmu_us_slt_arctic/wav/arctic_a0478.wav,Also she has forbidden them smoking their pipes in the after-room,0,native_reference,native_reference,arctic_a0478
cmu_arctic,slt,English,F,train,ai-training/datasets/cmu-arctic/raw/cmu_us_slt_arctic/wav/arctic_a0479.wav,I tried to read George Moore last night and was dreadfully bored,0,native_reference,native_reference,arctic_a0479
cmu_arctic,slt,English,F,train,ai-training/datasets/cmu-arctic/raw/cmu_us_slt_arctic/wav/arctic_a0480.wav,Tom Spink has a harpoon,0,native_reference,native_reference,arctic_a0480
cmu_arctic,slt,English,F,train,ai-training/datasets/cmu-arctic/raw/cmu_us_slt_arctic/wav/arctic_a0481.wav,Nimrod replied with a slight manifestation of sensitiveness,0,native_reference,native_reference,arctic_a0481
cmu_arctic,slt,English,F,train,ai-training/datasets/cmu-arctic/raw/cmu_us_slt_arctic/wav/arctic_a0482.wav,And their chief virtue lies in that they will never wear out,0,native_reference,native_reference,arctic_a0482
cmu_arctic,slt,English,F,train,ai-training/datasets/cmu-arctic/raw/cmu_us_slt_arctic/wav/arctic_a0483.wav,Beyond dispute Corry Hutchinson had married Mabel Holmes,0,native_reference,native_reference,arctic_a0483
cmu_arctic,slt,English,F,train,ai-training/datasets/cmu-arctic/raw/cmu_us_slt_arctic/wav/arctic_a0484.wav,No-sir-ee,0,native_reference,native_reference,arctic_a0484
cmu_arctic,slt,English,F,train,ai-training/datasets/cmu-arctic/raw/cmu_us_slt_arctic/wav/arctic_a0485.wav,Each insult added to the value of the claim,0,native_reference,native_reference,arctic_a0485
cmu_arctic,slt,English,F,train,ai-training/datasets/cmu-arctic/raw/cmu_us_slt_arctic/wav/arctic_a0486.wav,For the rest he was a mere automaton,0,native_reference,native_reference,arctic_a0486
cmu_arctic,slt,English,F,train,ai-training/datasets/cmu-arctic/raw/cmu_us_slt_arctic/wav/arctic_a0487.wav,The river bared its bosom and snorting steamboats challenged the wilderness,0,native_reference,native_reference,arctic_a0487
cmu_arctic,slt,English,F,train,ai-training/datasets/cmu-arctic/raw/cmu_us_slt_arctic/wav/arctic_a0488.wav,Their love burned with increasing brightness,0,native_reference,native_reference,arctic_a0488
cmu_arctic,slt,English,F,train,ai-training/datasets/cmu-arctic/raw/cmu_us_slt_arctic/wav/arctic_a0489.wav,They were artists not biologists,0,native_reference,native_reference,arctic_a0489
cmu_arctic,slt,English,F,train,ai-training/datasets/cmu-arctic/raw/cmu_us_slt_arctic/wav/arctic_a0490.wav,Both Johnny and his mother shuffled their feet as they walked,0,native_reference,native_reference,arctic_a0490
cmu_arctic,slt,English,F,train,ai-training/datasets/cmu-arctic/raw/cmu_us_slt_arctic/wav/arctic_a0491.wav,And as in denial of guilt the one-legged boy replied,0,native_reference,native_reference,arctic_a0491
cmu_arctic,slt,English,F,train,ai-training/datasets/cmu-arctic/raw/cmu_us_slt_arctic/wav/arctic_a0492.wav,Burnt out like the crater of a volcano,0,native_reference,native_reference,arctic_a0492
cmu_arctic,slt,English,F,train,ai-training/datasets/cmu-arctic/raw/cmu_us_slt_arctic/wav/arctic_a0493.wav,The boy O'Brien was specially maltreated,0,native_reference,native_reference,arctic_a0493
cmu_arctic,slt,English,F,train,ai-training/datasets/cmu-arctic/raw/cmu_us_slt_arctic/wav/arctic_a0494.wav,O'Brien took off his coat and bared his right arm,0,native_reference,native_reference,arctic_a0494
cmu_arctic,slt,English,F,train,ai-training/datasets/cmu-arctic/raw/cmu_us_slt_arctic/wav/arctic_a0495.wav,He bore no grudges and had few enemies,0,native_reference,native_reference,arctic_a0495
cmu_arctic,slt,English,F,train,ai-training/datasets/cmu-arctic/raw/cmu_us_slt_arctic/wav/arctic_a0496.wav,And Tom King patiently endured,0,native_reference,native_reference,arctic_a0496
cmu_arctic,slt,English,F,train,ai-training/datasets/cmu-arctic/raw/cmu_us_slt_arctic/wav/arctic_a0497.wav,King took every advantage he knew,0,native_reference,native_reference,arctic_a0497
cmu_arctic,slt,English,F,train,ai-training/datasets/cmu-arctic/raw/cmu_us_slt_arctic/wav/arctic_a0498.wav,The lines were now very taut,0,native_reference,native_reference,arctic_a0498
cmu_arctic,slt,English,F,train,ai-training/datasets/cmu-arctic/raw/cmu_us_slt_arctic/wav/arctic_a0499.wav,And right there I saw and knew it all,0,native_reference,native_reference,arctic_a0499
cmu_arctic,slt,English,F,train,ai-training/datasets/cmu-arctic/raw/cmu_us_slt_arctic/wav/arctic_a0500.wav,Who the devil gave it to you to be judge and jury,0,native_reference,native_reference,arctic_a0500
cmu_arctic,slt,English,F,train,ai-training/datasets/cmu-arctic/raw/cmu_us_slt_arctic/wav/arctic_a0501.wav,You're joking me sir the other managed to articulate,0,native_reference,native_reference,arctic_a0501
cmu_arctic,slt,English,F,train,ai-training/datasets/cmu-arctic/raw/cmu_us_slt_arctic/wav/arctic_a0502.wav,Anything unusual or abnormal was sufficient to send a fellow to Molokai,0,native_reference,native_reference,arctic_a0502
cmu_arctic,slt,English,F,train,ai-training/datasets/cmu-arctic/raw/cmu_us_slt_arctic/wav/arctic_a0503.wav,His beady black eyes saw bargains where other men saw bankruptcy,0,native_reference,native_reference,arctic_a0503
cmu_arctic,slt,English,F,train,ai-training/datasets/cmu-arctic/raw/cmu_us_slt_arctic/wav/arctic_a0504.wav,He was an athlete and a giant,0,native_reference,native_reference,arctic_a0504
cmu_arctic,slt,English,F,train,ai-training/datasets/cmu-arctic/raw/cmu_us_slt_arctic/wav/arctic_a0505.wav,We fished sharks on Niihau together,0,native_reference,native_reference,arctic_a0505
cmu_arctic,slt,English,F,train,ai-training/datasets/cmu-arctic/raw/cmu_us_slt_arctic/wav/arctic_a0506.wav,The Claudine was leaving next morning for Honolulu,0,native_reference,native_reference,arctic_a0506
cmu_arctic,slt,English,F,train,ai-training/datasets/cmu-arctic/raw/cmu_us_slt_arctic/wav/arctic_a0507.wav,In short my joyous individualism was dominated by the orthodox bourgeois ethics,0,native_reference,native_reference,arctic_a0507
cmu_arctic,slt,English,F,train,ai-training/datasets/cmu-arctic/raw/cmu_us_slt_arctic/wav/arctic_a0508.wav,Soon shall it be thrust back from off prostrate humanity,0,native_reference,native_reference,arctic_a0508
cmu_arctic,slt,English,F,train,ai-training/datasets/cmu-arctic/raw/cmu_us_slt_arctic/wav/arctic_a0509.wav,Yet in accordance with Ernest's test of truth it worked,0,native_reference,native_reference,arctic_a0509
cmu_arctic,slt,English,F,train,ai-training/datasets/cmu-arctic/raw/cmu_us_slt_arctic/wav/arctic_a0510.wav,Much more Ernest told them of themselves and of his disillusionment,0,native_reference,native_reference,arctic_a0510
cmu_arctic,slt,English,F,train,ai-training/datasets/cmu-arctic/raw/cmu_us_slt_arctic/wav/arctic_a0511.wav,There is more behind this than a mere university ideal,0,native_reference,native_reference,arctic_a0511
cmu_arctic,slt,English,F,train,ai-training/datasets/cmu-arctic/raw/cmu_us_slt_arctic/wav/arctic_a0512.wav,No it is a palace wherein there are many servants,0,native_reference,native_reference,arctic_a0512
cmu_arctic,slt,English,F,train,ai-training/datasets/cmu-arctic/raw/cmu_us_slt_arctic/wav/arctic_a0513.wav,We must give ourselves and not our money alone,0,native_reference,native_reference,arctic_a0513
cmu_arctic,slt,English,F,train,ai-training/datasets/cmu-arctic/raw/cmu_us_slt_arctic/wav/arctic_a0514.wav,We are consumed in our own flesh-pots,0,native_reference,native_reference,arctic_a0514
cmu_arctic,slt,English,F,train,ai-training/datasets/cmu-arctic/raw/cmu_us_slt_arctic/wav/arctic_a0515.wav,But here amongst ourselves let us speak out,0,native_reference,native_reference,arctic_a0515
cmu_arctic,slt,English,F,train,ai-training/datasets/cmu-arctic/raw/cmu_us_slt_arctic/wav/arctic_a0516.wav,Also there was awe in their faces,0,native_reference,native_reference,arctic_a0516
cmu_arctic,slt,English,F,train,ai-training/datasets/cmu-arctic/raw/cmu_us_slt_arctic/wav/arctic_a0517.wav,Out of abstractions Ernest had conjured a vision and made them see it,0,native_reference,native_reference,arctic_a0517
cmu_arctic,slt,English,F,train,ai-training/datasets/cmu-arctic/raw/cmu_us_slt_arctic/wav/arctic_a0518.wav,Illuminating oil was becoming all profit,0,native_reference,native_reference,arctic_a0518
cmu_arctic,slt,English,F,train,ai-training/datasets/cmu-arctic/raw/cmu_us_slt_arctic/wav/arctic_a0519.wav,Such an act was in direct violation of the laws of the land,0,native_reference,native_reference,arctic_a0519
cmu_arctic,slt,English,F,train,ai-training/datasets/cmu-arctic/raw/cmu_us_slt_arctic/wav/arctic_a0520.wav,He was fond of quoting a fragment from a certain poem,0,native_reference,native_reference,arctic_a0520
cmu_arctic,slt,English,F,train,ai-training/datasets/cmu-arctic/raw/cmu_us_slt_arctic/wav/arctic_a0521.wav,Without them he could not run his empire,0,native_reference,native_reference,arctic_a0521
cmu_arctic,slt,English,F,train,ai-training/datasets/cmu-arctic/raw/cmu_us_slt_arctic/wav/arctic_a0522.wav,For such countries nothing remained but reorganization,0,native_reference,native_reference,arctic_a0522
cmu_arctic,slt,English,F,train,ai-training/datasets/cmu-arctic/raw/cmu_us_slt_arctic/wav/arctic_a0523.wav,They could not continue their method of producing surpluses,0,native_reference,native_reference,arctic_a0523
cmu_arctic,slt,English,F,train,ai-training/datasets/cmu-arctic/raw/cmu_us_slt_arctic/wav/arctic_a0524.wav,At once would be instituted a dozen cooperative commonwealth states,0,native_reference,native_reference,arctic_a0524
cmu_arctic,slt,English,F,train,ai-training/datasets/cmu-arctic/raw/cmu_us_slt_arctic/wav/arctic_a0525.wav,The Oligarchy wanted violence and it set its agents provocateurs to work,0,native_reference,native_reference,arctic_a0525
cmu_arctic,slt,English,F,train,ai-training/datasets/cmu-arctic/raw/cmu_us_slt_arctic/wav/arctic_a0526.wav,Nowhere did the raw earth appear,0,native_reference,native_reference,arctic_a0526
cmu_arctic,slt,English,F,train,ai-training/datasets/cmu-arctic/raw/cmu_us_slt_arctic/wav/arctic_a0527.wav,The lush vegetation of that sheltered spot make a natural shield,0,native_reference,native_reference,arctic_a0527
cmu_arctic,slt,English,F,train,ai-training/datasets/cmu-arctic/raw/cmu_us_slt_arctic/wav/arctic_a0528.wav,Men who endure it call it living death,0,native_reference,native_reference,arctic_a0528
cmu_arctic,slt,English,F,train,ai-training/datasets/cmu-arctic/raw/cmu_us_slt_arctic/wav/arctic_a0529.wav,As I say he had tapped the message very rapidly,0,native_reference,native_reference,arctic_a0529
cmu_arctic,slt,English,F,train,ai-training/datasets/cmu-arctic/raw/cmu_us_slt_arctic/wav/arctic_a0530.wav,Ask him I laughed then turned to Pasquini,0,native_reference,native_reference,arctic_a0530
cmu_arctic,slt,English,F,train,ai-training/datasets/cmu-arctic/raw/cmu_us_slt_arctic/wav/arctic_a0531.wav,In what bucolic school of fence he had been taught was beyond imagining,0,native_reference,native_reference,arctic_a0531
cmu_arctic,slt,English,F,train,ai-training/datasets/cmu-arctic/raw/cmu_us_slt_arctic/wav/arctic_a0532.wav,May drought destroy your crops,0,native_reference,native_reference,arctic_a0532
cmu_arctic,slt,English,F,train,ai-training/datasets/cmu-arctic/raw/cmu_us_slt_arctic/wav/arctic_a0533.wav,Dunham can your boy go along with Jesse,0,native_reference,native_reference,arctic_a0533
cmu_arctic,slt,English,F,train,ai-training/datasets/cmu-arctic/raw/cmu_us_slt_arctic/wav/arctic_a0534.wav,But Johannes could and did,0,native_reference,native_reference,arctic_a0534
cmu_arctic,slt,English,F,train,ai-training/datasets/cmu-arctic/raw/cmu_us_slt_arctic/wav/arctic_a0535.wav,A new preacher and a new doctrine come to Jerusalem,0,native_reference,native_reference,arctic_a0535
cmu_arctic,slt,English,F,train,ai-training/datasets/cmu-arctic/raw/cmu_us_slt_arctic/wav/arctic_a0536.wav,He would destroy all things that are fixed,0,native_reference,native_reference,arctic_a0536
cmu_arctic,slt,English,F,train,ai-training/datasets/cmu-arctic/raw/cmu_us_slt_arctic/wav/arctic_a0537.wav,He was an enthusiast and a desert dweller,0,native_reference,native_reference,arctic_a0537
cmu_arctic,slt,English,F,train,ai-training/datasets/cmu-arctic/raw/cmu_us_slt_arctic/wav/arctic_a0538.wav,What Pascal glimpsed with the vision of a seer I have lived,0,native_reference,native_reference,arctic_a0538
cmu_arctic,slt,English,F,train,ai-training/datasets/cmu-arctic/raw/cmu_us_slt_arctic/wav/arctic_a0539.wav,I should like to engage just for one whole life in that,0,native_reference,native_reference,arctic_a0539
cmu_arctic,slt,English,F,train,ai-training/datasets/cmu-arctic/raw/cmu_us_slt_arctic/wav/arctic_a0540.wav,Yea so are all the lesser animals of today clean,0,native_reference,native_reference,arctic_a0540
cmu_arctic,slt,English,F,train,ai-training/datasets/cmu-arctic/raw/cmu_us_slt_arctic/wav/arctic_a0541.wav,The Warden with a quart of champagne,0,native_reference,native_reference,arctic_a0541
cmu_arctic,slt,English,F,train,ai-training/datasets/cmu-arctic/raw/cmu_us_slt_arctic/wav/arctic_a0542.wav,Without a doubt some of them have dinner engagements,0,native_reference,native_reference,arctic_a0542
cmu_arctic,slt,English,F,train,ai-training/datasets/cmu-arctic/raw/cmu_us_slt_arctic/wav/arctic_a0543.wav,I had been born with no organic chemical predisposition toward alcohol,0,native_reference,native_reference,arctic_a0543
cmu_arctic,slt,English,F,train,ai-training/datasets/cmu-arctic/raw/cmu_us_slt_arctic/wav/arctic_a0544.wav,He may anticipate the day of his death,0,native_reference,native_reference,arctic_a0544
cmu_arctic,slt,English,F,train,ai-training/datasets/cmu-arctic/raw/cmu_us_slt_arctic/wav/arctic_a0545.wav,The Italian rancho was a bachelor establishment,0,native_reference,native_reference,arctic_a0545
cmu_arctic,slt,English,F,train,ai-training/datasets/cmu-arctic/raw/cmu_us_slt_arctic/wav/arctic_a0546.wav,I lost my balance and pitched head foremost into the ooze,0,native_reference,native_reference,arctic_a0546
cmu_arctic,slt,English,F,train,ai-training/datasets/cmu-arctic/raw/cmu_us_slt_arctic/wav/arctic_a0547.wav,Men like Joe Goose dated existence from drunk to drunk,0,native_reference,native_reference,arctic_a0547
cmu_arctic,slt,English,F,train,ai-training/datasets/cmu-arctic/raw/cmu_us_slt_arctic/wav/arctic_a0548.wav,Also churches and preachers I had never known,0,native_reference,native_reference,arctic_a0548
cmu_arctic,slt,English,F,train,ai-training/datasets/cmu-arctic/raw/cmu_us_slt_arctic/wav/arctic_a0549.wav,Do you know that we weigh every pound of coal we burn,0,native_reference,native_reference,arctic_a0549
cmu_arctic,slt,English,F,train,ai-training/datasets/cmu-arctic/raw/cmu_us_slt_arctic/wav/arctic_a0550.wav,This also became part of the daily schedule,0,native_reference,native_reference,arctic_a0550
cmu_arctic,slt,English,F,train,ai-training/datasets/cmu-arctic/raw/cmu_us_slt_arctic/wav/arctic_a0551.wav,All an appearance can know is mirage,0,native_reference,native_reference,arctic_a0551
cmu_arctic,slt,English,F,train,ai-training/datasets/cmu-arctic/raw/cmu_us_slt_arctic/wav/arctic_a0552.wav,Yet he dreams he is immortal I argue feebly,0,native_reference,native_reference,arctic_a0552
cmu_arctic,slt,English,F,train,ai-training/datasets/cmu-arctic/raw/cmu_us_slt_arctic/wav/arctic_a0553.wav,I am writing these lines in Honolulu Hawaii,0,native_reference,native_reference,arctic_a0553
cmu_arctic,slt,English,F,train,ai-training/datasets/cmu-arctic/raw/cmu_us_slt_arctic/wav/arctic_a0554.wav,Jack London Waikiki Beach Honolulu Oahu,0,native_reference,native_reference,arctic_a0554
cmu_arctic,slt,English,F,train,ai-training/datasets/cmu-arctic/raw/cmu_us_slt_arctic/wav/arctic_a0555.wav,Jerry was so secure in his nook that he did not roll away,0,native_reference,native_reference,arctic_a0555
cmu_arctic,slt,English,F,train,ai-training/datasets/cmu-arctic/raw/cmu_us_slt_arctic/wav/arctic_a0556.wav,Why he's bought forty pounds of goods from you already,0,native_reference,native_reference,arctic_a0556
cmu_arctic,slt,English,F,train,ai-training/datasets/cmu-arctic/raw/cmu_us_slt_arctic/wav/arctic_a0557.wav,The last refugee had passed,0,native_reference,native_reference,arctic_a0557
cmu_arctic,slt,English,F,train,ai-training/datasets/cmu-arctic/raw/cmu_us_slt_arctic/wav/arctic_a0558.wav,And the foundation stone of service in his case was obedience,0,native_reference,native_reference,arctic_a0558
cmu_arctic,slt,English,F,train,ai-training/datasets/cmu-arctic/raw/cmu_us_slt_arctic/wav/arctic_a0559.wav,Peace be unto you and grace before the Lord,0,native_reference,native_reference,arctic_a0559
cmu_arctic,slt,English,F,train,ai-training/datasets/cmu-arctic/raw/cmu_us_slt_arctic/wav/arctic_a0560.wav,His mouth opened words shaped vainly on his lips,0,native_reference,native_reference,arctic_a0560
cmu_arctic,slt,English,F,train,ai-training/datasets/cmu-arctic/raw/cmu_us_slt_arctic/wav/arctic_a0561.wav,Bill lingered contemplating his work with artistic appreciation,0,native_reference,native_reference,arctic_a0561
cmu_arctic,slt,English,F,train,ai-training/datasets/cmu-arctic/raw/cmu_us_slt_arctic/wav/arctic_a0562.wav,What the flaming,0,native_reference,native_reference,arctic_a0562
cmu_arctic,slt,English,F,train,ai-training/datasets/cmu-arctic/raw/cmu_us_slt_arctic/wav/arctic_a0563.wav,Mrs McFee's jaws brought together with a snap,0,native_reference,native_reference,arctic_a0563
cmu_arctic,slt,English,F,train,ai-training/datasets/cmu-arctic/raw/cmu_us_slt_arctic/wav/arctic_a0564.wav,Then it is as I said Womble announced with finality,0,native_reference,native_reference,arctic_a0564
cmu_arctic,slt,English,F,train,ai-training/datasets/cmu-arctic/raw/cmu_us_slt_arctic/wav/arctic_a0565.wav,With them were Indians also three other men,0,native_reference,native_reference,arctic_a0565
cmu_arctic,slt,English,F,train,ai-training/datasets/cmu-arctic/raw/cmu_us_slt_arctic/wav/arctic_a0566.wav,Dennin's hands were released long enough for him to sign the document,0,native_reference,native_reference,arctic_a0566
cmu_arctic,slt,English,F,train,ai-training/datasets/cmu-arctic/raw/cmu_us_slt_arctic/wav/arctic_a0567.wav,Now Irvine was a man of impulse a poet,0,native_reference,native_reference,arctic_a0567
cmu_arctic,slt,English,F,train,ai-training/datasets/cmu-arctic/raw/cmu_us_slt_arctic/wav/arctic_a0568.wav,He was just bursting with joy joy over what,0,native_reference,native_reference,arctic_a0568
cmu_arctic,slt,English,F,train,ai-training/datasets/cmu-arctic/raw/cmu_us_slt_arctic/wav/arctic_a0569.wav,At Lake Linderman I had one canoe very good Peterborough canoe,0,native_reference,native_reference,arctic_a0569
cmu_arctic,slt,English,F,train,ai-training/datasets/cmu-arctic/raw/cmu_us_slt_arctic/wav/arctic_a0570.wav,Behind him lay the thousand-years-long road across all Siberia and Russia,0,native_reference,native_reference,arctic_a0570
cmu_arctic,slt,English,F,train,ai-training/datasets/cmu-arctic/raw/cmu_us_slt_arctic/wav/arctic_a0571.wav,He had forgotten to build a fire and thaw out,0,native_reference,native_reference,arctic_a0571
cmu_arctic,slt,English,F,train,ai-training/datasets/cmu-arctic/raw/cmu_us_slt_arctic/wav/arctic_a0572.wav,I never saw anything like her in my life,0,native_reference,native_reference,arctic_a0572
cmu_arctic,slt,English,F,train,ai-training/datasets/cmu-arctic/raw/cmu_us_slt_arctic/wav/arctic_a0573.wav,There was no law on the Yukon save what they made for themselves,0,native_reference,native_reference,arctic_a0573
cmu_arctic,slt,English,F,train,ai-training/datasets/cmu-arctic/raw/cmu_us_slt_arctic/wav/arctic_a0574.wav,Good business man Curly O'Brien was saying,0,native_reference,native_reference,arctic_a0574
cmu_arctic,slt,English,F,train,ai-training/datasets/cmu-arctic/raw/cmu_us_slt_arctic/wav/arctic_a0575.wav,There weren't any missions and he was the man to know,0,native_reference,native_reference,arctic_a0575
cmu_arctic,slt,English,F,train,ai-training/datasets/cmu-arctic/raw/cmu_us_slt_arctic/wav/arctic_a0576.wav,And the big Persian knew of his existence before he did of hers,0,native_reference,native_reference,arctic_a0576
cmu_arctic,slt,English,F,train,ai-training/datasets/cmu-arctic/raw/cmu_us_slt_arctic/wav/arctic_a0577.wav,Once the jews harp began emitting its barbaric rhythms Michael was helpless,0,native_reference,native_reference,arctic_a0577
cmu_arctic,slt,English,F,train,ai-training/datasets/cmu-arctic/raw/cmu_us_slt_arctic/wav/arctic_a0578.wav,But we'll just postpone this,0,native_reference,native_reference,arctic_a0578
cmu_arctic,slt,English,F,train,ai-training/datasets/cmu-arctic/raw/cmu_us_slt_arctic/wav/arctic_a0579.wav,There was the Emma Louisa,0,native_reference,native_reference,arctic_a0579
cmu_arctic,slt,English,F,train,ai-training/datasets/cmu-arctic/raw/cmu_us_slt_arctic/wav/arctic_a0580.wav,This is my fifth voyage,0,native_reference,native_reference,arctic_a0580
cmu_arctic,slt,English,F,train,ai-training/datasets/cmu-arctic/raw/cmu_us_slt_arctic/wav/arctic_a0581.wav,It was this proposition that started the big idea in Daughtry's mind,0,native_reference,native_reference,arctic_a0581
cmu_arctic,slt,English,F,train,ai-training/datasets/cmu-arctic/raw/cmu_us_slt_arctic/wav/arctic_a0582.wav,Daughtry elaborated on the counting trick by bringing Cocky along,0,native_reference,native_reference,arctic_a0582
cmu_arctic,slt,English,F,train,ai-training/datasets/cmu-arctic/raw/cmu_us_slt_arctic/wav/arctic_a0583.wav,Enjoy it he did but principally for Steward's sake,0,native_reference,native_reference,arctic_a0583
cmu_arctic,slt,English,F,train,ai-training/datasets/cmu-arctic/raw/cmu_us_slt_arctic/wav/arctic_a0584.wav,I have long noted your thirst unquenchable,0,native_reference,native_reference,arctic_a0584
cmu_arctic,slt,English,F,train,ai-training/datasets/cmu-arctic/raw/cmu_us_slt_arctic/wav/arctic_a0585.wav,Wonder if he's a lion dog Charles suggested,0,native_reference,native_reference,arctic_a0585
cmu_arctic,slt,English,F,train,ai-training/datasets/cmu-arctic/raw/cmu_us_slt_arctic/wav/arctic_a0586.wav,We don't see ourselves as foolish,0,native_reference,native_reference,arctic_a0586
cmu_arctic,slt,English,F,train,ai-training/datasets/cmu-arctic/raw/cmu_us_slt_arctic/wav/arctic_a0587.wav,He had comparatively no advantages at first,0,native_reference,native_reference,arctic_a0587
cmu_arctic,slt,English,F,train,ai-training/datasets/cmu-arctic/raw/cmu_us_slt_arctic/wav/arctic_a0588.wav,He had proved it today with his amateurish and sophomoric productions,0,native_reference,native_reference,arctic_a0588
cmu_arctic,slt,English,F,train,ai-training/datasets/cmu-arctic/raw/cmu_us_slt_arctic/wav/arctic_a0589.wav,I was sick once -- typhoid,0,native_reference,native_reference,arctic_a0589
cmu_arctic,slt,English,F,train,ai-training/datasets/cmu-arctic/raw/cmu_us_slt_arctic/wav/arctic_a0590.wav,In a way he is my protege,0,native_reference,native_reference,arctic_a0590
cmu_arctic,slt,English,F,train,ai-training/datasets/cmu-arctic/raw/cmu_us_slt_arctic/wav/arctic_a0591.wav,We are both children together,0,native_reference,native_reference,arctic_a0591
cmu_arctic,slt,English,F,train,ai-training/datasets/cmu-arctic/raw/cmu_us_slt_arctic/wav/arctic_a0592.wav,It's only his indigestion I find fault with,0,native_reference,native_reference,arctic_a0592
cmu_arctic,slt,English,F,train,ai-training/datasets/cmu-arctic/raw/cmu_us_slt_arctic/wav/arctic_a0593.wav,She'd make a good wife for the cashier,0,native_reference,native_reference,arctic_a0593
cmu_arctic,slt,English,F,train,ai-training/datasets/cmu-arctic/raw/cmu_us_slt_arctic/wav/arctic_b0001.wav,Gad do I remember it,0,native_reference,native_reference,arctic_b0001
cmu_arctic,slt,English,F,train,ai-training/datasets/cmu-arctic/raw/cmu_us_slt_arctic/wav/arctic_b0002.wav,You got out by fighting and I through a pretty girl,0,native_reference,native_reference,arctic_b0002
cmu_arctic,slt,English,F,train,ai-training/datasets/cmu-arctic/raw/cmu_us_slt_arctic/wav/arctic_b0003.wav,I can see that knife now,0,native_reference,native_reference,arctic_b0003
cmu_arctic,slt,English,F,train,ai-training/datasets/cmu-arctic/raw/cmu_us_slt_arctic/wav/arctic_b0004.wav,When I can't see beauty in woman I want to die,0,native_reference,native_reference,arctic_b0004
cmu_arctic,slt,English,F,train,ai-training/datasets/cmu-arctic/raw/cmu_us_slt_arctic/wav/arctic_b0005.wav,His slim fingers closed like steel about Philip's,0,native_reference,native_reference,arctic_b0005
cmu_arctic,slt,English,F,train,ai-training/datasets/cmu-arctic/raw/cmu_us_slt_arctic/wav/arctic_b0006.wav,He seized Gregson by the arm and led him to the door,0,native_reference,native_reference,arctic_b0006
cmu_arctic,slt,English,F,train,ai-training/datasets/cmu-arctic/raw/cmu_us_slt_arctic/wav/arctic_b0007.wav,Hear the Indian dogs wailing down at Churchill,0,native_reference,native_reference,arctic_b0007
cmu_arctic,slt,English,F,train,ai-training/datasets/cmu-arctic/raw/cmu_us_slt_arctic/wav/arctic_b0008.wav,Burke himself had criticized it because of the smile,0,native_reference,native_reference,arctic_b0008
cmu_arctic,slt,English,F,train,ai-training/datasets/cmu-arctic/raw/cmu_us_slt_arctic/wav/arctic_b0009.wav,I'd say there was going to be a glorious scrap,0,native_reference,native_reference,arctic_b0009
cmu_arctic,slt,English,F,train,ai-training/datasets/cmu-arctic/raw/cmu_us_slt_arctic/wav/arctic_b0010.wav,He turned the map to Gregson pointing with his finger,0,native_reference,native_reference,arctic_b0010
cmu_arctic,slt,English,F,train,ai-training/datasets/cmu-arctic/raw/cmu_us_slt_arctic/wav/arctic_b0011.wav,His eyes never took themselves for an instant from his companion's face,0,native_reference,native_reference,arctic_b0011
cmu_arctic,slt,English,F,train,ai-training/datasets/cmu-arctic/raw/cmu_us_slt_arctic/wav/arctic_b0012.wav,Something that Whittemore had not yet said thrilled him,0,native_reference,native_reference,arctic_b0012
cmu_arctic,slt,English,F,train,ai-training/datasets/cmu-arctic/raw/cmu_us_slt_arctic/wav/arctic_b0013.wav,Lakes and rivers hundreds of them thousands of them,0,native_reference,native_reference,arctic_b0013
cmu_arctic,slt,English,F,train,ai-training/datasets/cmu-arctic/raw/cmu_us_slt_arctic/wav/arctic_b0014.wav,Whitefish Gregson whitefish and trout,0,native_reference,native_reference,arctic_b0014
cmu_arctic,slt,English,F,train,ai-training/datasets/cmu-arctic/raw/cmu_us_slt_arctic/wav/arctic_b0015.wav,They robbed me a few years later,0,native_reference,native_reference,arctic_b0015
cmu_arctic,slt,English,F,train,ai-training/datasets/cmu-arctic/raw/cmu_us_slt_arctic/wav/arctic_b0016.wav,He chuckled as he pulled out his pipe and began filling it,0,native_reference,native_reference,arctic_b0016
cmu_arctic,slt,English,F,train,ai-training/datasets/cmu-arctic/raw/cmu_us_slt_arctic/wav/arctic_b0017.wav,Everything was working smoothly better than I had expected,0,native_reference,native_reference,arctic_b0017
cmu_arctic,slt,English,F,train,ai-training/datasets/cmu-arctic/raw/cmu_us_slt_arctic/wav/arctic_b0018.wav,I was completely lost in my work,0,native_reference,native_reference,arctic_b0018
cmu_arctic,slt,English,F,train,ai-training/datasets/cmu-arctic/raw/cmu_us_slt_arctic/wav/arctic_b0019.wav,His slim hands gripped the edges of the table,0,native_reference,native_reference,arctic_b0019
cmu_arctic,slt,English,F,train,ai-training/datasets/cmu-arctic/raw/cmu_us_slt_arctic/wav/arctic_b0020.wav,He made no reply as he waited for Whittemore to continue,0,native_reference,native_reference,arctic_b0020
cmu_arctic,slt,English,F,train,ai-training/datasets/cmu-arctic/raw/cmu_us_slt_arctic/wav/arctic_b0021.wav,Philip dropped back into his chair,0,native_reference,native_reference,arctic_b0021
cmu_arctic,slt,English,F,train,ai-training/datasets/cmu-arctic/raw/cmu_us_slt_arctic/wav/arctic_b0022.wav,If I was out of the game it would be easily made,0,native_reference,native_reference,arctic_b0022
cmu_arctic,slt,English,F,train,ai-training/datasets/cmu-arctic/raw/cmu_us_slt_arctic/wav/arctic_b0023.wav,MacDougall my engineer believes it,0,native_reference,native_reference,arctic_b0023
cmu_arctic,slt,English,F,train,ai-training/datasets/cmu-arctic/raw/cmu_us_slt_arctic/wav/arctic_b0024.wav,It is growing every day every hour,0,native_reference,native_reference,arctic_b0024
cmu_arctic,slt,English,F,train,ai-training/datasets/cmu-arctic/raw/cmu_us_slt_arctic/wav/arctic_b0025.wav,Now you understand,0,native_reference,native_reference,arctic_b0025
cmu_arctic,slt,English,F,train,ai-training/datasets/cmu-arctic/raw/cmu_us_slt_arctic/wav/arctic_b0026.wav,You have associated with some of these men,0,native_reference,native_reference,arctic_b0026
cmu_arctic,slt,English,F,train,ai-training/datasets/cmu-arctic/raw/cmu_us_slt_arctic/wav/arctic_b0027.wav,And there's no chivalry no quarter shown in this fight,0,native_reference,native_reference,arctic_b0027
cmu_arctic,slt,English,F,train,ai-training/datasets/cmu-arctic/raw/cmu_us_slt_arctic/wav/arctic_b0028.wav,Lord Fitzhugh is the key to the whole situation,0,native_reference,native_reference,arctic_b0028
cmu_arctic,slt,English,F,train,ai-training/datasets/cmu-arctic/raw/cmu_us_slt_arctic/wav/arctic_b0029.wav,All operations have been carried on from Montreal and Toronto,0,native_reference,native_reference,arctic_b0029
cmu_arctic,slt,English,F,train,ai-training/datasets/cmu-arctic/raw/cmu_us_slt_arctic/wav/arctic_b0030.wav,Gregson held a lighted match until it burnt his fingertips,0,native_reference,native_reference,arctic_b0030
cmu_arctic,slt,English,F,train,ai-training/datasets/cmu-arctic/raw/cmu_us_slt_arctic/wav/arctic_b0031.wav,Gregson had seated himself under the lamp and was sharpening a pencil,0,native_reference,native_reference,arctic_b0031
cmu_arctic,slt,English,F,train,ai-training/datasets/cmu-arctic/raw/cmu_us_slt_arctic/wav/arctic_b0032.wav,He caught himself with a jerk,0,native_reference,native_reference,arctic_b0032
cmu_arctic,slt,English,F,train,ai-training/datasets/cmu-arctic/raw/cmu_us_slt_arctic/wav/arctic_b0033.wav,How does your wager look now,0,native_reference,native_reference,arctic_b0033
cmu_arctic,slt,English,F,train,ai-training/datasets/cmu-arctic/raw/cmu_us_slt_arctic/wav/arctic_b0034.wav,He confessed that the sketch had startled him,0,native_reference,native_reference,arctic_b0034
cmu_arctic,slt,English,F,train,ai-training/datasets/cmu-arctic/raw/cmu_us_slt_arctic/wav/arctic_b0035.wav,After all the picture was only a resemblance,0,native_reference,native_reference,arctic_b0035
cmu_arctic,slt,English,F,train,ai-training/datasets/cmu-arctic/raw/cmu_us_slt_arctic/wav/arctic_b0036.wav,He wondered too where Roscoe was,0,native_reference,native_reference,arctic_b0036
cmu_arctic,slt,English,F,train,ai-training/datasets/cmu-arctic/raw/cmu_us_slt_arctic/wav/arctic_b0037.wav,Philip knew that she was not an Indian,0,native_reference,native_reference,arctic_b0037
cmu_arctic,slt,English,F,train,ai-training/datasets/cmu-arctic/raw/cmu_us_slt_arctic/wav/arctic_b0038.wav,In her haste to get away she had forgotten these things,0,native_reference,native_reference,arctic_b0038
cmu_arctic,slt,English,F,train,ai-training/datasets/cmu-arctic/raw/cmu_us_slt_arctic/wav/arctic_b0039.wav,Philip took a step toward Gregson half determined to awaken him,0,native_reference,native_reference,arctic_b0039
cmu_arctic,slt,English,F,train,ai-training/datasets/cmu-arctic/raw/cmu_us_slt_arctic/wav/arctic_b0040.wav,The thought set his blood tingling,0,native_reference,native_reference,arctic_b0040
cmu_arctic,slt,English,F,train,ai-training/datasets/cmu-arctic/raw/cmu_us_slt_arctic/wav/arctic_b0041.wav,But if Pierre did not return until tomorrow,0,native_reference,native_reference,arctic_b0041
cmu_arctic,slt,English,F,train,ai-training/datasets/cmu-arctic/raw/cmu_us_slt_arctic/wav/arctic_b0042.wav,Ten minutes had not elapsed since he had dropped the handkerchief,0,native_reference,native_reference,arctic_b0042
cmu_arctic,slt,English,F,train,ai-training/datasets/cmu-arctic/raw/cmu_us_slt_arctic/wav/arctic_b0043.wav,It won't be for sale,0,native_reference,native_reference,arctic_b0043
cmu_arctic,slt,English,F,train,ai-training/datasets/cmu-arctic/raw/cmu_us_slt_arctic/wav/arctic_b0044.wav,For a few moments he ate in silence,0,native_reference,native_reference,arctic_b0044
cmu_arctic,slt,English,F,train,ai-training/datasets/cmu-arctic/raw/cmu_us_slt_arctic/wav/arctic_b0045.wav,Philip did not pursue the subject,0,native_reference,native_reference,arctic_b0045
cmu_arctic,slt,English,F,train,ai-training/datasets/cmu-arctic/raw/cmu_us_slt_arctic/wav/arctic_b0046.wav,Philip produced a couple of cigars and took a chair opposite him,0,native_reference,native_reference,arctic_b0046
cmu_arctic,slt,English,F,train,ai-training/datasets/cmu-arctic/raw/cmu_us_slt_arctic/wav/arctic_b0047.wav,Suppose you saw me at work through the window,0,native_reference,native_reference,arctic_b0047
cmu_arctic,slt,English,F,train,ai-training/datasets/cmu-arctic/raw/cmu_us_slt_arctic/wav/arctic_b0048.wav,He looked like one who had passed through an uncomfortable hour or two,0,native_reference,native_reference,arctic_b0048
cmu_arctic,slt,English,F,train,ai-training/datasets/cmu-arctic/raw/cmu_us_slt_arctic/wav/arctic_b0049.wav,There was nothing more except a large ink blot under the words,0,native_reference,native_reference,arctic_b0049
cmu_arctic,slt,English,F,train,ai-training/datasets/cmu-arctic/raw/cmu_us_slt_arctic/wav/arctic_b0050.wav,All this day Gregson remained in the cabin,0,native_reference,native_reference,arctic_b0050
cmu_arctic,slt,English,F,train,ai-training/datasets/cmu-arctic/raw/cmu_us_slt_arctic/wav/arctic_b0051.wav,The sixth day he spent in the cabin with Gregson,0,native_reference,native_reference,arctic_b0051
cmu_arctic,slt,English,F,train,ai-training/datasets/cmu-arctic/raw/cmu_us_slt_arctic/wav/arctic_b0052.wav,The flush was gone from her face,0,native_reference,native_reference,arctic_b0052
cmu_arctic,slt,English,F,train,ai-training/datasets/cmu-arctic/raw/cmu_us_slt_arctic/wav/arctic_b0053.wav,That is why I am am rattled he laughed,0,native_reference,native_reference,arctic_b0053
cmu_arctic,slt,English,F,train,ai-training/datasets/cmu-arctic/raw/cmu_us_slt_arctic/wav/arctic_b0054.wav,He understood the meaning of the look,0,native_reference,native_reference,arctic_b0054
cmu_arctic,slt,English,F,train,ai-training/datasets/cmu-arctic/raw/cmu_us_slt_arctic/wav/arctic_b0055.wav,She was even more beautiful than when I saw her before,0,native_reference,native_reference,arctic_b0055
cmu_arctic,slt,English,F,train,ai-training/datasets/cmu-arctic/raw/cmu_us_slt_arctic/wav/arctic_b0056.wav,I'll give a thousand if you produce her retorted Gregson,0,native_reference,native_reference,arctic_b0056
cmu_arctic,slt,English,F,train,ai-training/datasets/cmu-arctic/raw/cmu_us_slt_arctic/wav/arctic_b0057.wav,They have won popular sentiment through the newspapers,0,native_reference,native_reference,arctic_b0057
cmu_arctic,slt,English,F,train,ai-training/datasets/cmu-arctic/raw/cmu_us_slt_arctic/wav/arctic_b0058.wav,We must achieve our own salvation,0,native_reference,native_reference,arctic_b0058
cmu_arctic,slt,English,F,train,ai-training/datasets/cmu-arctic/raw/cmu_us_slt_arctic/wav/arctic_b0059.wav,In moments of mental energy Philip was restless,0,native_reference,native_reference,arctic_b0059
cmu_arctic,slt,English,F,train,ai-training/datasets/cmu-arctic/raw/cmu_us_slt_arctic/wav/arctic_b0060.wav,He would keep his faith with Gregson for the promised day or two,0,native_reference,native_reference,arctic_b0060
cmu_arctic,slt,English,F,train,ai-training/datasets/cmu-arctic/raw/cmu_us_slt_arctic/wav/arctic_b0061.wav,Something about it seemed to fascinate him to challenge his presence,0,native_reference,native_reference,arctic_b0061
cmu_arctic,slt,English,F,train,ai-training/datasets/cmu-arctic/raw/cmu_us_slt_arctic/wav/arctic_b0062.wav,Now it was missing from the wall,0,native_reference,native_reference,arctic_b0062
cmu_arctic,slt,English,F,train,ai-training/datasets/cmu-arctic/raw/cmu_us_slt_arctic/wav/arctic_b0063.wav,He boiled himself some coffee and sat down to wait,0,native_reference,native_reference,arctic_b0063
cmu_arctic,slt,English,F,train,ai-training/datasets/cmu-arctic/raw/cmu_us_slt_arctic/wav/arctic_b0064.wav,I'm going down there with you and I'm going to fight,0,native_reference,native_reference,arctic_b0064
cmu_arctic,slt,English,F,train,ai-training/datasets/cmu-arctic/raw/cmu_us_slt_arctic/wav/arctic_b0065.wav,Now have you got anything to say against me Mr Philip,0,native_reference,native_reference,arctic_b0065
cmu_arctic,slt,English,F,train,ai-training/datasets/cmu-arctic/raw/cmu_us_slt_arctic/wav/arctic_b0066.wav,If I meet her again I shall apologize said Eileen,0,native_reference,native_reference,arctic_b0066
cmu_arctic,slt,English,F,train,ai-training/datasets/cmu-arctic/raw/cmu_us_slt_arctic/wav/arctic_b0067.wav,Below him the shadow was broken into a pool of rippling starlight,0,native_reference,native_reference,arctic_b0067
cmu_arctic,slt,English,F,train,ai-training/datasets/cmu-arctic/raw/cmu_us_slt_arctic/wav/arctic_b0068.wav,Only the chance sound had led him to observe them,0,native_reference,native_reference,arctic_b0068
cmu_arctic,slt,English,F,train,ai-training/datasets/cmu-arctic/raw/cmu_us_slt_arctic/wav/arctic_b0069.wav,Could the incident have anything to do with Jeanne and Pierre,0,native_reference,native_reference,arctic_b0069
cmu_arctic,slt,English,F,train,ai-training/datasets/cmu-arctic/raw/cmu_us_slt_arctic/wav/arctic_b0070.wav,There was no chance to fire without hitting him,0,native_reference,native_reference,arctic_b0070
cmu_arctic,slt,English,F,train,ai-training/datasets/cmu-arctic/raw/cmu_us_slt_arctic/wav/arctic_b0071.wav,There was no answer from the other side,0,native_reference,native_reference,arctic_b0071
cmu_arctic,slt,English,F,train,ai-training/datasets/cmu-arctic/raw/cmu_us_slt_arctic/wav/arctic_b0072.wav,Then he hastened on as Pierre had guided him,0,native_reference,native_reference,arctic_b0072
cmu_arctic,slt,English,F,train,ai-training/datasets/cmu-arctic/raw/cmu_us_slt_arctic/wav/arctic_b0073.wav,With these arguments he convinced himself that he should go on alone,0,native_reference,native_reference,arctic_b0073
cmu_arctic,slt,English,F,train,ai-training/datasets/cmu-arctic/raw/cmu_us_slt_arctic/wav/arctic_b0074.wav,Yet behind them there was another and more powerful motive,0,native_reference,native_reference,arctic_b0074
cmu_arctic,slt,English,F,train,ai-training/datasets/cmu-arctic/raw/cmu_us_slt_arctic/wav/arctic_b0075.wav,In that case he could not miss them if he used caution,0,native_reference,native_reference,arctic_b0075
cmu_arctic,slt,English,F,train,ai-training/datasets/cmu-arctic/raw/cmu_us_slt_arctic/wav/arctic_b0076.wav,Before Philip could recover himself Jeanne's startled guards were upon him,0,native_reference,native_reference,arctic_b0076
cmu_arctic,slt,English,F,train,ai-training/datasets/cmu-arctic/raw/cmu_us_slt_arctic/wav/arctic_b0077.wav,It is the nearest refuge,0,native_reference,native_reference,arctic_b0077
cmu_arctic,slt,English,F,train,ai-training/datasets/cmu-arctic/raw/cmu_us_slt_arctic/wav/arctic_b0078.wav,There was pride and strength the ring of triumph in his voice,0,native_reference,native_reference,arctic_b0078
cmu_arctic,slt,English,F,train,ai-training/datasets/cmu-arctic/raw/cmu_us_slt_arctic/wav/arctic_b0079.wav,The truth of it set Jeanne quivering,0,native_reference,native_reference,arctic_b0079
cmu_arctic,slt,English,F,train,ai-training/datasets/cmu-arctic/raw/cmu_us_slt_arctic/wav/arctic_b0080.wav,Tomorrow it will be strong enough for you to stand upon,0,native_reference,native_reference,arctic_b0080
cmu_arctic,slt,English,F,train,ai-training/datasets/cmu-arctic/raw/cmu_us_slt_arctic/wav/arctic_b0081.wav,You were going to leave after you saw me on the rock,0,native_reference,native_reference,arctic_b0081
cmu_arctic,slt,English,F,train,ai-training/datasets/cmu-arctic/raw/cmu_us_slt_arctic/wav/arctic_b0082.wav,He bit his tongue and cursed himself at this fresh break,0,native_reference,native_reference,arctic_b0082
cmu_arctic,slt,English,F,train,ai-training/datasets/cmu-arctic/raw/cmu_us_slt_arctic/wav/arctic_b0083.wav,In it there was something that was almost tragedy,0,native_reference,native_reference,arctic_b0083
cmu_arctic,slt,English,F,train,ai-training/datasets/cmu-arctic/raw/cmu_us_slt_arctic/wav/arctic_b0084.wav,Your face is red with blood,0,native_reference,native_reference,arctic_b0084
cmu_arctic,slt,English,F,train,ai-training/datasets/cmu-arctic/raw/cmu_us_slt_arctic/wav/arctic_b0085.wav,Her eyes smiled truth at him as he came up the bank,0,native_reference,native_reference,arctic_b0085
cmu_arctic,slt,English,F,train,ai-training/datasets/cmu-arctic/raw/cmu_us_slt_arctic/wav/arctic_b0086.wav,He can care for himself,0,native_reference,native_reference,arctic_b0086
cmu_arctic,slt,English,F,train,ai-training/datasets/cmu-arctic/raw/cmu_us_slt_arctic/wav/arctic_b0087.wav,They will search for us between their camp and Churchill,0,native_reference,native_reference,arctic_b0087
cmu_arctic,slt,English,F,train,ai-training/datasets/cmu-arctic/raw/cmu_us_slt_arctic/wav/arctic_b0088.wav,Until I die he exclaimed,0,native_reference,native_reference,arctic_b0088
cmu_arctic,slt,English,F,train,ai-training/datasets/cmu-arctic/raw/cmu_us_slt_arctic/wav/arctic_b0089.wav,Her beautiful hair was done up in shining coils,0,native_reference,native_reference,arctic_b0089
cmu_arctic,slt,English,F,train,ai-training/datasets/cmu-arctic/raw/cmu_us_slt_arctic/wav/arctic_b0090.wav,The Churchill narrowed and its current became swifter as they progressed,0,native_reference,native_reference,arctic_b0090
cmu_arctic,slt,English,F,train,ai-training/datasets/cmu-arctic/raw/cmu_us_slt_arctic/wav/arctic_b0091.wav,For a full half minute Jeanne looked at him without speaking,0,native_reference,native_reference,arctic_b0091
cmu_arctic,slt,English,F,train,ai-training/datasets/cmu-arctic/raw/cmu_us_slt_arctic/wav/arctic_b0092.wav,I want to die in it,0,native_reference,native_reference,arctic_b0092
cmu_arctic,slt,English,F,train,ai-training/datasets/cmu-arctic/raw/cmu_us_slt_arctic/wav/arctic_b0093.wav,Darkness hid him from Jeanne,0,native_reference,native_reference,arctic_b0093
cmu_arctic,slt,English,F,train,ai-training/datasets/cmu-arctic/raw/cmu_us_slt_arctic/wav/arctic_b0094.wav,And yet if she came he had no words to say,0,native_reference,native_reference,arctic_b0094
cmu_arctic,slt,English,F,train,ai-training/datasets/cmu-arctic/raw/cmu_us_slt_arctic/wav/arctic_b0095.wav,He heard a sound which brought him quickly into consciousness of day,0,native_reference,native_reference,arctic_b0095
cmu_arctic,slt,English,F,train,ai-training/datasets/cmu-arctic/raw/cmu_us_slt_arctic/wav/arctic_b0096.wav,Within himself he called it no longer his own,0,native_reference,native_reference,arctic_b0096
cmu_arctic,slt,English,F,train,ai-training/datasets/cmu-arctic/raw/cmu_us_slt_arctic/wav/arctic_b0097.wav,Besides that noise makes me deaf,0,native_reference,native_reference,arctic_b0097
cmu_arctic,slt,English,F,train,ai-training/datasets/cmu-arctic/raw/cmu_us_slt_arctic/wav/arctic_b0098.wav,Philip looked back from the crest and saw Jeanne leaning over the canoe,0,native_reference,native_reference,arctic_b0098
cmu_arctic,slt,English,F,train,ai-training/datasets/cmu-arctic/raw/cmu_us_slt_arctic/wav/arctic_b0099.wav,Fifty yards ahead of her were the first of the rocks,0,native_reference,native_reference,arctic_b0099
cmu_arctic,slt,English,F,train,ai-training/datasets/cmu-arctic/raw/cmu_us_slt_arctic/wav/arctic_b0100.wav,There was one chance and only one of saving Jeanne,0,native_reference,native_reference,arctic_b0100
cmu_arctic,slt,English,F,train,ai-training/datasets/cmu-arctic/raw/cmu_us_slt_arctic/wav/arctic_b0101.wav,You're a devil for fighting and will surely win,0,native_reference,native_reference,arctic_b0101
cmu_arctic,slt,English,F,train,ai-training/datasets/cmu-arctic/raw/cmu_us_slt_arctic/wav/arctic_b0102.wav,I'll only be in the way,0,native_reference,native_reference,arctic_b0102
cmu_arctic,slt,English,F,train,ai-training/datasets/cmu-arctic/raw/cmu_us_slt_arctic/wav/arctic_b0103.wav,He lifted his eyes and a strange cry burst from his lips,0,native_reference,native_reference,arctic_b0103
cmu_arctic,slt,English,F,train,ai-training/datasets/cmu-arctic/raw/cmu_us_slt_arctic/wav/arctic_b0104.wav,Shooting pains passed like flashes of electricity through his body,0,native_reference,native_reference,arctic_b0104
cmu_arctic,slt,English,F,train,ai-training/datasets/cmu-arctic/raw/cmu_us_slt_arctic/wav/arctic_b0105.wav,I know that you are in charge there and Jeanne knows,0,native_reference,native_reference,arctic_b0105
cmu_arctic,slt,English,F,train,ai-training/datasets/cmu-arctic/raw/cmu_us_slt_arctic/wav/arctic_b0106.wav,For a full minute the two men stared into each other's face,0,native_reference,native_reference,arctic_b0106
cmu_arctic,slt,English,F,train,ai-training/datasets/cmu-arctic/raw/cmu_us_slt_arctic/wav/arctic_b0107.wav,He was sure now of but few things,0,native_reference,native_reference,arctic_b0107
cmu_arctic,slt,English,F,train,ai-training/datasets/cmu-arctic/raw/cmu_us_slt_arctic/wav/arctic_b0108.wav,It was a miracle and I owe you my life,0,native_reference,native_reference,arctic_b0108
cmu_arctic,slt,English,F,train,ai-training/datasets/cmu-arctic/raw/cmu_us_slt_arctic/wav/arctic_b0109.wav,Philip ate lightly of the food which Pierre had ready for him,0,native_reference,native_reference,arctic_b0109
cmu_arctic,slt,English,F,train,ai-training/datasets/cmu-arctic/raw/cmu_us_slt_arctic/wav/arctic_b0110.wav,Such men believe when they come together,0,native_reference,native_reference,arctic_b0110
cmu_arctic,slt,English,F,train,ai-training/datasets/cmu-arctic/raw/cmu_us_slt_arctic/wav/arctic_b0111.wav,The journey was continued at dawn,0,native_reference,native_reference,arctic_b0111
cmu_arctic,slt,English,F,train,ai-training/datasets/cmu-arctic/raw/cmu_us_slt_arctic/wav/arctic_b0112.wav,Jeanne and Pierre both gazed toward the great rock,0,native_reference,native_reference,arctic_b0112
cmu_arctic,slt,English,F,train,ai-training/datasets/cmu-arctic/raw/cmu_us_slt_arctic/wav/arctic_b0113.wav,There was something pathetic in the girl's attitude now,0,native_reference,native_reference,arctic_b0113
cmu_arctic,slt,English,F,train,ai-training/datasets/cmu-arctic/raw/cmu_us_slt_arctic/wav/arctic_b0114.wav,He moved his position and the illusion was gone,0,native_reference,native_reference,arctic_b0114
cmu_arctic,slt,English,F,train,ai-training/datasets/cmu-arctic/raw/cmu_us_slt_arctic/wav/arctic_b0115.wav,For two hours not a word passed between them,0,native_reference,native_reference,arctic_b0115
cmu_arctic,slt,English,F,train,ai-training/datasets/cmu-arctic/raw/cmu_us_slt_arctic/wav/arctic_b0116.wav,I have hunted along this ridge replied Philip,0,native_reference,native_reference,arctic_b0116
cmu_arctic,slt,English,F,train,ai-training/datasets/cmu-arctic/raw/cmu_us_slt_arctic/wav/arctic_b0117.wav,That's Thorpe's said the young engineer,0,native_reference,native_reference,arctic_b0117
cmu_arctic,slt,English,F,train,ai-training/datasets/cmu-arctic/raw/cmu_us_slt_arctic/wav/arctic_b0118.wav,We saw your light and thought you wouldn't mind a call,0,native_reference,native_reference,arctic_b0118
cmu_arctic,slt,English,F,train,ai-training/datasets/cmu-arctic/raw/cmu_us_slt_arctic/wav/arctic_b0119.wav,Billinger may arrive in time,0,native_reference,native_reference,arctic_b0119
cmu_arctic,slt,English,F,train,ai-training/datasets/cmu-arctic/raw/cmu_us_slt_arctic/wav/arctic_b0120.wav,There's the hitch replied Thorpe rolling a cigarette,0,native_reference,native_reference,arctic_b0120
cmu_arctic,slt,English,F,train,ai-training/datasets/cmu-arctic/raw/cmu_us_slt_arctic/wav/arctic_b0121.wav,I want my men to work by themselves,0,native_reference,native_reference,arctic_b0121
cmu_arctic,slt,English,F,train,ai-training/datasets/cmu-arctic/raw/cmu_us_slt_arctic/wav/arctic_b0122.wav,Philip saw MacDougall soon after his short talk with Thorpe,0,native_reference,native_reference,arctic_b0122
cmu_arctic,slt,English,F,train,ai-training/datasets/cmu-arctic/raw/cmu_us_slt_arctic/wav/arctic_b0123.wav,Neither could they understand the growing disaffection among Thorpe's men,0,native_reference,native_reference,arctic_b0123
cmu_arctic,slt,English,F,train,ai-training/datasets/cmu-arctic/raw/cmu_us_slt_arctic/wav/arctic_b0124.wav,Two weeks passed and in that time Thorpe left camp three times,0,native_reference,native_reference,arctic_b0124
cmu_arctic,slt,English,F,train,ai-training/datasets/cmu-arctic/raw/cmu_us_slt_arctic/wav/arctic_b0125.wav,It was the third or fourth time that Philip had heard MacDougall swear,0,native_reference,native_reference,arctic_b0125
cmu_arctic,slt,English,F,train,ai-training/datasets/cmu-arctic/raw/cmu_us_slt_arctic/wav/arctic_b0126.wav,Blood was oozing slowly from the wounded man's right breast,0,native_reference,native_reference,arctic_b0126
cmu_arctic,slt,English,F,train,ai-training/datasets/cmu-arctic/raw/cmu_us_slt_arctic/wav/arctic_b0127.wav,He destroyed everything that had belonged to the woman,0,native_reference,native_reference,arctic_b0127
cmu_arctic,slt,English,F,train,ai-training/datasets/cmu-arctic/raw/cmu_us_slt_arctic/wav/arctic_b0128.wav,Philip bent low over Pierre,0,native_reference,native_reference,arctic_b0128
cmu_arctic,slt,English,F,train,ai-training/datasets/cmu-arctic/raw/cmu_us_slt_arctic/wav/arctic_b0129.wav,Did Thorpe go to see any one in Churchill,0,native_reference,native_reference,arctic_b0129
cmu_arctic,slt,English,F,train,ai-training/datasets/cmu-arctic/raw/cmu_us_slt_arctic/wav/arctic_b0130.wav,She saw the answer in his face,0,native_reference,native_reference,arctic_b0130
cmu_arctic,slt,English,F,train,ai-training/datasets/cmu-arctic/raw/cmu_us_slt_arctic/wav/arctic_b0131.wav,Thorpe and his men were to destroy this camp and kill you,0,native_reference,native_reference,arctic_b0131
cmu_arctic,slt,English,F,train,ai-training/datasets/cmu-arctic/raw/cmu_us_slt_arctic/wav/arctic_b0132.wav,There is no need of further detail now -- for you can understand,0,native_reference,native_reference,arctic_b0132
cmu_arctic,slt,English,F,train,ai-training/datasets/cmu-arctic/raw/cmu_us_slt_arctic/wav/arctic_b0133.wav,There followed a roar that shook the earth,0,native_reference,native_reference,arctic_b0133
cmu_arctic,slt,English,F,train,ai-training/datasets/cmu-arctic/raw/cmu_us_slt_arctic/wav/arctic_b0134.wav,Blind with rage he darted in,0,native_reference,native_reference,arctic_b0134
cmu_arctic,slt,English,F,train,ai-training/datasets/cmu-arctic/raw/cmu_us_slt_arctic/wav/arctic_b0135.wav,In it was the joy of life,0,native_reference,native_reference,arctic_b0135
cmu_arctic,slt,English,F,train,ai-training/datasets/cmu-arctic/raw/cmu_us_slt_arctic/wav/arctic_b0136.wav,Swiftly his eyes measured the situation,0,native_reference,native_reference,arctic_b0136
cmu_arctic,slt,English,F,train,ai-training/datasets/cmu-arctic/raw/cmu_us_slt_arctic/wav/arctic_b0137.wav,But this little defect did not worry him,0,native_reference,native_reference,arctic_b0137
cmu_arctic,slt,English,F,train,ai-training/datasets/cmu-arctic/raw/cmu_us_slt_arctic/wav/arctic_b0138.wav,And then steadily he began to chew,0,native_reference,native_reference,arctic_b0138
cmu_arctic,slt,English,F,train,ai-training/datasets/cmu-arctic/raw/cmu_us_slt_arctic/wav/arctic_b0139.wav,Together they ate the rabbit,0,native_reference,native_reference,arctic_b0139
cmu_arctic,slt,English,F,train,ai-training/datasets/cmu-arctic/raw/cmu_us_slt_arctic/wav/arctic_b0140.wav,They edged nearer and stood shoulder to shoulder facing their world,0,native_reference,native_reference,arctic_b0140
cmu_arctic,slt,English,F,train,ai-training/datasets/cmu-arctic/raw/cmu_us_slt_arctic/wav/arctic_b0141.wav,It was beating and waiting in the ambush of those black pits,0,native_reference,native_reference,arctic_b0141
cmu_arctic,slt,English,F,train,ai-training/datasets/cmu-arctic/raw/cmu_us_slt_arctic/wav/arctic_b0142.wav,Something vastly more thrilling had come into it now,0,native_reference,native_reference,arctic_b0142
cmu_arctic,slt,English,F,train,ai-training/datasets/cmu-arctic/raw/cmu_us_slt_arctic/wav/arctic_b0143.wav,It took him half an hour to reach the edge of it,0,native_reference,native_reference,arctic_b0143
cmu_arctic,slt,English,F,train,ai-training/datasets/cmu-arctic/raw/cmu_us_slt_arctic/wav/arctic_b0144.wav,But there was no longer the mother yearning in his heart,0,native_reference,native_reference,arctic_b0144
cmu_arctic,slt,English,F,train,ai-training/datasets/cmu-arctic/raw/cmu_us_slt_arctic/wav/arctic_b0145.wav,Besides had he not whipped the big owl in the forest,0,native_reference,native_reference,arctic_b0145
cmu_arctic,slt,English,F,train,ai-training/datasets/cmu-arctic/raw/cmu_us_slt_arctic/wav/arctic_b0146.wav,After all it was simply a mistake in judgment,0,native_reference,native_reference,arctic_b0146
cmu_arctic,slt,English,F,train,ai-training/datasets/cmu-arctic/raw/cmu_us_slt_arctic/wav/arctic_b0147.wav,Had it struck squarely it would have killed him,0,native_reference,native_reference,arctic_b0147
cmu_arctic,slt,English,F,train,ai-training/datasets/cmu-arctic/raw/cmu_us_slt_arctic/wav/arctic_b0148.wav,The Indian even poked his stick into the thick ground spruce,0,native_reference,native_reference,arctic_b0148
cmu_arctic,slt,English,F,train,ai-training/datasets/cmu-arctic/raw/cmu_us_slt_arctic/wav/arctic_b0149.wav,Pebbles and dirt flew along with hair and fur,0,native_reference,native_reference,arctic_b0149
cmu_arctic,slt,English,F,train,ai-training/datasets/cmu-arctic/raw/cmu_us_slt_arctic/wav/arctic_b0150.wav,And he was filled with a strange and foreboding fear,0,native_reference,native_reference,arctic_b0150
cmu_arctic,slt,English,F,train,ai-training/datasets/cmu-arctic/raw/cmu_us_slt_arctic/wav/arctic_b0151.wav,It was steel a fisher trap,0,native_reference,native_reference,arctic_b0151
cmu_arctic,slt,English,F,train,ai-training/datasets/cmu-arctic/raw/cmu_us_slt_arctic/wav/arctic_b0152.wav,OW a wild dog he growled,0,native_reference,native_reference,arctic_b0152
cmu_arctic,slt,English,F,train,ai-training/datasets/cmu-arctic/raw/cmu_us_slt_arctic/wav/arctic_b0153.wav,He was a pariah a wanderer without a friend or a home,0,native_reference,native_reference,arctic_b0153
cmu_arctic,slt,English,F,train,ai-training/datasets/cmu-arctic/raw/cmu_us_slt_arctic/wav/arctic_b0154.wav,That is the strange part of it,0,native_reference,native_reference,arctic_b0154
cmu_arctic,slt,English,F,train,ai-training/datasets/cmu-arctic/raw/cmu_us_slt_arctic/wav/arctic_b0155.wav,His freshly caught furs he flung to the floor,0,native_reference,native_reference,arctic_b0155
cmu_arctic,slt,English,F,train,ai-training/datasets/cmu-arctic/raw/cmu_us_slt_arctic/wav/arctic_b0156.wav,For that reason Le Beau had chosen him to fight the big fight,0,native_reference,native_reference,arctic_b0156
cmu_arctic,slt,English,F,train,ai-training/datasets/cmu-arctic/raw/cmu_us_slt_arctic/wav/arctic_b0157.wav,In the crib the baby sat up and began to prattle,0,native_reference,native_reference,arctic_b0157
cmu_arctic,slt,English,F,train,ai-training/datasets/cmu-arctic/raw/cmu_us_slt_arctic/wav/arctic_b0158.wav,She obeyed shrinking back with the baby in her arms,0,native_reference,native_reference,arctic_b0158
cmu_arctic,slt,English,F,train,ai-training/datasets/cmu-arctic/raw/cmu_us_slt_arctic/wav/arctic_b0159.wav,His teeth shut with a last click,0,native_reference,native_reference,arctic_b0159
cmu_arctic,slt,English,F,train,ai-training/datasets/cmu-arctic/raw/cmu_us_slt_arctic/wav/arctic_b0160.wav,It was over when he made his way through the ring of spectators,0,native_reference,native_reference,arctic_b0160
cmu_arctic,slt,English,F,train,ai-training/datasets/cmu-arctic/raw/cmu_us_slt_arctic/wav/arctic_b0161.wav,In a flash he was on his feet facing him,0,native_reference,native_reference,arctic_b0161
cmu_arctic,slt,English,F,train,ai-training/datasets/cmu-arctic/raw/cmu_us_slt_arctic/wav/arctic_b0162.wav,He thought he saw a shudder pass through the Factor's shoulders,0,native_reference,native_reference,arctic_b0162
cmu_arctic,slt,English,F,train,ai-training/datasets/cmu-arctic/raw/cmu_us_slt_arctic/wav/arctic_b0163.wav,The moon had already begun its westward decline,0,native_reference,native_reference,arctic_b0163
cmu_arctic,slt,English,F,train,ai-training/datasets/cmu-arctic/raw/cmu_us_slt_arctic/wav/arctic_b0164.wav,They laughed like two happy children,0,native_reference,native_reference,arctic_b0164
cmu_arctic,slt,English,F,train,ai-training/datasets/cmu-arctic/raw/cmu_us_slt_arctic/wav/arctic_b0165.wav,He pulled and the log crashed down to break his back,0,native_reference,native_reference,arctic_b0165
cmu_arctic,slt,English,F,train,ai-training/datasets/cmu-arctic/raw/cmu_us_slt_arctic/wav/arctic_b0166.wav,Fast but endure,0,native_reference,native_reference,arctic_b0166
cmu_arctic,slt,English,F,train,ai-training/datasets/cmu-arctic/raw/cmu_us_slt_arctic/wav/arctic_b0167.wav,A little before dawn of the day following the fire relief came,0,native_reference,native_reference,arctic_b0167
cmu_arctic,slt,English,F,train,ai-training/datasets/cmu-arctic/raw/cmu_us_slt_arctic/wav/arctic_b0168.wav,The Indian felt the worship of her warm in his heart,0,native_reference,native_reference,arctic_b0168
cmu_arctic,slt,English,F,train,ai-training/datasets/cmu-arctic/raw/cmu_us_slt_arctic/wav/arctic_b0169.wav,He drew in a deep breath as he looked at them,0,native_reference,native_reference,arctic_b0169
cmu_arctic,slt,English,F,train,ai-training/datasets/cmu-arctic/raw/cmu_us_slt_arctic/wav/arctic_b0170.wav,Then he shouted Shut up,0,native_reference,native_reference,arctic_b0170
cmu_arctic,slt,English,F,train,ai-training/datasets/cmu-arctic/raw/cmu_us_slt_arctic/wav/arctic_b0171.wav,He changed his seat for a steamer reclining chair,0,native_reference,native_reference,arctic_b0171
cmu_arctic,slt,English,F,train,ai-training/datasets/cmu-arctic/raw/cmu_us_slt_arctic/wav/arctic_b0172.wav,On the far corner of the compound fence a hawk brooded,0,native_reference,native_reference,arctic_b0172
cmu_arctic,slt,English,F,train,ai-training/datasets/cmu-arctic/raw/cmu_us_slt_arctic/wav/arctic_b0173.wav,To these he gave castor oil,0,native_reference,native_reference,arctic_b0173
cmu_arctic,slt,English,F,train,ai-training/datasets/cmu-arctic/raw/cmu_us_slt_arctic/wav/arctic_b0174.wav,Hatred and murder and lust for revenge they possessed to overflowing,0,native_reference,native_reference,arctic_b0174
cmu_arctic,slt,English,F,train,ai-training/datasets/cmu-arctic/raw/cmu_us_slt_arctic/wav/arctic_b0175.wav,Sheldon glanced at the thermometer,0,native_reference,native_reference,arctic_b0175
cmu_arctic,slt,English,F,train,ai-training/datasets/cmu-arctic/raw/cmu_us_slt_arctic/wav/arctic_b0176.wav,I'll see to poor Hughie,0,native_reference,native_reference,arctic_b0176
cmu_arctic,slt,English,F,train,ai-training/datasets/cmu-arctic/raw/cmu_us_slt_arctic/wav/arctic_b0177.wav,Her gray eyes were flashing and her lips were quivering,0,native_reference,native_reference,arctic_b0177
cmu_arctic,slt,English,F,train,ai-training/datasets/cmu-arctic/raw/cmu_us_slt_arctic/wav/arctic_b0178.wav,Also I want information,0,native_reference,native_reference,arctic_b0178
cmu_arctic,slt,English,F,train,ai-training/datasets/cmu-arctic/raw/cmu_us_slt_arctic/wav/arctic_b0179.wav,Let them go out and eat with my boys,0,native_reference,native_reference,arctic_b0179
cmu_arctic,slt,English,F,train,ai-training/datasets/cmu-arctic/raw/cmu_us_slt_arctic/wav/arctic_b0180.wav,I I beg pardon he drawled,0,native_reference,native_reference,arctic_b0180
cmu_arctic,slt,English,F,train,ai-training/datasets/cmu-arctic/raw/cmu_us_slt_arctic/wav/arctic_b0181.wav,And you preferred a cannibal isle and a cartridge belt,0,native_reference,native_reference,arctic_b0181
cmu_arctic,slt,English,F,train,ai-training/datasets/cmu-arctic/raw/cmu_us_slt_arctic/wav/arctic_b0182.wav,I was in New York when the crash came,0,native_reference,native_reference,arctic_b0182
cmu_arctic,slt,English,F,train,ai-training/datasets/cmu-arctic/raw/cmu_us_slt_arctic/wav/arctic_b0183.wav,No I did not fall among thieves,0,native_reference,native_reference,arctic_b0183
cmu_arctic,slt,English,F,train,ai-training/datasets/cmu-arctic/raw/cmu_us_slt_arctic/wav/arctic_b0184.wav,Such things in her brain were like so many oaths on her lips,0,native_reference,native_reference,arctic_b0184
cmu_arctic,slt,English,F,train,ai-training/datasets/cmu-arctic/raw/cmu_us_slt_arctic/wav/arctic_b0185.wav,Your being wrecked here has been a godsend to me,0,native_reference,native_reference,arctic_b0185
cmu_arctic,slt,English,F,train,ai-training/datasets/cmu-arctic/raw/cmu_us_slt_arctic/wav/arctic_b0186.wav,I can't go elsewhere by your own account,0,native_reference,native_reference,arctic_b0186
cmu_arctic,slt,English,F,train,ai-training/datasets/cmu-arctic/raw/cmu_us_slt_arctic/wav/arctic_b0187.wav,Her achievements with cocoanuts were a revelation,0,native_reference,native_reference,arctic_b0187
cmu_arctic,slt,English,F,train,ai-training/datasets/cmu-arctic/raw/cmu_us_slt_arctic/wav/arctic_b0188.wav,He glanced down at her helplessly and moistened his lips,0,native_reference,native_reference,arctic_b0188
cmu_arctic,slt,English,F,train,ai-training/datasets/cmu-arctic/raw/cmu_us_slt_arctic/wav/arctic_b0189.wav,That is what distinguishes all of us from the lower animals,0,native_reference,native_reference,arctic_b0189
cmu_arctic,slt,English,F,train,ai-training/datasets/cmu-arctic/raw/cmu_us_slt_arctic/wav/arctic_b0190.wav,Idealism led him to philosophic anarchy and his family threw him off,0,native_reference,native_reference,arctic_b0190
cmu_arctic,slt,English,F,train,ai-training/datasets/cmu-arctic/raw/cmu_us_slt_arctic/wav/arctic_b0191.wav,He also contended that better confidence was established by carrying no weapons,0,native_reference,native_reference,arctic_b0191
cmu_arctic,slt,English,F,train,ai-training/datasets/cmu-arctic/raw/cmu_us_slt_arctic/wav/arctic_b0192.wav,Outsiders are allowed five minute speeches the sick man urged,0,native_reference,native_reference,arctic_b0192
cmu_arctic,slt,English,F,train,ai-training/datasets/cmu-arctic/raw/cmu_us_slt_arctic/wav/arctic_b0193.wav,So was Packard's finish suicide,0,native_reference,native_reference,arctic_b0193
cmu_arctic,slt,English,F,train,ai-training/datasets/cmu-arctic/raw/cmu_us_slt_arctic/wav/arctic_b0194.wav,Joan cried with shining eyes,0,native_reference,native_reference,arctic_b0194
cmu_arctic,slt,English,F,train,ai-training/datasets/cmu-arctic/raw/cmu_us_slt_arctic/wav/arctic_b0195.wav,Nobody knows how the natives got them,0,native_reference,native_reference,arctic_b0195
cmu_arctic,slt,English,F,train,ai-training/datasets/cmu-arctic/raw/cmu_us_slt_arctic/wav/arctic_b0196.wav,How can you manage all alone Mr Young,0,native_reference,native_reference,arctic_b0196
cmu_arctic,slt,English,F,train,ai-training/datasets/cmu-arctic/raw/cmu_us_slt_arctic/wav/arctic_b0197.wav,The planters are already considering the matter,0,native_reference,native_reference,arctic_b0197
cmu_arctic,slt,English,F,train,ai-training/datasets/cmu-arctic/raw/cmu_us_slt_arctic/wav/arctic_b0198.wav,I use great trouble advisedly,0,native_reference,native_reference,arctic_b0198
cmu_arctic,slt,English,F,train,ai-training/datasets/cmu-arctic/raw/cmu_us_slt_arctic/wav/arctic_b0199.wav,Dear Sir Your second victim has fallen on schedule time,0,native_reference,native_reference,arctic_b0199
cmu_arctic,slt,English,F,train,ai-training/datasets/cmu-arctic/raw/cmu_us_slt_arctic/wav/arctic_b0200.wav,We leave the eventuality to time and law,0,native_reference,native_reference,arctic_b0200
cmu_arctic,slt,English,F,train,ai-training/datasets/cmu-arctic/raw/cmu_us_slt_arctic/wav/arctic_b0201.wav,I also understand that similar branch organizations have made their appearance in Europe,0,native_reference,native_reference,arctic_b0201
cmu_arctic,slt,English,F,train,ai-training/datasets/cmu-arctic/raw/cmu_us_slt_arctic/wav/arctic_b0202.wav,Society is shaken to its foundations,0,native_reference,native_reference,arctic_b0202
cmu_arctic,slt,English,F,train,ai-training/datasets/cmu-arctic/raw/cmu_us_slt_arctic/wav/arctic_b0203.wav,A month in Australia would finish me,0,native_reference,native_reference,arctic_b0203
cmu_arctic,slt,English,F,train,ai-training/datasets/cmu-arctic/raw/cmu_us_slt_arctic/wav/arctic_b0204.wav,Down through the perfume weighted air fluttered the snowy fluffs of the cottonwoods,0,native_reference,native_reference,arctic_b0204
cmu_arctic,slt,English,F,train,ai-training/datasets/cmu-arctic/raw/cmu_us_slt_arctic/wav/arctic_b0205.wav,You were destroying my life,0,native_reference,native_reference,arctic_b0205
cmu_arctic,slt,English,F,train,ai-training/datasets/cmu-arctic/raw/cmu_us_slt_arctic/wav/arctic_b0206.wav,Horses and rifles had been her toys camp and trail her nursery,0,native_reference,native_reference,arctic_b0206
cmu_arctic,slt,English,F,train,ai-training/datasets/cmu-arctic/raw/cmu_us_slt_arctic/wav/arctic_b0207.wav,I'm as good as a man she urged,0,native_reference,native_reference,arctic_b0207
cmu_arctic,slt,English,F,train,ai-training/datasets/cmu-arctic/raw/cmu_us_slt_arctic/wav/arctic_b0208.wav,You read the quotations in today's paper,0,native_reference,native_reference,arctic_b0208
cmu_arctic,slt,English,F,train,ai-training/datasets/cmu-arctic/raw/cmu_us_slt_arctic/wav/arctic_b0209.wav,He's terribly touchy about his black wards as he calls them,0,native_reference,native_reference,arctic_b0209
cmu_arctic,slt,English,F,train,ai-training/datasets/cmu-arctic/raw/cmu_us_slt_arctic/wav/arctic_b0210.wav,Whatever he guessed he locked away in the taboo room of Naomi,0,native_reference,native_reference,arctic_b0210
cmu_arctic,slt,English,F,train,ai-training/datasets/cmu-arctic/raw/cmu_us_slt_arctic/wav/arctic_b0211.wav,This is eighteen eighty,0,native_reference,native_reference,arctic_b0211
cmu_arctic,slt,English,F,train,ai-training/datasets/cmu-arctic/raw/cmu_us_slt_arctic/wav/arctic_b0212.wav,Death is and has been ever since old Maui died,0,native_reference,native_reference,arctic_b0212
cmu_arctic,slt,English,F,train,ai-training/datasets/cmu-arctic/raw/cmu_us_slt_arctic/wav/arctic_b0213.wav,Some boy she laughed acquiescence,0,native_reference,native_reference,arctic_b0213
cmu_arctic,slt,English,F,train,ai-training/datasets/cmu-arctic/raw/cmu_us_slt_arctic/wav/arctic_b0214.wav,Let us talk it over and find a way out,0,native_reference,native_reference,arctic_b0214
cmu_arctic,slt,English,F,train,ai-training/datasets/cmu-arctic/raw/cmu_us_slt_arctic/wav/arctic_b0215.wav,It is a good property and worth more than that,0,native_reference,native_reference,arctic_b0215
cmu_arctic,slt,English,F,train,ai-training/datasets/cmu-arctic/raw/cmu_us_slt_arctic/wav/arctic_b0216.wav,I wish you were more adaptable Joan retorted,0,native_reference,native_reference,arctic_b0216
cmu_arctic,slt,English,F,train,ai-training/datasets/cmu-arctic/raw/cmu_us_slt_arctic/wav/arctic_b0217.wav,Such is my passage engaged on the steamer,0,native_reference,native_reference,arctic_b0217
cmu_arctic,slt,English,F,train,ai-training/datasets/cmu-arctic/raw/cmu_us_slt_arctic/wav/arctic_b0218.wav,The issue was not in doubt,0,native_reference,native_reference,arctic_b0218
cmu_arctic,slt,English,F,train,ai-training/datasets/cmu-arctic/raw/cmu_us_slt_arctic/wav/arctic_b0219.wav,Well there are better men in Hawaii that's all,0,native_reference,native_reference,arctic_b0219
cmu_arctic,slt,English,F,train,ai-training/datasets/cmu-arctic/raw/cmu_us_slt_arctic/wav/arctic_b0220.wav,Harry Bancroft Dave lied,0,native_reference,native_reference,arctic_b0220
cmu_arctic,slt,English,F,train,ai-training/datasets/cmu-arctic/raw/cmu_us_slt_arctic/wav/arctic_b0221.wav,It's a Yankee Joan cried,0,native_reference,native_reference,arctic_b0221
cmu_arctic,slt,English,F,train,ai-training/datasets/cmu-arctic/raw/cmu_us_slt_arctic/wav/arctic_b0222.wav,He was the leader and Tudor was his lieutenant,0,native_reference,native_reference,arctic_b0222
cmu_arctic,slt,English,F,train,ai-training/datasets/cmu-arctic/raw/cmu_us_slt_arctic/wav/arctic_b0223.wav,They likewise are disinclined to being eaten,0,native_reference,native_reference,arctic_b0223
cmu_arctic,slt,English,F,train,ai-training/datasets/cmu-arctic/raw/cmu_us_slt_arctic/wav/arctic_b0224.wav,But to culture the Revolution thus far had exhausted the Junta,0,native_reference,native_reference,arctic_b0224
cmu_arctic,slt,English,F,train,ai-training/datasets/cmu-arctic/raw/cmu_us_slt_arctic/wav/arctic_b0225.wav,The President of the United States was his friend,0,native_reference,native_reference,arctic_b0225
cmu_arctic,slt,English,F,train,ai-training/datasets/cmu-arctic/raw/cmu_us_slt_arctic/wav/arctic_b0226.wav,Your face was the personification of duplicity,0,native_reference,native_reference,arctic_b0226
cmu_arctic,slt,English,F,train,ai-training/datasets/cmu-arctic/raw/cmu_us_slt_arctic/wav/arctic_b0227.wav,Shorty turned to their employers,0,native_reference,native_reference,arctic_b0227
cmu_arctic,slt,English,F,train,ai-training/datasets/cmu-arctic/raw/cmu_us_slt_arctic/wav/arctic_b0228.wav,You were engaged,0,native_reference,native_reference,arctic_b0228
cmu_arctic,slt,English,F,train,ai-training/datasets/cmu-arctic/raw/cmu_us_slt_arctic/wav/arctic_b0229.wav,I saw it all myself and it was splendid,0,native_reference,native_reference,arctic_b0229
cmu_arctic,slt,English,F,train,ai-training/datasets/cmu-arctic/raw/cmu_us_slt_arctic/wav/arctic_b0230.wav,Now run along and tell them to hurry,0,native_reference,native_reference,arctic_b0230
cmu_arctic,slt,English,F,train,ai-training/datasets/cmu-arctic/raw/cmu_us_slt_arctic/wav/arctic_b0231.wav,What's that grub-thief got to do with it,0,native_reference,native_reference,arctic_b0231
cmu_arctic,slt,English,F,train,ai-training/datasets/cmu-arctic/raw/cmu_us_slt_arctic/wav/arctic_b0232.wav,It was a superb picture,0,native_reference,native_reference,arctic_b0232
cmu_arctic,slt,English,F,train,ai-training/datasets/cmu-arctic/raw/cmu_us_slt_arctic/wav/arctic_b0233.wav,So she said the irate skipper dashed on,0,native_reference,native_reference,arctic_b0233
cmu_arctic,slt,English,F,train,ai-training/datasets/cmu-arctic/raw/cmu_us_slt_arctic/wav/arctic_b0234.wav,And watch out for wet feet was his parting advice,0,native_reference,native_reference,arctic_b0234
cmu_arctic,slt,English,F,train,ai-training/datasets/cmu-arctic/raw/cmu_us_slt_arctic/wav/arctic_b0235.wav,Raoul yelled in order to make himself heard,0,native_reference,native_reference,arctic_b0235
cmu_arctic,slt,English,F,train,ai-training/datasets/cmu-arctic/raw/cmu_us_slt_arctic/wav/arctic_b0236.wav,Oolong was two hundred and fifty miles from the nearest land,0,native_reference,native_reference,arctic_b0236
cmu_arctic,slt,English,F,train,ai-training/datasets/cmu-arctic/raw/cmu_us_slt_arctic/wav/arctic_b0237.wav,They just lay off in the bush and plugged away,0,native_reference,native_reference,arctic_b0237
cmu_arctic,slt,English,F,train,ai-training/datasets/cmu-arctic/raw/cmu_us_slt_arctic/wav/arctic_b0238.wav,The very thought of the effort to swim over was nauseating,0,native_reference,native_reference,arctic_b0238
cmu_arctic,slt,English,F,train,ai-training/datasets/cmu-arctic/raw/cmu_us_slt_arctic/wav/arctic_b0239.wav,And there was a dog that barked,0,native_reference,native_reference,arctic_b0239
cmu_arctic,slt,English,F,train,ai-training/datasets/cmu-arctic/raw/cmu_us_slt_arctic/wav/arctic_b0240.wav,There are four all low McCoy answered,0,native_reference,native_reference,arctic_b0240
cmu_arctic,slt,English,F,train,ai-training/datasets/cmu-arctic/raw/cmu_us_slt_arctic/wav/arctic_b0241.wav,The women they carried away with them to the Big Valley,0,native_reference,native_reference,arctic_b0241
cmu_arctic,slt,English,F,train,ai-training/datasets/cmu-arctic/raw/cmu_us_slt_arctic/wav/arctic_b0242.wav,The Japanese understood as we could never school ourselves or hope to understand,0,native_reference,native_reference,arctic_b0242
cmu_arctic,slt,English,F,train,ai-training/datasets/cmu-arctic/raw/cmu_us_slt_arctic/wav/arctic_b0243.wav,They had been on the same lay as ourselves,0,native_reference,native_reference,arctic_b0243
cmu_arctic,slt,English,F,train,ai-training/datasets/cmu-arctic/raw/cmu_us_slt_arctic/wav/arctic_b0244.wav,You are positively soulless he said savagely,0,native_reference,native_reference,arctic_b0244
cmu_arctic,slt,English,F,train,ai-training/datasets/cmu-arctic/raw/cmu_us_slt_arctic/wav/arctic_b0245.wav,Harrison is still my chauffeur,0,native_reference,native_reference,arctic_b0245
cmu_arctic,slt,English,F,train,ai-training/datasets/cmu-arctic/raw/cmu_us_slt_arctic/wav/arctic_b0246.wav,The boy grew and prospered,0,native_reference,native_reference,arctic_b0246
cmu_arctic,slt,English,F,train,ai-training/datasets/cmu-arctic/raw/cmu_us_slt_arctic/wav/arctic_b0247.wav,He wanted to give the finish to this foe already so far gone,0,native_reference,native_reference,arctic_b0247
cmu_arctic,slt,English,F,train,ai-training/datasets/cmu-arctic/raw/cmu_us_slt_arctic/wav/arctic_b0248.wav,Exciting times are the lot of the fish patrol,0,native_reference,native_reference,arctic_b0248
cmu_arctic,slt,English,F,train,ai-training/datasets/cmu-arctic/raw/cmu_us_slt_arctic/wav/arctic_b0249.wav,I know they are my oysters,0,native_reference,native_reference,arctic_b0249
cmu_arctic,slt,English,F,train,ai-training/datasets/cmu-arctic/raw/cmu_us_slt_arctic/wav/arctic_b0250.wav,By this time Charley was as enraged as the Greek,0,native_reference,native_reference,arctic_b0250
cmu_arctic,slt,English,F,train,ai-training/datasets/cmu-arctic/raw/cmu_us_slt_arctic/wav/arctic_b0251.wav,They must have been swept away by the chaotic currents,0,native_reference,native_reference,arctic_b0251
cmu_arctic,slt,English,F,train,ai-training/datasets/cmu-arctic/raw/cmu_us_slt_arctic/wav/arctic_b0252.wav,It resembled tea less than lager beer resembles champagne,0,native_reference,native_reference,arctic_b0252
cmu_arctic,slt,English,F,train,ai-training/datasets/cmu-arctic/raw/cmu_us_slt_arctic/wav/arctic_b0253.wav,The very opposite is true they are discouraged vagabonds,0,native_reference,native_reference,arctic_b0253
cmu_arctic,slt,English,F,train,ai-training/datasets/cmu-arctic/raw/cmu_us_slt_arctic/wav/arctic_b0254.wav,At the same time spears and arrows began to fall among the invaders,0,native_reference,native_reference,arctic_b0254
cmu_arctic,slt,English,F,train,ai-training/datasets/cmu-arctic/raw/cmu_us_slt_arctic/wav/arctic_b0255.wav,Then again Tudor had such an irritating way about him,0,native_reference,native_reference,arctic_b0255
cmu_arctic,slt,English,F,train,ai-training/datasets/cmu-arctic/raw/cmu_us_slt_arctic/wav/arctic_b0256.wav,Outwardly he maintained a calm and smiling aspect,0,native_reference,native_reference,arctic_b0256
cmu_arctic,slt,English,F,train,ai-training/datasets/cmu-arctic/raw/cmu_us_slt_arctic/wav/arctic_b0257.wav,Tudor surveyed him with withering disgust,0,native_reference,native_reference,arctic_b0257
cmu_arctic,slt,English,F,train,ai-training/datasets/cmu-arctic/raw/cmu_us_slt_arctic/wav/arctic_b0258.wav,You fired me out of your house in short,0,native_reference,native_reference,arctic_b0258
cmu_arctic,slt,English,F,train,ai-training/datasets/cmu-arctic/raw/cmu_us_slt_arctic/wav/arctic_b0259.wav,Her mouth opened but instead of speaking she drew a long sigh,0,native_reference,native_reference,arctic_b0259
cmu_arctic,slt,English,F,train,ai-training/datasets/cmu-arctic/raw/cmu_us_slt_arctic/wav/arctic_b0260.wav,It's worth eight dollars,0,native_reference,native_reference,arctic_b0260
cmu_arctic,slt,English,F,train,ai-training/datasets/cmu-arctic/raw/cmu_us_slt_arctic/wav/arctic_b0261.wav,And he did hurt my arm,0,native_reference,native_reference,arctic_b0261
cmu_arctic,slt,English,F,train,ai-training/datasets/cmu-arctic/raw/cmu_us_slt_arctic/wav/arctic_b0262.wav,Saxon's onto her job,0,native_reference,native_reference,arctic_b0262
cmu_arctic,slt,English,F,train,ai-training/datasets/cmu-arctic/raw/cmu_us_slt_arctic/wav/arctic_b0263.wav,Only once did I confide the strangeness of it all to another,0,native_reference,native_reference,arctic_b0263
cmu_arctic,slt,English,F,train,ai-training/datasets/cmu-arctic/raw/cmu_us_slt_arctic/wav/arctic_b0264.wav,But this time it was Saxon who rebelled,0,native_reference,native_reference,arctic_b0264
cmu_arctic,slt,English,F,train,ai-training/datasets/cmu-arctic/raw/cmu_us_slt_arctic/wav/arctic_b0265.wav,I was not to cry out in the face of fear,0,native_reference,native_reference,arctic_b0265
cmu_arctic,slt,English,F,train,ai-training/datasets/cmu-arctic/raw/cmu_us_slt_arctic/wav/arctic_b0266.wav,And now put yourself in my place for a moment,0,native_reference,native_reference,arctic_b0266
cmu_arctic,slt,English,F,train,ai-training/datasets/cmu-arctic/raw/cmu_us_slt_arctic/wav/arctic_b0267.wav,The boy threw back his head with pride,0,native_reference,native_reference,arctic_b0267
cmu_arctic,slt,English,F,train,ai-training/datasets/cmu-arctic/raw/cmu_us_slt_arctic/wav/arctic_b0268.wav,Saxon nodded and the boy frowned,0,native_reference,native_reference,arctic_b0268
cmu_arctic,slt,English,F,train,ai-training/datasets/cmu-arctic/raw/cmu_us_slt_arctic/wav/arctic_b0269.wav,Why not like any railroad station or ferry depot,0,native_reference,native_reference,arctic_b0269
cmu_arctic,slt,English,F,train,ai-training/datasets/cmu-arctic/raw/cmu_us_slt_arctic/wav/arctic_b0270.wav,We could throw stones with our feet,0,native_reference,native_reference,arctic_b0270
cmu_arctic,slt,English,F,train,ai-training/datasets/cmu-arctic/raw/cmu_us_slt_arctic/wav/arctic_b0271.wav,It was put together in a casual helter-skelter sort of way,0,native_reference,native_reference,arctic_b0271
cmu_arctic,slt,English,F,train,ai-training/datasets/cmu-arctic/raw/cmu_us_slt_arctic/wav/arctic_b0272.wav,These were merely stout sticks an inch or so in diameter,0,native_reference,native_reference,arctic_b0272
cmu_arctic,slt,English,F,train,ai-training/datasets/cmu-arctic/raw/cmu_us_slt_arctic/wav/arctic_b0273.wav,Then it was that a strange thing happened,0,native_reference,native_reference,arctic_b0273
cmu_arctic,slt,English,F,train,ai-training/datasets/cmu-arctic/raw/cmu_us_slt_arctic/wav/arctic_b0274.wav,From the source of light a harsh voice said,0,native_reference,native_reference,arctic_b0274
cmu_arctic,slt,English,F,train,ai-training/datasets/cmu-arctic/raw/cmu_us_slt_arctic/wav/arctic_b0275.wav,But I did not enjoy it long,0,native_reference,native_reference,arctic_b0275
cmu_arctic,slt,English,F,train,ai-training/datasets/cmu-arctic/raw/cmu_us_slt_arctic/wav/arctic_b0276.wav,We were now good friends,0,native_reference,native_reference,arctic_b0276
cmu_arctic,slt,English,F,train,ai-training/datasets/cmu-arctic/raw/cmu_us_slt_arctic/wav/arctic_b0277.wav,Two of the Folk were already up,0,native_reference,native_reference,arctic_b0277
cmu_arctic,slt,English,F,train,ai-training/datasets/cmu-arctic/raw/cmu_us_slt_arctic/wav/arctic_b0278.wav,Now animals do not like mockery,0,native_reference,native_reference,arctic_b0278
cmu_arctic,slt,English,F,train,ai-training/datasets/cmu-arctic/raw/cmu_us_slt_arctic/wav/arctic_b0279.wav,He gave one last snarl and slid from view among the trees,0,native_reference,native_reference,arctic_b0279
cmu_arctic,slt,English,F,train,ai-training/datasets/cmu-arctic/raw/cmu_us_slt_arctic/wav/arctic_b0280.wav,Again the girls applauded and Mrs Hall cried,0,native_reference,native_reference,arctic_b0280
cmu_arctic,slt,English,F,train,ai-training/datasets/cmu-arctic/raw/cmu_us_slt_arctic/wav/arctic_b0281.wav,Just the same I'd sooner be myself than have book indigestion,0,native_reference,native_reference,arctic_b0281
cmu_arctic,slt,English,F,train,ai-training/datasets/cmu-arctic/raw/cmu_us_slt_arctic/wav/arctic_b0282.wav,Some of the smaller veins had doubtless been ruptured,0,native_reference,native_reference,arctic_b0282
cmu_arctic,slt,English,F,train,ai-training/datasets/cmu-arctic/raw/cmu_us_slt_arctic/wav/arctic_b0283.wav,But we were without this momentum,0,native_reference,native_reference,arctic_b0283
cmu_arctic,slt,English,F,train,ai-training/datasets/cmu-arctic/raw/cmu_us_slt_arctic/wav/arctic_b0284.wav,There was one difficulty however,0,native_reference,native_reference,arctic_b0284
cmu_arctic,slt,English,F,train,ai-training/datasets/cmu-arctic/raw/cmu_us_slt_arctic/wav/arctic_b0285.wav,The hyena proceeded to dine,0,native_reference,native_reference,arctic_b0285
cmu_arctic,slt,English,F,train,ai-training/datasets/cmu-arctic/raw/cmu_us_slt_arctic/wav/arctic_b0286.wav,The time was considered auspicious,0,native_reference,native_reference,arctic_b0286
cmu_arctic,slt,English,F,train,ai-training/datasets/cmu-arctic/raw/cmu_us_slt_arctic/wav/arctic_b0287.wav,Or have they already devised one,0,native_reference,native_reference,arctic_b0287
cmu_arctic,slt,English,F,train,ai-training/datasets/cmu-arctic/raw/cmu_us_slt_arctic/wav/arctic_b0288.wav,We would not spend another such night,0,native_reference,native_reference,arctic_b0288
cmu_arctic,slt,English,F,train,ai-training/datasets/cmu-arctic/raw/cmu_us_slt_arctic/wav/arctic_b0289.wav,At first his progress was slow and erratic,0,native_reference,native_reference,arctic_b0289
cmu_arctic,slt,English,F,train,ai-training/datasets/cmu-arctic/raw/cmu_us_slt_arctic/wav/arctic_b0290.wav,He placed his paw on one and its movements were accelerated,0,native_reference,native_reference,arctic_b0290
cmu_arctic,slt,English,F,train,ai-training/datasets/cmu-arctic/raw/cmu_us_slt_arctic/wav/arctic_b0291.wav,The awe of man rushed over him again,0,native_reference,native_reference,arctic_b0291
cmu_arctic,slt,English,F,train,ai-training/datasets/cmu-arctic/raw/cmu_us_slt_arctic/wav/arctic_b0292.wav,The Fire-Men wore animal skins around their waists and across their shoulders,0,native_reference,native_reference,arctic_b0292
cmu_arctic,slt,English,F,train,ai-training/datasets/cmu-arctic/raw/cmu_us_slt_arctic/wav/arctic_b0293.wav,Between him and all domestic animals there must be no hostilities,0,native_reference,native_reference,arctic_b0293
cmu_arctic,slt,English,F,train,ai-training/datasets/cmu-arctic/raw/cmu_us_slt_arctic/wav/arctic_b0294.wav,For a much longer time Lop-Ear and I remained and watched,0,native_reference,native_reference,arctic_b0294
cmu_arctic,slt,English,F,train,ai-training/datasets/cmu-arctic/raw/cmu_us_slt_arctic/wav/arctic_b0295.wav,All right Sir replied Jock with great regret,0,native_reference,native_reference,arctic_b0295
cmu_arctic,slt,English,F,train,ai-training/datasets/cmu-arctic/raw/cmu_us_slt_arctic/wav/arctic_b0296.wav,At times I wondered where Sir Archibald got his style,0,native_reference,native_reference,arctic_b0296
cmu_arctic,slt,English,F,train,ai-training/datasets/cmu-arctic/raw/cmu_us_slt_arctic/wav/arctic_b0297.wav,Why should a fellow throw up the sponge after the first round,0,native_reference,native_reference,arctic_b0297
cmu_arctic,slt,English,F,train,ai-training/datasets/cmu-arctic/raw/cmu_us_slt_arctic/wav/arctic_b0298.wav,His hand shot out and clutched Crooked-Leg by the neck,0,native_reference,native_reference,arctic_b0298
cmu_arctic,slt,English,F,train,ai-training/datasets/cmu-arctic/raw/cmu_us_slt_arctic/wav/arctic_b0299.wav,Miss Brodie's smile was slightly sarcastic,0,native_reference,native_reference,arctic_b0299
cmu_arctic,slt,English,F,train,ai-training/datasets/cmu-arctic/raw/cmu_us_slt_arctic/wav/arctic_b0300.wav,Does the old boy often go off at half-cock that way,0,native_reference,native_reference,arctic_b0300
cmu_arctic,slt,English,F,train,ai-training/datasets/cmu-arctic/raw/cmu_us_slt_arctic/wav/arctic_b0301.wav,A flying arrow passed between us,0,native_reference,native_reference,arctic_b0301
cmu_arctic,slt,English,F,train,ai-training/datasets/cmu-arctic/raw/cmu_us_slt_arctic/wav/arctic_b0302.wav,I pulled suddenly with all my might,0,native_reference,native_reference,arctic_b0302
cmu_arctic,slt,English,F,train,ai-training/datasets/cmu-arctic/raw/cmu_us_slt_arctic/wav/arctic_b0303.wav,Here we allow our solicitors to look after our legal work,0,native_reference,native_reference,arctic_b0303
cmu_arctic,slt,English,F,train,ai-training/datasets/cmu-arctic/raw/cmu_us_slt_arctic/wav/arctic_b0304.wav,His previous wives had never lived long enough to bear him children,0,native_reference,native_reference,arctic_b0304
cmu_arctic,slt,English,F,train,ai-training/datasets/cmu-arctic/raw/cmu_us_slt_arctic/wav/arctic_b0305.wav,It was our river emerging like ourselves from the great swamp,0,native_reference,native_reference,arctic_b0305
cmu_arctic,slt,English,F,train,ai-training/datasets/cmu-arctic/raw/cmu_us_slt_arctic/wav/arctic_b0306.wav,Cameron looked at his hands with their long sinewy fingers,0,native_reference,native_reference,arctic_b0306
cmu_arctic,slt,English,F,train,ai-training/datasets/cmu-arctic/raw/cmu_us_slt_arctic/wav/arctic_b0307.wav,We got few vegetables and fruits and became fish eaters,0,native_reference,native_reference,arctic_b0307
cmu_arctic,slt,English,F,train,ai-training/datasets/cmu-arctic/raw/cmu_us_slt_arctic/wav/arctic_b0308.wav,We never made another migration,0,native_reference,native_reference,arctic_b0308
cmu_arctic,slt,English,F,train,ai-training/datasets/cmu-arctic/raw/cmu_us_slt_arctic/wav/arctic_b0309.wav,Nor was Elam Harnish an exception,0,native_reference,native_reference,arctic_b0309
cmu_arctic,slt,English,F,train,ai-training/datasets/cmu-arctic/raw/cmu_us_slt_arctic/wav/arctic_b0310.wav,A little treatment massage with some help from the doctor,0,native_reference,native_reference,arctic_b0310
cmu_arctic,slt,English,F,train,ai-training/datasets/cmu-arctic/raw/cmu_us_slt_arctic/wav/arctic_b0311.wav,The 29th very foggy,0,native_reference,native_reference,arctic_b0311
cmu_arctic,slt,English,F,train,ai-training/datasets/cmu-arctic/raw/cmu_us_slt_arctic/wav/arctic_b0312.wav,Dig in you're sure good was Daylight's answer,0,native_reference,native_reference,arctic_b0312
cmu_arctic,slt,English,F,train,ai-training/datasets/cmu-arctic/raw/cmu_us_slt_arctic/wav/arctic_b0313.wav,The apron string loomed near and he shied like an unbroken colt,0,native_reference,native_reference,arctic_b0313
cmu_arctic,slt,English,F,val,ai-training/datasets/cmu-arctic/raw/cmu_us_slt_arctic/wav/arctic_b0314.wav,He had been born with this endowment,0,native_reference,native_reference,arctic_b0314
cmu_arctic,slt,English,F,val,ai-training/datasets/cmu-arctic/raw/cmu_us_slt_arctic/wav/arctic_b0315.wav,And this was their sole conversation throughout the meal,0,native_reference,native_reference,arctic_b0315
cmu_arctic,slt,English,F,val,ai-training/datasets/cmu-arctic/raw/cmu_us_slt_arctic/wav/arctic_b0316.wav,Though the aurora still flamed another day had begun,0,native_reference,native_reference,arctic_b0316
cmu_arctic,slt,English,F,val,ai-training/datasets/cmu-arctic/raw/cmu_us_slt_arctic/wav/arctic_b0317.wav,He did not believe in the burning of daylight for such a luxury,0,native_reference,native_reference,arctic_b0317
cmu_arctic,slt,English,F,val,ai-training/datasets/cmu-arctic/raw/cmu_us_slt_arctic/wav/arctic_b0318.wav,Again he had done the big thing,0,native_reference,native_reference,arctic_b0318
cmu_arctic,slt,English,F,val,ai-training/datasets/cmu-arctic/raw/cmu_us_slt_arctic/wav/arctic_b0319.wav,Daylight was tired profoundly tired,0,native_reference,native_reference,arctic_b0319
cmu_arctic,slt,English,F,val,ai-training/datasets/cmu-arctic/raw/cmu_us_slt_arctic/wav/arctic_b0320.wav,The regret in his voice was provocative of a second burst of laughter,0,native_reference,native_reference,arctic_b0320
cmu_arctic,slt,English,F,val,ai-training/datasets/cmu-arctic/raw/cmu_us_slt_arctic/wav/arctic_b0321.wav,Instead he arrived on the night of the second day,0,native_reference,native_reference,arctic_b0321
cmu_arctic,slt,English,F,val,ai-training/datasets/cmu-arctic/raw/cmu_us_slt_arctic/wav/arctic_b0322.wav,Their supply of grub was gone,0,native_reference,native_reference,arctic_b0322
cmu_arctic,slt,English,F,val,ai-training/datasets/cmu-arctic/raw/cmu_us_slt_arctic/wav/arctic_b0323.wav,Crickets began to chirp and more geese and ducks flew overhead,0,native_reference,native_reference,arctic_b0323
cmu_arctic,slt,English,F,val,ai-training/datasets/cmu-arctic/raw/cmu_us_slt_arctic/wav/arctic_b0324.wav,Not till the twentieth of May did the river break,0,native_reference,native_reference,arctic_b0324
cmu_arctic,slt,English,F,val,ai-training/datasets/cmu-arctic/raw/cmu_us_slt_arctic/wav/arctic_b0325.wav,It was a gigantic inadequacy,0,native_reference,native_reference,arctic_b0325
cmu_arctic,slt,English,F,val,ai-training/datasets/cmu-arctic/raw/cmu_us_slt_arctic/wav/arctic_b0326.wav,Our Mr Howison will call upon you at your hotel,0,native_reference,native_reference,arctic_b0326
cmu_arctic,slt,English,F,val,ai-training/datasets/cmu-arctic/raw/cmu_us_slt_arctic/wav/arctic_b0327.wav,He had been so easy,0,native_reference,native_reference,arctic_b0327
cmu_arctic,slt,English,F,val,ai-training/datasets/cmu-arctic/raw/cmu_us_slt_arctic/wav/arctic_b0328.wav,Change chairs Daylight commanded,0,native_reference,native_reference,arctic_b0328
cmu_arctic,slt,English,F,val,ai-training/datasets/cmu-arctic/raw/cmu_us_slt_arctic/wav/arctic_b0329.wav,I'd sooner have my chips back,0,native_reference,native_reference,arctic_b0329
cmu_arctic,slt,English,F,val,ai-training/datasets/cmu-arctic/raw/cmu_us_slt_arctic/wav/arctic_b0330.wav,They only had a little thirty thousand dollar fire,0,native_reference,native_reference,arctic_b0330
cmu_arctic,slt,English,F,val,ai-training/datasets/cmu-arctic/raw/cmu_us_slt_arctic/wav/arctic_b0331.wav,His partners had starved and died on the Stewart,0,native_reference,native_reference,arctic_b0331
cmu_arctic,slt,English,F,val,ai-training/datasets/cmu-arctic/raw/cmu_us_slt_arctic/wav/arctic_b0332.wav,As to how she dressed he had no ideas at all,0,native_reference,native_reference,arctic_b0332
cmu_arctic,slt,English,F,val,ai-training/datasets/cmu-arctic/raw/cmu_us_slt_arctic/wav/arctic_b0333.wav,It does was her audacious answer,0,native_reference,native_reference,arctic_b0333
cmu_arctic,slt,English,F,val,ai-training/datasets/cmu-arctic/raw/cmu_us_slt_arctic/wav/arctic_b0334.wav,Oh it's just a novel a love story,0,native_reference,native_reference,arctic_b0334
cmu_arctic,slt,English,F,val,ai-training/datasets/cmu-arctic/raw/cmu_us_slt_arctic/wav/arctic_b0335.wav,Whoever lived on the ranch did that,0,native_reference,native_reference,arctic_b0335
cmu_arctic,slt,English,F,val,ai-training/datasets/cmu-arctic/raw/cmu_us_slt_arctic/wav/arctic_b0336.wav,How old are you mother,0,native_reference,native_reference,arctic_b0336
cmu_arctic,slt,English,F,val,ai-training/datasets/cmu-arctic/raw/cmu_us_slt_arctic/wav/arctic_b0337.wav,Here he got a fresh thrill,0,native_reference,native_reference,arctic_b0337
cmu_arctic,slt,English,F,val,ai-training/datasets/cmu-arctic/raw/cmu_us_slt_arctic/wav/arctic_b0338.wav,It was unobtrusive yet it was there,0,native_reference,native_reference,arctic_b0338
cmu_arctic,slt,English,F,val,ai-training/datasets/cmu-arctic/raw/cmu_us_slt_arctic/wav/arctic_b0339.wav,Well I'll be plumb gosh darned,0,native_reference,native_reference,arctic_b0339
cmu_arctic,slt,English,F,val,ai-training/datasets/cmu-arctic/raw/cmu_us_slt_arctic/wav/arctic_b0340.wav,These quick little joys of hers were sources of joy to him,0,native_reference,native_reference,arctic_b0340
cmu_arctic,slt,English,F,val,ai-training/datasets/cmu-arctic/raw/cmu_us_slt_arctic/wav/arctic_b0341.wav,I play that choice wide open to win,0,native_reference,native_reference,arctic_b0341
cmu_arctic,slt,English,F,val,ai-training/datasets/cmu-arctic/raw/cmu_us_slt_arctic/wav/arctic_b0342.wav,Each improvement makes the value of everything else pump up,0,native_reference,native_reference,arctic_b0342
cmu_arctic,slt,English,F,val,ai-training/datasets/cmu-arctic/raw/cmu_us_slt_arctic/wav/arctic_b0343.wav,But how are you going to do it,0,native_reference,native_reference,arctic_b0343
cmu_arctic,slt,English,F,val,ai-training/datasets/cmu-arctic/raw/cmu_us_slt_arctic/wav/arctic_b0344.wav,Lots of men take women buggy riding,0,native_reference,native_reference,arctic_b0344
cmu_arctic,slt,English,F,val,ai-training/datasets/cmu-arctic/raw/cmu_us_slt_arctic/wav/arctic_b0345.wav,Daylight made no answer and the door closed behind him,0,native_reference,native_reference,arctic_b0345
cmu_arctic,slt,English,F,val,ai-training/datasets/cmu-arctic/raw/cmu_us_slt_arctic/wav/arctic_b0346.wav,There's not an iota of truth in it,0,native_reference,native_reference,arctic_b0346
cmu_arctic,slt,English,F,val,ai-training/datasets/cmu-arctic/raw/cmu_us_slt_arctic/wav/arctic_b0347.wav,But ever his gaze returned to that Crouched Venus on the piano,0,native_reference,native_reference,arctic_b0347
cmu_arctic,slt,English,F,val,ai-training/datasets/cmu-arctic/raw/cmu_us_slt_arctic/wav/arctic_b0348.wav,Would you be satisfied with that one hundredth part of me,0,native_reference,native_reference,arctic_b0348
cmu_arctic,slt,English,F,val,ai-training/datasets/cmu-arctic/raw/cmu_us_slt_arctic/wav/arctic_b0349.wav,In such a tumbling of values was no time to sell,0,native_reference,native_reference,arctic_b0349
cmu_arctic,slt,English,F,val,ai-training/datasets/cmu-arctic/raw/cmu_us_slt_arctic/wav/arctic_b0350.wav,Stand off butcher and baker and all the rest,0,native_reference,native_reference,arctic_b0350
cmu_arctic,slt,English,F,val,ai-training/datasets/cmu-arctic/raw/cmu_us_slt_arctic/wav/arctic_b0351.wav,Matthewson who's this bookkeeper Rogers,0,native_reference,native_reference,arctic_b0351
cmu_arctic,slt,English,F,val,ai-training/datasets/cmu-arctic/raw/cmu_us_slt_arctic/wav/arctic_b0352.wav,Now just what do you want to know,0,native_reference,native_reference,arctic_b0352
cmu_arctic,slt,English,F,val,ai-training/datasets/cmu-arctic/raw/cmu_us_slt_arctic/wav/arctic_b0353.wav,I want to know how all this is possible,0,native_reference,native_reference,arctic_b0353
cmu_arctic,slt,English,F,val,ai-training/datasets/cmu-arctic/raw/cmu_us_slt_arctic/wav/arctic_b0354.wav,It's that much junk,0,native_reference,native_reference,arctic_b0354
cmu_arctic,slt,English,F,val,ai-training/datasets/cmu-arctic/raw/cmu_us_slt_arctic/wav/arctic_b0355.wav,There was proper division of labor in the work they individually performed,0,native_reference,native_reference,arctic_b0355
cmu_arctic,slt,English,F,val,ai-training/datasets/cmu-arctic/raw/cmu_us_slt_arctic/wav/arctic_b0356.wav,He loved to play Chinese lottery,0,native_reference,native_reference,arctic_b0356
cmu_arctic,slt,English,F,val,ai-training/datasets/cmu-arctic/raw/cmu_us_slt_arctic/wav/arctic_b0357.wav,The Law of Club and Fang,0,native_reference,native_reference,arctic_b0357
cmu_arctic,slt,English,F,val,ai-training/datasets/cmu-arctic/raw/cmu_us_slt_arctic/wav/arctic_b0358.wav,The temperature dropped to fifty below zero and remained there the whole trip,0,native_reference,native_reference,arctic_b0358
cmu_arctic,slt,English,F,val,ai-training/datasets/cmu-arctic/raw/cmu_us_slt_arctic/wav/arctic_b0359.wav,And as never before he was ready to obey,0,native_reference,native_reference,arctic_b0359
cmu_arctic,slt,English,F,val,ai-training/datasets/cmu-arctic/raw/cmu_us_slt_arctic/wav/arctic_b0360.wav,This state of mind comes of an undue prominence of the ego,0,native_reference,native_reference,arctic_b0360
cmu_arctic,slt,English,F,val,ai-training/datasets/cmu-arctic/raw/cmu_us_slt_arctic/wav/arctic_b0361.wav,There are the canals of China and the Yang-tse River,0,native_reference,native_reference,arctic_b0361
cmu_arctic,slt,English,F,val,ai-training/datasets/cmu-arctic/raw/cmu_us_slt_arctic/wav/arctic_b0362.wav,We threaten to be of the one mind before the voyage is completed,0,native_reference,native_reference,arctic_b0362
cmu_arctic,slt,English,F,val,ai-training/datasets/cmu-arctic/raw/cmu_us_slt_arctic/wav/arctic_b0363.wav,She was built primarily to sail,0,native_reference,native_reference,arctic_b0363
cmu_arctic,slt,English,F,val,ai-training/datasets/cmu-arctic/raw/cmu_us_slt_arctic/wav/arctic_b0364.wav,In the Bohemian Club of San Francisco there are some crack sailors,0,native_reference,native_reference,arctic_b0364
cmu_arctic,slt,English,F,val,ai-training/datasets/cmu-arctic/raw/cmu_us_slt_arctic/wav/arctic_b0365.wav,My age in years is twenty two,0,native_reference,native_reference,arctic_b0365
cmu_arctic,slt,English,F,val,ai-training/datasets/cmu-arctic/raw/cmu_us_slt_arctic/wav/arctic_b0366.wav,I forgot how easily I had taught myself from the printed page,0,native_reference,native_reference,arctic_b0366
cmu_arctic,slt,English,F,val,ai-training/datasets/cmu-arctic/raw/cmu_us_slt_arctic/wav/arctic_b0367.wav,Any average young fellow can teach himself in a week,0,native_reference,native_reference,arctic_b0367
cmu_arctic,slt,English,F,val,ai-training/datasets/cmu-arctic/raw/cmu_us_slt_arctic/wav/arctic_b0368.wav,Please do not think that I already know it all,0,native_reference,native_reference,arctic_b0368
cmu_arctic,slt,English,F,val,ai-training/datasets/cmu-arctic/raw/cmu_us_slt_arctic/wav/arctic_b0369.wav,You see we were teaching ourselves,0,native_reference,native_reference,arctic_b0369
cmu_arctic,slt,English,F,val,ai-training/datasets/cmu-arctic/raw/cmu_us_slt_arctic/wav/arctic_b0370.wav,And now behold the perversity of things,0,native_reference,native_reference,arctic_b0370
cmu_arctic,slt,English,F,val,ai-training/datasets/cmu-arctic/raw/cmu_us_slt_arctic/wav/arctic_b0371.wav,Yield yourself to the waters that are ripping and tearing at you,0,native_reference,native_reference,arctic_b0371
cmu_arctic,slt,English,F,val,ai-training/datasets/cmu-arctic/raw/cmu_us_slt_arctic/wav/arctic_b0372.wav,Mr McVeigh told me about him,0,native_reference,native_reference,arctic_b0372
cmu_arctic,slt,English,F,val,ai-training/datasets/cmu-arctic/raw/cmu_us_slt_arctic/wav/arctic_b0373.wav,Unlike Joshua he stood in no need of divine assistance,0,native_reference,native_reference,arctic_b0373
cmu_arctic,slt,English,F,val,ai-training/datasets/cmu-arctic/raw/cmu_us_slt_arctic/wav/arctic_b0374.wav,To say the least Captain Cook was a rather thorough going empiricist,0,native_reference,native_reference,arctic_b0374
cmu_arctic,slt,English,F,val,ai-training/datasets/cmu-arctic/raw/cmu_us_slt_arctic/wav/arctic_b0375.wav,Man could not conquer them,0,native_reference,native_reference,arctic_b0375
cmu_arctic,slt,English,F,val,ai-training/datasets/cmu-arctic/raw/cmu_us_slt_arctic/wav/arctic_b0376.wav,Thought I and a worthy fool he proved,0,native_reference,native_reference,arctic_b0376
cmu_arctic,slt,English,F,val,ai-training/datasets/cmu-arctic/raw/cmu_us_slt_arctic/wav/arctic_b0377.wav,A scarlet loincloth completed his costume,0,native_reference,native_reference,arctic_b0377
cmu_arctic,slt,English,F,val,ai-training/datasets/cmu-arctic/raw/cmu_us_slt_arctic/wav/arctic_b0378.wav,I like to speculate upon the glorious future of man,0,native_reference,native_reference,arctic_b0378
cmu_arctic,slt,English,F,val,ai-training/datasets/cmu-arctic/raw/cmu_us_slt_arctic/wav/arctic_b0379.wav,Christmas is an easy problem compared with a Polynesian giving-feast,0,native_reference,native_reference,arctic_b0379
cmu_arctic,slt,English,F,val,ai-training/datasets/cmu-arctic/raw/cmu_us_slt_arctic/wav/arctic_b0380.wav,He had peeled off his shirt and was wildly waving it,0,native_reference,native_reference,arctic_b0380
cmu_arctic,slt,English,F,val,ai-training/datasets/cmu-arctic/raw/cmu_us_slt_arctic/wav/arctic_b0381.wav,And how would we ever find ourselves,0,native_reference,native_reference,arctic_b0381
cmu_arctic,slt,English,F,val,ai-training/datasets/cmu-arctic/raw/cmu_us_slt_arctic/wav/arctic_b0382.wav,I defy any man to get a Solomon Island sore in California,0,native_reference,native_reference,arctic_b0382
cmu_arctic,slt,English,F,val,ai-training/datasets/cmu-arctic/raw/cmu_us_slt_arctic/wav/arctic_b0383.wav,A bush chief had died a natural death,0,native_reference,native_reference,arctic_b0383
cmu_arctic,slt,English,F,val,ai-training/datasets/cmu-arctic/raw/cmu_us_slt_arctic/wav/arctic_b0384.wav,The skipper's and Nakata's gymnastics served as a translation without words,0,native_reference,native_reference,arctic_b0384
cmu_arctic,slt,English,F,val,ai-training/datasets/cmu-arctic/raw/cmu_us_slt_arctic/wav/arctic_b0385.wav,Last night he showed all the symptoms of coming down with pneumonia,0,native_reference,native_reference,arctic_b0385
cmu_arctic,slt,English,F,val,ai-training/datasets/cmu-arctic/raw/cmu_us_slt_arctic/wav/arctic_b0386.wav,My idea was that he would have more influence over the natives,0,native_reference,native_reference,arctic_b0386
cmu_arctic,slt,English,F,val,ai-training/datasets/cmu-arctic/raw/cmu_us_slt_arctic/wav/arctic_b0387.wav,It is merely the simple superlative,0,native_reference,native_reference,arctic_b0387
cmu_arctic,slt,English,F,val,ai-training/datasets/cmu-arctic/raw/cmu_us_slt_arctic/wav/arctic_b0388.wav,I made no more overtures,0,native_reference,native_reference,arctic_b0388
cmu_arctic,slt,English,F,val,ai-training/datasets/cmu-arctic/raw/cmu_us_slt_arctic/wav/arctic_b0389.wav,Among my minor afflictions I may mention a new and mysterious one,0,native_reference,native_reference,arctic_b0389
cmu_arctic,slt,English,F,val,ai-training/datasets/cmu-arctic/raw/cmu_us_slt_arctic/wav/arctic_b0390.wav,The voyage was our idea of a good time,0,native_reference,native_reference,arctic_b0390
cmu_arctic,slt,English,F,val,ai-training/datasets/cmu-arctic/raw/cmu_us_slt_arctic/wav/arctic_b0391.wav,At sea Tuesday March 17 1908,0,native_reference,native_reference,arctic_b0391
cmu_arctic,slt,English,F,val,ai-training/datasets/cmu-arctic/raw/cmu_us_slt_arctic/wav/arctic_b0392.wav,Yes sir he answered with cheerful alacrity,0,native_reference,native_reference,arctic_b0392
cmu_arctic,slt,English,F,val,ai-training/datasets/cmu-arctic/raw/cmu_us_slt_arctic/wav/arctic_b0393.wav,I was still weak from my prolonged immersion,0,native_reference,native_reference,arctic_b0393
cmu_arctic,slt,English,F,val,ai-training/datasets/cmu-arctic/raw/cmu_us_slt_arctic/wav/arctic_b0394.wav,The boy hesitated then mastered his temper,0,native_reference,native_reference,arctic_b0394
cmu_arctic,slt,English,F,val,ai-training/datasets/cmu-arctic/raw/cmu_us_slt_arctic/wav/arctic_b0395.wav,I was beneath the water suffocating and drowning,0,native_reference,native_reference,arctic_b0395
cmu_arctic,slt,English,F,val,ai-training/datasets/cmu-arctic/raw/cmu_us_slt_arctic/wav/arctic_b0396.wav,The pain from my hurt knee was agonizing,0,native_reference,native_reference,arctic_b0396
cmu_arctic,slt,English,F,val,ai-training/datasets/cmu-arctic/raw/cmu_us_slt_arctic/wav/arctic_b0397.wav,The hunters were still arguing and roaring like some semi-human amphibious breed,0,native_reference,native_reference,arctic_b0397
cmu_arctic,slt,English,F,val,ai-training/datasets/cmu-arctic/raw/cmu_us_slt_arctic/wav/arctic_b0398.wav,I have been robbed sir I amended,0,native_reference,native_reference,arctic_b0398
cmu_arctic,slt,English,F,val,ai-training/datasets/cmu-arctic/raw/cmu_us_slt_arctic/wav/arctic_b0399.wav,You were looking squeamish this afternoon he began,0,native_reference,native_reference,arctic_b0399
cmu_arctic,slt,English,F,val,ai-training/datasets/cmu-arctic/raw/cmu_us_slt_arctic/wav/arctic_b0400.wav,How could I answer the question on the spur of the moment,0,native_reference,native_reference,arctic_b0400
cmu_arctic,slt,English,F,val,ai-training/datasets/cmu-arctic/raw/cmu_us_slt_arctic/wav/arctic_b0401.wav,I learned it myself in English ships,0,native_reference,native_reference,arctic_b0401
cmu_arctic,slt,English,F,val,ai-training/datasets/cmu-arctic/raw/cmu_us_slt_arctic/wav/arctic_b0402.wav,An altruistic act is an act performed for the welfare of others,0,native_reference,native_reference,arctic_b0402
cmu_arctic,slt,English,F,val,ai-training/datasets/cmu-arctic/raw/cmu_us_slt_arctic/wav/arctic_b0403.wav,Knowing him I review the old Scandinavian myths with clearer understanding,0,native_reference,native_reference,arctic_b0403
cmu_arctic,slt,English,F,val,ai-training/datasets/cmu-arctic/raw/cmu_us_slt_arctic/wav/arctic_b0404.wav,Yes and no sir was the slow reply,0,native_reference,native_reference,arctic_b0404
cmu_arctic,slt,English,F,val,ai-training/datasets/cmu-arctic/raw/cmu_us_slt_arctic/wav/arctic_b0405.wav,And each year something happened and I did not go,0,native_reference,native_reference,arctic_b0405
cmu_arctic,slt,English,F,val,ai-training/datasets/cmu-arctic/raw/cmu_us_slt_arctic/wav/arctic_b0406.wav,How in hell did he know it was you in the dark,0,native_reference,native_reference,arctic_b0406
cmu_arctic,slt,English,F,val,ai-training/datasets/cmu-arctic/raw/cmu_us_slt_arctic/wav/arctic_b0407.wav,Of course much grumbling went on and little outbursts were continually occurring,0,native_reference,native_reference,arctic_b0407
cmu_arctic,slt,English,F,val,ai-training/datasets/cmu-arctic/raw/cmu_us_slt_arctic/wav/arctic_b0408.wav,You have all the advantage,0,native_reference,native_reference,arctic_b0408
cmu_arctic,slt,English,F,val,ai-training/datasets/cmu-arctic/raw/cmu_us_slt_arctic/wav/arctic_b0409.wav,The dirk mentioned by Wolf Larsen rested in its sheath on my hip,0,native_reference,native_reference,arctic_b0409
cmu_arctic,slt,English,F,val,ai-training/datasets/cmu-arctic/raw/cmu_us_slt_arctic/wav/arctic_b0410.wav,Have you ever earned a dollar by your own labour,0,native_reference,native_reference,arctic_b0410
cmu_arctic,slt,English,F,val,ai-training/datasets/cmu-arctic/raw/cmu_us_slt_arctic/wav/arctic_b0411.wav,He gave no reason but his motive was obvious enough,0,native_reference,native_reference,arctic_b0411
cmu_arctic,slt,English,F,val,ai-training/datasets/cmu-arctic/raw/cmu_us_slt_arctic/wav/arctic_b0412.wav,Ah it was sweet in my ears,0,native_reference,native_reference,arctic_b0412
cmu_arctic,slt,English,F,val,ai-training/datasets/cmu-arctic/raw/cmu_us_slt_arctic/wav/arctic_b0413.wav,He may desire to escape pain or to enjoy pleasure,0,native_reference,native_reference,arctic_b0413
cmu_arctic,slt,English,F,val,ai-training/datasets/cmu-arctic/raw/cmu_us_slt_arctic/wav/arctic_b0414.wav,It was impossible to hoist sail and claw off that shore,0,native_reference,native_reference,arctic_b0414
cmu_arctic,slt,English,F,val,ai-training/datasets/cmu-arctic/raw/cmu_us_slt_arctic/wav/arctic_b0415.wav,There was nothing for us but the wide raw ocean,0,native_reference,native_reference,arctic_b0415
cmu_arctic,slt,English,F,val,ai-training/datasets/cmu-arctic/raw/cmu_us_slt_arctic/wav/arctic_b0416.wav,I arose obediently and went down the beach,0,native_reference,native_reference,arctic_b0416
cmu_arctic,slt,English,F,val,ai-training/datasets/cmu-arctic/raw/cmu_us_slt_arctic/wav/arctic_b0417.wav,The next thing to watch out for is bed sores,0,native_reference,native_reference,arctic_b0417
cmu_arctic,slt,English,F,val,ai-training/datasets/cmu-arctic/raw/cmu_us_slt_arctic/wav/arctic_b0418.wav,At that moment I got the impression that she was willowy,0,native_reference,native_reference,arctic_b0418
cmu_arctic,slt,English,F,val,ai-training/datasets/cmu-arctic/raw/cmu_us_slt_arctic/wav/arctic_b0419.wav,Your father's fifth command he nodded,0,native_reference,native_reference,arctic_b0419
cmu_arctic,slt,English,F,val,ai-training/datasets/cmu-arctic/raw/cmu_us_slt_arctic/wav/arctic_b0420.wav,On occasion on this traverse the Cape Verde Islands are raised,0,native_reference,native_reference,arctic_b0420
cmu_arctic,slt,English,F,val,ai-training/datasets/cmu-arctic/raw/cmu_us_slt_arctic/wav/arctic_b0421.wav,She is essentially the life-giving life-conserving female of the species,0,native_reference,native_reference,arctic_b0421
cmu_arctic,slt,English,F,val,ai-training/datasets/cmu-arctic/raw/cmu_us_slt_arctic/wav/arctic_b0422.wav,This was when the explosion occurred,0,native_reference,native_reference,arctic_b0422
cmu_arctic,slt,English,F,val,ai-training/datasets/cmu-arctic/raw/cmu_us_slt_arctic/wav/arctic_b0423.wav,Also at regular intervals he would mutter,0,native_reference,native_reference,arctic_b0423
cmu_arctic,slt,English,F,val,ai-training/datasets/cmu-arctic/raw/cmu_us_slt_arctic/wav/arctic_b0424.wav,It is a very tenable hypothesis and will bear looking into,0,native_reference,native_reference,arctic_b0424
cmu_arctic,slt,English,F,val,ai-training/datasets/cmu-arctic/raw/cmu_us_slt_arctic/wav/arctic_b0425.wav,There were orange-green gold-green and a copper-green,0,native_reference,native_reference,arctic_b0425
cmu_arctic,slt,English,F,val,ai-training/datasets/cmu-arctic/raw/cmu_us_slt_arctic/wav/arctic_b0426.wav,The Gabriel voice of the Samurai rang out,0,native_reference,native_reference,arctic_b0426
cmu_arctic,slt,English,F,test,ai-training/datasets/cmu-arctic/raw/cmu_us_slt_arctic/wav/arctic_b0427.wav,The sunsets grow more bizarre and spectacular off this coast of the Argentine,0,native_reference,native_reference,arctic_b0427
cmu_arctic,slt,English,F,test,ai-training/datasets/cmu-arctic/raw/cmu_us_slt_arctic/wav/arctic_b0428.wav,The history of our westward-faring race is written in it,0,native_reference,native_reference,arctic_b0428
cmu_arctic,slt,English,F,test,ai-training/datasets/cmu-arctic/raw/cmu_us_slt_arctic/wav/arctic_b0429.wav,And the Eurasian Chinese-Englishman bowed himself away,0,native_reference,native_reference,arctic_b0429
cmu_arctic,slt,English,F,test,ai-training/datasets/cmu-arctic/raw/cmu_us_slt_arctic/wav/arctic_b0430.wav,They were babbling and chattering all together,0,native_reference,native_reference,arctic_b0430
cmu_arctic,slt,English,F,test,ai-training/datasets/cmu-arctic/raw/cmu_us_slt_arctic/wav/arctic_b0431.wav,Too much he told me with ominous rolling head,0,native_reference,native_reference,arctic_b0431
cmu_arctic,slt,English,F,test,ai-training/datasets/cmu-arctic/raw/cmu_us_slt_arctic/wav/arctic_b0432.wav,He is a candidate rising from the serf class to our class,0,native_reference,native_reference,arctic_b0432
cmu_arctic,slt,English,F,test,ai-training/datasets/cmu-arctic/raw/cmu_us_slt_arctic/wav/arctic_b0433.wav,We are cooking on the coal stove and on the oil burners,0,native_reference,native_reference,arctic_b0433
cmu_arctic,slt,English,F,test,ai-training/datasets/cmu-arctic/raw/cmu_us_slt_arctic/wav/arctic_b0434.wav,The steward has just tendered me a respectful bit of advice,0,native_reference,native_reference,arctic_b0434
cmu_arctic,slt,English,F,test,ai-training/datasets/cmu-arctic/raw/cmu_us_slt_arctic/wav/arctic_b0435.wav,Well did they eat,0,native_reference,native_reference,arctic_b0435
cmu_arctic,slt,English,F,test,ai-training/datasets/cmu-arctic/raw/cmu_us_slt_arctic/wav/arctic_b0436.wav,Famine had been my great ally,0,native_reference,native_reference,arctic_b0436
cmu_arctic,slt,English,F,test,ai-training/datasets/cmu-arctic/raw/cmu_us_slt_arctic/wav/arctic_b0437.wav,Nowhere in the North is the soil so prolific,0,native_reference,native_reference,arctic_b0437
cmu_arctic,slt,English,F,test,ai-training/datasets/cmu-arctic/raw/cmu_us_slt_arctic/wav/arctic_b0438.wav,They ran the canoe in and climbed the high earth bank,0,native_reference,native_reference,arctic_b0438
cmu_arctic,slt,English,F,test,ai-training/datasets/cmu-arctic/raw/cmu_us_slt_arctic/wav/arctic_b0439.wav,The land exchanged its austere robes for the garb of a smiling wanton,0,native_reference,native_reference,arctic_b0439
cmu_arctic,slt,English,F,test,ai-training/datasets/cmu-arctic/raw/cmu_us_slt_arctic/wav/arctic_b0440.wav,There were stir and bustle new faces and fresh facts,0,native_reference,native_reference,arctic_b0440
cmu_arctic,slt,English,F,test,ai-training/datasets/cmu-arctic/raw/cmu_us_slt_arctic/wav/arctic_b0441.wav,And there was Ethel Baird whom also you must remember,0,native_reference,native_reference,arctic_b0441
cmu_arctic,slt,English,F,test,ai-training/datasets/cmu-arctic/raw/cmu_us_slt_arctic/wav/arctic_b0442.wav,He had become a man very early in life,0,native_reference,native_reference,arctic_b0442
cmu_arctic,slt,English,F,test,ai-training/datasets/cmu-arctic/raw/cmu_us_slt_arctic/wav/arctic_b0443.wav,I did not think you would be so early,0,native_reference,native_reference,arctic_b0443
cmu_arctic,slt,English,F,test,ai-training/datasets/cmu-arctic/raw/cmu_us_slt_arctic/wav/arctic_b0444.wav,He did not know what went on in the minds of his superiors,0,native_reference,native_reference,arctic_b0444
cmu_arctic,slt,English,F,test,ai-training/datasets/cmu-arctic/raw/cmu_us_slt_arctic/wav/arctic_b0445.wav,Mops sir eagerly answered the sailor at the wheel,0,native_reference,native_reference,arctic_b0445
cmu_arctic,slt,English,F,test,ai-training/datasets/cmu-arctic/raw/cmu_us_slt_arctic/wav/arctic_b0446.wav,Some one had thrust a large sheath-knife into his hand,0,native_reference,native_reference,arctic_b0446
cmu_arctic,slt,English,F,test,ai-training/datasets/cmu-arctic/raw/cmu_us_slt_arctic/wav/arctic_b0447.wav,O'Brien emitted a shriek that sank swiftly to a gurgling sob,0,native_reference,native_reference,arctic_b0447
cmu_arctic,slt,English,F,test,ai-training/datasets/cmu-arctic/raw/cmu_us_slt_arctic/wav/arctic_b0448.wav,Sandel would never become a world champion,0,native_reference,native_reference,arctic_b0448
cmu_arctic,slt,English,F,test,ai-training/datasets/cmu-arctic/raw/cmu_us_slt_arctic/wav/arctic_b0449.wav,Also she wouldn't walk,0,native_reference,native_reference,arctic_b0449
cmu_arctic,slt,English,F,test,ai-training/datasets/cmu-arctic/raw/cmu_us_slt_arctic/wav/arctic_b0450.wav,To my dearest and always appreciated friend I submit myself,0,native_reference,native_reference,arctic_b0450
cmu_arctic,slt,English,F,test,ai-training/datasets/cmu-arctic/raw/cmu_us_slt_arctic/wav/arctic_b0451.wav,You used to joyride like the very devil,0,native_reference,native_reference,arctic_b0451
cmu_arctic,slt,English,F,test,ai-training/datasets/cmu-arctic/raw/cmu_us_slt_arctic/wav/arctic_b0452.wav,They saw each other for the first time in Boston,0,native_reference,native_reference,arctic_b0452
cmu_arctic,slt,English,F,test,ai-training/datasets/cmu-arctic/raw/cmu_us_slt_arctic/wav/arctic_b0453.wav,Isaac Ford the austere soldier of the Lord the old hypocrite,0,native_reference,native_reference,arctic_b0453
cmu_arctic,slt,English,F,test,ai-training/datasets/cmu-arctic/raw/cmu_us_slt_arctic/wav/arctic_b0454.wav,Eighteen he added,0,native_reference,native_reference,arctic_b0454
cmu_arctic,slt,English,F,test,ai-training/datasets/cmu-arctic/raw/cmu_us_slt_arctic/wav/arctic_b0455.wav,His reward should have been peace and repose,0,native_reference,native_reference,arctic_b0455
cmu_arctic,slt,English,F,test,ai-training/datasets/cmu-arctic/raw/cmu_us_slt_arctic/wav/arctic_b0456.wav,He was an amphibian and a mountaineer,0,native_reference,native_reference,arctic_b0456
cmu_arctic,slt,English,F,test,ai-training/datasets/cmu-arctic/raw/cmu_us_slt_arctic/wav/arctic_b0457.wav,It was sanctification and salvation,0,native_reference,native_reference,arctic_b0457
cmu_arctic,slt,English,F,test,ai-training/datasets/cmu-arctic/raw/cmu_us_slt_arctic/wav/arctic_b0458.wav,The history of the eighteenth century is written Ernest prompted,0,native_reference,native_reference,arctic_b0458
cmu_arctic,slt,English,F,test,ai-training/datasets/cmu-arctic/raw/cmu_us_slt_arctic/wav/arctic_b0459.wav,They are not biologists nor sociologists,0,native_reference,native_reference,arctic_b0459
cmu_arctic,slt,English,F,test,ai-training/datasets/cmu-arctic/raw/cmu_us_slt_arctic/wav/arctic_b0460.wav,The more his opponents grew excited the more Ernest deliberately excited them,0,native_reference,native_reference,arctic_b0460
cmu_arctic,slt,English,F,test,ai-training/datasets/cmu-arctic/raw/cmu_us_slt_arctic/wav/arctic_b0461.wav,By virtue of that power we shall remain in power,0,native_reference,native_reference,arctic_b0461
cmu_arctic,slt,English,F,test,ai-training/datasets/cmu-arctic/raw/cmu_us_slt_arctic/wav/arctic_b0462.wav,One guess will do Ernest retorted,0,native_reference,native_reference,arctic_b0462
cmu_arctic,slt,English,F,test,ai-training/datasets/cmu-arctic/raw/cmu_us_slt_arctic/wav/arctic_b0463.wav,Take my advice and accept the vacation,0,native_reference,native_reference,arctic_b0463
cmu_arctic,slt,English,F,test,ai-training/datasets/cmu-arctic/raw/cmu_us_slt_arctic/wav/arctic_b0464.wav,I could not agree with Ernest,0,native_reference,native_reference,arctic_b0464
cmu_arctic,slt,English,F,test,ai-training/datasets/cmu-arctic/raw/cmu_us_slt_arctic/wav/arctic_b0465.wav,But such divergence of opinion would constitute no menace to society,0,native_reference,native_reference,arctic_b0465
cmu_arctic,slt,English,F,test,ai-training/datasets/cmu-arctic/raw/cmu_us_slt_arctic/wav/arctic_b0466.wav,It is dog eat dog and you ate them up,0,native_reference,native_reference,arctic_b0466
cmu_arctic,slt,English,F,test,ai-training/datasets/cmu-arctic/raw/cmu_us_slt_arctic/wav/arctic_b0467.wav,Let us run them for ourselves,0,native_reference,native_reference,arctic_b0467
cmu_arctic,slt,English,F,test,ai-training/datasets/cmu-arctic/raw/cmu_us_slt_arctic/wav/arctic_b0468.wav,It was introduced by Representative Dick of Ohio,0,native_reference,native_reference,arctic_b0468
cmu_arctic,slt,English,F,test,ai-training/datasets/cmu-arctic/raw/cmu_us_slt_arctic/wav/arctic_b0469.wav,Very few people knew of the existence of this law,0,native_reference,native_reference,arctic_b0469
cmu_arctic,slt,English,F,test,ai-training/datasets/cmu-arctic/raw/cmu_us_slt_arctic/wav/arctic_b0470.wav,The very thing Ernest agreed,0,native_reference,native_reference,arctic_b0470
cmu_arctic,slt,English,F,test,ai-training/datasets/cmu-arctic/raw/cmu_us_slt_arctic/wav/arctic_b0471.wav,Also a fellow Senator Chauncey Depew said,0,native_reference,native_reference,arctic_b0471
cmu_arctic,slt,English,F,test,ai-training/datasets/cmu-arctic/raw/cmu_us_slt_arctic/wav/arctic_b0472.wav,Ernest saw in the affair the most sinister import,0,native_reference,native_reference,arctic_b0472
cmu_arctic,slt,English,F,test,ai-training/datasets/cmu-arctic/raw/cmu_us_slt_arctic/wav/arctic_b0473.wav,Then there was the campaign,0,native_reference,native_reference,arctic_b0473
cmu_arctic,slt,English,F,test,ai-training/datasets/cmu-arctic/raw/cmu_us_slt_arctic/wav/arctic_b0474.wav,He was manifestly distressed by my coming,0,native_reference,native_reference,arctic_b0474
cmu_arctic,slt,English,F,test,ai-training/datasets/cmu-arctic/raw/cmu_us_slt_arctic/wav/arctic_b0475.wav,Not a wheel moved in his empire,0,native_reference,native_reference,arctic_b0475
cmu_arctic,slt,English,F,test,ai-training/datasets/cmu-arctic/raw/cmu_us_slt_arctic/wav/arctic_b0476.wav,The reorganization of these countries took the form of revolution,0,native_reference,native_reference,arctic_b0476
cmu_arctic,slt,English,F,test,ai-training/datasets/cmu-arctic/raw/cmu_us_slt_arctic/wav/arctic_b0477.wav,You're going in for grab sharing,0,native_reference,native_reference,arctic_b0477
cmu_arctic,slt,English,F,test,ai-training/datasets/cmu-arctic/raw/cmu_us_slt_arctic/wav/arctic_b0478.wav,The Oligarchy will encourage such ambition and the consequent competition,0,native_reference,native_reference,arctic_b0478
cmu_arctic,slt,English,F,test,ai-training/datasets/cmu-arctic/raw/cmu_us_slt_arctic/wav/arctic_b0479.wav,Violation of this law was made a high misdemeanor and punished accordingly,0,native_reference,native_reference,arctic_b0479
cmu_arctic,slt,English,F,test,ai-training/datasets/cmu-arctic/raw/cmu_us_slt_arctic/wav/arctic_b0480.wav,Without discussion it was the agents provocateurs who caused the Peasant Revolt,0,native_reference,native_reference,arctic_b0480
cmu_arctic,slt,English,F,test,ai-training/datasets/cmu-arctic/raw/cmu_us_slt_arctic/wav/arctic_b0481.wav,The task we set ourselves was threefold,0,native_reference,native_reference,arctic_b0481
cmu_arctic,slt,English,F,test,ai-training/datasets/cmu-arctic/raw/cmu_us_slt_arctic/wav/arctic_b0482.wav,Many other similar disconcerting omissions will be noticed in the Manuscript,0,native_reference,native_reference,arctic_b0482
cmu_arctic,slt,English,F,test,ai-training/datasets/cmu-arctic/raw/cmu_us_slt_arctic/wav/arctic_b0483.wav,The flower of the artistic and intellectual world were revolutionists,0,native_reference,native_reference,arctic_b0483
cmu_arctic,slt,English,F,test,ai-training/datasets/cmu-arctic/raw/cmu_us_slt_arctic/wav/arctic_b0484.wav,This the Iron Heel foresaw and laid its schemes accordingly,0,native_reference,native_reference,arctic_b0484
cmu_arctic,slt,English,F,test,ai-training/datasets/cmu-arctic/raw/cmu_us_slt_arctic/wav/arctic_b0485.wav,The mob came on but it could not advance,0,native_reference,native_reference,arctic_b0485
cmu_arctic,slt,English,F,test,ai-training/datasets/cmu-arctic/raw/cmu_us_slt_arctic/wav/arctic_b0486.wav,But why continue the tirade for tirade it was,0,native_reference,native_reference,arctic_b0486
cmu_arctic,slt,English,F,test,ai-training/datasets/cmu-arctic/raw/cmu_us_slt_arctic/wav/arctic_b0487.wav,After all superfluous flesh is gone what is left is stringy and resistant,0,native_reference,native_reference,arctic_b0487
cmu_arctic,slt,English,F,test,ai-training/datasets/cmu-arctic/raw/cmu_us_slt_arctic/wav/arctic_b0488.wav,Beyond refusing to sell us food they left us to ourselves,0,native_reference,native_reference,arctic_b0488
cmu_arctic,slt,English,F,test,ai-training/datasets/cmu-arctic/raw/cmu_us_slt_arctic/wav/arctic_b0489.wav,He was a merry monarch especially so for an Asiatic,0,native_reference,native_reference,arctic_b0489
cmu_arctic,slt,English,F,test,ai-training/datasets/cmu-arctic/raw/cmu_us_slt_arctic/wav/arctic_b0490.wav,What an excited whispering and conferring took place,0,native_reference,native_reference,arctic_b0490
cmu_arctic,slt,English,F,test,ai-training/datasets/cmu-arctic/raw/cmu_us_slt_arctic/wav/arctic_b0491.wav,Jacob Brinker who was his roadmate brought the news,0,native_reference,native_reference,arctic_b0491
cmu_arctic,slt,English,F,test,ai-training/datasets/cmu-arctic/raw/cmu_us_slt_arctic/wav/arctic_b0492.wav,Thus he turned the tenets and jargon of psychology back on me,0,native_reference,native_reference,arctic_b0492
cmu_arctic,slt,English,F,test,ai-training/datasets/cmu-arctic/raw/cmu_us_slt_arctic/wav/arctic_b0493.wav,You yellow giant thing of the frost,0,native_reference,native_reference,arctic_b0493
cmu_arctic,slt,English,F,test,ai-training/datasets/cmu-arctic/raw/cmu_us_slt_arctic/wav/arctic_b0494.wav,Never so strange a prophet came up to Jerusalem,0,native_reference,native_reference,arctic_b0494
cmu_arctic,slt,English,F,test,ai-training/datasets/cmu-arctic/raw/cmu_us_slt_arctic/wav/arctic_b0495.wav,We who have endured so much surely can endure a little more,0,native_reference,native_reference,arctic_b0495
cmu_arctic,slt,English,F,test,ai-training/datasets/cmu-arctic/raw/cmu_us_slt_arctic/wav/arctic_b0496.wav,I have seen myself that one man contemplated by Pascal's philosophic eye,0,native_reference,native_reference,arctic_b0496
cmu_arctic,slt,English,F,test,ai-training/datasets/cmu-arctic/raw/cmu_us_slt_arctic/wav/arctic_b0497.wav,One great drawback to farming in California is our long dry summer,0,native_reference,native_reference,arctic_b0497
cmu_arctic,slt,English,F,test,ai-training/datasets/cmu-arctic/raw/cmu_us_slt_arctic/wav/arctic_b0498.wav,I remembered the red wine of the Italian rancho and shuddered inwardly,0,native_reference,native_reference,arctic_b0498
cmu_arctic,slt,English,F,test,ai-training/datasets/cmu-arctic/raw/cmu_us_slt_arctic/wav/arctic_b0499.wav,I said and dismissed the matter as not worth thinking about,0,native_reference,native_reference,arctic_b0499
cmu_arctic,slt,English,F,test,ai-training/datasets/cmu-arctic/raw/cmu_us_slt_arctic/wav/arctic_b0500.wav,Then came my boy code,0,native_reference,native_reference,arctic_b0500
cmu_arctic,slt,English,F,test,ai-training/datasets/cmu-arctic/raw/cmu_us_slt_arctic/wav/arctic_b0501.wav,And wherever I ranged the way lay along alcohol-drenched roads,0,native_reference,native_reference,arctic_b0501
cmu_arctic,slt,English,F,test,ai-training/datasets/cmu-arctic/raw/cmu_us_slt_arctic/wav/arctic_b0502.wav,And as we hurried up town Joe Goose explained,0,native_reference,native_reference,arctic_b0502
cmu_arctic,slt,English,F,test,ai-training/datasets/cmu-arctic/raw/cmu_us_slt_arctic/wav/arctic_b0503.wav,The scents of strange vegetation blew off the tropic land,0,native_reference,native_reference,arctic_b0503
cmu_arctic,slt,English,F,test,ai-training/datasets/cmu-arctic/raw/cmu_us_slt_arctic/wav/arctic_b0504.wav,The life there was healthful and athletic but too juvenile,0,native_reference,native_reference,arctic_b0504
cmu_arctic,slt,English,F,test,ai-training/datasets/cmu-arctic/raw/cmu_us_slt_arctic/wav/arctic_b0505.wav,How valiantly I went at it that first day,0,native_reference,native_reference,arctic_b0505
cmu_arctic,slt,English,F,test,ai-training/datasets/cmu-arctic/raw/cmu_us_slt_arctic/wav/arctic_b0506.wav,It would help to tide me along until I got steady employment,0,native_reference,native_reference,arctic_b0506
cmu_arctic,slt,English,F,test,ai-training/datasets/cmu-arctic/raw/cmu_us_slt_arctic/wav/arctic_b0507.wav,Did I possess too much vitality,0,native_reference,native_reference,arctic_b0507
cmu_arctic,slt,English,F,test,ai-training/datasets/cmu-arctic/raw/cmu_us_slt_arctic/wav/arctic_b0508.wav,In his anxiety and solicitude and love they did not count,0,native_reference,native_reference,arctic_b0508
cmu_arctic,slt,English,F,test,ai-training/datasets/cmu-arctic/raw/cmu_us_slt_arctic/wav/arctic_b0509.wav,He had fulfilled his duty and paid properly,0,native_reference,native_reference,arctic_b0509
cmu_arctic,slt,English,F,test,ai-training/datasets/cmu-arctic/raw/cmu_us_slt_arctic/wav/arctic_b0510.wav,He knew what taboos he was violating,0,native_reference,native_reference,arctic_b0510
cmu_arctic,slt,English,F,test,ai-training/datasets/cmu-arctic/raw/cmu_us_slt_arctic/wav/arctic_b0511.wav,Do you value your hide,0,native_reference,native_reference,arctic_b0511
cmu_arctic,slt,English,F,test,ai-training/datasets/cmu-arctic/raw/cmu_us_slt_arctic/wav/arctic_b0512.wav,You should have seen them when they heard me spitting Chinook,0,native_reference,native_reference,arctic_b0512
cmu_arctic,slt,English,F,test,ai-training/datasets/cmu-arctic/raw/cmu_us_slt_arctic/wav/arctic_b0513.wav,He plodded on for half an hour when the hallucination arose again,0,native_reference,native_reference,arctic_b0513
cmu_arctic,slt,English,F,test,ai-training/datasets/cmu-arctic/raw/cmu_us_slt_arctic/wav/arctic_b0514.wav,Tomorrow or next day it might he gone,0,native_reference,native_reference,arctic_b0514
cmu_arctic,slt,English,F,test,ai-training/datasets/cmu-arctic/raw/cmu_us_slt_arctic/wav/arctic_b0515.wav,But already he had composed himself,0,native_reference,native_reference,arctic_b0515
cmu_arctic,slt,English,F,test,ai-training/datasets/cmu-arctic/raw/cmu_us_slt_arctic/wav/arctic_b0516.wav,Zilla relaxed her sour mouth long enough to sigh her satisfaction,0,native_reference,native_reference,arctic_b0516
cmu_arctic,slt,English,F,test,ai-training/datasets/cmu-arctic/raw/cmu_us_slt_arctic/wav/arctic_b0517.wav,Eggshell is not good to eat,0,native_reference,native_reference,arctic_b0517
cmu_arctic,slt,English,F,test,ai-training/datasets/cmu-arctic/raw/cmu_us_slt_arctic/wav/arctic_b0518.wav,But there was also talk of witchcraft in the village,0,native_reference,native_reference,arctic_b0518
cmu_arctic,slt,English,F,test,ai-training/datasets/cmu-arctic/raw/cmu_us_slt_arctic/wav/arctic_b0519.wav,Yea I will tell thee,0,native_reference,native_reference,arctic_b0519
cmu_arctic,slt,English,F,test,ai-training/datasets/cmu-arctic/raw/cmu_us_slt_arctic/wav/arctic_b0520.wav,Hans hurled himself upon the prostrate man striking madly with his fists,0,native_reference,native_reference,arctic_b0520
cmu_arctic,slt,English,F,test,ai-training/datasets/cmu-arctic/raw/cmu_us_slt_arctic/wav/arctic_b0521.wav,And he thought of Oona and of her words,0,native_reference,native_reference,arctic_b0521
cmu_arctic,slt,English,F,test,ai-training/datasets/cmu-arctic/raw/cmu_us_slt_arctic/wav/arctic_b0522.wav,Nor would it thaw out his hands and feet,0,native_reference,native_reference,arctic_b0522
cmu_arctic,slt,English,F,test,ai-training/datasets/cmu-arctic/raw/cmu_us_slt_arctic/wav/arctic_b0523.wav,The Russian music player the Count was her obedient slave,0,native_reference,native_reference,arctic_b0523
cmu_arctic,slt,English,F,test,ai-training/datasets/cmu-arctic/raw/cmu_us_slt_arctic/wav/arctic_b0524.wav,So far as flags were concerned they were beyond all jurisdiction,0,native_reference,native_reference,arctic_b0524
cmu_arctic,slt,English,F,test,ai-training/datasets/cmu-arctic/raw/cmu_us_slt_arctic/wav/arctic_b0525.wav,New idea he volunteered brand new idea,0,native_reference,native_reference,arctic_b0525
cmu_arctic,slt,English,F,test,ai-training/datasets/cmu-arctic/raw/cmu_us_slt_arctic/wav/arctic_b0526.wav,Thirty pounds said the captain with finality,0,native_reference,native_reference,arctic_b0526
cmu_arctic,slt,English,F,test,ai-training/datasets/cmu-arctic/raw/cmu_us_slt_arctic/wav/arctic_b0527.wav,The very idea of it was preposterous,0,native_reference,native_reference,arctic_b0527
cmu_arctic,slt,English,F,test,ai-training/datasets/cmu-arctic/raw/cmu_us_slt_arctic/wav/arctic_b0528.wav,Captain Doane's orders were swiftly obeyed,0,native_reference,native_reference,arctic_b0528
cmu_arctic,slt,English,F,test,ai-training/datasets/cmu-arctic/raw/cmu_us_slt_arctic/wav/arctic_b0529.wav,Come on Del Mar challenged,0,native_reference,native_reference,arctic_b0529
cmu_arctic,slt,English,F,test,ai-training/datasets/cmu-arctic/raw/cmu_us_slt_arctic/wav/arctic_b0530.wav,He had a big chimpanzee that was a winner,0,native_reference,native_reference,arctic_b0530
cmu_arctic,slt,English,F,test,ai-training/datasets/cmu-arctic/raw/cmu_us_slt_arctic/wav/arctic_b0531.wav,I am sure it must have been some adventure,0,native_reference,native_reference,arctic_b0531
cmu_arctic,slt,English,F,test,ai-training/datasets/cmu-arctic/raw/cmu_us_slt_arctic/wav/arctic_b0532.wav,That Longfellow chap most likely had written countless books of poetry,0,native_reference,native_reference,arctic_b0532
cmu_arctic,slt,English,F,test,ai-training/datasets/cmu-arctic/raw/cmu_us_slt_arctic/wav/arctic_b0533.wav,His abnormal power of vision made abstractions take on concrete form,0,native_reference,native_reference,arctic_b0533
cmu_arctic,slt,English,F,test,ai-training/datasets/cmu-arctic/raw/cmu_us_slt_arctic/wav/arctic_b0534.wav,I'll tell you the librarian said with a brightening face,0,native_reference,native_reference,arctic_b0534
cmu_arctic,slt,English,F,test,ai-training/datasets/cmu-arctic/raw/cmu_us_slt_arctic/wav/arctic_b0535.wav,He read his fragments aloud,0,native_reference,native_reference,arctic_b0535
cmu_arctic,slt,English,F,test,ai-training/datasets/cmu-arctic/raw/cmu_us_slt_arctic/wav/arctic_b0536.wav,Typhoid -- did I tell you,0,native_reference,native_reference,arctic_b0536
cmu_arctic,slt,English,F,test,ai-training/datasets/cmu-arctic/raw/cmu_us_slt_arctic/wav/arctic_b0537.wav,But she had become an automaton,0,native_reference,native_reference,arctic_b0537
cmu_arctic,slt,English,F,test,ai-training/datasets/cmu-arctic/raw/cmu_us_slt_arctic/wav/arctic_b0538.wav,At the best they were necessary accessories,0,native_reference,native_reference,arctic_b0538
cmu_arctic,slt,English,F,test,ai-training/datasets/cmu-arctic/raw/cmu_us_slt_arctic/wav/arctic_b0539.wav,You were making them talk shop Ruth charged him,0,native_reference,native_reference,arctic_b0539
