dataset,speaker_id,l1,gender,split,audio_path,target_text,label,label_name,source_type,utterance_id
l2_arctic,HQTV,Vietnamese,M,train,ai-training/datasets/l2-arctic/raw/l2arctic_release_v5.0/HQTV/wav/arctic_a0001.wav,Author of the danger trail Philip Steels etc,1,non_native,l2_learner,arctic_a0001
l2_arctic,HQTV,Vietnamese,M,train,ai-training/datasets/l2-arctic/raw/l2arctic_release_v5.0/HQTV/wav/arctic_a0002.wav,Not at this particular case Tom apologized Whittemore,1,non_native,l2_learner,arctic_a0002
l2_arctic,HQTV,Vietnamese,M,train,ai-training/datasets/l2-arctic/raw/l2arctic_release_v5.0/HQTV/wav/arctic_a0003.wav,For the twentieth time that evening the two men shook hands,1,non_native,l2_learner,arctic_a0003
l2_arctic,HQTV,Vietnamese,M,train,ai-training/datasets/l2-arctic/raw/l2arctic_release_v5.0/HQTV/wav/arctic_a0004.wav,Lord but I'm glad to see you again Phil,1,non_native,l2_learner,arctic_a0004
l2_arctic,HQTV,Vietnamese,M,train,ai-training/datasets/l2-arctic/raw/l2arctic_release_v5.0/HQTV/wav/arctic_a0005.wav,Will we ever forget it,1,non_native,l2_learner,arctic_a0005
l2_arctic,HQTV,Vietnamese,M,train,ai-training/datasets/l2-arctic/raw/l2arctic_release_v5.0/HQTV/wav/arctic_a0006.wav,God bless 'em I hope I'll go on seeing them forever,1,non_native,l2_learner,arctic_a0006
l2_arctic,HQTV,Vietnamese,M,train,ai-training/datasets/l2-arctic/raw/l2arctic_release_v5.0/HQTV/wav/arctic_a0007.wav,And you always want to see it in the superlative degree,1,non_native,l2_learner,arctic_a0007
l2_arctic,HQTV,Vietnamese,M,train,ai-training/datasets/l2-arctic/raw/l2arctic_release_v5.0/HQTV/wav/arctic_a0008.wav,Gad your letter came just in time,1,non_native,l2_learner,arctic_a0008
l2_arctic,HQTV,Vietnamese,M,train,ai-training/datasets/l2-arctic/raw/l2arctic_release_v5.0/HQTV/wav/arctic_a0009.wav,He turned sharply and faced Gregson across the table,1,non_native,l2_learner,arctic_a0009
l2_arctic,HQTV,Vietnamese,M,train,ai-training/datasets/l2-arctic/raw/l2arctic_release_v5.0/HQTV/wav/arctic_a0010.wav,I'm playing a single hand in what looks like a losing game,1,non_native,l2_learner,arctic_a0010
l2_arctic,HQTV,Vietnamese,M,train,ai-training/datasets/l2-arctic/raw/l2arctic_release_v5.0/HQTV/wav/arctic_a0011.wav,If I ever needed a fighter in my life I need one now,1,non_native,l2_learner,arctic_a0011
l2_arctic,HQTV,Vietnamese,M,train,ai-training/datasets/l2-arctic/raw/l2arctic_release_v5.0/HQTV/wav/arctic_a0012.wav,Gregson shoved back his chair and rose to his feet,1,non_native,l2_learner,arctic_a0012
l2_arctic,HQTV,Vietnamese,M,train,ai-training/datasets/l2-arctic/raw/l2arctic_release_v5.0/HQTV/wav/arctic_a0013.wav,He was a head shorter than his companion of almost delicate physique,1,non_native,l2_learner,arctic_a0013
l2_arctic,HQTV,Vietnamese,M,train,ai-training/datasets/l2-arctic/raw/l2arctic_release_v5.0/HQTV/wav/arctic_a0014.wav,Now you're coming down to business Phil he exclaimed,1,non_native,l2_learner,arctic_a0014
l2_arctic,HQTV,Vietnamese,M,train,ai-training/datasets/l2-arctic/raw/l2arctic_release_v5.0/HQTV/wav/arctic_a0015.wav,It's the aurora borealis,1,non_native,l2_learner,arctic_a0015
l2_arctic,HQTV,Vietnamese,M,train,ai-training/datasets/l2-arctic/raw/l2arctic_release_v5.0/HQTV/wav/arctic_a0016.wav,There's Fort Churchill a rifle shot beyond the ridge asleep,1,non_native,l2_learner,arctic_a0016
l2_arctic,HQTV,Vietnamese,M,train,ai-training/datasets/l2-arctic/raw/l2arctic_release_v5.0/HQTV/wav/arctic_a0017.wav,From that moment his friendship for Belize turns to hatred and jealousy,1,non_native,l2_learner,arctic_a0017
l2_arctic,HQTV,Vietnamese,M,train,ai-training/datasets/l2-arctic/raw/l2arctic_release_v5.0/HQTV/wav/arctic_a0018.wav,There was a change now,1,non_native,l2_learner,arctic_a0018
l2_arctic,HQTV,Vietnamese,M,train,ai-training/datasets/l2-arctic/raw/l2arctic_release_v5.0/HQTV/wav/arctic_a0019.wav,I followed the line of the proposed railroad looking for chances,1,non_native,l2_learner,arctic_a0019
l2_arctic,HQTV,Vietnamese,M,train,ai-training/datasets/l2-arctic/raw/l2arctic_release_v5.0/HQTV/wav/arctic_a0020.wav,Clubs and balls and cities grew to be only memories,1,non_native,l2_learner,arctic_a0020
l2_arctic,HQTV,Vietnamese,M,train,ai-training/datasets/l2-arctic/raw/l2arctic_release_v5.0/HQTV/wav/arctic_a0021.wav,It fairly clubbed me into recognizing it,1,non_native,l2_learner,arctic_a0021
l2_arctic,HQTV,Vietnamese,M,train,ai-training/datasets/l2-arctic/raw/l2arctic_release_v5.0/HQTV/wav/arctic_a0022.wav,Hardly were our plans made public before we were met by powerful opposition,1,non_native,l2_learner,arctic_a0022
l2_arctic,HQTV,Vietnamese,M,train,ai-training/datasets/l2-arctic/raw/l2arctic_release_v5.0/HQTV/wav/arctic_a0023.wav,A combination of Canadian capital quickly organized and petitioned for the same privileges,1,non_native,l2_learner,arctic_a0023
l2_arctic,HQTV,Vietnamese,M,train,ai-training/datasets/l2-arctic/raw/l2arctic_release_v5.0/HQTV/wav/arctic_a0024.wav,It was my reports from the north which chiefly induced people to buy,1,non_native,l2_learner,arctic_a0024
l2_arctic,HQTV,Vietnamese,M,train,ai-training/datasets/l2-arctic/raw/l2arctic_release_v5.0/HQTV/wav/arctic_a0025.wav,I was about to do this when cooler judgment prevailed,1,non_native,l2_learner,arctic_a0025
l2_arctic,HQTV,Vietnamese,M,train,ai-training/datasets/l2-arctic/raw/l2arctic_release_v5.0/HQTV/wav/arctic_a0026.wav,It occurred to me that there would have to be an accounting,1,non_native,l2_learner,arctic_a0026
l2_arctic,HQTV,Vietnamese,M,train,ai-training/datasets/l2-arctic/raw/l2arctic_release_v5.0/HQTV/wav/arctic_a0027.wav,To my surprise he began to show actual enthusiasm in my favor,1,non_native,l2_learner,arctic_a0027
l2_arctic,HQTV,Vietnamese,M,train,ai-training/datasets/l2-arctic/raw/l2arctic_release_v5.0/HQTV/wav/arctic_a0028.wav,Robbery bribery fraud,1,non_native,l2_learner,arctic_a0028
l2_arctic,HQTV,Vietnamese,M,train,ai-training/datasets/l2-arctic/raw/l2arctic_release_v5.0/HQTV/wav/arctic_a0029.wav,Their forces were already moving into the north country,1,non_native,l2_learner,arctic_a0029
l2_arctic,HQTV,Vietnamese,M,train,ai-training/datasets/l2-arctic/raw/l2arctic_release_v5.0/HQTV/wav/arctic_a0030.wav,I had faith in them,1,non_native,l2_learner,arctic_a0030
l2_arctic,HQTV,Vietnamese,M,train,ai-training/datasets/l2-arctic/raw/l2arctic_release_v5.0/HQTV/wav/arctic_a0031.wav,They were three hundred yards apart,1,non_native,l2_learner,arctic_a0031
l2_arctic,HQTV,Vietnamese,M,train,ai-training/datasets/l2-arctic/raw/l2arctic_release_v5.0/HQTV/wav/arctic_a0032.wav,Since then some mysterious force has been fighting us at every step,1,non_native,l2_learner,arctic_a0032
l2_arctic,HQTV,Vietnamese,M,train,ai-training/datasets/l2-arctic/raw/l2arctic_release_v5.0/HQTV/wav/arctic_a0033.wav,He unfolded a long typewritten letter and handed it to Gregson,1,non_native,l2_learner,arctic_a0033
l2_arctic,HQTV,Vietnamese,M,train,ai-training/datasets/l2-arctic/raw/l2arctic_release_v5.0/HQTV/wav/arctic_a0034.wav,Men of Selden's stamp don't stop at women and children,1,non_native,l2_learner,arctic_a0034
l2_arctic,HQTV,Vietnamese,M,train,ai-training/datasets/l2-arctic/raw/l2arctic_release_v5.0/HQTV/wav/arctic_a0035.wav,He stopped and Philip nodded at the horrified question in his eyes,1,non_native,l2_learner,arctic_a0035
l2_arctic,HQTV,Vietnamese,M,train,ai-training/datasets/l2-arctic/raw/l2arctic_release_v5.0/HQTV/wav/arctic_a0036.wav,She turned in at the hotel,1,non_native,l2_learner,arctic_a0036
l2_arctic,HQTV,Vietnamese,M,train,ai-training/datasets/l2-arctic/raw/l2arctic_release_v5.0/HQTV/wav/arctic_a0037.wav,I was the only one who remained sitting,1,non_native,l2_learner,arctic_a0037
l2_arctic,HQTV,Vietnamese,M,train,ai-training/datasets/l2-arctic/raw/l2arctic_release_v5.0/HQTV/wav/arctic_a0038.wav,We'll have to watch our chances,1,non_native,l2_learner,arctic_a0038
l2_arctic,HQTV,Vietnamese,M,train,ai-training/datasets/l2-arctic/raw/l2arctic_release_v5.0/HQTV/wav/arctic_a0039.wav,The ship should be in within a week or ten days,1,non_native,l2_learner,arctic_a0039
l2_arctic,HQTV,Vietnamese,M,train,ai-training/datasets/l2-arctic/raw/l2arctic_release_v5.0/HQTV/wav/arctic_a0040.wav,I suppose you wonder why she is coming up here,1,non_native,l2_learner,arctic_a0040
l2_arctic,HQTV,Vietnamese,M,train,ai-training/datasets/l2-arctic/raw/l2arctic_release_v5.0/HQTV/wav/arctic_a0041.wav,Meanwhile I'll go out to breathe a spell,1,non_native,l2_learner,arctic_a0041
l2_arctic,HQTV,Vietnamese,M,train,ai-training/datasets/l2-arctic/raw/l2arctic_release_v5.0/HQTV/wav/arctic_a0042.wav,How could he explain his possession of the sketch,1,non_native,l2_learner,arctic_a0042
l2_arctic,HQTV,Vietnamese,M,train,ai-training/datasets/l2-arctic/raw/l2arctic_release_v5.0/HQTV/wav/arctic_a0043.wav,It seemed nearer to him since he had seen and talked with Gregson,1,non_native,l2_learner,arctic_a0043
l2_arctic,HQTV,Vietnamese,M,train,ai-training/datasets/l2-arctic/raw/l2arctic_release_v5.0/HQTV/wav/arctic_a0044.wav,Her own betrayal of herself was like tonic to Philip,1,non_native,l2_learner,arctic_a0044
l2_arctic,HQTV,Vietnamese,M,train,ai-training/datasets/l2-arctic/raw/l2arctic_release_v5.0/HQTV/wav/arctic_a0045.wav,He moved away as quietly as he had come,1,non_native,l2_learner,arctic_a0045
l2_arctic,HQTV,Vietnamese,M,train,ai-training/datasets/l2-arctic/raw/l2arctic_release_v5.0/HQTV/wav/arctic_a0046.wav,The girl faced him her eyes shining with sudden fear,1,non_native,l2_learner,arctic_a0046
l2_arctic,HQTV,Vietnamese,M,train,ai-training/datasets/l2-arctic/raw/l2arctic_release_v5.0/HQTV/wav/arctic_a0047.wav,Close beside him gleamed the white fangs of the wolf dog,1,non_native,l2_learner,arctic_a0047
l2_arctic,HQTV,Vietnamese,M,train,ai-training/datasets/l2-arctic/raw/l2arctic_release_v5.0/HQTV/wav/arctic_a0048.wav,He looked at the handkerchief more closely,1,non_native,l2_learner,arctic_a0048
l2_arctic,HQTV,Vietnamese,M,train,ai-training/datasets/l2-arctic/raw/l2arctic_release_v5.0/HQTV/wav/arctic_a0049.wav,Gregson was asleep when he reentered the cabin,1,non_native,l2_learner,arctic_a0049
l2_arctic,HQTV,Vietnamese,M,train,ai-training/datasets/l2-arctic/raw/l2arctic_release_v5.0/HQTV/wav/arctic_a0050.wav,In spite of their absurdity the words affected Philip curiously,1,non_native,l2_learner,arctic_a0050
l2_arctic,HQTV,Vietnamese,M,train,ai-training/datasets/l2-arctic/raw/l2arctic_release_v5.0/HQTV/wav/arctic_a0051.wav,The lace was of a delicate ivory color faintly tinted with yellow,1,non_native,l2_learner,arctic_a0051
l2_arctic,HQTV,Vietnamese,M,train,ai-training/datasets/l2-arctic/raw/l2arctic_release_v5.0/HQTV/wav/arctic_a0052.wav,It was a curious coincidence,1,non_native,l2_learner,arctic_a0052
l2_arctic,HQTV,Vietnamese,M,train,ai-training/datasets/l2-arctic/raw/l2arctic_release_v5.0/HQTV/wav/arctic_a0053.wav,Suddenly his fingers closed tightly over the handkerchief,1,non_native,l2_learner,arctic_a0053
l2_arctic,HQTV,Vietnamese,M,train,ai-training/datasets/l2-arctic/raw/l2arctic_release_v5.0/HQTV/wav/arctic_a0054.wav,There was nothing on the rock,1,non_native,l2_learner,arctic_a0054
l2_arctic,HQTV,Vietnamese,M,train,ai-training/datasets/l2-arctic/raw/l2arctic_release_v5.0/HQTV/wav/arctic_a0055.wav,Philip stood undecided his ears strained to catch the slightest sound,1,non_native,l2_learner,arctic_a0055
l2_arctic,HQTV,Vietnamese,M,train,ai-training/datasets/l2-arctic/raw/l2arctic_release_v5.0/HQTV/wav/arctic_a0056.wav,Pearce's little eyes were fixed on him shrewdly,1,non_native,l2_learner,arctic_a0056
l2_arctic,HQTV,Vietnamese,M,train,ai-training/datasets/l2-arctic/raw/l2arctic_release_v5.0/HQTV/wav/arctic_a0057.wav,I have no idea replied Philip,1,non_native,l2_learner,arctic_a0057
l2_arctic,HQTV,Vietnamese,M,train,ai-training/datasets/l2-arctic/raw/l2arctic_release_v5.0/HQTV/wav/arctic_a0058.wav,I came for information more out of curiosity than anything else,1,non_native,l2_learner,arctic_a0058
l2_arctic,HQTV,Vietnamese,M,train,ai-training/datasets/l2-arctic/raw/l2arctic_release_v5.0/HQTV/wav/arctic_a0059.wav,His immaculate appearance was gone,1,non_native,l2_learner,arctic_a0059
l2_arctic,HQTV,Vietnamese,M,train,ai-training/datasets/l2-arctic/raw/l2arctic_release_v5.0/HQTV/wav/arctic_a0060.wav,Anyway no one saw her like that,1,non_native,l2_learner,arctic_a0060
l2_arctic,HQTV,Vietnamese,M,train,ai-training/datasets/l2-arctic/raw/l2arctic_release_v5.0/HQTV/wav/arctic_a0061.wav,Philip snatched at the letter which Gregson held out to him,1,non_native,l2_learner,arctic_a0061
l2_arctic,HQTV,Vietnamese,M,train,ai-training/datasets/l2-arctic/raw/l2arctic_release_v5.0/HQTV/wav/arctic_a0062.wav,The men stared into each other's face,1,non_native,l2_learner,arctic_a0062
l2_arctic,HQTV,Vietnamese,M,train,ai-training/datasets/l2-arctic/raw/l2arctic_release_v5.0/HQTV/wav/arctic_a0063.wav,Yes it was a man who asked a stranger,1,non_native,l2_learner,arctic_a0063
l2_arctic,HQTV,Vietnamese,M,train,ai-training/datasets/l2-arctic/raw/l2arctic_release_v5.0/HQTV/wav/arctic_a0064.wav,The fourth and fifth days passed without any developments,1,non_native,l2_learner,arctic_a0064
l2_arctic,HQTV,Vietnamese,M,train,ai-training/datasets/l2-arctic/raw/l2arctic_release_v5.0/HQTV/wav/arctic_a0065.wav,They closed now until his fingers were like cords of steel,1,non_native,l2_learner,arctic_a0065
l2_arctic,HQTV,Vietnamese,M,train,ai-training/datasets/l2-arctic/raw/l2arctic_release_v5.0/HQTV/wav/arctic_a0066.wav,He saw Jeanne falter for a moment,1,non_native,l2_learner,arctic_a0066
l2_arctic,HQTV,Vietnamese,M,train,ai-training/datasets/l2-arctic/raw/l2arctic_release_v5.0/HQTV/wav/arctic_a0067.wav,Surely I will excuse you she cried,1,non_native,l2_learner,arctic_a0067
l2_arctic,HQTV,Vietnamese,M,train,ai-training/datasets/l2-arctic/raw/l2arctic_release_v5.0/HQTV/wav/arctic_a0068.wav,In a flash Philip followed its direction,1,non_native,l2_learner,arctic_a0068
l2_arctic,HQTV,Vietnamese,M,train,ai-training/datasets/l2-arctic/raw/l2arctic_release_v5.0/HQTV/wav/arctic_a0069.wav,It was his intention to return to Eileen and her father,1,non_native,l2_learner,arctic_a0069
l2_arctic,HQTV,Vietnamese,M,train,ai-training/datasets/l2-arctic/raw/l2arctic_release_v5.0/HQTV/wav/arctic_a0070.wav,He would first hunt up Gregson and begin his work there,1,non_native,l2_learner,arctic_a0070
l2_arctic,HQTV,Vietnamese,M,train,ai-training/datasets/l2-arctic/raw/l2arctic_release_v5.0/HQTV/wav/arctic_a0071.wav,What was the object of your little sensation,1,non_native,l2_learner,arctic_a0071
l2_arctic,HQTV,Vietnamese,M,train,ai-training/datasets/l2-arctic/raw/l2arctic_release_v5.0/HQTV/wav/arctic_a0072.wav,But who was Eileen's double,1,non_native,l2_learner,arctic_a0072
l2_arctic,HQTV,Vietnamese,M,train,ai-training/datasets/l2-arctic/raw/l2arctic_release_v5.0/HQTV/wav/arctic_a0073.wav,The promoter's eyes were heavy with little puffy bags under them,1,non_native,l2_learner,arctic_a0073
l2_arctic,HQTV,Vietnamese,M,train,ai-training/datasets/l2-arctic/raw/l2arctic_release_v5.0/HQTV/wav/arctic_a0074.wav,And now down there Eileen was waiting for him,1,non_native,l2_learner,arctic_a0074
l2_arctic,HQTV,Vietnamese,M,train,ai-training/datasets/l2-arctic/raw/l2arctic_release_v5.0/HQTV/wav/arctic_a0075.wav,There has been a change she interrupted him,1,non_native,l2_learner,arctic_a0075
l2_arctic,HQTV,Vietnamese,M,train,ai-training/datasets/l2-arctic/raw/l2arctic_release_v5.0/HQTV/wav/arctic_a0076.wav,The gray eyes faltered the flush deepened,1,non_native,l2_learner,arctic_a0076
l2_arctic,HQTV,Vietnamese,M,train,ai-training/datasets/l2-arctic/raw/l2arctic_release_v5.0/HQTV/wav/arctic_a0077.wav,It is the fire partly she said,1,non_native,l2_learner,arctic_a0077
l2_arctic,HQTV,Vietnamese,M,train,ai-training/datasets/l2-arctic/raw/l2arctic_release_v5.0/HQTV/wav/arctic_a0078.wav,Then and at supper he tried to fathom her,1,non_native,l2_learner,arctic_a0078
l2_arctic,HQTV,Vietnamese,M,train,ai-training/datasets/l2-arctic/raw/l2arctic_release_v5.0/HQTV/wav/arctic_a0079.wav,It was a large canoe,1,non_native,l2_learner,arctic_a0079
l2_arctic,HQTV,Vietnamese,M,train,ai-training/datasets/l2-arctic/raw/l2arctic_release_v5.0/HQTV/wav/arctic_a0080.wav,What if Jeanne failed him,1,non_native,l2_learner,arctic_a0080
l2_arctic,HQTV,Vietnamese,M,train,ai-training/datasets/l2-arctic/raw/l2arctic_release_v5.0/HQTV/wav/arctic_a0081.wav,What if she did not come to the rock,1,non_native,l2_learner,arctic_a0081
l2_arctic,HQTV,Vietnamese,M,train,ai-training/datasets/l2-arctic/raw/l2arctic_release_v5.0/HQTV/wav/arctic_a0082.wav,His face was streaming with blood,1,non_native,l2_learner,arctic_a0082
l2_arctic,HQTV,Vietnamese,M,train,ai-training/datasets/l2-arctic/raw/l2arctic_release_v5.0/HQTV/wav/arctic_a0083.wav,A shadow was creeping over Pierre's eyes,1,non_native,l2_learner,arctic_a0083
l2_arctic,HQTV,Vietnamese,M,train,ai-training/datasets/l2-arctic/raw/l2arctic_release_v5.0/HQTV/wav/arctic_a0084.wav,Scarcely had he uttered the name when Pierre's closing eyes shot open,1,non_native,l2_learner,arctic_a0084
l2_arctic,HQTV,Vietnamese,M,train,ai-training/datasets/l2-arctic/raw/l2arctic_release_v5.0/HQTV/wav/arctic_a0085.wav,A trickle of fresh blood ran over his face,1,non_native,l2_learner,arctic_a0085
l2_arctic,HQTV,Vietnamese,M,train,ai-training/datasets/l2-arctic/raw/l2arctic_release_v5.0/HQTV/wav/arctic_a0086.wav,Death had come with terrible suddenness,1,non_native,l2_learner,arctic_a0086
l2_arctic,HQTV,Vietnamese,M,train,ai-training/datasets/l2-arctic/raw/l2arctic_release_v5.0/HQTV/wav/arctic_a0087.wav,Philip bent lower and stared into the face of the dead man,1,non_native,l2_learner,arctic_a0087
l2_arctic,HQTV,Vietnamese,M,train,ai-training/datasets/l2-arctic/raw/l2arctic_release_v5.0/HQTV/wav/arctic_a0088.wav,He made sure that the magazine was loaded and resumed his paddling,1,non_native,l2_learner,arctic_a0088
l2_arctic,HQTV,Vietnamese,M,train,ai-training/datasets/l2-arctic/raw/l2arctic_release_v5.0/HQTV/wav/arctic_a0089.wav,The night glow was treacherous to shoot by,1,non_native,l2_learner,arctic_a0089
l2_arctic,HQTV,Vietnamese,M,train,ai-training/datasets/l2-arctic/raw/l2arctic_release_v5.0/HQTV/wav/arctic_a0090.wav,The singing voice approached rapidly,1,non_native,l2_learner,arctic_a0090
l2_arctic,HQTV,Vietnamese,M,train,ai-training/datasets/l2-arctic/raw/l2arctic_release_v5.0/HQTV/wav/arctic_a0091.wav,His blood grew hot with rage at the thought,1,non_native,l2_learner,arctic_a0091
l2_arctic,HQTV,Vietnamese,M,train,ai-training/datasets/l2-arctic/raw/l2arctic_release_v5.0/HQTV/wav/arctic_a0092.wav,He went down in midstream searching the shadows of both shores,1,non_native,l2_learner,arctic_a0092
l2_arctic,HQTV,Vietnamese,M,train,ai-training/datasets/l2-arctic/raw/l2arctic_release_v5.0/HQTV/wav/arctic_a0093.wav,For a full minute he crouched and listened,1,non_native,l2_learner,arctic_a0093
l2_arctic,HQTV,Vietnamese,M,train,ai-training/datasets/l2-arctic/raw/l2arctic_release_v5.0/HQTV/wav/arctic_a0094.wav,He had barely entered this when he saw the glow of a fire,1,non_native,l2_learner,arctic_a0094
l2_arctic,HQTV,Vietnamese,M,train,ai-training/datasets/l2-arctic/raw/l2arctic_release_v5.0/HQTV/wav/arctic_a0095.wav,A big canvas tent was the first thing to come within his vision,1,non_native,l2_learner,arctic_a0095
l2_arctic,HQTV,Vietnamese,M,train,ai-training/datasets/l2-arctic/raw/l2arctic_release_v5.0/HQTV/wav/arctic_a0096.wav,Perhaps she had already met her fate a little deeper in the forest,1,non_native,l2_learner,arctic_a0096
l2_arctic,HQTV,Vietnamese,M,train,ai-training/datasets/l2-arctic/raw/l2arctic_release_v5.0/HQTV/wav/arctic_a0097.wav,Then you can arrange yourself comfortably among these robes in the bow,1,non_native,l2_learner,arctic_a0097
l2_arctic,HQTV,Vietnamese,M,train,ai-training/datasets/l2-arctic/raw/l2arctic_release_v5.0/HQTV/wav/arctic_a0098.wav,Shall I carry you,1,non_native,l2_learner,arctic_a0098
l2_arctic,HQTV,Vietnamese,M,train,ai-training/datasets/l2-arctic/raw/l2arctic_release_v5.0/HQTV/wav/arctic_a0099.wav,A maddening joy pounded in his brain,1,non_native,l2_learner,arctic_a0099
l2_arctic,HQTV,Vietnamese,M,train,ai-training/datasets/l2-arctic/raw/l2arctic_release_v5.0/HQTV/wav/arctic_a0100.wav,You must sleep he urged,1,non_native,l2_learner,arctic_a0100
l2_arctic,HQTV,Vietnamese,M,train,ai-training/datasets/l2-arctic/raw/l2arctic_release_v5.0/HQTV/wav/arctic_a0101.wav,You you would not keep the truth from me,1,non_native,l2_learner,arctic_a0101
l2_arctic,HQTV,Vietnamese,M,train,ai-training/datasets/l2-arctic/raw/l2arctic_release_v5.0/HQTV/wav/arctic_a0102.wav,He will follow us soon,1,non_native,l2_learner,arctic_a0102
l2_arctic,HQTV,Vietnamese,M,train,ai-training/datasets/l2-arctic/raw/l2arctic_release_v5.0/HQTV/wav/arctic_a0103.wav,But there came no promise from the bow of the canoe,1,non_native,l2_learner,arctic_a0103
l2_arctic,HQTV,Vietnamese,M,train,ai-training/datasets/l2-arctic/raw/l2arctic_release_v5.0/HQTV/wav/arctic_a0104.wav,She was sleeping under his protection as sweetly as a child,1,non_native,l2_learner,arctic_a0104
l2_arctic,HQTV,Vietnamese,M,train,ai-training/datasets/l2-arctic/raw/l2arctic_release_v5.0/HQTV/wav/arctic_a0105.wav,Only it is so wonderful so almost impossible to believe,1,non_native,l2_learner,arctic_a0105
l2_arctic,HQTV,Vietnamese,M,train,ai-training/datasets/l2-arctic/raw/l2arctic_release_v5.0/HQTV/wav/arctic_a0106.wav,The emotion which she had suppressed burst forth now in a choking sob,1,non_native,l2_learner,arctic_a0106
l2_arctic,HQTV,Vietnamese,M,train,ai-training/datasets/l2-arctic/raw/l2arctic_release_v5.0/HQTV/wav/arctic_a0107.wav,If you only could know how I thank you,1,non_native,l2_learner,arctic_a0107
l2_arctic,HQTV,Vietnamese,M,train,ai-training/datasets/l2-arctic/raw/l2arctic_release_v5.0/HQTV/wav/arctic_a0108.wav,He waded into the edge of the water and began scrubbing himself,1,non_native,l2_learner,arctic_a0108
l2_arctic,HQTV,Vietnamese,M,train,ai-training/datasets/l2-arctic/raw/l2arctic_release_v5.0/HQTV/wav/arctic_a0109.wav,Do you know that you are shaking my confidence in you,1,non_native,l2_learner,arctic_a0109
l2_arctic,HQTV,Vietnamese,M,train,ai-training/datasets/l2-arctic/raw/l2arctic_release_v5.0/HQTV/wav/arctic_a0110.wav,Much replied Jeanne as tersely,1,non_native,l2_learner,arctic_a0110
l2_arctic,HQTV,Vietnamese,M,train,ai-training/datasets/l2-arctic/raw/l2arctic_release_v5.0/HQTV/wav/arctic_a0111.wav,Instead he joined her and they ate like two hungry children,1,non_native,l2_learner,arctic_a0111
l2_arctic,HQTV,Vietnamese,M,train,ai-training/datasets/l2-arctic/raw/l2arctic_release_v5.0/HQTV/wav/arctic_a0112.wav,He was wounded in the arm,1,non_native,l2_learner,arctic_a0112
l2_arctic,HQTV,Vietnamese,M,train,ai-training/datasets/l2-arctic/raw/l2arctic_release_v5.0/HQTV/wav/arctic_a0113.wav,I suppose you picked that lingo up among the Indians,1,non_native,l2_learner,arctic_a0113
l2_arctic,HQTV,Vietnamese,M,train,ai-training/datasets/l2-arctic/raw/l2arctic_release_v5.0/HQTV/wav/arctic_a0114.wav,Her words sent a strange chill through Philip,1,non_native,l2_learner,arctic_a0114
l2_arctic,HQTV,Vietnamese,M,train,ai-training/datasets/l2-arctic/raw/l2arctic_release_v5.0/HQTV/wav/arctic_a0115.wav,He had no excuse for the feelings which were aroused in him,1,non_native,l2_learner,arctic_a0115
l2_arctic,HQTV,Vietnamese,M,train,ai-training/datasets/l2-arctic/raw/l2arctic_release_v5.0/HQTV/wav/arctic_a0116.wav,Was it the rendezvous of those who were striving to work his ruin,1,non_native,l2_learner,arctic_a0116
l2_arctic,HQTV,Vietnamese,M,train,ai-training/datasets/l2-arctic/raw/l2arctic_release_v5.0/HQTV/wav/arctic_a0117.wav,She added with genuine sympathy in her face and voice,1,non_native,l2_learner,arctic_a0117
l2_arctic,HQTV,Vietnamese,M,train,ai-training/datasets/l2-arctic/raw/l2arctic_release_v5.0/HQTV/wav/arctic_a0118.wav,Pierre obeys me when we are together,1,non_native,l2_learner,arctic_a0118
l2_arctic,HQTV,Vietnamese,M,train,ai-training/datasets/l2-arctic/raw/l2arctic_release_v5.0/HQTV/wav/arctic_a0119.wav,Jeanne was turning the bow shoreward,1,non_native,l2_learner,arctic_a0119
l2_arctic,HQTV,Vietnamese,M,train,ai-training/datasets/l2-arctic/raw/l2arctic_release_v5.0/HQTV/wav/arctic_a0120.wav,My right foot feels like that of a Chinese debutante,1,non_native,l2_learner,arctic_a0120
l2_arctic,HQTV,Vietnamese,M,train,ai-training/datasets/l2-arctic/raw/l2arctic_release_v5.0/HQTV/wav/arctic_a0121.wav,They ate dinner at the fifth and rested for two hours,1,non_native,l2_learner,arctic_a0121
l2_arctic,HQTV,Vietnamese,M,train,ai-training/datasets/l2-arctic/raw/l2arctic_release_v5.0/HQTV/wav/arctic_a0122.wav,Two years ago I gave up civilization for this,1,non_native,l2_learner,arctic_a0122
l2_arctic,HQTV,Vietnamese,M,train,ai-training/datasets/l2-arctic/raw/l2arctic_release_v5.0/HQTV/wav/arctic_a0123.wav,She had died from cold and starvation,1,non_native,l2_learner,arctic_a0123
l2_arctic,HQTV,Vietnamese,M,train,ai-training/datasets/l2-arctic/raw/l2arctic_release_v5.0/HQTV/wav/arctic_a0124.wav,It was Jeanne singing softly over beyond the rocks,1,non_native,l2_learner,arctic_a0124
l2_arctic,HQTV,Vietnamese,M,train,ai-training/datasets/l2-arctic/raw/l2arctic_release_v5.0/HQTV/wav/arctic_a0125.wav,He was determined now to maintain a more certain hold upon himself,1,non_native,l2_learner,arctic_a0125
l2_arctic,HQTV,Vietnamese,M,train,ai-training/datasets/l2-arctic/raw/l2arctic_release_v5.0/HQTV/wav/arctic_a0126.wav,Each day she became a more vital part of him,1,non_native,l2_learner,arctic_a0126
l2_arctic,HQTV,Vietnamese,M,train,ai-training/datasets/l2-arctic/raw/l2arctic_release_v5.0/HQTV/wav/arctic_a0127.wav,It was a temptation but he resisted it,1,non_native,l2_learner,arctic_a0127
l2_arctic,HQTV,Vietnamese,M,train,ai-training/datasets/l2-arctic/raw/l2arctic_release_v5.0/HQTV/wav/arctic_a0128.wav,This one hope was destroyed as quickly as it was born,1,non_native,l2_learner,arctic_a0128
l2_arctic,HQTV,Vietnamese,M,train,ai-training/datasets/l2-arctic/raw/l2arctic_release_v5.0/HQTV/wav/arctic_a0129.wav,Her face was against his breast,1,non_native,l2_learner,arctic_a0129
l2_arctic,HQTV,Vietnamese,M,train,ai-training/datasets/l2-arctic/raw/l2arctic_release_v5.0/HQTV/wav/arctic_a0130.wav,She was his now forever,1,non_native,l2_learner,arctic_a0130
l2_arctic,HQTV,Vietnamese,M,train,ai-training/datasets/l2-arctic/raw/l2arctic_release_v5.0/HQTV/wav/arctic_a0131.wav,Providence had delivered him through the maelstrom,1,non_native,l2_learner,arctic_a0131
l2_arctic,HQTV,Vietnamese,M,train,ai-training/datasets/l2-arctic/raw/l2arctic_release_v5.0/HQTV/wav/arctic_a0132.wav,A cry of joy burst from Philip's lips,1,non_native,l2_learner,arctic_a0132
l2_arctic,HQTV,Vietnamese,M,train,ai-training/datasets/l2-arctic/raw/l2arctic_release_v5.0/HQTV/wav/arctic_a0133.wav,Philip began to feel that he had foolishly overestimated his strength,1,non_native,l2_learner,arctic_a0133
l2_arctic,HQTV,Vietnamese,M,train,ai-training/datasets/l2-arctic/raw/l2arctic_release_v5.0/HQTV/wav/arctic_a0134.wav,He obeyed the pressure of her hand,1,non_native,l2_learner,arctic_a0134
l2_arctic,HQTV,Vietnamese,M,train,ai-training/datasets/l2-arctic/raw/l2arctic_release_v5.0/HQTV/wav/arctic_a0135.wav,I am going to surprise father and you will go with Pierre,1,non_native,l2_learner,arctic_a0135
l2_arctic,HQTV,Vietnamese,M,train,ai-training/datasets/l2-arctic/raw/l2arctic_release_v5.0/HQTV/wav/arctic_a0136.wav,About him everywhere were the evidences of luxury and of age,1,non_native,l2_learner,arctic_a0136
l2_arctic,HQTV,Vietnamese,M,train,ai-training/datasets/l2-arctic/raw/l2arctic_release_v5.0/HQTV/wav/arctic_a0137.wav,Then he stepped back with a low cry of pleasure,1,non_native,l2_learner,arctic_a0137
l2_arctic,HQTV,Vietnamese,M,train,ai-training/datasets/l2-arctic/raw/l2arctic_release_v5.0/HQTV/wav/arctic_a0138.wav,In the picture he saw each moment a greater resemblance to Jeanne,1,non_native,l2_learner,arctic_a0138
l2_arctic,HQTV,Vietnamese,M,train,ai-training/datasets/l2-arctic/raw/l2arctic_release_v5.0/HQTV/wav/arctic_a0139.wav,He told himself that as he washed himself and groomed his disheveled clothes,1,non_native,l2_learner,arctic_a0139
l2_arctic,HQTV,Vietnamese,M,train,ai-training/datasets/l2-arctic/raw/l2arctic_release_v5.0/HQTV/wav/arctic_a0140.wav,Accept a father's blessing and with it this,1,non_native,l2_learner,arctic_a0140
l2_arctic,HQTV,Vietnamese,M,train,ai-training/datasets/l2-arctic/raw/l2arctic_release_v5.0/HQTV/wav/arctic_a0141.wav,It seems like a strange pointing of the hand of God,1,non_native,l2_learner,arctic_a0141
l2_arctic,HQTV,Vietnamese,M,train,ai-training/datasets/l2-arctic/raw/l2arctic_release_v5.0/HQTV/wav/arctic_a0142.wav,Such things had occurred before he told Philip,1,non_native,l2_learner,arctic_a0142
l2_arctic,HQTV,Vietnamese,M,train,ai-training/datasets/l2-arctic/raw/l2arctic_release_v5.0/HQTV/wav/arctic_a0143.wav,Ah I had forgotten he exclaimed,1,non_native,l2_learner,arctic_a0143
l2_arctic,HQTV,Vietnamese,M,train,ai-training/datasets/l2-arctic/raw/l2arctic_release_v5.0/HQTV/wav/arctic_a0144.wav,But there was something even more startling than this resemblance,1,non_native,l2_learner,arctic_a0144
l2_arctic,HQTV,Vietnamese,M,train,ai-training/datasets/l2-arctic/raw/l2arctic_release_v5.0/HQTV/wav/arctic_a0145.wav,I have to be careful of them as they tear very easily,1,non_native,l2_learner,arctic_a0145
l2_arctic,HQTV,Vietnamese,M,train,ai-training/datasets/l2-arctic/raw/l2arctic_release_v5.0/HQTV/wav/arctic_a0146.wav,Of course that is uninteresting she continued,1,non_native,l2_learner,arctic_a0146
l2_arctic,HQTV,Vietnamese,M,train,ai-training/datasets/l2-arctic/raw/l2arctic_release_v5.0/HQTV/wav/arctic_a0147.wav,A moment before he was intoxicated by a joy that was almost madness,1,non_native,l2_learner,arctic_a0147
l2_arctic,HQTV,Vietnamese,M,train,ai-training/datasets/l2-arctic/raw/l2arctic_release_v5.0/HQTV/wav/arctic_a0148.wav,Now these things had been struck dead within him,1,non_native,l2_learner,arctic_a0148
l2_arctic,HQTV,Vietnamese,M,train,ai-training/datasets/l2-arctic/raw/l2arctic_release_v5.0/HQTV/wav/arctic_a0149.wav,For an instant he saw Pierre drawn like a silhouette against the sky,1,non_native,l2_learner,arctic_a0149
l2_arctic,HQTV,Vietnamese,M,train,ai-training/datasets/l2-arctic/raw/l2arctic_release_v5.0/HQTV/wav/arctic_a0150.wav,Goodbye Pierre he shouted,1,non_native,l2_learner,arctic_a0150
l2_arctic,HQTV,Vietnamese,M,train,ai-training/datasets/l2-arctic/raw/l2arctic_release_v5.0/HQTV/wav/arctic_a0151.wav,And MacDougall was beyond the trail with three weeks to spare,1,non_native,l2_learner,arctic_a0151
l2_arctic,HQTV,Vietnamese,M,train,ai-training/datasets/l2-arctic/raw/l2arctic_release_v5.0/HQTV/wav/arctic_a0152.wav,Philip thrust himself against it and entered,1,non_native,l2_learner,arctic_a0152
l2_arctic,HQTV,Vietnamese,M,train,ai-training/datasets/l2-arctic/raw/l2arctic_release_v5.0/HQTV/wav/arctic_a0153.wav,MacDougall tapped his forehead suspiciously with a stubby forefinger,1,non_native,l2_learner,arctic_a0153
l2_arctic,HQTV,Vietnamese,M,train,ai-training/datasets/l2-arctic/raw/l2arctic_release_v5.0/HQTV/wav/arctic_a0154.wav,He was smooth shaven and his hair and eyes were black,1,non_native,l2_learner,arctic_a0154
l2_arctic,HQTV,Vietnamese,M,train,ai-training/datasets/l2-arctic/raw/l2arctic_release_v5.0/HQTV/wav/arctic_a0155.wav,Won't you draw up gentlemen,1,non_native,l2_learner,arctic_a0155
l2_arctic,HQTV,Vietnamese,M,train,ai-training/datasets/l2-arctic/raw/l2arctic_release_v5.0/HQTV/wav/arctic_a0156.wav,A strange fire burned in his eyes when Thorpe turned,1,non_native,l2_learner,arctic_a0156
l2_arctic,HQTV,Vietnamese,M,train,ai-training/datasets/l2-arctic/raw/l2arctic_release_v5.0/HQTV/wav/arctic_a0157.wav,He had worshiped her as Dante might have worshiped Beatrice,1,non_native,l2_learner,arctic_a0157
l2_arctic,HQTV,Vietnamese,M,train,ai-training/datasets/l2-arctic/raw/l2arctic_release_v5.0/HQTV/wav/arctic_a0158.wav,Does that look good,1,non_native,l2_learner,arctic_a0158
l2_arctic,HQTV,Vietnamese,M,train,ai-training/datasets/l2-arctic/raw/l2arctic_release_v5.0/HQTV/wav/arctic_a0159.wav,They look as though he had been drumming a piano all his life,1,non_native,l2_learner,arctic_a0159
l2_arctic,HQTV,Vietnamese,M,train,ai-training/datasets/l2-arctic/raw/l2arctic_release_v5.0/HQTV/wav/arctic_a0160.wav,You want to go over and see his gang throw dirt,1,non_native,l2_learner,arctic_a0160
l2_arctic,HQTV,Vietnamese,M,train,ai-training/datasets/l2-arctic/raw/l2arctic_release_v5.0/HQTV/wav/arctic_a0161.wav,Take away their foreman and they wouldn't be worth their grub,1,non_native,l2_learner,arctic_a0161
l2_arctic,HQTV,Vietnamese,M,train,ai-training/datasets/l2-arctic/raw/l2arctic_release_v5.0/HQTV/wav/arctic_a0162.wav,That's the sub foreman explained Thorpe,1,non_native,l2_learner,arctic_a0162
l2_arctic,HQTV,Vietnamese,M,train,ai-training/datasets/l2-arctic/raw/l2arctic_release_v5.0/HQTV/wav/arctic_a0163.wav,Philip made no effort to follow,1,non_native,l2_learner,arctic_a0163
l2_arctic,HQTV,Vietnamese,M,train,ai-training/datasets/l2-arctic/raw/l2arctic_release_v5.0/HQTV/wav/arctic_a0164.wav,He came first a year ago and revealed himself to Jeanne,1,non_native,l2_learner,arctic_a0164
l2_arctic,HQTV,Vietnamese,M,train,ai-training/datasets/l2-arctic/raw/l2arctic_release_v5.0/HQTV/wav/arctic_a0165.wav,They are to attack your camp tomorrow night,1,non_native,l2_learner,arctic_a0165
l2_arctic,HQTV,Vietnamese,M,train,ai-training/datasets/l2-arctic/raw/l2arctic_release_v5.0/HQTV/wav/arctic_a0166.wav,Two days ago Jeanne learned where her father's men were hiding,1,non_native,l2_learner,arctic_a0166
l2_arctic,HQTV,Vietnamese,M,train,ai-training/datasets/l2-arctic/raw/l2arctic_release_v5.0/HQTV/wav/arctic_a0167.wav,I was near the cabin and saw you,1,non_native,l2_learner,arctic_a0167
l2_arctic,HQTV,Vietnamese,M,train,ai-training/datasets/l2-arctic/raw/l2arctic_release_v5.0/HQTV/wav/arctic_a0168.wav,The low bush whipped him in the face and left no sting,1,non_native,l2_learner,arctic_a0168
l2_arctic,HQTV,Vietnamese,M,train,ai-training/datasets/l2-arctic/raw/l2arctic_release_v5.0/HQTV/wav/arctic_a0169.wav,Suddenly Jeanne stopped for an instant,1,non_native,l2_learner,arctic_a0169
l2_arctic,HQTV,Vietnamese,M,train,ai-training/datasets/l2-arctic/raw/l2arctic_release_v5.0/HQTV/wav/arctic_a0170.wav,There was none of the joy of meeting in his face,1,non_native,l2_learner,arctic_a0170
l2_arctic,HQTV,Vietnamese,M,train,ai-training/datasets/l2-arctic/raw/l2arctic_release_v5.0/HQTV/wav/arctic_a0171.wav,And when you come back in a few days bring Eileen,1,non_native,l2_learner,arctic_a0171
l2_arctic,HQTV,Vietnamese,M,train,ai-training/datasets/l2-arctic/raw/l2arctic_release_v5.0/HQTV/wav/arctic_a0172.wav,Gregson had left the outer door slightly ajar,1,non_native,l2_learner,arctic_a0172
l2_arctic,HQTV,Vietnamese,M,train,ai-training/datasets/l2-arctic/raw/l2arctic_release_v5.0/HQTV/wav/arctic_a0173.wav,The date was nearly eighteen years old,1,non_native,l2_learner,arctic_a0173
l2_arctic,HQTV,Vietnamese,M,train,ai-training/datasets/l2-arctic/raw/l2arctic_release_v5.0/HQTV/wav/arctic_a0174.wav,They were the presage of storm,1,non_native,l2_learner,arctic_a0174
l2_arctic,HQTV,Vietnamese,M,train,ai-training/datasets/l2-arctic/raw/l2arctic_release_v5.0/HQTV/wav/arctic_a0175.wav,Down there the earth was already swelling with life,1,non_native,l2_learner,arctic_a0175
l2_arctic,HQTV,Vietnamese,M,train,ai-training/datasets/l2-arctic/raw/l2arctic_release_v5.0/HQTV/wav/arctic_a0176.wav,For the first time in his life he was yearning for a scrap,1,non_native,l2_learner,arctic_a0176
l2_arctic,HQTV,Vietnamese,M,train,ai-training/datasets/l2-arctic/raw/l2arctic_release_v5.0/HQTV/wav/arctic_a0177.wav,She had been thoroughly and efficiently mauled,1,non_native,l2_learner,arctic_a0177
l2_arctic,HQTV,Vietnamese,M,train,ai-training/datasets/l2-arctic/raw/l2arctic_release_v5.0/HQTV/wav/arctic_a0178.wav,Every bone in her aged body seemed broken and dislocated,1,non_native,l2_learner,arctic_a0178
l2_arctic,HQTV,Vietnamese,M,train,ai-training/datasets/l2-arctic/raw/l2arctic_release_v5.0/HQTV/wav/arctic_a0179.wav,Tomorrow I'm going after that bear he said,1,non_native,l2_learner,arctic_a0179
l2_arctic,HQTV,Vietnamese,M,train,ai-training/datasets/l2-arctic/raw/l2arctic_release_v5.0/HQTV/wav/arctic_a0180.wav,If not let's say our prayers and go to bed,1,non_native,l2_learner,arctic_a0180
l2_arctic,HQTV,Vietnamese,M,train,ai-training/datasets/l2-arctic/raw/l2arctic_release_v5.0/HQTV/wav/arctic_a0181.wav,So cheer up and give us your paw,1,non_native,l2_learner,arctic_a0181
l2_arctic,HQTV,Vietnamese,M,train,ai-training/datasets/l2-arctic/raw/l2arctic_release_v5.0/HQTV/wav/arctic_a0182.wav,This time he did not yap for mercy,1,non_native,l2_learner,arctic_a0182
l2_arctic,HQTV,Vietnamese,M,train,ai-training/datasets/l2-arctic/raw/l2arctic_release_v5.0/HQTV/wav/arctic_a0183.wav,And the air was growing chilly,1,non_native,l2_learner,arctic_a0183
l2_arctic,HQTV,Vietnamese,M,train,ai-training/datasets/l2-arctic/raw/l2arctic_release_v5.0/HQTV/wav/arctic_a0184.wav,Don't you see I'm chewing this thing in two,1,non_native,l2_learner,arctic_a0184
l2_arctic,HQTV,Vietnamese,M,train,ai-training/datasets/l2-arctic/raw/l2arctic_release_v5.0/HQTV/wav/arctic_a0185.wav,The questions may have come vaguely in his mind,1,non_native,l2_learner,arctic_a0185
l2_arctic,HQTV,Vietnamese,M,train,ai-training/datasets/l2-arctic/raw/l2arctic_release_v5.0/HQTV/wav/arctic_a0186.wav,Like a flash he launched himself into the feathered mass of the owl,1,non_native,l2_learner,arctic_a0186
l2_arctic,HQTV,Vietnamese,M,train,ai-training/datasets/l2-arctic/raw/l2arctic_release_v5.0/HQTV/wav/arctic_a0187.wav,Ahead of them they saw a glimmer of sunshine,1,non_native,l2_learner,arctic_a0187
l2_arctic,HQTV,Vietnamese,M,train,ai-training/datasets/l2-arctic/raw/l2arctic_release_v5.0/HQTV/wav/arctic_a0188.wav,Two gigantic owls were tearing at the carcass,1,non_native,l2_learner,arctic_a0188
l2_arctic,HQTV,Vietnamese,M,train,ai-training/datasets/l2-arctic/raw/l2arctic_release_v5.0/HQTV/wav/arctic_a0189.wav,The big eyed clucking moose birds were most annoying,1,non_native,l2_learner,arctic_a0189
l2_arctic,HQTV,Vietnamese,M,train,ai-training/datasets/l2-arctic/raw/l2arctic_release_v5.0/HQTV/wav/arctic_a0190.wav,Next to them the Canada jays were most persistent,1,non_native,l2_learner,arctic_a0190
l2_arctic,HQTV,Vietnamese,M,train,ai-training/datasets/l2-arctic/raw/l2arctic_release_v5.0/HQTV/wav/arctic_a0191.wav,For a time the exciting thrill of his adventure was gone,1,non_native,l2_learner,arctic_a0191
l2_arctic,HQTV,Vietnamese,M,train,ai-training/datasets/l2-arctic/raw/l2arctic_release_v5.0/HQTV/wav/arctic_a0192.wav,He did not rush in,1,non_native,l2_learner,arctic_a0192
l2_arctic,HQTV,Vietnamese,M,train,ai-training/datasets/l2-arctic/raw/l2arctic_release_v5.0/HQTV/wav/arctic_a0193.wav,It was edged with ice,1,non_native,l2_learner,arctic_a0193
l2_arctic,HQTV,Vietnamese,M,train,ai-training/datasets/l2-arctic/raw/l2arctic_release_v5.0/HQTV/wav/arctic_a0194.wav,He drank of the water cautiously,1,non_native,l2_learner,arctic_a0194
l2_arctic,HQTV,Vietnamese,M,train,ai-training/datasets/l2-arctic/raw/l2arctic_release_v5.0/HQTV/wav/arctic_a0195.wav,But a strange thing happened,1,non_native,l2_learner,arctic_a0195
l2_arctic,HQTV,Vietnamese,M,train,ai-training/datasets/l2-arctic/raw/l2arctic_release_v5.0/HQTV/wav/arctic_a0196.wav,He began to follow the footprints of the dog,1,non_native,l2_learner,arctic_a0196
l2_arctic,HQTV,Vietnamese,M,train,ai-training/datasets/l2-arctic/raw/l2arctic_release_v5.0/HQTV/wav/arctic_a0197.wav,Such a dog the wise driver kills or turns loose,1,non_native,l2_learner,arctic_a0197
l2_arctic,HQTV,Vietnamese,M,train,ai-training/datasets/l2-arctic/raw/l2arctic_release_v5.0/HQTV/wav/arctic_a0198.wav,Sometimes her dreams were filled with visions,1,non_native,l2_learner,arctic_a0198
l2_arctic,HQTV,Vietnamese,M,train,ai-training/datasets/l2-arctic/raw/l2arctic_release_v5.0/HQTV/wav/arctic_a0199.wav,Thus had the raw wilderness prepared him for this day,1,non_native,l2_learner,arctic_a0199
l2_arctic,HQTV,Vietnamese,M,train,ai-training/datasets/l2-arctic/raw/l2arctic_release_v5.0/HQTV/wav/arctic_a0200.wav,He leapt again and the club caught him once more,1,non_native,l2_learner,arctic_a0200
l2_arctic,HQTV,Vietnamese,M,train,ai-training/datasets/l2-arctic/raw/l2arctic_release_v5.0/HQTV/wav/arctic_a0201.wav,He cried and swung the club wildly,1,non_native,l2_learner,arctic_a0201
l2_arctic,HQTV,Vietnamese,M,train,ai-training/datasets/l2-arctic/raw/l2arctic_release_v5.0/HQTV/wav/arctic_a0202.wav,She turned fearing that Jacques might see what was in her face,1,non_native,l2_learner,arctic_a0202
l2_arctic,HQTV,Vietnamese,M,train,ai-training/datasets/l2-arctic/raw/l2arctic_release_v5.0/HQTV/wav/arctic_a0203.wav,They were following the shore of a lake,1,non_native,l2_learner,arctic_a0203
l2_arctic,HQTV,Vietnamese,M,train,ai-training/datasets/l2-arctic/raw/l2arctic_release_v5.0/HQTV/wav/arctic_a0204.wav,The wolf dog thrust his gaunt muzzle toward him,1,non_native,l2_learner,arctic_a0204
l2_arctic,HQTV,Vietnamese,M,train,ai-training/datasets/l2-arctic/raw/l2arctic_release_v5.0/HQTV/wav/arctic_a0205.wav,From now on we're pals,1,non_native,l2_learner,arctic_a0205
l2_arctic,HQTV,Vietnamese,M,train,ai-training/datasets/l2-arctic/raw/l2arctic_release_v5.0/HQTV/wav/arctic_a0206.wav,He says he bought him of Jacques Le Beau,1,non_native,l2_learner,arctic_a0206
l2_arctic,HQTV,Vietnamese,M,train,ai-training/datasets/l2-arctic/raw/l2arctic_release_v5.0/HQTV/wav/arctic_a0207.wav,How much was it,1,non_native,l2_learner,arctic_a0207
l2_arctic,HQTV,Vietnamese,M,train,ai-training/datasets/l2-arctic/raw/l2arctic_release_v5.0/HQTV/wav/arctic_a0208.wav,Youth had come back to her freed from the yoke of oppression,1,non_native,l2_learner,arctic_a0208
l2_arctic,HQTV,Vietnamese,M,train,ai-training/datasets/l2-arctic/raw/l2arctic_release_v5.0/HQTV/wav/arctic_a0209.wav,It was not a large lake and almost round,1,non_native,l2_learner,arctic_a0209
l2_arctic,HQTV,Vietnamese,M,train,ai-training/datasets/l2-arctic/raw/l2arctic_release_v5.0/HQTV/wav/arctic_a0210.wav,Its diameter was not more than two hundred yards,1,non_native,l2_learner,arctic_a0210
l2_arctic,HQTV,Vietnamese,M,train,ai-training/datasets/l2-arctic/raw/l2arctic_release_v5.0/HQTV/wav/arctic_a0211.wav,It drowned all sound that brute agony and death may have made,1,non_native,l2_learner,arctic_a0211
l2_arctic,HQTV,Vietnamese,M,train,ai-training/datasets/l2-arctic/raw/l2arctic_release_v5.0/HQTV/wav/arctic_a0212.wav,Fresh cases still able to walk they clustered about the spokesman,1,non_native,l2_learner,arctic_a0212
l2_arctic,HQTV,Vietnamese,M,train,ai-training/datasets/l2-arctic/raw/l2arctic_release_v5.0/HQTV/wav/arctic_a0213.wav,Between him and the beach was the cane grass fence of the compound,1,non_native,l2_learner,arctic_a0213
l2_arctic,HQTV,Vietnamese,M,train,ai-training/datasets/l2-arctic/raw/l2arctic_release_v5.0/HQTV/wav/arctic_a0214.wav,Besides he was paid one case of tobacco per head,1,non_native,l2_learner,arctic_a0214
l2_arctic,HQTV,Vietnamese,M,train,ai-training/datasets/l2-arctic/raw/l2arctic_release_v5.0/HQTV/wav/arctic_a0215.wav,They die out of spite,1,non_native,l2_learner,arctic_a0215
l2_arctic,HQTV,Vietnamese,M,train,ai-training/datasets/l2-arctic/raw/l2arctic_release_v5.0/HQTV/wav/arctic_a0216.wav,The other felt a sudden wave of irritation rush through him,1,non_native,l2_learner,arctic_a0216
l2_arctic,HQTV,Vietnamese,M,train,ai-training/datasets/l2-arctic/raw/l2arctic_release_v5.0/HQTV/wav/arctic_a0217.wav,Oppressive as the heat had been it was now even more oppressive,1,non_native,l2_learner,arctic_a0217
l2_arctic,HQTV,Vietnamese,M,train,ai-training/datasets/l2-arctic/raw/l2arctic_release_v5.0/HQTV/wav/arctic_a0218.wav,The ringing of the big bell aroused him,1,non_native,l2_learner,arctic_a0218
l2_arctic,HQTV,Vietnamese,M,train,ai-training/datasets/l2-arctic/raw/l2arctic_release_v5.0/HQTV/wav/arctic_a0219.wav,At first he puzzled over something untoward he was sure had happened,1,non_native,l2_learner,arctic_a0219
l2_arctic,HQTV,Vietnamese,M,train,ai-training/datasets/l2-arctic/raw/l2arctic_release_v5.0/HQTV/wav/arctic_a0220.wav,A dead man is of no use on a plantation,1,non_native,l2_learner,arctic_a0220
l2_arctic,HQTV,Vietnamese,M,train,ai-training/datasets/l2-arctic/raw/l2arctic_release_v5.0/HQTV/wav/arctic_a0221.wav,I don't know why you're here at all,1,non_native,l2_learner,arctic_a0221
l2_arctic,HQTV,Vietnamese,M,train,ai-training/datasets/l2-arctic/raw/l2arctic_release_v5.0/HQTV/wav/arctic_a0222.wav,What part of the United States is your home,1,non_native,l2_learner,arctic_a0222
l2_arctic,HQTV,Vietnamese,M,train,ai-training/datasets/l2-arctic/raw/l2arctic_release_v5.0/HQTV/wav/arctic_a0223.wav,My I'm almost homesick for it already,1,non_native,l2_learner,arctic_a0223
l2_arctic,HQTV,Vietnamese,M,train,ai-training/datasets/l2-arctic/raw/l2arctic_release_v5.0/HQTV/wav/arctic_a0224.wav,She nodded and her eyes grew soft and moist,1,non_native,l2_learner,arctic_a0224
l2_arctic,HQTV,Vietnamese,M,train,ai-training/datasets/l2-arctic/raw/l2arctic_release_v5.0/HQTV/wav/arctic_a0225.wav,I was brought up the way most girls in Hawaii are brought up,1,non_native,l2_learner,arctic_a0225
l2_arctic,HQTV,Vietnamese,M,train,ai-training/datasets/l2-arctic/raw/l2arctic_release_v5.0/HQTV/wav/arctic_a0226.wav,That came before my A B C's,1,non_native,l2_learner,arctic_a0226
l2_arctic,HQTV,Vietnamese,M,train,ai-training/datasets/l2-arctic/raw/l2arctic_release_v5.0/HQTV/wav/arctic_a0227.wav,It was the same way with our revolvers and rifles,1,non_native,l2_learner,arctic_a0227
l2_arctic,HQTV,Vietnamese,M,train,ai-training/datasets/l2-arctic/raw/l2arctic_release_v5.0/HQTV/wav/arctic_a0228.wav,But it contributed to the smash,1,non_native,l2_learner,arctic_a0228
l2_arctic,HQTV,Vietnamese,M,train,ai-training/datasets/l2-arctic/raw/l2arctic_release_v5.0/HQTV/wav/arctic_a0229.wav,The last one I knew was an overseer,1,non_native,l2_learner,arctic_a0229
l2_arctic,HQTV,Vietnamese,M,train,ai-training/datasets/l2-arctic/raw/l2arctic_release_v5.0/HQTV/wav/arctic_a0230.wav,Do you know any good land around here,1,non_native,l2_learner,arctic_a0230
l2_arctic,HQTV,Vietnamese,M,train,ai-training/datasets/l2-arctic/raw/l2arctic_release_v5.0/HQTV/wav/arctic_a0231.wav,The Resident Commissioner is away in Australia,1,non_native,l2_learner,arctic_a0231
l2_arctic,HQTV,Vietnamese,M,train,ai-training/datasets/l2-arctic/raw/l2arctic_release_v5.0/HQTV/wav/arctic_a0232.wav,I cannot follow you she said,1,non_native,l2_learner,arctic_a0232
l2_arctic,HQTV,Vietnamese,M,train,ai-training/datasets/l2-arctic/raw/l2arctic_release_v5.0/HQTV/wav/arctic_a0233.wav,I never allow what can't be changed to annoy me,1,non_native,l2_learner,arctic_a0233
l2_arctic,HQTV,Vietnamese,M,train,ai-training/datasets/l2-arctic/raw/l2arctic_release_v5.0/HQTV/wav/arctic_a0234.wav,Why the average review is more nauseating than cod liver oil,1,non_native,l2_learner,arctic_a0234
l2_arctic,HQTV,Vietnamese,M,train,ai-training/datasets/l2-arctic/raw/l2arctic_release_v5.0/HQTV/wav/arctic_a0235.wav,His voice was passionately rebellious,1,non_native,l2_learner,arctic_a0235
l2_arctic,HQTV,Vietnamese,M,train,ai-training/datasets/l2-arctic/raw/l2arctic_release_v5.0/HQTV/wav/arctic_a0236.wav,Don't you see I hate you,1,non_native,l2_learner,arctic_a0236
l2_arctic,HQTV,Vietnamese,M,train,ai-training/datasets/l2-arctic/raw/l2arctic_release_v5.0/HQTV/wav/arctic_a0237.wav,So Hughie and I did the managing ourselves,1,non_native,l2_learner,arctic_a0237
l2_arctic,HQTV,Vietnamese,M,train,ai-training/datasets/l2-arctic/raw/l2arctic_release_v5.0/HQTV/wav/arctic_a0238.wav,It happened to him at the Gallina Society in Oakland one afternoon,1,non_native,l2_learner,arctic_a0238
l2_arctic,HQTV,Vietnamese,M,train,ai-training/datasets/l2-arctic/raw/l2arctic_release_v5.0/HQTV/wav/arctic_a0239.wav,He cried in such genuine dismay that she broke into hearty laughter,1,non_native,l2_learner,arctic_a0239
l2_arctic,HQTV,Vietnamese,M,train,ai-training/datasets/l2-arctic/raw/l2arctic_release_v5.0/HQTV/wav/arctic_a0240.wav,Wash your hands of me,1,non_native,l2_learner,arctic_a0240
l2_arctic,HQTV,Vietnamese,M,train,ai-training/datasets/l2-arctic/raw/l2arctic_release_v5.0/HQTV/wav/arctic_a0241.wav,I think it's much nicer to quarrel,1,non_native,l2_learner,arctic_a0241
l2_arctic,HQTV,Vietnamese,M,train,ai-training/datasets/l2-arctic/raw/l2arctic_release_v5.0/HQTV/wav/arctic_a0242.wav,I saw it when she rolled,1,non_native,l2_learner,arctic_a0242
l2_arctic,HQTV,Vietnamese,M,train,ai-training/datasets/l2-arctic/raw/l2arctic_release_v5.0/HQTV/wav/arctic_a0243.wav,I only read the quotations,1,non_native,l2_learner,arctic_a0243
l2_arctic,HQTV,Vietnamese,M,train,ai-training/datasets/l2-arctic/raw/l2arctic_release_v5.0/HQTV/wav/arctic_a0244.wav,He was the soul of devotion to his employers,1,non_native,l2_learner,arctic_a0244
l2_arctic,HQTV,Vietnamese,M,train,ai-training/datasets/l2-arctic/raw/l2arctic_release_v5.0/HQTV/wav/arctic_a0245.wav,Out of his eighteen hundred he laid aside sixteen hundred each year,1,non_native,l2_learner,arctic_a0245
l2_arctic,HQTV,Vietnamese,M,train,ai-training/datasets/l2-arctic/raw/l2arctic_release_v5.0/HQTV/wav/arctic_a0246.wav,You have heard always how he was the lover of the Princess Naomi,1,non_native,l2_learner,arctic_a0246
l2_arctic,HQTV,Vietnamese,M,train,ai-training/datasets/l2-arctic/raw/l2arctic_release_v5.0/HQTV/wav/arctic_a0247.wav,They ought to pass here some time today,1,non_native,l2_learner,arctic_a0247
l2_arctic,HQTV,Vietnamese,M,train,ai-training/datasets/l2-arctic/raw/l2arctic_release_v5.0/HQTV/wav/arctic_a0248.wav,I had been sad too long already,1,non_native,l2_learner,arctic_a0248
l2_arctic,HQTV,Vietnamese,M,train,ai-training/datasets/l2-arctic/raw/l2arctic_release_v5.0/HQTV/wav/arctic_a0249.wav,All eyes however were staring at him in certitude of expectancy,1,non_native,l2_learner,arctic_a0249
l2_arctic,HQTV,Vietnamese,M,train,ai-training/datasets/l2-arctic/raw/l2arctic_release_v5.0/HQTV/wav/arctic_a0250.wav,He had observed the business life of Hawaii and developed a vaulting ambition,1,non_native,l2_learner,arctic_a0250
l2_arctic,HQTV,Vietnamese,M,train,ai-training/datasets/l2-arctic/raw/l2arctic_release_v5.0/HQTV/wav/arctic_a0251.wav,I may manage to freight a cargo back as well,1,non_native,l2_learner,arctic_a0251
l2_arctic,HQTV,Vietnamese,M,train,ai-training/datasets/l2-arctic/raw/l2arctic_release_v5.0/HQTV/wav/arctic_a0252.wav,O'Brien had been a clean living young man with ideals,1,non_native,l2_learner,arctic_a0252
l2_arctic,HQTV,Vietnamese,M,train,ai-training/datasets/l2-arctic/raw/l2arctic_release_v5.0/HQTV/wav/arctic_a0253.wav,He it was that lived to found the family of the Patino,1,non_native,l2_learner,arctic_a0253
l2_arctic,HQTV,Vietnamese,M,train,ai-training/datasets/l2-arctic/raw/l2arctic_release_v5.0/HQTV/wav/arctic_a0254.wav,Straight out they swam their heads growing smaller and smaller,1,non_native,l2_learner,arctic_a0254
l2_arctic,HQTV,Vietnamese,M,train,ai-training/datasets/l2-arctic/raw/l2arctic_release_v5.0/HQTV/wav/arctic_a0255.wav,You won't die of malnutrition be sure of that,1,non_native,l2_learner,arctic_a0255
l2_arctic,HQTV,Vietnamese,M,train,ai-training/datasets/l2-arctic/raw/l2arctic_release_v5.0/HQTV/wav/arctic_a0256.wav,See the length of the body and that elongated neck,1,non_native,l2_learner,arctic_a0256
l2_arctic,HQTV,Vietnamese,M,train,ai-training/datasets/l2-arctic/raw/l2arctic_release_v5.0/HQTV/wav/arctic_a0257.wav,They are coming ashore whoever they are,1,non_native,l2_learner,arctic_a0257
l2_arctic,HQTV,Vietnamese,M,train,ai-training/datasets/l2-arctic/raw/l2arctic_release_v5.0/HQTV/wav/arctic_a0258.wav,Soaked in seawater they offset the heat rays,1,non_native,l2_learner,arctic_a0258
l2_arctic,HQTV,Vietnamese,M,train,ai-training/datasets/l2-arctic/raw/l2arctic_release_v5.0/HQTV/wav/arctic_a0259.wav,Think of investing in such an adventure,1,non_native,l2_learner,arctic_a0259
l2_arctic,HQTV,Vietnamese,M,train,ai-training/datasets/l2-arctic/raw/l2arctic_release_v5.0/HQTV/wav/arctic_a0260.wav,Nobody knew his history they of the Junta least of all,1,non_native,l2_learner,arctic_a0260
l2_arctic,HQTV,Vietnamese,M,train,ai-training/datasets/l2-arctic/raw/l2arctic_release_v5.0/HQTV/wav/arctic_a0261.wav,I have been doubly baptized,1,non_native,l2_learner,arctic_a0261
l2_arctic,HQTV,Vietnamese,M,train,ai-training/datasets/l2-arctic/raw/l2arctic_release_v5.0/HQTV/wav/arctic_a0262.wav,They wouldn't be sweeping a big vessel like the Martha,1,non_native,l2_learner,arctic_a0262
l2_arctic,HQTV,Vietnamese,M,train,ai-training/datasets/l2-arctic/raw/l2arctic_release_v5.0/HQTV/wav/arctic_a0263.wav,Joan looked triumphantly at Sheldon who bowed,1,non_native,l2_learner,arctic_a0263
l2_arctic,HQTV,Vietnamese,M,train,ai-training/datasets/l2-arctic/raw/l2arctic_release_v5.0/HQTV/wav/arctic_a0264.wav,And I hope you've got plenty of chain out Captain Young,1,non_native,l2_learner,arctic_a0264
l2_arctic,HQTV,Vietnamese,M,train,ai-training/datasets/l2-arctic/raw/l2arctic_release_v5.0/HQTV/wav/arctic_a0265.wav,The discovery seemed to have been made on the spur of the moment,1,non_native,l2_learner,arctic_a0265
l2_arctic,HQTV,Vietnamese,M,train,ai-training/datasets/l2-arctic/raw/l2arctic_release_v5.0/HQTV/wav/arctic_a0266.wav,They handled two men already both grub thieves,1,non_native,l2_learner,arctic_a0266
l2_arctic,HQTV,Vietnamese,M,train,ai-training/datasets/l2-arctic/raw/l2arctic_release_v5.0/HQTV/wav/arctic_a0267.wav,Eli Harding asked as Shunk started to follow,1,non_native,l2_learner,arctic_a0267
l2_arctic,HQTV,Vietnamese,M,train,ai-training/datasets/l2-arctic/raw/l2arctic_release_v5.0/HQTV/wav/arctic_a0268.wav,Now go ahead and tell me in a straightforward way what has happened,1,non_native,l2_learner,arctic_a0268
l2_arctic,HQTV,Vietnamese,M,train,ai-training/datasets/l2-arctic/raw/l2arctic_release_v5.0/HQTV/wav/arctic_a0269.wav,That's where they cut off the Scottish Chiefs and killed all hands,1,non_native,l2_learner,arctic_a0269
l2_arctic,HQTV,Vietnamese,M,train,ai-training/datasets/l2-arctic/raw/l2arctic_release_v5.0/HQTV/wav/arctic_a0270.wav,And after the bath a shave would not be bad,1,non_native,l2_learner,arctic_a0270
l2_arctic,HQTV,Vietnamese,M,train,ai-training/datasets/l2-arctic/raw/l2arctic_release_v5.0/HQTV/wav/arctic_a0271.wav,Now please give a plain statement of what occurred,1,non_native,l2_learner,arctic_a0271
l2_arctic,HQTV,Vietnamese,M,train,ai-training/datasets/l2-arctic/raw/l2arctic_release_v5.0/HQTV/wav/arctic_a0272.wav,You can take a vacation on pay,1,non_native,l2_learner,arctic_a0272
l2_arctic,HQTV,Vietnamese,M,train,ai-training/datasets/l2-arctic/raw/l2arctic_release_v5.0/HQTV/wav/arctic_a0273.wav,They are big trees and require plenty of room,1,non_native,l2_learner,arctic_a0273
l2_arctic,HQTV,Vietnamese,M,train,ai-training/datasets/l2-arctic/raw/l2arctic_release_v5.0/HQTV/wav/arctic_a0274.wav,And Raoul listened again to the tale of the house,1,non_native,l2_learner,arctic_a0274
l2_arctic,HQTV,Vietnamese,M,train,ai-training/datasets/l2-arctic/raw/l2arctic_release_v5.0/HQTV/wav/arctic_a0275.wav,There are no kiddies and half grown youths among them,1,non_native,l2_learner,arctic_a0275
l2_arctic,HQTV,Vietnamese,M,train,ai-training/datasets/l2-arctic/raw/l2arctic_release_v5.0/HQTV/wav/arctic_a0276.wav,Oolong Atoll was one hundred and forty miles in circumference,1,non_native,l2_learner,arctic_a0276
l2_arctic,HQTV,Vietnamese,M,train,ai-training/datasets/l2-arctic/raw/l2arctic_release_v5.0/HQTV/wav/arctic_a0277.wav,M'Coy found a stifling poisonous atmosphere in the pent cabin,1,non_native,l2_learner,arctic_a0277
l2_arctic,HQTV,Vietnamese,M,train,ai-training/datasets/l2-arctic/raw/l2arctic_release_v5.0/HQTV/wav/arctic_a0278.wav,It would give me nervous prostration,1,non_native,l2_learner,arctic_a0278
l2_arctic,HQTV,Vietnamese,M,train,ai-training/datasets/l2-arctic/raw/l2arctic_release_v5.0/HQTV/wav/arctic_a0279.wav,She said with chattering teeth,1,non_native,l2_learner,arctic_a0279
l2_arctic,HQTV,Vietnamese,M,train,ai-training/datasets/l2-arctic/raw/l2arctic_release_v5.0/HQTV/wav/arctic_a0280.wav,I'll be out of my head in fifteen minutes,1,non_native,l2_learner,arctic_a0280
l2_arctic,HQTV,Vietnamese,M,train,ai-training/datasets/l2-arctic/raw/l2arctic_release_v5.0/HQTV/wav/arctic_a0281.wav,I do not blame you for anything remember that,1,non_native,l2_learner,arctic_a0281
l2_arctic,HQTV,Vietnamese,M,train,ai-training/datasets/l2-arctic/raw/l2arctic_release_v5.0/HQTV/wav/arctic_a0282.wav,If you mean to insinuate Brentwood began hotly,1,non_native,l2_learner,arctic_a0282
l2_arctic,HQTV,Vietnamese,M,train,ai-training/datasets/l2-arctic/raw/l2arctic_release_v5.0/HQTV/wav/arctic_a0283.wav,The woman in you is only incidental accidental and irrelevant,1,non_native,l2_learner,arctic_a0283
l2_arctic,HQTV,Vietnamese,M,train,ai-training/datasets/l2-arctic/raw/l2arctic_release_v5.0/HQTV/wav/arctic_a0284.wav,There was no forecasting this strange girl's processes,1,non_native,l2_learner,arctic_a0284
l2_arctic,HQTV,Vietnamese,M,train,ai-training/datasets/l2-arctic/raw/l2arctic_release_v5.0/HQTV/wav/arctic_a0285.wav,But what they want with your toothbrush is more than I can imagine,1,non_native,l2_learner,arctic_a0285
l2_arctic,HQTV,Vietnamese,M,train,ai-training/datasets/l2-arctic/raw/l2arctic_release_v5.0/HQTV/wav/arctic_a0286.wav,Give them their choice between a fine or an official whipping,1,non_native,l2_learner,arctic_a0286
l2_arctic,HQTV,Vietnamese,M,train,ai-training/datasets/l2-arctic/raw/l2arctic_release_v5.0/HQTV/wav/arctic_a0287.wav,Keep an eye on him,1,non_native,l2_learner,arctic_a0287
l2_arctic,HQTV,Vietnamese,M,train,ai-training/datasets/l2-arctic/raw/l2arctic_release_v5.0/HQTV/wav/arctic_a0288.wav,Those are my oysters he said at last,1,non_native,l2_learner,arctic_a0288
l2_arctic,HQTV,Vietnamese,M,train,ai-training/datasets/l2-arctic/raw/l2arctic_release_v5.0/HQTV/wav/arctic_a0289.wav,They are not regular oyster pirates Nicholas continued,1,non_native,l2_learner,arctic_a0289
l2_arctic,HQTV,Vietnamese,M,train,ai-training/datasets/l2-arctic/raw/l2arctic_release_v5.0/HQTV/wav/arctic_a0290.wav,One by one the boys were captured,1,non_native,l2_learner,arctic_a0290
l2_arctic,HQTV,Vietnamese,M,train,ai-training/datasets/l2-arctic/raw/l2arctic_release_v5.0/HQTV/wav/arctic_a0291.wav,The weeks had gone by and no overt acts had been attempted,1,non_native,l2_learner,arctic_a0291
l2_arctic,HQTV,Vietnamese,M,train,ai-training/datasets/l2-arctic/raw/l2arctic_release_v5.0/HQTV/wav/arctic_a0292.wav,Here in the midmorning the first casualty occurred,1,non_native,l2_learner,arctic_a0292
l2_arctic,HQTV,Vietnamese,M,train,ai-training/datasets/l2-arctic/raw/l2arctic_release_v5.0/HQTV/wav/arctic_a0293.wav,They were deep in the primeval forest,1,non_native,l2_learner,arctic_a0293
l2_arctic,HQTV,Vietnamese,M,train,ai-training/datasets/l2-arctic/raw/l2arctic_release_v5.0/HQTV/wav/arctic_a0294.wav,He had been foiled in his attempt to escape,1,non_native,l2_learner,arctic_a0294
l2_arctic,HQTV,Vietnamese,M,train,ai-training/datasets/l2-arctic/raw/l2arctic_release_v5.0/HQTV/wav/arctic_a0295.wav,And twenty men could hold it with spears and arrows,1,non_native,l2_learner,arctic_a0295
l2_arctic,HQTV,Vietnamese,M,train,ai-training/datasets/l2-arctic/raw/l2arctic_release_v5.0/HQTV/wav/arctic_a0296.wav,Bassett was a fastidious man,1,non_native,l2_learner,arctic_a0296
l2_arctic,HQTV,Vietnamese,M,train,ai-training/datasets/l2-arctic/raw/l2arctic_release_v5.0/HQTV/wav/arctic_a0297.wav,There's a big English general right now whose name is Roberts,1,non_native,l2_learner,arctic_a0297
l2_arctic,HQTV,Vietnamese,M,train,ai-training/datasets/l2-arctic/raw/l2arctic_release_v5.0/HQTV/wav/arctic_a0298.wav,This tacit promise of continued acquaintance gave Saxon a little joy thrill,1,non_native,l2_learner,arctic_a0298
l2_arctic,HQTV,Vietnamese,M,train,ai-training/datasets/l2-arctic/raw/l2arctic_release_v5.0/HQTV/wav/arctic_a0299.wav,I tell you I am disgusted with this adventure tomfoolery and rot,1,non_native,l2_learner,arctic_a0299
l2_arctic,HQTV,Vietnamese,M,train,ai-training/datasets/l2-arctic/raw/l2arctic_release_v5.0/HQTV/wav/arctic_a0300.wav,From my earliest recollection my sleep was a period of terror,1,non_native,l2_learner,arctic_a0300
l2_arctic,HQTV,Vietnamese,M,train,ai-training/datasets/l2-arctic/raw/l2arctic_release_v5.0/HQTV/wav/arctic_a0301.wav,But all my dreams violated this law,1,non_native,l2_learner,arctic_a0301
l2_arctic,HQTV,Vietnamese,M,train,ai-training/datasets/l2-arctic/raw/l2arctic_release_v5.0/HQTV/wav/arctic_a0302.wav,It is very plausible to such people a most convincing hypothesis,1,non_native,l2_learner,arctic_a0302
l2_arctic,HQTV,Vietnamese,M,train,ai-training/datasets/l2-arctic/raw/l2arctic_release_v5.0/HQTV/wav/arctic_a0303.wav,But they make the mistake of ignoring their own duality,1,non_native,l2_learner,arctic_a0303
l2_arctic,HQTV,Vietnamese,M,train,ai-training/datasets/l2-arctic/raw/l2arctic_release_v5.0/HQTV/wav/arctic_a0304.wav,I graduated last of my class,1,non_native,l2_learner,arctic_a0304
l2_arctic,HQTV,Vietnamese,M,train,ai-training/datasets/l2-arctic/raw/l2arctic_release_v5.0/HQTV/wav/arctic_a0305.wav,They had no fixed values to be altered by adjectives and adverbs,1,non_native,l2_learner,arctic_a0305
l2_arctic,HQTV,Vietnamese,M,train,ai-training/datasets/l2-arctic/raw/l2arctic_release_v5.0/HQTV/wav/arctic_a0306.wav,He was pressing beyond the limits of his vocabulary,1,non_native,l2_learner,arctic_a0306
l2_arctic,HQTV,Vietnamese,M,train,ai-training/datasets/l2-arctic/raw/l2arctic_release_v5.0/HQTV/wav/arctic_a0307.wav,Very early in my life I separated from my mother,1,non_native,l2_learner,arctic_a0307
l2_arctic,HQTV,Vietnamese,M,train,ai-training/datasets/l2-arctic/raw/l2arctic_release_v5.0/HQTV/wav/arctic_a0308.wav,His infernal chattering worries me even now as I think of it,1,non_native,l2_learner,arctic_a0308
l2_arctic,HQTV,Vietnamese,M,train,ai-training/datasets/l2-arctic/raw/l2arctic_release_v5.0/HQTV/wav/arctic_a0309.wav,White Leghorns said Missus Mortimer,1,non_native,l2_learner,arctic_a0309
l2_arctic,HQTV,Vietnamese,M,train,ai-training/datasets/l2-arctic/raw/l2arctic_release_v5.0/HQTV/wav/arctic_a0310.wav,Massage under tension was the cryptic reply,1,non_native,l2_learner,arctic_a0310
l2_arctic,HQTV,Vietnamese,M,train,ai-training/datasets/l2-arctic/raw/l2arctic_release_v5.0/HQTV/wav/arctic_a0311.wav,Therefore hurrah for the game,1,non_native,l2_learner,arctic_a0311
l2_arctic,HQTV,Vietnamese,M,train,ai-training/datasets/l2-arctic/raw/l2arctic_release_v5.0/HQTV/wav/arctic_a0312.wav,It lived in perpetual apprehension of that quarter of the compass,1,non_native,l2_learner,arctic_a0312
l2_arctic,HQTV,Vietnamese,M,train,ai-training/datasets/l2-arctic/raw/l2arctic_release_v5.0/HQTV/wav/arctic_a0313.wav,Broken Tooth yelled with fright and pain,1,non_native,l2_learner,arctic_a0313
l2_arctic,HQTV,Vietnamese,M,train,ai-training/datasets/l2-arctic/raw/l2arctic_release_v5.0/HQTV/wav/arctic_a0314.wav,Thus was momentum gained in the Younger World,1,non_native,l2_learner,arctic_a0314
l2_arctic,HQTV,Vietnamese,M,train,ai-training/datasets/l2-arctic/raw/l2arctic_release_v5.0/HQTV/wav/arctic_a0315.wav,Saxon waited for she knew a fresh idea had struck Billy,1,non_native,l2_learner,arctic_a0315
l2_arctic,HQTV,Vietnamese,M,train,ai-training/datasets/l2-arctic/raw/l2arctic_release_v5.0/HQTV/wav/arctic_a0316.wav,We had been chased by them ourselves more than once,1,non_native,l2_learner,arctic_a0316
l2_arctic,HQTV,Vietnamese,M,train,ai-training/datasets/l2-arctic/raw/l2arctic_release_v5.0/HQTV/wav/arctic_a0317.wav,He was a wise hyena,1,non_native,l2_learner,arctic_a0317
l2_arctic,HQTV,Vietnamese,M,train,ai-training/datasets/l2-arctic/raw/l2arctic_release_v5.0/HQTV/wav/arctic_a0318.wav,Production is doubling and quadrupling upon itself,1,non_native,l2_learner,arctic_a0318
l2_arctic,HQTV,Vietnamese,M,train,ai-training/datasets/l2-arctic/raw/l2arctic_release_v5.0/HQTV/wav/arctic_a0319.wav,And the Edinburgh Evening News says with editorial gloom,1,non_native,l2_learner,arctic_a0319
l2_arctic,HQTV,Vietnamese,M,train,ai-training/datasets/l2-arctic/raw/l2arctic_release_v5.0/HQTV/wav/arctic_a0320.wav,With my strength I slammed it full into Red Eye's face,1,non_native,l2_learner,arctic_a0320
l2_arctic,HQTV,Vietnamese,M,train,ai-training/datasets/l2-arctic/raw/l2arctic_release_v5.0/HQTV/wav/arctic_a0321.wav,The log on which Lop Ear was lying got adrift,1,non_native,l2_learner,arctic_a0321
l2_arctic,HQTV,Vietnamese,M,train,ai-training/datasets/l2-arctic/raw/l2arctic_release_v5.0/HQTV/wav/arctic_a0322.wav,This is a common experience with all of us,1,non_native,l2_learner,arctic_a0322
l2_arctic,HQTV,Vietnamese,M,train,ai-training/datasets/l2-arctic/raw/l2arctic_release_v5.0/HQTV/wav/arctic_a0323.wav,He considered the victory already his and stepped forward to the meat,1,non_native,l2_learner,arctic_a0323
l2_arctic,HQTV,Vietnamese,M,train,ai-training/datasets/l2-arctic/raw/l2arctic_release_v5.0/HQTV/wav/arctic_a0324.wav,It was not Red Eye's way to forego revenge so easily,1,non_native,l2_learner,arctic_a0324
l2_arctic,HQTV,Vietnamese,M,train,ai-training/datasets/l2-arctic/raw/l2arctic_release_v5.0/HQTV/wav/arctic_a0325.wav,Whiz zip bang Lop Ear screamed with sudden anguish,1,non_native,l2_learner,arctic_a0325
l2_arctic,HQTV,Vietnamese,M,train,ai-training/datasets/l2-arctic/raw/l2arctic_release_v5.0/HQTV/wav/arctic_a0326.wav,Cherokee identified himself with his instinct,1,non_native,l2_learner,arctic_a0326
l2_arctic,HQTV,Vietnamese,M,train,ai-training/datasets/l2-arctic/raw/l2arctic_release_v5.0/HQTV/wav/arctic_a0327.wav,They were less stooped than we less springy in their movements,1,non_native,l2_learner,arctic_a0327
l2_arctic,HQTV,Vietnamese,M,train,ai-training/datasets/l2-arctic/raw/l2arctic_release_v5.0/HQTV/wav/arctic_a0328.wav,The Fire People like ourselves lived in caves,1,non_native,l2_learner,arctic_a0328
l2_arctic,HQTV,Vietnamese,M,train,ai-training/datasets/l2-arctic/raw/l2arctic_release_v5.0/HQTV/wav/arctic_a0329.wav,Ah indeed,1,non_native,l2_learner,arctic_a0329
l2_arctic,HQTV,Vietnamese,M,train,ai-training/datasets/l2-arctic/raw/l2arctic_release_v5.0/HQTV/wav/arctic_a0330.wav,Red Eye never committed a more outrageous deed,1,non_native,l2_learner,arctic_a0330
l2_arctic,HQTV,Vietnamese,M,train,ai-training/datasets/l2-arctic/raw/l2arctic_release_v5.0/HQTV/wav/arctic_a0331.wav,Poor little Crooked Leg was terribly scared,1,non_native,l2_learner,arctic_a0331
l2_arctic,HQTV,Vietnamese,M,train,ai-training/datasets/l2-arctic/raw/l2arctic_release_v5.0/HQTV/wav/arctic_a0332.wav,Unconsciously our yells and exclamations yielded to this rhythm,1,non_native,l2_learner,arctic_a0332
l2_arctic,HQTV,Vietnamese,M,train,ai-training/datasets/l2-arctic/raw/l2arctic_release_v5.0/HQTV/wav/arctic_a0333.wav,This is no place for you,1,non_native,l2_learner,arctic_a0333
l2_arctic,HQTV,Vietnamese,M,train,ai-training/datasets/l2-arctic/raw/l2arctic_release_v5.0/HQTV/wav/arctic_a0334.wav,He'll knock you off a few sticks in no time,1,non_native,l2_learner,arctic_a0334
l2_arctic,HQTV,Vietnamese,M,train,ai-training/datasets/l2-arctic/raw/l2arctic_release_v5.0/HQTV/wav/arctic_a0335.wav,Red Eye swung back and forth on the branch farther down,1,non_native,l2_learner,arctic_a0335
l2_arctic,HQTV,Vietnamese,M,train,ai-training/datasets/l2-arctic/raw/l2arctic_release_v5.0/HQTV/wav/arctic_a0336.wav,So unexpected was my charge that I knocked him off his feet,1,non_native,l2_learner,arctic_a0336
l2_arctic,HQTV,Vietnamese,M,train,ai-training/datasets/l2-arctic/raw/l2arctic_release_v5.0/HQTV/wav/arctic_a0337.wav,Encouraged by my conduct Big Face became a sudden ally,1,non_native,l2_learner,arctic_a0337
l2_arctic,HQTV,Vietnamese,M,train,ai-training/datasets/l2-arctic/raw/l2arctic_release_v5.0/HQTV/wav/arctic_a0338.wav,The fighting had now become intermittent,1,non_native,l2_learner,arctic_a0338
l2_arctic,HQTV,Vietnamese,M,train,ai-training/datasets/l2-arctic/raw/l2arctic_release_v5.0/HQTV/wav/arctic_a0339.wav,They obeyed him and went here and there at his commands,1,non_native,l2_learner,arctic_a0339
l2_arctic,HQTV,Vietnamese,M,train,ai-training/datasets/l2-arctic/raw/l2arctic_release_v5.0/HQTV/wav/arctic_a0340.wav,It was like the beating of hoofs,1,non_native,l2_learner,arctic_a0340
l2_arctic,HQTV,Vietnamese,M,train,ai-training/datasets/l2-arctic/raw/l2arctic_release_v5.0/HQTV/wav/arctic_a0341.wav,Why doggone you all shake again,1,non_native,l2_learner,arctic_a0341
l2_arctic,HQTV,Vietnamese,M,train,ai-training/datasets/l2-arctic/raw/l2arctic_release_v5.0/HQTV/wav/arctic_a0342.wav,Seventeen no eighteen days ago,1,non_native,l2_learner,arctic_a0342
l2_arctic,HQTV,Vietnamese,M,train,ai-training/datasets/l2-arctic/raw/l2arctic_release_v5.0/HQTV/wav/arctic_a0343.wav,You mean for this State General Alberta,1,non_native,l2_learner,arctic_a0343
l2_arctic,HQTV,Vietnamese,M,train,ai-training/datasets/l2-arctic/raw/l2arctic_release_v5.0/HQTV/wav/arctic_a0344.wav,He seemed to fill it with his tremendous vitality,1,non_native,l2_learner,arctic_a0344
l2_arctic,HQTV,Vietnamese,M,train,ai-training/datasets/l2-arctic/raw/l2arctic_release_v5.0/HQTV/wav/arctic_a0345.wav,She was trying to pass the apron string around him,1,non_native,l2_learner,arctic_a0345
l2_arctic,HQTV,Vietnamese,M,train,ai-training/datasets/l2-arctic/raw/l2arctic_release_v5.0/HQTV/wav/arctic_a0346.wav,Get down and dig in,1,non_native,l2_learner,arctic_a0346
l2_arctic,HQTV,Vietnamese,M,train,ai-training/datasets/l2-arctic/raw/l2arctic_release_v5.0/HQTV/wav/arctic_a0347.wav,They are greatly delighted with anything that is bright or giveth a sound,1,non_native,l2_learner,arctic_a0347
l2_arctic,HQTV,Vietnamese,M,train,ai-training/datasets/l2-arctic/raw/l2arctic_release_v5.0/HQTV/wav/arctic_a0348.wav,They only lifted seven hundred and fifty,1,non_native,l2_learner,arctic_a0348
l2_arctic,HQTV,Vietnamese,M,train,ai-training/datasets/l2-arctic/raw/l2arctic_release_v5.0/HQTV/wav/arctic_a0349.wav,It was simple in its way and no virtue of his,1,non_native,l2_learner,arctic_a0349
l2_arctic,HQTV,Vietnamese,M,train,ai-training/datasets/l2-arctic/raw/l2arctic_release_v5.0/HQTV/wav/arctic_a0350.wav,Is that Pat Hanrahan's mug looking hungry and willing,1,non_native,l2_learner,arctic_a0350
l2_arctic,HQTV,Vietnamese,M,train,ai-training/datasets/l2-arctic/raw/l2arctic_release_v5.0/HQTV/wav/arctic_a0351.wav,It was more like sugar,1,non_native,l2_learner,arctic_a0351
l2_arctic,HQTV,Vietnamese,M,train,ai-training/datasets/l2-arctic/raw/l2arctic_release_v5.0/HQTV/wav/arctic_a0352.wav,I'm sure going along with you all Elijah,1,non_native,l2_learner,arctic_a0352
l2_arctic,HQTV,Vietnamese,M,train,ai-training/datasets/l2-arctic/raw/l2arctic_release_v5.0/HQTV/wav/arctic_a0353.wav,Here the explosion of mirth drowned him out,1,non_native,l2_learner,arctic_a0353
l2_arctic,HQTV,Vietnamese,M,train,ai-training/datasets/l2-arctic/raw/l2arctic_release_v5.0/HQTV/wav/arctic_a0354.wav,Fresh meat they failed to obtain,1,non_native,l2_learner,arctic_a0354
l2_arctic,HQTV,Vietnamese,M,train,ai-training/datasets/l2-arctic/raw/l2arctic_release_v5.0/HQTV/wav/arctic_a0355.wav,A burst of laughter was his reward,1,non_native,l2_learner,arctic_a0355
l2_arctic,HQTV,Vietnamese,M,train,ai-training/datasets/l2-arctic/raw/l2arctic_release_v5.0/HQTV/wav/arctic_a0356.wav,You don't catch me at any such foolishness,1,non_native,l2_learner,arctic_a0356
l2_arctic,HQTV,Vietnamese,M,train,ai-training/datasets/l2-arctic/raw/l2arctic_release_v5.0/HQTV/wav/arctic_a0357.wav,A month passed by and Bonanza Creek remained quiet,1,non_native,l2_learner,arctic_a0357
l2_arctic,HQTV,Vietnamese,M,train,ai-training/datasets/l2-arctic/raw/l2arctic_release_v5.0/HQTV/wav/arctic_a0358.wav,They continued valiantly to lie but the truth continued to outrun them,1,non_native,l2_learner,arctic_a0358
l2_arctic,HQTV,Vietnamese,M,train,ai-training/datasets/l2-arctic/raw/l2arctic_release_v5.0/HQTV/wav/arctic_a0359.wav,Earth and gravel seemed to fill the pan,1,non_native,l2_learner,arctic_a0359
l2_arctic,HQTV,Vietnamese,M,train,ai-training/datasets/l2-arctic/raw/l2arctic_release_v5.0/HQTV/wav/arctic_a0360.wav,But he no longer cared quite so much for that form of diversion,1,non_native,l2_learner,arctic_a0360
l2_arctic,HQTV,Vietnamese,M,train,ai-training/datasets/l2-arctic/raw/l2arctic_release_v5.0/HQTV/wav/arctic_a0361.wav,But he did not broach it preferring to mature it carefully,1,non_native,l2_learner,arctic_a0361
l2_arctic,HQTV,Vietnamese,M,train,ai-training/datasets/l2-arctic/raw/l2arctic_release_v5.0/HQTV/wav/arctic_a0362.wav,Nope not the slightest idea,1,non_native,l2_learner,arctic_a0362
l2_arctic,HQTV,Vietnamese,M,train,ai-training/datasets/l2-arctic/raw/l2arctic_release_v5.0/HQTV/wav/arctic_a0363.wav,It is not an attempt to smash the market,1,non_native,l2_learner,arctic_a0363
l2_arctic,HQTV,Vietnamese,M,train,ai-training/datasets/l2-arctic/raw/l2arctic_release_v5.0/HQTV/wav/arctic_a0364.wav,We have plenty of capital ourselves and yet we want more,1,non_native,l2_learner,arctic_a0364
l2_arctic,HQTV,Vietnamese,M,train,ai-training/datasets/l2-arctic/raw/l2arctic_release_v5.0/HQTV/wav/arctic_a0365.wav,These rumors may even originate with us,1,non_native,l2_learner,arctic_a0365
l2_arctic,HQTV,Vietnamese,M,train,ai-training/datasets/l2-arctic/raw/l2arctic_release_v5.0/HQTV/wav/arctic_a0366.wav,A wildly exciting time was his during the week preceding Thursday the eighteenth,1,non_native,l2_learner,arctic_a0366
l2_arctic,HQTV,Vietnamese,M,train,ai-training/datasets/l2-arctic/raw/l2arctic_release_v5.0/HQTV/wav/arctic_a0367.wav,There is not an iota of truth in it certainly not,1,non_native,l2_learner,arctic_a0367
l2_arctic,HQTV,Vietnamese,M,train,ai-training/datasets/l2-arctic/raw/l2arctic_release_v5.0/HQTV/wav/arctic_a0368.wav,I just do appreciate it without being able to express my feelings,1,non_native,l2_learner,arctic_a0368
l2_arctic,HQTV,Vietnamese,M,train,ai-training/datasets/l2-arctic/raw/l2arctic_release_v5.0/HQTV/wav/arctic_a0369.wav,In partnership with Daylight the pair raided the San Jose Interurban,1,non_native,l2_learner,arctic_a0369
l2_arctic,HQTV,Vietnamese,M,train,ai-training/datasets/l2-arctic/raw/l2arctic_release_v5.0/HQTV/wav/arctic_a0370.wav,He saw all men in the business game doing this,1,non_native,l2_learner,arctic_a0370
l2_arctic,HQTV,Vietnamese,M,train,ai-training/datasets/l2-arctic/raw/l2arctic_release_v5.0/HQTV/wav/arctic_a0371.wav,It issued a rate of forty two dollars a car on charcoal,1,non_native,l2_learner,arctic_a0371
l2_arctic,HQTV,Vietnamese,M,train,ai-training/datasets/l2-arctic/raw/l2arctic_release_v5.0/HQTV/wav/arctic_a0372.wav,He saw only the effect in a general sketchy way,1,non_native,l2_learner,arctic_a0372
l2_arctic,HQTV,Vietnamese,M,train,ai-training/datasets/l2-arctic/raw/l2arctic_release_v5.0/HQTV/wav/arctic_a0373.wav,Points of view new ideas life,1,non_native,l2_learner,arctic_a0373
l2_arctic,HQTV,Vietnamese,M,train,ai-training/datasets/l2-arctic/raw/l2arctic_release_v5.0/HQTV/wav/arctic_a0374.wav,But life's worth more than cash she argued,1,non_native,l2_learner,arctic_a0374
l2_arctic,HQTV,Vietnamese,M,train,ai-training/datasets/l2-arctic/raw/l2arctic_release_v5.0/HQTV/wav/arctic_a0375.wav,The butchers and meat cutters refused to handle meat destined for unfair restaurants,1,non_native,l2_learner,arctic_a0375
l2_arctic,HQTV,Vietnamese,M,train,ai-training/datasets/l2-arctic/raw/l2arctic_release_v5.0/HQTV/wav/arctic_a0376.wav,Your price my son is just about thirty per week,1,non_native,l2_learner,arctic_a0376
l2_arctic,HQTV,Vietnamese,M,train,ai-training/datasets/l2-arctic/raw/l2arctic_release_v5.0/HQTV/wav/arctic_a0377.wav,This sound did not disturb the hush and awe of the place,1,non_native,l2_learner,arctic_a0377
l2_arctic,HQTV,Vietnamese,M,train,ai-training/datasets/l2-arctic/raw/l2arctic_release_v5.0/HQTV/wav/arctic_a0378.wav,That's why its boundaries are all gouged and jagged,1,non_native,l2_learner,arctic_a0378
l2_arctic,HQTV,Vietnamese,M,train,ai-training/datasets/l2-arctic/raw/l2arctic_release_v5.0/HQTV/wav/arctic_a0379.wav,How old are you daddy,1,non_native,l2_learner,arctic_a0379
l2_arctic,HQTV,Vietnamese,M,train,ai-training/datasets/l2-arctic/raw/l2arctic_release_v5.0/HQTV/wav/arctic_a0380.wav,But in the canyons water was plentiful and also a luxuriant forest growth,1,non_native,l2_learner,arctic_a0380
l2_arctic,HQTV,Vietnamese,M,train,ai-training/datasets/l2-arctic/raw/l2arctic_release_v5.0/HQTV/wav/arctic_a0381.wav,My name's Ferguson,1,non_native,l2_learner,arctic_a0381
l2_arctic,HQTV,Vietnamese,M,train,ai-training/datasets/l2-arctic/raw/l2arctic_release_v5.0/HQTV/wav/arctic_a0382.wav,Daylight found himself charmed and made curious by the little man,1,non_native,l2_learner,arctic_a0382
l2_arctic,HQTV,Vietnamese,M,train,ai-training/datasets/l2-arctic/raw/l2arctic_release_v5.0/HQTV/wav/arctic_a0383.wav,To his surprise her answer was flat and uncompromising,1,non_native,l2_learner,arctic_a0383
l2_arctic,HQTV,Vietnamese,M,train,ai-training/datasets/l2-arctic/raw/l2arctic_release_v5.0/HQTV/wav/arctic_a0384.wav,The farmer works the soil and produces grain,1,non_native,l2_learner,arctic_a0384
l2_arctic,HQTV,Vietnamese,M,train,ai-training/datasets/l2-arctic/raw/l2arctic_release_v5.0/HQTV/wav/arctic_a0385.wav,That's what Carnegie did,1,non_native,l2_learner,arctic_a0385
l2_arctic,HQTV,Vietnamese,M,train,ai-training/datasets/l2-arctic/raw/l2arctic_release_v5.0/HQTV/wav/arctic_a0386.wav,I can't argue with you and you know that,1,non_native,l2_learner,arctic_a0386
l2_arctic,HQTV,Vietnamese,M,train,ai-training/datasets/l2-arctic/raw/l2arctic_release_v5.0/HQTV/wav/arctic_a0387.wav,Bob growing disgusted turned back suddenly and attempted to pass Mab,1,non_native,l2_learner,arctic_a0387
l2_arctic,HQTV,Vietnamese,M,train,ai-training/datasets/l2-arctic/raw/l2arctic_release_v5.0/HQTV/wav/arctic_a0388.wav,It was my idea to a tee,1,non_native,l2_learner,arctic_a0388
l2_arctic,HQTV,Vietnamese,M,train,ai-training/datasets/l2-arctic/raw/l2arctic_release_v5.0/HQTV/wav/arctic_a0389.wav,Mab she said,1,non_native,l2_learner,arctic_a0389
l2_arctic,HQTV,Vietnamese,M,train,ai-training/datasets/l2-arctic/raw/l2arctic_release_v5.0/HQTV/wav/arctic_a0390.wav,I'll go over tomorrow afternoon,1,non_native,l2_learner,arctic_a0390
l2_arctic,HQTV,Vietnamese,M,train,ai-training/datasets/l2-arctic/raw/l2arctic_release_v5.0/HQTV/wav/arctic_a0391.wav,But he reconciled himself to it by an act of faith,1,non_native,l2_learner,arctic_a0391
l2_arctic,HQTV,Vietnamese,M,train,ai-training/datasets/l2-arctic/raw/l2arctic_release_v5.0/HQTV/wav/arctic_a0392.wav,There is that magnificent Bob eating his head off in the stable,1,non_native,l2_learner,arctic_a0392
l2_arctic,HQTV,Vietnamese,M,train,ai-training/datasets/l2-arctic/raw/l2arctic_release_v5.0/HQTV/wav/arctic_a0393.wav,Already he had begun borrowing from the banks,1,non_native,l2_learner,arctic_a0393
l2_arctic,HQTV,Vietnamese,M,train,ai-training/datasets/l2-arctic/raw/l2arctic_release_v5.0/HQTV/wav/arctic_a0394.wav,It's the strap hangers that'll keep us from going under,1,non_native,l2_learner,arctic_a0394
l2_arctic,HQTV,Vietnamese,M,train,ai-training/datasets/l2-arctic/raw/l2arctic_release_v5.0/HQTV/wav/arctic_a0395.wav,As for himself weren't the street railway earnings increasing steadily,1,non_native,l2_learner,arctic_a0395
l2_arctic,HQTV,Vietnamese,M,train,ai-training/datasets/l2-arctic/raw/l2arctic_release_v5.0/HQTV/wav/arctic_a0396.wav,A rising tide of fat had submerged them,1,non_native,l2_learner,arctic_a0396
l2_arctic,HQTV,Vietnamese,M,train,ai-training/datasets/l2-arctic/raw/l2arctic_release_v5.0/HQTV/wav/arctic_a0397.wav,Call me that again he murmured ecstatically,1,non_native,l2_learner,arctic_a0397
l2_arctic,HQTV,Vietnamese,M,train,ai-training/datasets/l2-arctic/raw/l2arctic_release_v5.0/HQTV/wav/arctic_a0398.wav,In the car were Unwin and Harrison while Jones sat with the chauffeur,1,non_native,l2_learner,arctic_a0398
l2_arctic,HQTV,Vietnamese,M,train,ai-training/datasets/l2-arctic/raw/l2arctic_release_v5.0/HQTV/wav/arctic_a0399.wav,And here's another idea,1,non_native,l2_learner,arctic_a0399
l2_arctic,HQTV,Vietnamese,M,train,ai-training/datasets/l2-arctic/raw/l2arctic_release_v5.0/HQTV/wav/arctic_a0400.wav,Manuel had one besetting sin,1,non_native,l2_learner,arctic_a0400
l2_arctic,HQTV,Vietnamese,M,train,ai-training/datasets/l2-arctic/raw/l2arctic_release_v5.0/HQTV/wav/arctic_a0401.wav,The man smiled grimly and brought a hatchet and a club,1,non_native,l2_learner,arctic_a0401
l2_arctic,HQTV,Vietnamese,M,train,ai-training/datasets/l2-arctic/raw/l2arctic_release_v5.0/HQTV/wav/arctic_a0402.wav,Curly rushed her antagonist who struck again and leaped aside,1,non_native,l2_learner,arctic_a0402
l2_arctic,HQTV,Vietnamese,M,train,ai-training/datasets/l2-arctic/raw/l2arctic_release_v5.0/HQTV/wav/arctic_a0403.wav,His newborn cunning gave him poise and control,1,non_native,l2_learner,arctic_a0403
l2_arctic,HQTV,Vietnamese,M,train,ai-training/datasets/l2-arctic/raw/l2arctic_release_v5.0/HQTV/wav/arctic_a0404.wav,Perrault found one with head buried in the grub box,1,non_native,l2_learner,arctic_a0404
l2_arctic,HQTV,Vietnamese,M,train,ai-training/datasets/l2-arctic/raw/l2arctic_release_v5.0/HQTV/wav/arctic_a0405.wav,It seemed the ordained order of things that dogs should work,1,non_native,l2_learner,arctic_a0405
l2_arctic,HQTV,Vietnamese,M,train,ai-training/datasets/l2-arctic/raw/l2arctic_release_v5.0/HQTV/wav/arctic_a0406.wav,And that was the last of Francois and Perrault,1,non_native,l2_learner,arctic_a0406
l2_arctic,HQTV,Vietnamese,M,train,ai-training/datasets/l2-arctic/raw/l2arctic_release_v5.0/HQTV/wav/arctic_a0407.wav,Mercedes screamed cried laughed and manifested the chaotic abandonment of hysteria,1,non_native,l2_learner,arctic_a0407
l2_arctic,HQTV,Vietnamese,M,train,ai-training/datasets/l2-arctic/raw/l2arctic_release_v5.0/HQTV/wav/arctic_a0408.wav,The Eldorado emptied its occupants into the street to see the test,1,non_native,l2_learner,arctic_a0408
l2_arctic,HQTV,Vietnamese,M,train,ai-training/datasets/l2-arctic/raw/l2arctic_release_v5.0/HQTV/wav/arctic_a0409.wav,He could feel a new stir in the land,1,non_native,l2_learner,arctic_a0409
l2_arctic,HQTV,Vietnamese,M,train,ai-training/datasets/l2-arctic/raw/l2arctic_release_v5.0/HQTV/wav/arctic_a0410.wav,So we have to fit the boat throughout with oil lamps as well,1,non_native,l2_learner,arctic_a0410
l2_arctic,HQTV,Vietnamese,M,train,ai-training/datasets/l2-arctic/raw/l2arctic_release_v5.0/HQTV/wav/arctic_a0411.wav,It will break our hearts and our backs to hoist anchor by hand,1,non_native,l2_learner,arctic_a0411
l2_arctic,HQTV,Vietnamese,M,train,ai-training/datasets/l2-arctic/raw/l2arctic_release_v5.0/HQTV/wav/arctic_a0412.wav,There is another virtue in these bulkheads,1,non_native,l2_learner,arctic_a0412
l2_arctic,HQTV,Vietnamese,M,train,ai-training/datasets/l2-arctic/raw/l2arctic_release_v5.0/HQTV/wav/arctic_a0413.wav,But I am at the end of my resources,1,non_native,l2_learner,arctic_a0413
l2_arctic,HQTV,Vietnamese,M,train,ai-training/datasets/l2-arctic/raw/l2arctic_release_v5.0/HQTV/wav/arctic_a0414.wav,Now our figuring was all right,1,non_native,l2_learner,arctic_a0414
l2_arctic,HQTV,Vietnamese,M,train,ai-training/datasets/l2-arctic/raw/l2arctic_release_v5.0/HQTV/wav/arctic_a0415.wav,It lasted as a deterrent for two days,1,non_native,l2_learner,arctic_a0415
l2_arctic,HQTV,Vietnamese,M,train,ai-training/datasets/l2-arctic/raw/l2arctic_release_v5.0/HQTV/wav/arctic_a0416.wav,The added weight had a velocity of fifteen miles per hour,1,non_native,l2_learner,arctic_a0416
l2_arctic,HQTV,Vietnamese,M,train,ai-training/datasets/l2-arctic/raw/l2arctic_release_v5.0/HQTV/wav/arctic_a0417.wav,It is also an insidious deceitful sun,1,non_native,l2_learner,arctic_a0417
l2_arctic,HQTV,Vietnamese,M,train,ai-training/datasets/l2-arctic/raw/l2arctic_release_v5.0/HQTV/wav/arctic_a0418.wav,The Portuguese boy crawled nearer and nearer,1,non_native,l2_learner,arctic_a0418
l2_arctic,HQTV,Vietnamese,M,train,ai-training/datasets/l2-arctic/raw/l2arctic_release_v5.0/HQTV/wav/arctic_a0419.wav,The Portuguese boy passed the Hawaiian,1,non_native,l2_learner,arctic_a0419
l2_arctic,HQTV,Vietnamese,M,train,ai-training/datasets/l2-arctic/raw/l2arctic_release_v5.0/HQTV/wav/arctic_a0420.wav,When I came to I was waving my hat and murmuring ecstatically,1,non_native,l2_learner,arctic_a0420
l2_arctic,HQTV,Vietnamese,M,train,ai-training/datasets/l2-arctic/raw/l2arctic_release_v5.0/HQTV/wav/arctic_a0421.wav,By golly the boy wins,1,non_native,l2_learner,arctic_a0421
l2_arctic,HQTV,Vietnamese,M,train,ai-training/datasets/l2-arctic/raw/l2arctic_release_v5.0/HQTV/wav/arctic_a0422.wav,Halfway around the track one donkey got into an argument with its rider,1,non_native,l2_learner,arctic_a0422
l2_arctic,HQTV,Vietnamese,M,train,ai-training/datasets/l2-arctic/raw/l2arctic_release_v5.0/HQTV/wav/arctic_a0423.wav,McVeigh when he returns from a trip to Honolulu,1,non_native,l2_learner,arctic_a0423
l2_arctic,HQTV,Vietnamese,M,train,ai-training/datasets/l2-arctic/raw/l2arctic_release_v5.0/HQTV/wav/arctic_a0424.wav,Obviously it was a disease that could be contracted by contact,1,non_native,l2_learner,arctic_a0424
l2_arctic,HQTV,Vietnamese,M,train,ai-training/datasets/l2-arctic/raw/l2arctic_release_v5.0/HQTV/wav/arctic_a0425.wav,Otherwise no restriction is put upon their seafaring,1,non_native,l2_learner,arctic_a0425
l2_arctic,HQTV,Vietnamese,M,train,ai-training/datasets/l2-arctic/raw/l2arctic_release_v5.0/HQTV/wav/arctic_a0426.wav,They do not know the length of time of incubation,1,non_native,l2_learner,arctic_a0426
l2_arctic,HQTV,Vietnamese,M,train,ai-training/datasets/l2-arctic/raw/l2arctic_release_v5.0/HQTV/wav/arctic_a0427.wav,Enters now the psychology of the situation,1,non_native,l2_learner,arctic_a0427
l2_arctic,HQTV,Vietnamese,M,train,ai-training/datasets/l2-arctic/raw/l2arctic_release_v5.0/HQTV/wav/arctic_a0428.wav,It was not exactly a deportation,1,non_native,l2_learner,arctic_a0428
l2_arctic,HQTV,Vietnamese,M,train,ai-training/datasets/l2-arctic/raw/l2arctic_release_v5.0/HQTV/wav/arctic_a0429.wav,Quick was the disappointment in his face yet smiling was the acquiescence,1,non_native,l2_learner,arctic_a0429
l2_arctic,HQTV,Vietnamese,M,train,ai-training/datasets/l2-arctic/raw/l2arctic_release_v5.0/HQTV/wav/arctic_a0430.wav,Nevertheless we found ourselves once more in the high seat of abundance,1,non_native,l2_learner,arctic_a0430
l2_arctic,HQTV,Vietnamese,M,train,ai-training/datasets/l2-arctic/raw/l2arctic_release_v5.0/HQTV/wav/arctic_a0431.wav,Wada and Na ka ta were in a bit of a funk,1,non_native,l2_learner,arctic_a0431
l2_arctic,HQTV,Vietnamese,M,train,ai-training/datasets/l2-arctic/raw/l2arctic_release_v5.0/HQTV/wav/arctic_a0432.wav,The boy at the wheel lost his head,1,non_native,l2_learner,arctic_a0432
l2_arctic,HQTV,Vietnamese,M,train,ai-training/datasets/l2-arctic/raw/l2arctic_release_v5.0/HQTV/wav/arctic_a0433.wav,To her the bridge was tambo which is the native for taboo,1,non_native,l2_learner,arctic_a0433
l2_arctic,HQTV,Vietnamese,M,train,ai-training/datasets/l2-arctic/raw/l2arctic_release_v5.0/HQTV/wav/arctic_a0434.wav,A half a case of tobacco was worth three pounds,1,non_native,l2_learner,arctic_a0434
l2_arctic,HQTV,Vietnamese,M,train,ai-training/datasets/l2-arctic/raw/l2arctic_release_v5.0/HQTV/wav/arctic_a0435.wav,What do you mean by this outrageous conduct,1,non_native,l2_learner,arctic_a0435
l2_arctic,HQTV,Vietnamese,M,train,ai-training/datasets/l2-arctic/raw/l2arctic_release_v5.0/HQTV/wav/arctic_a0436.wav,But Martin smiled a superior smile,1,non_native,l2_learner,arctic_a0436
l2_arctic,HQTV,Vietnamese,M,train,ai-training/datasets/l2-arctic/raw/l2arctic_release_v5.0/HQTV/wav/arctic_a0437.wav,By that answer my professional medical prestige stood or fell,1,non_native,l2_learner,arctic_a0437
l2_arctic,HQTV,Vietnamese,M,train,ai-training/datasets/l2-arctic/raw/l2arctic_release_v5.0/HQTV/wav/arctic_a0438.wav,At sea Monday March sixteenth nineteen o eight,1,non_native,l2_learner,arctic_a0438
l2_arctic,HQTV,Vietnamese,M,train,ai-training/datasets/l2-arctic/raw/l2arctic_release_v5.0/HQTV/wav/arctic_a0439.wav,At sea Wednesday March eighteenth nineteen o eight,1,non_native,l2_learner,arctic_a0439
l2_arctic,HQTV,Vietnamese,M,train,ai-training/datasets/l2-arctic/raw/l2arctic_release_v5.0/HQTV/wav/arctic_a0440.wav,Yes sir I corrected,1,non_native,l2_learner,arctic_a0440
l2_arctic,HQTV,Vietnamese,M,train,ai-training/datasets/l2-arctic/raw/l2arctic_release_v5.0/HQTV/wav/arctic_a0441.wav,Violent life and athletic sports had never appealed to me,1,non_native,l2_learner,arctic_a0441
l2_arctic,HQTV,Vietnamese,M,train,ai-training/datasets/l2-arctic/raw/l2arctic_release_v5.0/HQTV/wav/arctic_a0442.wav,You live on an income which your father earned,1,non_native,l2_learner,arctic_a0442
l2_arctic,HQTV,Vietnamese,M,train,ai-training/datasets/l2-arctic/raw/l2arctic_release_v5.0/HQTV/wav/arctic_a0443.wav,He was worth nothing to the world,1,non_native,l2_learner,arctic_a0443
l2_arctic,HQTV,Vietnamese,M,train,ai-training/datasets/l2-arctic/raw/l2arctic_release_v5.0/HQTV/wav/arctic_a0444.wav,Then you don't believe in altruism,1,non_native,l2_learner,arctic_a0444
l2_arctic,HQTV,Vietnamese,M,train,ai-training/datasets/l2-arctic/raw/l2arctic_release_v5.0/HQTV/wav/arctic_a0445.wav,The creative joy I murmured,1,non_native,l2_learner,arctic_a0445
l2_arctic,HQTV,Vietnamese,M,train,ai-training/datasets/l2-arctic/raw/l2arctic_release_v5.0/HQTV/wav/arctic_a0446.wav,He deluged me overwhelmed me with argument,1,non_native,l2_learner,arctic_a0446
l2_arctic,HQTV,Vietnamese,M,train,ai-training/datasets/l2-arctic/raw/l2arctic_release_v5.0/HQTV/wav/arctic_a0447.wav,Ah it is growing dark and darker,1,non_native,l2_learner,arctic_a0447
l2_arctic,HQTV,Vietnamese,M,train,ai-training/datasets/l2-arctic/raw/l2arctic_release_v5.0/HQTV/wav/arctic_a0448.wav,I was Hump cabin boy on the schooner Ghost,1,non_native,l2_learner,arctic_a0448
l2_arctic,HQTV,Vietnamese,M,train,ai-training/datasets/l2-arctic/raw/l2arctic_release_v5.0/HQTV/wav/arctic_a0449.wav,A sinewy hand dripping with water was clutching the rail,1,non_native,l2_learner,arctic_a0449
l2_arctic,HQTV,Vietnamese,M,train,ai-training/datasets/l2-arctic/raw/l2arctic_release_v5.0/HQTV/wav/arctic_a0450.wav,No man ate of the seal meat or the oil,1,non_native,l2_learner,arctic_a0450
l2_arctic,HQTV,Vietnamese,M,train,ai-training/datasets/l2-arctic/raw/l2arctic_release_v5.0/HQTV/wav/arctic_a0451.wav,I noticed blood spouting from Kerfoot left hand,1,non_native,l2_learner,arctic_a0451
l2_arctic,HQTV,Vietnamese,M,train,ai-training/datasets/l2-arctic/raw/l2arctic_release_v5.0/HQTV/wav/arctic_a0452.wav,Three oilers and a fourth engineer was his greeting,1,non_native,l2_learner,arctic_a0452
l2_arctic,HQTV,Vietnamese,M,train,ai-training/datasets/l2-arctic/raw/l2arctic_release_v5.0/HQTV/wav/arctic_a0453.wav,Eighteen hundred he calculated,1,non_native,l2_learner,arctic_a0453
l2_arctic,HQTV,Vietnamese,M,train,ai-training/datasets/l2-arctic/raw/l2arctic_release_v5.0/HQTV/wav/arctic_a0454.wav,The sharp voice of Wolf Larsen aroused me,1,non_native,l2_learner,arctic_a0454
l2_arctic,HQTV,Vietnamese,M,train,ai-training/datasets/l2-arctic/raw/l2arctic_release_v5.0/HQTV/wav/arctic_a0455.wav,I obeyed and a minute or two later they stood before him,1,non_native,l2_learner,arctic_a0455
l2_arctic,HQTV,Vietnamese,M,train,ai-training/datasets/l2-arctic/raw/l2arctic_release_v5.0/HQTV/wav/arctic_a0456.wav,But it won't continue she said with easy confidence,1,non_native,l2_learner,arctic_a0456
l2_arctic,HQTV,Vietnamese,M,train,ai-training/datasets/l2-arctic/raw/l2arctic_release_v5.0/HQTV/wav/arctic_a0457.wav,What I saw I could not at first believe,1,non_native,l2_learner,arctic_a0457
l2_arctic,HQTV,Vietnamese,M,train,ai-training/datasets/l2-arctic/raw/l2arctic_release_v5.0/HQTV/wav/arctic_a0458.wav,The stout wood was crushed like an eggshell,1,non_native,l2_learner,arctic_a0458
l2_arctic,HQTV,Vietnamese,M,train,ai-training/datasets/l2-arctic/raw/l2arctic_release_v5.0/HQTV/wav/arctic_a0459.wav,There's too much of the schoolboy in me,1,non_native,l2_learner,arctic_a0459
l2_arctic,HQTV,Vietnamese,M,train,ai-training/datasets/l2-arctic/raw/l2arctic_release_v5.0/HQTV/wav/arctic_a0460.wav,I had forgotten their existence,1,non_native,l2_learner,arctic_a0460
l2_arctic,HQTV,Vietnamese,M,train,ai-training/datasets/l2-arctic/raw/l2arctic_release_v5.0/HQTV/wav/arctic_a0461.wav,Ah we were very close together in that moment,1,non_native,l2_learner,arctic_a0461
l2_arctic,HQTV,Vietnamese,M,train,ai-training/datasets/l2-arctic/raw/l2arctic_release_v5.0/HQTV/wav/arctic_a0462.wav,But she swung obediently on her heel into the wind,1,non_native,l2_learner,arctic_a0462
l2_arctic,HQTV,Vietnamese,M,train,ai-training/datasets/l2-arctic/raw/l2arctic_release_v5.0/HQTV/wav/arctic_a0463.wav,They are his tongue by which he makes his knowledge articulate,1,non_native,l2_learner,arctic_a0463
l2_arctic,HQTV,Vietnamese,M,train,ai-training/datasets/l2-arctic/raw/l2arctic_release_v5.0/HQTV/wav/arctic_a0464.wav,Between the rush of the cascades streaks of rust showed everywhere,1,non_native,l2_learner,arctic_a0464
l2_arctic,HQTV,Vietnamese,M,train,ai-training/datasets/l2-arctic/raw/l2arctic_release_v5.0/HQTV/wav/arctic_a0465.wav,He'll never do a tap of work the whole Voyage,1,non_native,l2_learner,arctic_a0465
l2_arctic,HQTV,Vietnamese,M,train,ai-training/datasets/l2-arctic/raw/l2arctic_release_v5.0/HQTV/wav/arctic_a0466.wav,Captain West may be a Samurai but he is also human,1,non_native,l2_learner,arctic_a0466
l2_arctic,HQTV,Vietnamese,M,train,ai-training/datasets/l2-arctic/raw/l2arctic_release_v5.0/HQTV/wav/arctic_a0467.wav,And so early in the voyage too,1,non_native,l2_learner,arctic_a0467
l2_arctic,HQTV,Vietnamese,M,train,ai-training/datasets/l2-arctic/raw/l2arctic_release_v5.0/HQTV/wav/arctic_a0468.wav,In the matter of curry she is a sheer genius,1,non_native,l2_learner,arctic_a0468
l2_arctic,HQTV,Vietnamese,M,train,ai-training/datasets/l2-arctic/raw/l2arctic_release_v5.0/HQTV/wav/arctic_a0469.wav,The eastern heavens were equally spectacular,1,non_native,l2_learner,arctic_a0469
l2_arctic,HQTV,Vietnamese,M,train,ai-training/datasets/l2-arctic/raw/l2arctic_release_v5.0/HQTV/wav/arctic_a0470.wav,He spat it out like so much venom,1,non_native,l2_learner,arctic_a0470
l2_arctic,HQTV,Vietnamese,M,train,ai-training/datasets/l2-arctic/raw/l2arctic_release_v5.0/HQTV/wav/arctic_a0471.wav,I saw Mister Pike nod his head grimly and sarcastically,1,non_native,l2_learner,arctic_a0471
l2_arctic,HQTV,Vietnamese,M,train,ai-training/datasets/l2-arctic/raw/l2arctic_release_v5.0/HQTV/wav/arctic_a0472.wav,He is too keenly intelligent too sharply sensitive successfully to endure,1,non_native,l2_learner,arctic_a0472
l2_arctic,HQTV,Vietnamese,M,train,ai-training/datasets/l2-arctic/raw/l2arctic_release_v5.0/HQTV/wav/arctic_a0473.wav,The night was calm and snowy,1,non_native,l2_learner,arctic_a0473
l2_arctic,HQTV,Vietnamese,M,train,ai-training/datasets/l2-arctic/raw/l2arctic_release_v5.0/HQTV/wav/arctic_a0474.wav,I sailed third mate in the little Vampire before you were born,1,non_native,l2_learner,arctic_a0474
l2_arctic,HQTV,Vietnamese,M,train,ai-training/datasets/l2-arctic/raw/l2arctic_release_v5.0/HQTV/wav/arctic_a0475.wav,His outstretched arm dropped to his side and he paused,1,non_native,l2_learner,arctic_a0475
l2_arctic,HQTV,Vietnamese,M,train,ai-training/datasets/l2-arctic/raw/l2arctic_release_v5.0/HQTV/wav/arctic_a0476.wav,At this moment I felt a stir at my shoulder,1,non_native,l2_learner,arctic_a0476
l2_arctic,HQTV,Vietnamese,M,train,ai-training/datasets/l2-arctic/raw/l2arctic_release_v5.0/HQTV/wav/arctic_a0477.wav,Wada Louis and the steward are servants of Asiatic breed,1,non_native,l2_learner,arctic_a0477
l2_arctic,HQTV,Vietnamese,M,train,ai-training/datasets/l2-arctic/raw/l2arctic_release_v5.0/HQTV/wav/arctic_a0478.wav,Also she has forbidden them smoking their pipes in the after room,1,non_native,l2_learner,arctic_a0478
l2_arctic,HQTV,Vietnamese,M,train,ai-training/datasets/l2-arctic/raw/l2arctic_release_v5.0/HQTV/wav/arctic_a0479.wav,I tried to read George Moore last night and was dreadfully bored,1,non_native,l2_learner,arctic_a0479
l2_arctic,HQTV,Vietnamese,M,train,ai-training/datasets/l2-arctic/raw/l2arctic_release_v5.0/HQTV/wav/arctic_a0480.wav,Tom Spink has a harpoon,1,non_native,l2_learner,arctic_a0480
l2_arctic,HQTV,Vietnamese,M,train,ai-training/datasets/l2-arctic/raw/l2arctic_release_v5.0/HQTV/wav/arctic_a0481.wav,Nimrod replied with a slight manifestation of sensitiveness,1,non_native,l2_learner,arctic_a0481
l2_arctic,HQTV,Vietnamese,M,train,ai-training/datasets/l2-arctic/raw/l2arctic_release_v5.0/HQTV/wav/arctic_a0482.wav,And their chief virtue lies in that they will never wear out,1,non_native,l2_learner,arctic_a0482
l2_arctic,HQTV,Vietnamese,M,train,ai-training/datasets/l2-arctic/raw/l2arctic_release_v5.0/HQTV/wav/arctic_a0483.wav,Beyond dispute Corry Hutchinson had married Mabel Holmes,1,non_native,l2_learner,arctic_a0483
l2_arctic,HQTV,Vietnamese,M,train,ai-training/datasets/l2-arctic/raw/l2arctic_release_v5.0/HQTV/wav/arctic_a0484.wav,No sir ee,1,non_native,l2_learner,arctic_a0484
l2_arctic,HQTV,Vietnamese,M,train,ai-training/datasets/l2-arctic/raw/l2arctic_release_v5.0/HQTV/wav/arctic_a0485.wav,Each insult added to the value of the claim,1,non_native,l2_learner,arctic_a0485
l2_arctic,HQTV,Vietnamese,M,train,ai-training/datasets/l2-arctic/raw/l2arctic_release_v5.0/HQTV/wav/arctic_a0486.wav,For the rest he was a mere automaton,1,non_native,l2_learner,arctic_a0486
l2_arctic,HQTV,Vietnamese,M,train,ai-training/datasets/l2-arctic/raw/l2arctic_release_v5.0/HQTV/wav/arctic_a0487.wav,The river bared its bosom and snorting steamboats challenged the wilderness,1,non_native,l2_learner,arctic_a0487
l2_arctic,HQTV,Vietnamese,M,train,ai-training/datasets/l2-arctic/raw/l2arctic_release_v5.0/HQTV/wav/arctic_a0488.wav,Their love burned with increasing brightness,1,non_native,l2_learner,arctic_a0488
l2_arctic,HQTV,Vietnamese,M,train,ai-training/datasets/l2-arctic/raw/l2arctic_release_v5.0/HQTV/wav/arctic_a0489.wav,They were artists not biologists,1,non_native,l2_learner,arctic_a0489
l2_arctic,HQTV,Vietnamese,M,train,ai-training/datasets/l2-arctic/raw/l2arctic_release_v5.0/HQTV/wav/arctic_a0490.wav,Both Johnny and his mother shuffled their feet as they walked,1,non_native,l2_learner,arctic_a0490
l2_arctic,HQTV,Vietnamese,M,train,ai-training/datasets/l2-arctic/raw/l2arctic_release_v5.0/HQTV/wav/arctic_a0491.wav,And as in denial of guilt the one legged boy replied,1,non_native,l2_learner,arctic_a0491
l2_arctic,HQTV,Vietnamese,M,train,ai-training/datasets/l2-arctic/raw/l2arctic_release_v5.0/HQTV/wav/arctic_a0492.wav,Burnt out like the crater of a volcano,1,non_native,l2_learner,arctic_a0492
l2_arctic,HQTV,Vietnamese,M,train,ai-training/datasets/l2-arctic/raw/l2arctic_release_v5.0/HQTV/wav/arctic_a0493.wav,The boy O'Brien was specially maltreated,1,non_native,l2_learner,arctic_a0493
l2_arctic,HQTV,Vietnamese,M,train,ai-training/datasets/l2-arctic/raw/l2arctic_release_v5.0/HQTV/wav/arctic_a0494.wav,O'Brien took off his coat and bared his right arm,1,non_native,l2_learner,arctic_a0494
l2_arctic,HQTV,Vietnamese,M,train,ai-training/datasets/l2-arctic/raw/l2arctic_release_v5.0/HQTV/wav/arctic_a0495.wav,He bore no grudges and had few enemies,1,non_native,l2_learner,arctic_a0495
l2_arctic,HQTV,Vietnamese,M,train,ai-training/datasets/l2-arctic/raw/l2arctic_release_v5.0/HQTV/wav/arctic_a0496.wav,And Tom King patiently endured,1,non_native,l2_learner,arctic_a0496
l2_arctic,HQTV,Vietnamese,M,train,ai-training/datasets/l2-arctic/raw/l2arctic_release_v5.0/HQTV/wav/arctic_a0497.wav,King took every advantage he knew,1,non_native,l2_learner,arctic_a0497
l2_arctic,HQTV,Vietnamese,M,train,ai-training/datasets/l2-arctic/raw/l2arctic_release_v5.0/HQTV/wav/arctic_a0498.wav,The lines were now very taut,1,non_native,l2_learner,arctic_a0498
l2_arctic,HQTV,Vietnamese,M,train,ai-training/datasets/l2-arctic/raw/l2arctic_release_v5.0/HQTV/wav/arctic_a0499.wav,And right there I saw and knew it all,1,non_native,l2_learner,arctic_a0499
l2_arctic,HQTV,Vietnamese,M,train,ai-training/datasets/l2-arctic/raw/l2arctic_release_v5.0/HQTV/wav/arctic_a0500.wav,Who the devil gave it to you to be judge and jury,1,non_native,l2_learner,arctic_a0500
l2_arctic,HQTV,Vietnamese,M,train,ai-training/datasets/l2-arctic/raw/l2arctic_release_v5.0/HQTV/wav/arctic_a0501.wav,You're joking me sir the other managed to articulate,1,non_native,l2_learner,arctic_a0501
l2_arctic,HQTV,Vietnamese,M,train,ai-training/datasets/l2-arctic/raw/l2arctic_release_v5.0/HQTV/wav/arctic_a0502.wav,Anything unusual or abnormal was sufficient to send a fellow to Molokai,1,non_native,l2_learner,arctic_a0502
l2_arctic,HQTV,Vietnamese,M,train,ai-training/datasets/l2-arctic/raw/l2arctic_release_v5.0/HQTV/wav/arctic_a0503.wav,His beady black eyes saw bargains where other men saw bankruptcy,1,non_native,l2_learner,arctic_a0503
l2_arctic,HQTV,Vietnamese,M,train,ai-training/datasets/l2-arctic/raw/l2arctic_release_v5.0/HQTV/wav/arctic_a0504.wav,He was an athlete and a giant,1,non_native,l2_learner,arctic_a0504
l2_arctic,HQTV,Vietnamese,M,train,ai-training/datasets/l2-arctic/raw/l2arctic_release_v5.0/HQTV/wav/arctic_a0505.wav,We fished sharks on Niihau together,1,non_native,l2_learner,arctic_a0505
l2_arctic,HQTV,Vietnamese,M,train,ai-training/datasets/l2-arctic/raw/l2arctic_release_v5.0/HQTV/wav/arctic_a0506.wav,The Claudine was leaving next morning for Honolulu,1,non_native,l2_learner,arctic_a0506
l2_arctic,HQTV,Vietnamese,M,train,ai-training/datasets/l2-arctic/raw/l2arctic_release_v5.0/HQTV/wav/arctic_a0507.wav,In short my joyous individualism was dominated by the orthodox bourgeois ethics,1,non_native,l2_learner,arctic_a0507
l2_arctic,HQTV,Vietnamese,M,train,ai-training/datasets/l2-arctic/raw/l2arctic_release_v5.0/HQTV/wav/arctic_a0508.wav,Soon shall it be thrust back from off prostrate humanity,1,non_native,l2_learner,arctic_a0508
l2_arctic,HQTV,Vietnamese,M,train,ai-training/datasets/l2-arctic/raw/l2arctic_release_v5.0/HQTV/wav/arctic_a0509.wav,Yet in accordance with Ernest's test of truth it worked,1,non_native,l2_learner,arctic_a0509
l2_arctic,HQTV,Vietnamese,M,train,ai-training/datasets/l2-arctic/raw/l2arctic_release_v5.0/HQTV/wav/arctic_a0510.wav,Much more Ernest told them of themselves and of his disillusionment,1,non_native,l2_learner,arctic_a0510
l2_arctic,HQTV,Vietnamese,M,train,ai-training/datasets/l2-arctic/raw/l2arctic_release_v5.0/HQTV/wav/arctic_a0511.wav,There is more behind this than a mere university ideal,1,non_native,l2_learner,arctic_a0511
l2_arctic,HQTV,Vietnamese,M,train,ai-training/datasets/l2-arctic/raw/l2arctic_release_v5.0/HQTV/wav/arctic_a0512.wav,No it is a palace wherein there are many servants,1,non_native,l2_learner,arctic_a0512
l2_arctic,HQTV,Vietnamese,M,train,ai-training/datasets/l2-arctic/raw/l2arctic_release_v5.0/HQTV/wav/arctic_a0513.wav,We must give ourselves and not our money alone,1,non_native,l2_learner,arctic_a0513
l2_arctic,HQTV,Vietnamese,M,train,ai-training/datasets/l2-arctic/raw/l2arctic_release_v5.0/HQTV/wav/arctic_a0514.wav,We are consumed in our own flesh pots,1,non_native,l2_learner,arctic_a0514
l2_arctic,HQTV,Vietnamese,M,train,ai-training/datasets/l2-arctic/raw/l2arctic_release_v5.0/HQTV/wav/arctic_a0515.wav,But here amongst ourselves let us speak out,1,non_native,l2_learner,arctic_a0515
l2_arctic,HQTV,Vietnamese,M,train,ai-training/datasets/l2-arctic/raw/l2arctic_release_v5.0/HQTV/wav/arctic_a0516.wav,Also there was awe in their faces,1,non_native,l2_learner,arctic_a0516
l2_arctic,HQTV,Vietnamese,M,train,ai-training/datasets/l2-arctic/raw/l2arctic_release_v5.0/HQTV/wav/arctic_a0517.wav,Out of abstractions Ernest had conjured a vision and made them see it,1,non_native,l2_learner,arctic_a0517
l2_arctic,HQTV,Vietnamese,M,train,ai-training/datasets/l2-arctic/raw/l2arctic_release_v5.0/HQTV/wav/arctic_a0518.wav,Illuminating oil was becoming all profit,1,non_native,l2_learner,arctic_a0518
l2_arctic,HQTV,Vietnamese,M,train,ai-training/datasets/l2-arctic/raw/l2arctic_release_v5.0/HQTV/wav/arctic_a0519.wav,Such an act was in direct violation of the laws of the land,1,non_native,l2_learner,arctic_a0519
l2_arctic,HQTV,Vietnamese,M,train,ai-training/datasets/l2-arctic/raw/l2arctic_release_v5.0/HQTV/wav/arctic_a0520.wav,He was fond of quoting a fragment from a certain poem,1,non_native,l2_learner,arctic_a0520
l2_arctic,HQTV,Vietnamese,M,train,ai-training/datasets/l2-arctic/raw/l2arctic_release_v5.0/HQTV/wav/arctic_a0521.wav,Without them he could not run his empire,1,non_native,l2_learner,arctic_a0521
l2_arctic,HQTV,Vietnamese,M,train,ai-training/datasets/l2-arctic/raw/l2arctic_release_v5.0/HQTV/wav/arctic_a0522.wav,For such countries nothing remained but reorganization,1,non_native,l2_learner,arctic_a0522
l2_arctic,HQTV,Vietnamese,M,train,ai-training/datasets/l2-arctic/raw/l2arctic_release_v5.0/HQTV/wav/arctic_a0523.wav,They could not continue their method of producing surpluses,1,non_native,l2_learner,arctic_a0523
l2_arctic,HQTV,Vietnamese,M,train,ai-training/datasets/l2-arctic/raw/l2arctic_release_v5.0/HQTV/wav/arctic_a0524.wav,At once would be instituted a dozen cooperative commonwealth states,1,non_native,l2_learner,arctic_a0524
l2_arctic,HQTV,Vietnamese,M,train,ai-training/datasets/l2-arctic/raw/l2arctic_release_v5.0/HQTV/wav/arctic_a0525.wav,The Oligarchy wanted violence and it set its agents provocateurs to work,1,non_native,l2_learner,arctic_a0525
l2_arctic,HQTV,Vietnamese,M,train,ai-training/datasets/l2-arctic/raw/l2arctic_release_v5.0/HQTV/wav/arctic_a0526.wav,Nowhere did the raw earth appear,1,non_native,l2_learner,arctic_a0526
l2_arctic,HQTV,Vietnamese,M,train,ai-training/datasets/l2-arctic/raw/l2arctic_release_v5.0/HQTV/wav/arctic_a0527.wav,The lush vegetation of that sheltered spot make a natural shield,1,non_native,l2_learner,arctic_a0527
l2_arctic,HQTV,Vietnamese,M,train,ai-training/datasets/l2-arctic/raw/l2arctic_release_v5.0/HQTV/wav/arctic_a0528.wav,Men who endure it call it living death,1,non_native,l2_learner,arctic_a0528
l2_arctic,HQTV,Vietnamese,M,train,ai-training/datasets/l2-arctic/raw/l2arctic_release_v5.0/HQTV/wav/arctic_a0529.wav,As I say he had tapped the message very rapidly,1,non_native,l2_learner,arctic_a0529
l2_arctic,HQTV,Vietnamese,M,train,ai-training/datasets/l2-arctic/raw/l2arctic_release_v5.0/HQTV/wav/arctic_a0530.wav,Ask him I laughed then turned to Pasquini,1,non_native,l2_learner,arctic_a0530
l2_arctic,HQTV,Vietnamese,M,train,ai-training/datasets/l2-arctic/raw/l2arctic_release_v5.0/HQTV/wav/arctic_a0531.wav,In what bucolic school of fence he had been taught was beyond imagining,1,non_native,l2_learner,arctic_a0531
l2_arctic,HQTV,Vietnamese,M,train,ai-training/datasets/l2-arctic/raw/l2arctic_release_v5.0/HQTV/wav/arctic_a0532.wav,May drought destroy your crops,1,non_native,l2_learner,arctic_a0532
l2_arctic,HQTV,Vietnamese,M,train,ai-training/datasets/l2-arctic/raw/l2arctic_release_v5.0/HQTV/wav/arctic_a0533.wav,Dunham can your boy go along with Jesse,1,non_native,l2_learner,arctic_a0533
l2_arctic,HQTV,Vietnamese,M,train,ai-training/datasets/l2-arctic/raw/l2arctic_release_v5.0/HQTV/wav/arctic_a0534.wav,But Johannes could and did,1,non_native,l2_learner,arctic_a0534
l2_arctic,HQTV,Vietnamese,M,train,ai-training/datasets/l2-arctic/raw/l2arctic_release_v5.0/HQTV/wav/arctic_a0535.wav,A new preacher and a new doctrine come to Jerusalem,1,non_native,l2_learner,arctic_a0535
l2_arctic,HQTV,Vietnamese,M,train,ai-training/datasets/l2-arctic/raw/l2arctic_release_v5.0/HQTV/wav/arctic_a0536.wav,He would destroy all things that are fixed,1,non_native,l2_learner,arctic_a0536
l2_arctic,HQTV,Vietnamese,M,train,ai-training/datasets/l2-arctic/raw/l2arctic_release_v5.0/HQTV/wav/arctic_a0537.wav,He was an enthusiast and a desert dweller,1,non_native,l2_learner,arctic_a0537
l2_arctic,HQTV,Vietnamese,M,train,ai-training/datasets/l2-arctic/raw/l2arctic_release_v5.0/HQTV/wav/arctic_a0538.wav,What Pascal glimpsed with the vision of a seer I have lived,1,non_native,l2_learner,arctic_a0538
l2_arctic,HQTV,Vietnamese,M,train,ai-training/datasets/l2-arctic/raw/l2arctic_release_v5.0/HQTV/wav/arctic_a0539.wav,I should like to engage just for one whole life in that,1,non_native,l2_learner,arctic_a0539
l2_arctic,HQTV,Vietnamese,M,train,ai-training/datasets/l2-arctic/raw/l2arctic_release_v5.0/HQTV/wav/arctic_a0540.wav,Yea so are all the lesser animals of today clean,1,non_native,l2_learner,arctic_a0540
l2_arctic,HQTV,Vietnamese,M,train,ai-training/datasets/l2-arctic/raw/l2arctic_release_v5.0/HQTV/wav/arctic_a0541.wav,The Warden with a quart of champagne,1,non_native,l2_learner,arctic_a0541
l2_arctic,HQTV,Vietnamese,M,train,ai-training/datasets/l2-arctic/raw/l2arctic_release_v5.0/HQTV/wav/arctic_a0542.wav,Without a doubt some of them have dinner engagements,1,non_native,l2_learner,arctic_a0542
l2_arctic,HQTV,Vietnamese,M,train,ai-training/datasets/l2-arctic/raw/l2arctic_release_v5.0/HQTV/wav/arctic_a0543.wav,I had been born with no organic chemical predisposition toward alcohol,1,non_native,l2_learner,arctic_a0543
l2_arctic,HQTV,Vietnamese,M,train,ai-training/datasets/l2-arctic/raw/l2arctic_release_v5.0/HQTV/wav/arctic_a0544.wav,He may anticipate the day of his death,1,non_native,l2_learner,arctic_a0544
l2_arctic,HQTV,Vietnamese,M,train,ai-training/datasets/l2-arctic/raw/l2arctic_release_v5.0/HQTV/wav/arctic_a0545.wav,The Italian rancho was a bachelor establishment,1,non_native,l2_learner,arctic_a0545
l2_arctic,HQTV,Vietnamese,M,train,ai-training/datasets/l2-arctic/raw/l2arctic_release_v5.0/HQTV/wav/arctic_a0546.wav,I lost my balance and pitched head foremost into the ooze,1,non_native,l2_learner,arctic_a0546
l2_arctic,HQTV,Vietnamese,M,train,ai-training/datasets/l2-arctic/raw/l2arctic_release_v5.0/HQTV/wav/arctic_a0547.wav,Men like Joe Goose dated existence from drunk to drunk,1,non_native,l2_learner,arctic_a0547
l2_arctic,HQTV,Vietnamese,M,train,ai-training/datasets/l2-arctic/raw/l2arctic_release_v5.0/HQTV/wav/arctic_a0548.wav,Also churches and preachers I had never known,1,non_native,l2_learner,arctic_a0548
l2_arctic,HQTV,Vietnamese,M,train,ai-training/datasets/l2-arctic/raw/l2arctic_release_v5.0/HQTV/wav/arctic_a0549.wav,Do you know that we weigh every pound of coal we burn,1,non_native,l2_learner,arctic_a0549
l2_arctic,HQTV,Vietnamese,M,train,ai-training/datasets/l2-arctic/raw/l2arctic_release_v5.0/HQTV/wav/arctic_a0550.wav,This also became part of the daily schedule,1,non_native,l2_learner,arctic_a0550
l2_arctic,HQTV,Vietnamese,M,train,ai-training/datasets/l2-arctic/raw/l2arctic_release_v5.0/HQTV/wav/arctic_a0551.wav,All an appearance can know is mirage,1,non_native,l2_learner,arctic_a0551
l2_arctic,HQTV,Vietnamese,M,train,ai-training/datasets/l2-arctic/raw/l2arctic_release_v5.0/HQTV/wav/arctic_a0552.wav,Yet he dreams he is immortal I argue feebly,1,non_native,l2_learner,arctic_a0552
l2_arctic,HQTV,Vietnamese,M,train,ai-training/datasets/l2-arctic/raw/l2arctic_release_v5.0/HQTV/wav/arctic_a0553.wav,I am writing these lines in Honolulu Hawaii,1,non_native,l2_learner,arctic_a0553
l2_arctic,HQTV,Vietnamese,M,train,ai-training/datasets/l2-arctic/raw/l2arctic_release_v5.0/HQTV/wav/arctic_a0554.wav,Jack London Waikiki Beach Honolulu Oahu,1,non_native,l2_learner,arctic_a0554
l2_arctic,HQTV,Vietnamese,M,train,ai-training/datasets/l2-arctic/raw/l2arctic_release_v5.0/HQTV/wav/arctic_a0555.wav,Jerry was so secure in his nook that he did not roll away,1,non_native,l2_learner,arctic_a0555
l2_arctic,HQTV,Vietnamese,M,train,ai-training/datasets/l2-arctic/raw/l2arctic_release_v5.0/HQTV/wav/arctic_a0556.wav,Why he's bought forty pounds of goods from you already,1,non_native,l2_learner,arctic_a0556
l2_arctic,HQTV,Vietnamese,M,train,ai-training/datasets/l2-arctic/raw/l2arctic_release_v5.0/HQTV/wav/arctic_a0557.wav,The last refugee had passed,1,non_native,l2_learner,arctic_a0557
l2_arctic,HQTV,Vietnamese,M,train,ai-training/datasets/l2-arctic/raw/l2arctic_release_v5.0/HQTV/wav/arctic_a0558.wav,And the foundation stone of service in his case was obedience,1,non_native,l2_learner,arctic_a0558
l2_arctic,HQTV,Vietnamese,M,train,ai-training/datasets/l2-arctic/raw/l2arctic_release_v5.0/HQTV/wav/arctic_a0559.wav,Peace be unto you and grace before the Lord,1,non_native,l2_learner,arctic_a0559
l2_arctic,HQTV,Vietnamese,M,train,ai-training/datasets/l2-arctic/raw/l2arctic_release_v5.0/HQTV/wav/arctic_a0560.wav,His mouth opened words shaped vainly on his lips,1,non_native,l2_learner,arctic_a0560
l2_arctic,HQTV,Vietnamese,M,train,ai-training/datasets/l2-arctic/raw/l2arctic_release_v5.0/HQTV/wav/arctic_a0561.wav,Bill lingered contemplating his work with artistic appreciation,1,non_native,l2_learner,arctic_a0561
l2_arctic,HQTV,Vietnamese,M,train,ai-training/datasets/l2-arctic/raw/l2arctic_release_v5.0/HQTV/wav/arctic_a0562.wav,What the flaming,1,non_native,l2_learner,arctic_a0562
l2_arctic,HQTV,Vietnamese,M,train,ai-training/datasets/l2-arctic/raw/l2arctic_release_v5.0/HQTV/wav/arctic_a0563.wav,Missus McFee's jaws brought together with a snap,1,non_native,l2_learner,arctic_a0563
l2_arctic,HQTV,Vietnamese,M,train,ai-training/datasets/l2-arctic/raw/l2arctic_release_v5.0/HQTV/wav/arctic_a0564.wav,Then it is as I said Womble announced with finality,1,non_native,l2_learner,arctic_a0564
l2_arctic,HQTV,Vietnamese,M,train,ai-training/datasets/l2-arctic/raw/l2arctic_release_v5.0/HQTV/wav/arctic_a0565.wav,With them were Indians also three other men,1,non_native,l2_learner,arctic_a0565
l2_arctic,HQTV,Vietnamese,M,train,ai-training/datasets/l2-arctic/raw/l2arctic_release_v5.0/HQTV/wav/arctic_a0566.wav,Dennin's hands were released long enough for him to sign the document,1,non_native,l2_learner,arctic_a0566
l2_arctic,HQTV,Vietnamese,M,train,ai-training/datasets/l2-arctic/raw/l2arctic_release_v5.0/HQTV/wav/arctic_a0567.wav,Now Irvine was a man of impulse a poet,1,non_native,l2_learner,arctic_a0567
l2_arctic,HQTV,Vietnamese,M,train,ai-training/datasets/l2-arctic/raw/l2arctic_release_v5.0/HQTV/wav/arctic_a0568.wav,He was just bursting with joy joy over what,1,non_native,l2_learner,arctic_a0568
l2_arctic,HQTV,Vietnamese,M,train,ai-training/datasets/l2-arctic/raw/l2arctic_release_v5.0/HQTV/wav/arctic_a0569.wav,At Lake Linderman I had one canoe very good Peterborough canoe,1,non_native,l2_learner,arctic_a0569
l2_arctic,HQTV,Vietnamese,M,train,ai-training/datasets/l2-arctic/raw/l2arctic_release_v5.0/HQTV/wav/arctic_a0570.wav,Behind him lay the thousand years long road across all Siberia and Russia,1,non_native,l2_learner,arctic_a0570
l2_arctic,HQTV,Vietnamese,M,train,ai-training/datasets/l2-arctic/raw/l2arctic_release_v5.0/HQTV/wav/arctic_a0571.wav,He had forgotten to build a fire and thaw out,1,non_native,l2_learner,arctic_a0571
l2_arctic,HQTV,Vietnamese,M,train,ai-training/datasets/l2-arctic/raw/l2arctic_release_v5.0/HQTV/wav/arctic_a0572.wav,I never saw anything like her in my life,1,non_native,l2_learner,arctic_a0572
l2_arctic,HQTV,Vietnamese,M,train,ai-training/datasets/l2-arctic/raw/l2arctic_release_v5.0/HQTV/wav/arctic_a0573.wav,There was no law on the Yukon save what they made for themselves,1,non_native,l2_learner,arctic_a0573
l2_arctic,HQTV,Vietnamese,M,train,ai-training/datasets/l2-arctic/raw/l2arctic_release_v5.0/HQTV/wav/arctic_a0574.wav,Good business man Curly O'Brien was saying,1,non_native,l2_learner,arctic_a0574
l2_arctic,HQTV,Vietnamese,M,train,ai-training/datasets/l2-arctic/raw/l2arctic_release_v5.0/HQTV/wav/arctic_a0575.wav,There weren't any missions and he was the man to know,1,non_native,l2_learner,arctic_a0575
l2_arctic,HQTV,Vietnamese,M,train,ai-training/datasets/l2-arctic/raw/l2arctic_release_v5.0/HQTV/wav/arctic_a0576.wav,And the big Persian knew of his existence before he did of hers,1,non_native,l2_learner,arctic_a0576
l2_arctic,HQTV,Vietnamese,M,train,ai-training/datasets/l2-arctic/raw/l2arctic_release_v5.0/HQTV/wav/arctic_a0577.wav,Once the jews harp began emitting its barbaric rhythms Michael was helpless,1,non_native,l2_learner,arctic_a0577
l2_arctic,HQTV,Vietnamese,M,train,ai-training/datasets/l2-arctic/raw/l2arctic_release_v5.0/HQTV/wav/arctic_a0578.wav,But we'll just postpone this,1,non_native,l2_learner,arctic_a0578
l2_arctic,HQTV,Vietnamese,M,train,ai-training/datasets/l2-arctic/raw/l2arctic_release_v5.0/HQTV/wav/arctic_a0579.wav,There was the Emma Louisa,1,non_native,l2_learner,arctic_a0579
l2_arctic,HQTV,Vietnamese,M,train,ai-training/datasets/l2-arctic/raw/l2arctic_release_v5.0/HQTV/wav/arctic_a0580.wav,This is my fifth voyage,1,non_native,l2_learner,arctic_a0580
l2_arctic,HQTV,Vietnamese,M,train,ai-training/datasets/l2-arctic/raw/l2arctic_release_v5.0/HQTV/wav/arctic_a0581.wav,It was this proposition that started the big idea in Daughtry's mind,1,non_native,l2_learner,arctic_a0581
l2_arctic,HQTV,Vietnamese,M,train,ai-training/datasets/l2-arctic/raw/l2arctic_release_v5.0/HQTV/wav/arctic_a0582.wav,Daughtry elaborated on the counting trick by bringing Cocky along,1,non_native,l2_learner,arctic_a0582
l2_arctic,HQTV,Vietnamese,M,train,ai-training/datasets/l2-arctic/raw/l2arctic_release_v5.0/HQTV/wav/arctic_a0583.wav,Enjoy it he did but principally for Steward's sake,1,non_native,l2_learner,arctic_a0583
l2_arctic,HQTV,Vietnamese,M,train,ai-training/datasets/l2-arctic/raw/l2arctic_release_v5.0/HQTV/wav/arctic_a0584.wav,I have long noted your thirst unquenchable,1,non_native,l2_learner,arctic_a0584
l2_arctic,HQTV,Vietnamese,M,train,ai-training/datasets/l2-arctic/raw/l2arctic_release_v5.0/HQTV/wav/arctic_a0585.wav,Wonder if he's a lion dog Charles suggested,1,non_native,l2_learner,arctic_a0585
l2_arctic,HQTV,Vietnamese,M,train,ai-training/datasets/l2-arctic/raw/l2arctic_release_v5.0/HQTV/wav/arctic_a0586.wav,We don't see ourselves as foolish,1,non_native,l2_learner,arctic_a0586
l2_arctic,HQTV,Vietnamese,M,train,ai-training/datasets/l2-arctic/raw/l2arctic_release_v5.0/HQTV/wav/arctic_a0587.wav,He had comparatively no advantages at first,1,non_native,l2_learner,arctic_a0587
l2_arctic,HQTV,Vietnamese,M,train,ai-training/datasets/l2-arctic/raw/l2arctic_release_v5.0/HQTV/wav/arctic_a0588.wav,He had proved it today with his amateurish and sophomoric productions,1,non_native,l2_learner,arctic_a0588
l2_arctic,HQTV,Vietnamese,M,train,ai-training/datasets/l2-arctic/raw/l2arctic_release_v5.0/HQTV/wav/arctic_a0589.wav,I was sick once typhoid,1,non_native,l2_learner,arctic_a0589
l2_arctic,HQTV,Vietnamese,M,train,ai-training/datasets/l2-arctic/raw/l2arctic_release_v5.0/HQTV/wav/arctic_a0590.wav,In a way he is my protege,1,non_native,l2_learner,arctic_a0590
l2_arctic,HQTV,Vietnamese,M,train,ai-training/datasets/l2-arctic/raw/l2arctic_release_v5.0/HQTV/wav/arctic_a0591.wav,We are both children together,1,non_native,l2_learner,arctic_a0591
l2_arctic,HQTV,Vietnamese,M,train,ai-training/datasets/l2-arctic/raw/l2arctic_release_v5.0/HQTV/wav/arctic_a0592.wav,It's only his indigestion I find fault with,1,non_native,l2_learner,arctic_a0592
l2_arctic,HQTV,Vietnamese,M,train,ai-training/datasets/l2-arctic/raw/l2arctic_release_v5.0/HQTV/wav/arctic_a0593.wav,She'd make a good wife for the cashier,1,non_native,l2_learner,arctic_a0593
l2_arctic,HQTV,Vietnamese,M,train,ai-training/datasets/l2-arctic/raw/l2arctic_release_v5.0/HQTV/wav/arctic_b0001.wav,Gad do I remember it,1,non_native,l2_learner,arctic_b0001
l2_arctic,HQTV,Vietnamese,M,train,ai-training/datasets/l2-arctic/raw/l2arctic_release_v5.0/HQTV/wav/arctic_b0002.wav,You got out by fighting and I through a pretty girl,1,non_native,l2_learner,arctic_b0002
l2_arctic,HQTV,Vietnamese,M,train,ai-training/datasets/l2-arctic/raw/l2arctic_release_v5.0/HQTV/wav/arctic_b0003.wav,I can see that knife now,1,non_native,l2_learner,arctic_b0003
l2_arctic,HQTV,Vietnamese,M,train,ai-training/datasets/l2-arctic/raw/l2arctic_release_v5.0/HQTV/wav/arctic_b0004.wav,When I can't see beauty in woman I want to die,1,non_native,l2_learner,arctic_b0004
l2_arctic,HQTV,Vietnamese,M,train,ai-training/datasets/l2-arctic/raw/l2arctic_release_v5.0/HQTV/wav/arctic_b0005.wav,His slim fingers closed like steel about Philip's,1,non_native,l2_learner,arctic_b0005
l2_arctic,HQTV,Vietnamese,M,train,ai-training/datasets/l2-arctic/raw/l2arctic_release_v5.0/HQTV/wav/arctic_b0006.wav,He seized Gregson by the arm and led him to the door,1,non_native,l2_learner,arctic_b0006
l2_arctic,HQTV,Vietnamese,M,train,ai-training/datasets/l2-arctic/raw/l2arctic_release_v5.0/HQTV/wav/arctic_b0007.wav,Hear the Indian dogs wailing down at Churchill,1,non_native,l2_learner,arctic_b0007
l2_arctic,HQTV,Vietnamese,M,train,ai-training/datasets/l2-arctic/raw/l2arctic_release_v5.0/HQTV/wav/arctic_b0008.wav,Burke himself had criticized it because of the smile,1,non_native,l2_learner,arctic_b0008
l2_arctic,HQTV,Vietnamese,M,train,ai-training/datasets/l2-arctic/raw/l2arctic_release_v5.0/HQTV/wav/arctic_b0009.wav,I'd say there was going to be a glorious scrap,1,non_native,l2_learner,arctic_b0009
l2_arctic,HQTV,Vietnamese,M,train,ai-training/datasets/l2-arctic/raw/l2arctic_release_v5.0/HQTV/wav/arctic_b0010.wav,He turned the map to Gregson pointing with his finger,1,non_native,l2_learner,arctic_b0010
l2_arctic,HQTV,Vietnamese,M,train,ai-training/datasets/l2-arctic/raw/l2arctic_release_v5.0/HQTV/wav/arctic_b0011.wav,His eyes never took themselves for an instant from his companion's face,1,non_native,l2_learner,arctic_b0011
l2_arctic,HQTV,Vietnamese,M,train,ai-training/datasets/l2-arctic/raw/l2arctic_release_v5.0/HQTV/wav/arctic_b0012.wav,Something that Whittemore had not yet said thrilled him,1,non_native,l2_learner,arctic_b0012
l2_arctic,HQTV,Vietnamese,M,train,ai-training/datasets/l2-arctic/raw/l2arctic_release_v5.0/HQTV/wav/arctic_b0013.wav,Lakes and rivers hundreds of them thousands of them,1,non_native,l2_learner,arctic_b0013
l2_arctic,HQTV,Vietnamese,M,train,ai-training/datasets/l2-arctic/raw/l2arctic_release_v5.0/HQTV/wav/arctic_b0014.wav,Whitefish Gregson whitefish and trout,1,non_native,l2_learner,arctic_b0014
l2_arctic,HQTV,Vietnamese,M,train,ai-training/datasets/l2-arctic/raw/l2arctic_release_v5.0/HQTV/wav/arctic_b0015.wav,They robbed me a few years later,1,non_native,l2_learner,arctic_b0015
l2_arctic,HQTV,Vietnamese,M,train,ai-training/datasets/l2-arctic/raw/l2arctic_release_v5.0/HQTV/wav/arctic_b0016.wav,He chuckled as he pulled out his pipe and began filling it,1,non_native,l2_learner,arctic_b0016
l2_arctic,HQTV,Vietnamese,M,train,ai-training/datasets/l2-arctic/raw/l2arctic_release_v5.0/HQTV/wav/arctic_b0017.wav,Everything was working smoothly better than I had expected,1,non_native,l2_learner,arctic_b0017
l2_arctic,HQTV,Vietnamese,M,train,ai-training/datasets/l2-arctic/raw/l2arctic_release_v5.0/HQTV/wav/arctic_b0018.wav,I was completely lost in my work,1,non_native,l2_learner,arctic_b0018
l2_arctic,HQTV,Vietnamese,M,train,ai-training/datasets/l2-arctic/raw/l2arctic_release_v5.0/HQTV/wav/arctic_b0019.wav,His slim hands gripped the edges of the table,1,non_native,l2_learner,arctic_b0019
l2_arctic,HQTV,Vietnamese,M,train,ai-training/datasets/l2-arctic/raw/l2arctic_release_v5.0/HQTV/wav/arctic_b0020.wav,He made no reply as he waited for Whittemore to continue,1,non_native,l2_learner,arctic_b0020
l2_arctic,HQTV,Vietnamese,M,train,ai-training/datasets/l2-arctic/raw/l2arctic_release_v5.0/HQTV/wav/arctic_b0021.wav,Philip dropped back into his chair,1,non_native,l2_learner,arctic_b0021
l2_arctic,HQTV,Vietnamese,M,train,ai-training/datasets/l2-arctic/raw/l2arctic_release_v5.0/HQTV/wav/arctic_b0022.wav,If I was out of the game it would be easily made,1,non_native,l2_learner,arctic_b0022
l2_arctic,HQTV,Vietnamese,M,train,ai-training/datasets/l2-arctic/raw/l2arctic_release_v5.0/HQTV/wav/arctic_b0023.wav,MacDougall my engineer believes it,1,non_native,l2_learner,arctic_b0023
l2_arctic,HQTV,Vietnamese,M,train,ai-training/datasets/l2-arctic/raw/l2arctic_release_v5.0/HQTV/wav/arctic_b0024.wav,It is growing every day every hour,1,non_native,l2_learner,arctic_b0024
l2_arctic,HQTV,Vietnamese,M,train,ai-training/datasets/l2-arctic/raw/l2arctic_release_v5.0/HQTV/wav/arctic_b0025.wav,Now you understand,1,non_native,l2_learner,arctic_b0025
l2_arctic,HQTV,Vietnamese,M,train,ai-training/datasets/l2-arctic/raw/l2arctic_release_v5.0/HQTV/wav/arctic_b0026.wav,You have associated with some of these men,1,non_native,l2_learner,arctic_b0026
l2_arctic,HQTV,Vietnamese,M,train,ai-training/datasets/l2-arctic/raw/l2arctic_release_v5.0/HQTV/wav/arctic_b0027.wav,And there's no chivalry no quarter shown in this fight,1,non_native,l2_learner,arctic_b0027
l2_arctic,HQTV,Vietnamese,M,train,ai-training/datasets/l2-arctic/raw/l2arctic_release_v5.0/HQTV/wav/arctic_b0028.wav,Lord Fitzhugh is the key to the whole situation,1,non_native,l2_learner,arctic_b0028
l2_arctic,HQTV,Vietnamese,M,train,ai-training/datasets/l2-arctic/raw/l2arctic_release_v5.0/HQTV/wav/arctic_b0029.wav,All operations have been carried on from Montreal and Toronto,1,non_native,l2_learner,arctic_b0029
l2_arctic,HQTV,Vietnamese,M,train,ai-training/datasets/l2-arctic/raw/l2arctic_release_v5.0/HQTV/wav/arctic_b0030.wav,Gregson held a lighted match until it burnt his fingertips,1,non_native,l2_learner,arctic_b0030
l2_arctic,HQTV,Vietnamese,M,train,ai-training/datasets/l2-arctic/raw/l2arctic_release_v5.0/HQTV/wav/arctic_b0031.wav,Gregson had seated himself under the lamp and was sharpening a pencil,1,non_native,l2_learner,arctic_b0031
l2_arctic,HQTV,Vietnamese,M,train,ai-training/datasets/l2-arctic/raw/l2arctic_release_v5.0/HQTV/wav/arctic_b0032.wav,He caught himself with a jerk,1,non_native,l2_learner,arctic_b0032
l2_arctic,HQTV,Vietnamese,M,train,ai-training/datasets/l2-arctic/raw/l2arctic_release_v5.0/HQTV/wav/arctic_b0033.wav,How does your wager look now,1,non_native,l2_learner,arctic_b0033
l2_arctic,HQTV,Vietnamese,M,train,ai-training/datasets/l2-arctic/raw/l2arctic_release_v5.0/HQTV/wav/arctic_b0034.wav,He confessed that the sketch had startled him,1,non_native,l2_learner,arctic_b0034
l2_arctic,HQTV,Vietnamese,M,train,ai-training/datasets/l2-arctic/raw/l2arctic_release_v5.0/HQTV/wav/arctic_b0035.wav,After all the picture was only a resemblance,1,non_native,l2_learner,arctic_b0035
l2_arctic,HQTV,Vietnamese,M,train,ai-training/datasets/l2-arctic/raw/l2arctic_release_v5.0/HQTV/wav/arctic_b0036.wav,He wondered too where Roscoe was,1,non_native,l2_learner,arctic_b0036
l2_arctic,HQTV,Vietnamese,M,train,ai-training/datasets/l2-arctic/raw/l2arctic_release_v5.0/HQTV/wav/arctic_b0037.wav,Philip knew that she was not an Indian,1,non_native,l2_learner,arctic_b0037
l2_arctic,HQTV,Vietnamese,M,train,ai-training/datasets/l2-arctic/raw/l2arctic_release_v5.0/HQTV/wav/arctic_b0038.wav,In her haste to get away she had forgotten these things,1,non_native,l2_learner,arctic_b0038
l2_arctic,HQTV,Vietnamese,M,train,ai-training/datasets/l2-arctic/raw/l2arctic_release_v5.0/HQTV/wav/arctic_b0039.wav,Philip took a step toward Gregson half determined to awaken him,1,non_native,l2_learner,arctic_b0039
l2_arctic,HQTV,Vietnamese,M,train,ai-training/datasets/l2-arctic/raw/l2arctic_release_v5.0/HQTV/wav/arctic_b0040.wav,The thought set his blood tingling,1,non_native,l2_learner,arctic_b0040
l2_arctic,HQTV,Vietnamese,M,train,ai-training/datasets/l2-arctic/raw/l2arctic_release_v5.0/HQTV/wav/arctic_b0041.wav,But if Pierre did not return until tomorrow,1,non_native,l2_learner,arctic_b0041
l2_arctic,HQTV,Vietnamese,M,train,ai-training/datasets/l2-arctic/raw/l2arctic_release_v5.0/HQTV/wav/arctic_b0042.wav,Ten minutes had not elapsed since he had dropped the handkerchief,1,non_native,l2_learner,arctic_b0042
l2_arctic,HQTV,Vietnamese,M,train,ai-training/datasets/l2-arctic/raw/l2arctic_release_v5.0/HQTV/wav/arctic_b0043.wav,It won't be for sale,1,non_native,l2_learner,arctic_b0043
l2_arctic,HQTV,Vietnamese,M,train,ai-training/datasets/l2-arctic/raw/l2arctic_release_v5.0/HQTV/wav/arctic_b0044.wav,For a few moments he ate in silence,1,non_native,l2_learner,arctic_b0044
l2_arctic,HQTV,Vietnamese,M,train,ai-training/datasets/l2-arctic/raw/l2arctic_release_v5.0/HQTV/wav/arctic_b0045.wav,Philip did not pursue the subject,1,non_native,l2_learner,arctic_b0045
l2_arctic,HQTV,Vietnamese,M,train,ai-training/datasets/l2-arctic/raw/l2arctic_release_v5.0/HQTV/wav/arctic_b0046.wav,Philip produced a couple of cigars and took a chair opposite him,1,non_native,l2_learner,arctic_b0046
l2_arctic,HQTV,Vietnamese,M,train,ai-training/datasets/l2-arctic/raw/l2arctic_release_v5.0/HQTV/wav/arctic_b0047.wav,Suppose you saw me at work through the window,1,non_native,l2_learner,arctic_b0047
l2_arctic,HQTV,Vietnamese,M,train,ai-training/datasets/l2-arctic/raw/l2arctic_release_v5.0/HQTV/wav/arctic_b0048.wav,He looked like one who had passed through an uncomfortable hour or two,1,non_native,l2_learner,arctic_b0048
l2_arctic,HQTV,Vietnamese,M,train,ai-training/datasets/l2-arctic/raw/l2arctic_release_v5.0/HQTV/wav/arctic_b0049.wav,There was nothing more except a large ink blot under the words,1,non_native,l2_learner,arctic_b0049
l2_arctic,HQTV,Vietnamese,M,train,ai-training/datasets/l2-arctic/raw/l2arctic_release_v5.0/HQTV/wav/arctic_b0050.wav,All this day Gregson remained in the cabin,1,non_native,l2_learner,arctic_b0050
l2_arctic,HQTV,Vietnamese,M,train,ai-training/datasets/l2-arctic/raw/l2arctic_release_v5.0/HQTV/wav/arctic_b0051.wav,The sixth day he spent in the cabin with Gregson,1,non_native,l2_learner,arctic_b0051
l2_arctic,HQTV,Vietnamese,M,train,ai-training/datasets/l2-arctic/raw/l2arctic_release_v5.0/HQTV/wav/arctic_b0052.wav,The flush was gone from her face,1,non_native,l2_learner,arctic_b0052
l2_arctic,HQTV,Vietnamese,M,train,ai-training/datasets/l2-arctic/raw/l2arctic_release_v5.0/HQTV/wav/arctic_b0053.wav,That is why I am am rattled he laughed,1,non_native,l2_learner,arctic_b0053
l2_arctic,HQTV,Vietnamese,M,train,ai-training/datasets/l2-arctic/raw/l2arctic_release_v5.0/HQTV/wav/arctic_b0054.wav,He understood the meaning of the look,1,non_native,l2_learner,arctic_b0054
l2_arctic,HQTV,Vietnamese,M,train,ai-training/datasets/l2-arctic/raw/l2arctic_release_v5.0/HQTV/wav/arctic_b0055.wav,She was even more beautiful than when I saw her before,1,non_native,l2_learner,arctic_b0055
l2_arctic,HQTV,Vietnamese,M,train,ai-training/datasets/l2-arctic/raw/l2arctic_release_v5.0/HQTV/wav/arctic_b0056.wav,I'll give a thousand if you produce her retorted Gregson,1,non_native,l2_learner,arctic_b0056
l2_arctic,HQTV,Vietnamese,M,train,ai-training/datasets/l2-arctic/raw/l2arctic_release_v5.0/HQTV/wav/arctic_b0057.wav,They have won popular sentiment through the newspapers,1,non_native,l2_learner,arctic_b0057
l2_arctic,HQTV,Vietnamese,M,train,ai-training/datasets/l2-arctic/raw/l2arctic_release_v5.0/HQTV/wav/arctic_b0058.wav,We must achieve our own salvation,1,non_native,l2_learner,arctic_b0058
l2_arctic,HQTV,Vietnamese,M,train,ai-training/datasets/l2-arctic/raw/l2arctic_release_v5.0/HQTV/wav/arctic_b0059.wav,In moments of mental energy Philip was restless,1,non_native,l2_learner,arctic_b0059
l2_arctic,HQTV,Vietnamese,M,train,ai-training/datasets/l2-arctic/raw/l2arctic_release_v5.0/HQTV/wav/arctic_b0060.wav,He would keep his faith with Gregson for the promised day or two,1,non_native,l2_learner,arctic_b0060
l2_arctic,HQTV,Vietnamese,M,train,ai-training/datasets/l2-arctic/raw/l2arctic_release_v5.0/HQTV/wav/arctic_b0061.wav,Something about it seemed to fascinate him to challenge his presence,1,non_native,l2_learner,arctic_b0061
l2_arctic,HQTV,Vietnamese,M,train,ai-training/datasets/l2-arctic/raw/l2arctic_release_v5.0/HQTV/wav/arctic_b0062.wav,Now it was missing from the wall,1,non_native,l2_learner,arctic_b0062
l2_arctic,HQTV,Vietnamese,M,train,ai-training/datasets/l2-arctic/raw/l2arctic_release_v5.0/HQTV/wav/arctic_b0063.wav,He boiled himself some coffee and sat down to wait,1,non_native,l2_learner,arctic_b0063
l2_arctic,HQTV,Vietnamese,M,train,ai-training/datasets/l2-arctic/raw/l2arctic_release_v5.0/HQTV/wav/arctic_b0064.wav,I'm going down there with you and I'm going to fight,1,non_native,l2_learner,arctic_b0064
l2_arctic,HQTV,Vietnamese,M,train,ai-training/datasets/l2-arctic/raw/l2arctic_release_v5.0/HQTV/wav/arctic_b0065.wav,Now have you got anything to say against me Mister Philip,1,non_native,l2_learner,arctic_b0065
l2_arctic,HQTV,Vietnamese,M,train,ai-training/datasets/l2-arctic/raw/l2arctic_release_v5.0/HQTV/wav/arctic_b0066.wav,If I meet her again I shall apologize said Eileen,1,non_native,l2_learner,arctic_b0066
l2_arctic,HQTV,Vietnamese,M,train,ai-training/datasets/l2-arctic/raw/l2arctic_release_v5.0/HQTV/wav/arctic_b0067.wav,Below him the shadow was broken into a pool of rippling starlight,1,non_native,l2_learner,arctic_b0067
l2_arctic,HQTV,Vietnamese,M,train,ai-training/datasets/l2-arctic/raw/l2arctic_release_v5.0/HQTV/wav/arctic_b0068.wav,Only the chance sound had led him to observe them,1,non_native,l2_learner,arctic_b0068
l2_arctic,HQTV,Vietnamese,M,train,ai-training/datasets/l2-arctic/raw/l2arctic_release_v5.0/HQTV/wav/arctic_b0069.wav,Could the incident have anything to do with Jeanne and Pierre,1,non_native,l2_learner,arctic_b0069
l2_arctic,HQTV,Vietnamese,M,train,ai-training/datasets/l2-arctic/raw/l2arctic_release_v5.0/HQTV/wav/arctic_b0070.wav,There was no chance to fire without hitting him,1,non_native,l2_learner,arctic_b0070
l2_arctic,HQTV,Vietnamese,M,train,ai-training/datasets/l2-arctic/raw/l2arctic_release_v5.0/HQTV/wav/arctic_b0071.wav,There was no answer from the other side,1,non_native,l2_learner,arctic_b0071
l2_arctic,HQTV,Vietnamese,M,train,ai-training/datasets/l2-arctic/raw/l2arctic_release_v5.0/HQTV/wav/arctic_b0072.wav,Then he hastened on as Pierre had guided him,1,non_native,l2_learner,arctic_b0072
l2_arctic,HQTV,Vietnamese,M,train,ai-training/datasets/l2-arctic/raw/l2arctic_release_v5.0/HQTV/wav/arctic_b0073.wav,With these arguments he convinced himself that he should go on alone,1,non_native,l2_learner,arctic_b0073
l2_arctic,HQTV,Vietnamese,M,train,ai-training/datasets/l2-arctic/raw/l2arctic_release_v5.0/HQTV/wav/arctic_b0074.wav,Yet behind them there was another and more powerful motive,1,non_native,l2_learner,arctic_b0074
l2_arctic,HQTV,Vietnamese,M,train,ai-training/datasets/l2-arctic/raw/l2arctic_release_v5.0/HQTV/wav/arctic_b0075.wav,In that case he could not miss them if he used caution,1,non_native,l2_learner,arctic_b0075
l2_arctic,HQTV,Vietnamese,M,train,ai-training/datasets/l2-arctic/raw/l2arctic_release_v5.0/HQTV/wav/arctic_b0076.wav,Before Philip could recover himself Jeanne's startled guards were upon him,1,non_native,l2_learner,arctic_b0076
l2_arctic,HQTV,Vietnamese,M,train,ai-training/datasets/l2-arctic/raw/l2arctic_release_v5.0/HQTV/wav/arctic_b0077.wav,It is the nearest refuge,1,non_native,l2_learner,arctic_b0077
l2_arctic,HQTV,Vietnamese,M,train,ai-training/datasets/l2-arctic/raw/l2arctic_release_v5.0/HQTV/wav/arctic_b0078.wav,There was pride and strength the ring of triumph in his voice,1,non_native,l2_learner,arctic_b0078
l2_arctic,HQTV,Vietnamese,M,train,ai-training/datasets/l2-arctic/raw/l2arctic_release_v5.0/HQTV/wav/arctic_b0079.wav,The truth of it set Jeanne quivering,1,non_native,l2_learner,arctic_b0079
l2_arctic,HQTV,Vietnamese,M,train,ai-training/datasets/l2-arctic/raw/l2arctic_release_v5.0/HQTV/wav/arctic_b0080.wav,Tomorrow it will be strong enough for you to stand upon,1,non_native,l2_learner,arctic_b0080
l2_arctic,HQTV,Vietnamese,M,train,ai-training/datasets/l2-arctic/raw/l2arctic_release_v5.0/HQTV/wav/arctic_b0081.wav,You were going to leave after you saw me on the rock,1,non_native,l2_learner,arctic_b0081
l2_arctic,HQTV,Vietnamese,M,train,ai-training/datasets/l2-arctic/raw/l2arctic_release_v5.0/HQTV/wav/arctic_b0082.wav,He bit his tongue and cursed himself at this fresh break,1,non_native,l2_learner,arctic_b0082
l2_arctic,HQTV,Vietnamese,M,train,ai-training/datasets/l2-arctic/raw/l2arctic_release_v5.0/HQTV/wav/arctic_b0083.wav,In it there was something that was almost tragedy,1,non_native,l2_learner,arctic_b0083
l2_arctic,HQTV,Vietnamese,M,train,ai-training/datasets/l2-arctic/raw/l2arctic_release_v5.0/HQTV/wav/arctic_b0084.wav,Your face is red with blood,1,non_native,l2_learner,arctic_b0084
l2_arctic,HQTV,Vietnamese,M,train,ai-training/datasets/l2-arctic/raw/l2arctic_release_v5.0/HQTV/wav/arctic_b0085.wav,Her eyes smiled truth at him as he came up the bank,1,non_native,l2_learner,arctic_b0085
l2_arctic,HQTV,Vietnamese,M,train,ai-training/datasets/l2-arctic/raw/l2arctic_release_v5.0/HQTV/wav/arctic_b0086.wav,He can care for himself,1,non_native,l2_learner,arctic_b0086
l2_arctic,HQTV,Vietnamese,M,train,ai-training/datasets/l2-arctic/raw/l2arctic_release_v5.0/HQTV/wav/arctic_b0087.wav,They will search for us between their camp and Churchill,1,non_native,l2_learner,arctic_b0087
l2_arctic,HQTV,Vietnamese,M,train,ai-training/datasets/l2-arctic/raw/l2arctic_release_v5.0/HQTV/wav/arctic_b0088.wav,Until I die he exclaimed,1,non_native,l2_learner,arctic_b0088
l2_arctic,HQTV,Vietnamese,M,train,ai-training/datasets/l2-arctic/raw/l2arctic_release_v5.0/HQTV/wav/arctic_b0089.wav,Her beautiful hair was done up in shining coils,1,non_native,l2_learner,arctic_b0089
l2_arctic,HQTV,Vietnamese,M,train,ai-training/datasets/l2-arctic/raw/l2arctic_release_v5.0/HQTV/wav/arctic_b0090.wav,The Churchill narrowed and its current became swifter as they progressed,1,non_native,l2_learner,arctic_b0090
l2_arctic,HQTV,Vietnamese,M,train,ai-training/datasets/l2-arctic/raw/l2arctic_release_v5.0/HQTV/wav/arctic_b0091.wav,For a full half minute Jeanne looked at him without speaking,1,non_native,l2_learner,arctic_b0091
l2_arctic,HQTV,Vietnamese,M,train,ai-training/datasets/l2-arctic/raw/l2arctic_release_v5.0/HQTV/wav/arctic_b0092.wav,I want to die in it,1,non_native,l2_learner,arctic_b0092
l2_arctic,HQTV,Vietnamese,M,train,ai-training/datasets/l2-arctic/raw/l2arctic_release_v5.0/HQTV/wav/arctic_b0093.wav,Darkness hid him from Jeanne,1,non_native,l2_learner,arctic_b0093
l2_arctic,HQTV,Vietnamese,M,train,ai-training/datasets/l2-arctic/raw/l2arctic_release_v5.0/HQTV/wav/arctic_b0094.wav,And yet if she came he had no words to say,1,non_native,l2_learner,arctic_b0094
l2_arctic,HQTV,Vietnamese,M,train,ai-training/datasets/l2-arctic/raw/l2arctic_release_v5.0/HQTV/wav/arctic_b0095.wav,He heard a sound which brought him quickly into consciousness of day,1,non_native,l2_learner,arctic_b0095
l2_arctic,HQTV,Vietnamese,M,train,ai-training/datasets/l2-arctic/raw/l2arctic_release_v5.0/HQTV/wav/arctic_b0096.wav,Within himself he called it no longer his own,1,non_native,l2_learner,arctic_b0096
l2_arctic,HQTV,Vietnamese,M,train,ai-training/datasets/l2-arctic/raw/l2arctic_release_v5.0/HQTV/wav/arctic_b0097.wav,Besides that noise makes me deaf,1,non_native,l2_learner,arctic_b0097
l2_arctic,HQTV,Vietnamese,M,train,ai-training/datasets/l2-arctic/raw/l2arctic_release_v5.0/HQTV/wav/arctic_b0098.wav,Philip looked back from the crest and saw Jeanne leaning over the canoe,1,non_native,l2_learner,arctic_b0098
l2_arctic,HQTV,Vietnamese,M,train,ai-training/datasets/l2-arctic/raw/l2arctic_release_v5.0/HQTV/wav/arctic_b0099.wav,Fifty yards ahead of her were the first of the rocks,1,non_native,l2_learner,arctic_b0099
l2_arctic,HQTV,Vietnamese,M,train,ai-training/datasets/l2-arctic/raw/l2arctic_release_v5.0/HQTV/wav/arctic_b0100.wav,There was one chance and only one of saving Jeanne,1,non_native,l2_learner,arctic_b0100
l2_arctic,HQTV,Vietnamese,M,train,ai-training/datasets/l2-arctic/raw/l2arctic_release_v5.0/HQTV/wav/arctic_b0101.wav,You're a devil for fighting and will surely win,1,non_native,l2_learner,arctic_b0101
l2_arctic,HQTV,Vietnamese,M,train,ai-training/datasets/l2-arctic/raw/l2arctic_release_v5.0/HQTV/wav/arctic_b0102.wav,I'll only be in the way,1,non_native,l2_learner,arctic_b0102
l2_arctic,HQTV,Vietnamese,M,train,ai-training/datasets/l2-arctic/raw/l2arctic_release_v5.0/HQTV/wav/arctic_b0103.wav,He lifted his eyes and a strange cry burst from his lips,1,non_native,l2_learner,arctic_b0103
l2_arctic,HQTV,Vietnamese,M,train,ai-training/datasets/l2-arctic/raw/l2arctic_release_v5.0/HQTV/wav/arctic_b0104.wav,Shooting pains passed like flashes of electricity through his body,1,non_native,l2_learner,arctic_b0104
l2_arctic,HQTV,Vietnamese,M,train,ai-training/datasets/l2-arctic/raw/l2arctic_release_v5.0/HQTV/wav/arctic_b0105.wav,I know that you are in charge there and Jeanne knows,1,non_native,l2_learner,arctic_b0105
l2_arctic,HQTV,Vietnamese,M,train,ai-training/datasets/l2-arctic/raw/l2arctic_release_v5.0/HQTV/wav/arctic_b0106.wav,For a full minute the two men stared into each other's face,1,non_native,l2_learner,arctic_b0106
l2_arctic,HQTV,Vietnamese,M,train,ai-training/datasets/l2-arctic/raw/l2arctic_release_v5.0/HQTV/wav/arctic_b0107.wav,He was sure now of but few things,1,non_native,l2_learner,arctic_b0107
l2_arctic,HQTV,Vietnamese,M,train,ai-training/datasets/l2-arctic/raw/l2arctic_release_v5.0/HQTV/wav/arctic_b0108.wav,It was a miracle and I owe you my life,1,non_native,l2_learner,arctic_b0108
l2_arctic,HQTV,Vietnamese,M,train,ai-training/datasets/l2-arctic/raw/l2arctic_release_v5.0/HQTV/wav/arctic_b0109.wav,Philip ate lightly of the food which Pierre had ready for him,1,non_native,l2_learner,arctic_b0109
l2_arctic,HQTV,Vietnamese,M,train,ai-training/datasets/l2-arctic/raw/l2arctic_release_v5.0/HQTV/wav/arctic_b0110.wav,Such men believe when they come together,1,non_native,l2_learner,arctic_b0110
l2_arctic,HQTV,Vietnamese,M,train,ai-training/datasets/l2-arctic/raw/l2arctic_release_v5.0/HQTV/wav/arctic_b0111.wav,The journey was continued at dawn,1,non_native,l2_learner,arctic_b0111
l2_arctic,HQTV,Vietnamese,M,train,ai-training/datasets/l2-arctic/raw/l2arctic_release_v5.0/HQTV/wav/arctic_b0112.wav,Jeanne and Pierre both gazed toward the great rock,1,non_native,l2_learner,arctic_b0112
l2_arctic,HQTV,Vietnamese,M,train,ai-training/datasets/l2-arctic/raw/l2arctic_release_v5.0/HQTV/wav/arctic_b0113.wav,There was something pathetic in the girl's attitude now,1,non_native,l2_learner,arctic_b0113
l2_arctic,HQTV,Vietnamese,M,train,ai-training/datasets/l2-arctic/raw/l2arctic_release_v5.0/HQTV/wav/arctic_b0114.wav,He moved his position and the illusion was gone,1,non_native,l2_learner,arctic_b0114
l2_arctic,HQTV,Vietnamese,M,train,ai-training/datasets/l2-arctic/raw/l2arctic_release_v5.0/HQTV/wav/arctic_b0115.wav,For two hours not a word passed between them,1,non_native,l2_learner,arctic_b0115
l2_arctic,HQTV,Vietnamese,M,train,ai-training/datasets/l2-arctic/raw/l2arctic_release_v5.0/HQTV/wav/arctic_b0116.wav,I have hunted along this ridge replied Philip,1,non_native,l2_learner,arctic_b0116
l2_arctic,HQTV,Vietnamese,M,train,ai-training/datasets/l2-arctic/raw/l2arctic_release_v5.0/HQTV/wav/arctic_b0117.wav,That's Thorpe's said the young engineer,1,non_native,l2_learner,arctic_b0117
l2_arctic,HQTV,Vietnamese,M,train,ai-training/datasets/l2-arctic/raw/l2arctic_release_v5.0/HQTV/wav/arctic_b0118.wav,We saw your light and thought you wouldn't mind a call,1,non_native,l2_learner,arctic_b0118
l2_arctic,HQTV,Vietnamese,M,train,ai-training/datasets/l2-arctic/raw/l2arctic_release_v5.0/HQTV/wav/arctic_b0119.wav,Billinger may arrive in time,1,non_native,l2_learner,arctic_b0119
l2_arctic,HQTV,Vietnamese,M,train,ai-training/datasets/l2-arctic/raw/l2arctic_release_v5.0/HQTV/wav/arctic_b0120.wav,There's the hitch replied Thorpe rolling a cigarette,1,non_native,l2_learner,arctic_b0120
l2_arctic,HQTV,Vietnamese,M,train,ai-training/datasets/l2-arctic/raw/l2arctic_release_v5.0/HQTV/wav/arctic_b0121.wav,I want my men to work by themselves,1,non_native,l2_learner,arctic_b0121
l2_arctic,HQTV,Vietnamese,M,train,ai-training/datasets/l2-arctic/raw/l2arctic_release_v5.0/HQTV/wav/arctic_b0122.wav,Philip saw MacDougall soon after his short talk with Thorpe,1,non_native,l2_learner,arctic_b0122
l2_arctic,HQTV,Vietnamese,M,train,ai-training/datasets/l2-arctic/raw/l2arctic_release_v5.0/HQTV/wav/arctic_b0123.wav,Neither could they understand the growing disaffection among Thorpe's men,1,non_native,l2_learner,arctic_b0123
l2_arctic,HQTV,Vietnamese,M,train,ai-training/datasets/l2-arctic/raw/l2arctic_release_v5.0/HQTV/wav/arctic_b0124.wav,Two weeks passed and in that time Thorpe left camp three times,1,non_native,l2_learner,arctic_b0124
l2_arctic,HQTV,Vietnamese,M,train,ai-training/datasets/l2-arctic/raw/l2arctic_release_v5.0/HQTV/wav/arctic_b0125.wav,It was the third or fourth time that Philip had heard MacDougall swear,1,non_native,l2_learner,arctic_b0125
l2_arctic,HQTV,Vietnamese,M,train,ai-training/datasets/l2-arctic/raw/l2arctic_release_v5.0/HQTV/wav/arctic_b0126.wav,Blood was oozing slowly from the wounded man's right breast,1,non_native,l2_learner,arctic_b0126
l2_arctic,HQTV,Vietnamese,M,train,ai-training/datasets/l2-arctic/raw/l2arctic_release_v5.0/HQTV/wav/arctic_b0127.wav,He destroyed everything that had belonged to the woman,1,non_native,l2_learner,arctic_b0127
l2_arctic,HQTV,Vietnamese,M,train,ai-training/datasets/l2-arctic/raw/l2arctic_release_v5.0/HQTV/wav/arctic_b0128.wav,Philip bent low over Pierre,1,non_native,l2_learner,arctic_b0128
l2_arctic,HQTV,Vietnamese,M,train,ai-training/datasets/l2-arctic/raw/l2arctic_release_v5.0/HQTV/wav/arctic_b0129.wav,Did Thorpe go to see any one in Churchill,1,non_native,l2_learner,arctic_b0129
l2_arctic,HQTV,Vietnamese,M,train,ai-training/datasets/l2-arctic/raw/l2arctic_release_v5.0/HQTV/wav/arctic_b0130.wav,She saw the answer in his face,1,non_native,l2_learner,arctic_b0130
l2_arctic,HQTV,Vietnamese,M,train,ai-training/datasets/l2-arctic/raw/l2arctic_release_v5.0/HQTV/wav/arctic_b0131.wav,Thorpe and his men were to destroy this camp and kill you,1,non_native,l2_learner,arctic_b0131
l2_arctic,HQTV,Vietnamese,M,train,ai-training/datasets/l2-arctic/raw/l2arctic_release_v5.0/HQTV/wav/arctic_b0132.wav,There is no need of further detail now for you can understand,1,non_native,l2_learner,arctic_b0132
l2_arctic,HQTV,Vietnamese,M,train,ai-training/datasets/l2-arctic/raw/l2arctic_release_v5.0/HQTV/wav/arctic_b0133.wav,There followed a roar that shook the earth,1,non_native,l2_learner,arctic_b0133
l2_arctic,HQTV,Vietnamese,M,train,ai-training/datasets/l2-arctic/raw/l2arctic_release_v5.0/HQTV/wav/arctic_b0134.wav,Blind with rage he darted in,1,non_native,l2_learner,arctic_b0134
l2_arctic,HQTV,Vietnamese,M,train,ai-training/datasets/l2-arctic/raw/l2arctic_release_v5.0/HQTV/wav/arctic_b0135.wav,In it was the joy of life,1,non_native,l2_learner,arctic_b0135
l2_arctic,HQTV,Vietnamese,M,train,ai-training/datasets/l2-arctic/raw/l2arctic_release_v5.0/HQTV/wav/arctic_b0136.wav,Swiftly his eyes measured the situation,1,non_native,l2_learner,arctic_b0136
l2_arctic,HQTV,Vietnamese,M,train,ai-training/datasets/l2-arctic/raw/l2arctic_release_v5.0/HQTV/wav/arctic_b0137.wav,But this little defect did not worry him,1,non_native,l2_learner,arctic_b0137
l2_arctic,HQTV,Vietnamese,M,train,ai-training/datasets/l2-arctic/raw/l2arctic_release_v5.0/HQTV/wav/arctic_b0138.wav,And then steadily he began to chew,1,non_native,l2_learner,arctic_b0138
l2_arctic,HQTV,Vietnamese,M,train,ai-training/datasets/l2-arctic/raw/l2arctic_release_v5.0/HQTV/wav/arctic_b0139.wav,Together they ate the rabbit,1,non_native,l2_learner,arctic_b0139
l2_arctic,HQTV,Vietnamese,M,train,ai-training/datasets/l2-arctic/raw/l2arctic_release_v5.0/HQTV/wav/arctic_b0140.wav,They edged nearer and stood shoulder to shoulder facing their world,1,non_native,l2_learner,arctic_b0140
l2_arctic,HQTV,Vietnamese,M,train,ai-training/datasets/l2-arctic/raw/l2arctic_release_v5.0/HQTV/wav/arctic_b0141.wav,It was beating and waiting in the ambush of those black pits,1,non_native,l2_learner,arctic_b0141
l2_arctic,HQTV,Vietnamese,M,train,ai-training/datasets/l2-arctic/raw/l2arctic_release_v5.0/HQTV/wav/arctic_b0142.wav,Something vastly more thrilling had come into it now,1,non_native,l2_learner,arctic_b0142
l2_arctic,HQTV,Vietnamese,M,train,ai-training/datasets/l2-arctic/raw/l2arctic_release_v5.0/HQTV/wav/arctic_b0143.wav,It took him half an hour to reach the edge of it,1,non_native,l2_learner,arctic_b0143
l2_arctic,HQTV,Vietnamese,M,train,ai-training/datasets/l2-arctic/raw/l2arctic_release_v5.0/HQTV/wav/arctic_b0144.wav,But there was no longer the mother yearning in his heart,1,non_native,l2_learner,arctic_b0144
l2_arctic,HQTV,Vietnamese,M,train,ai-training/datasets/l2-arctic/raw/l2arctic_release_v5.0/HQTV/wav/arctic_b0145.wav,Besides had he not whipped the big owl in the forest,1,non_native,l2_learner,arctic_b0145
l2_arctic,HQTV,Vietnamese,M,train,ai-training/datasets/l2-arctic/raw/l2arctic_release_v5.0/HQTV/wav/arctic_b0146.wav,After all it was simply a mistake in judgment,1,non_native,l2_learner,arctic_b0146
l2_arctic,HQTV,Vietnamese,M,train,ai-training/datasets/l2-arctic/raw/l2arctic_release_v5.0/HQTV/wav/arctic_b0147.wav,Had it struck squarely it would have killed him,1,non_native,l2_learner,arctic_b0147
l2_arctic,HQTV,Vietnamese,M,train,ai-training/datasets/l2-arctic/raw/l2arctic_release_v5.0/HQTV/wav/arctic_b0148.wav,The Indian even poked his stick into the thick ground spruce,1,non_native,l2_learner,arctic_b0148
l2_arctic,HQTV,Vietnamese,M,train,ai-training/datasets/l2-arctic/raw/l2arctic_release_v5.0/HQTV/wav/arctic_b0149.wav,Pebbles and dirt flew along with hair and fur,1,non_native,l2_learner,arctic_b0149
l2_arctic,HQTV,Vietnamese,M,train,ai-training/datasets/l2-arctic/raw/l2arctic_release_v5.0/HQTV/wav/arctic_b0150.wav,And he was filled with a strange and foreboding fear,1,non_native,l2_learner,arctic_b0150
l2_arctic,HQTV,Vietnamese,M,train,ai-training/datasets/l2-arctic/raw/l2arctic_release_v5.0/HQTV/wav/arctic_b0151.wav,It was steel a fisher trap,1,non_native,l2_learner,arctic_b0151
l2_arctic,HQTV,Vietnamese,M,train,ai-training/datasets/l2-arctic/raw/l2arctic_release_v5.0/HQTV/wav/arctic_b0152.wav,OW a wild dog he growled,1,non_native,l2_learner,arctic_b0152
l2_arctic,HQTV,Vietnamese,M,train,ai-training/datasets/l2-arctic/raw/l2arctic_release_v5.0/HQTV/wav/arctic_b0153.wav,He was a pariah a wanderer without a friend or a home,1,non_native,l2_learner,arctic_b0153
l2_arctic,HQTV,Vietnamese,M,train,ai-training/datasets/l2-arctic/raw/l2arctic_release_v5.0/HQTV/wav/arctic_b0154.wav,That is the strange part of it,1,non_native,l2_learner,arctic_b0154
l2_arctic,HQTV,Vietnamese,M,train,ai-training/datasets/l2-arctic/raw/l2arctic_release_v5.0/HQTV/wav/arctic_b0155.wav,His freshly caught furs he flung to the floor,1,non_native,l2_learner,arctic_b0155
l2_arctic,HQTV,Vietnamese,M,train,ai-training/datasets/l2-arctic/raw/l2arctic_release_v5.0/HQTV/wav/arctic_b0156.wav,For that reason Le Beau had chosen him to fight the big fight,1,non_native,l2_learner,arctic_b0156
l2_arctic,HQTV,Vietnamese,M,train,ai-training/datasets/l2-arctic/raw/l2arctic_release_v5.0/HQTV/wav/arctic_b0157.wav,In the crib the baby sat up and began to prattle,1,non_native,l2_learner,arctic_b0157
l2_arctic,HQTV,Vietnamese,M,train,ai-training/datasets/l2-arctic/raw/l2arctic_release_v5.0/HQTV/wav/arctic_b0158.wav,She obeyed shrinking back with the baby in her arms,1,non_native,l2_learner,arctic_b0158
l2_arctic,HQTV,Vietnamese,M,train,ai-training/datasets/l2-arctic/raw/l2arctic_release_v5.0/HQTV/wav/arctic_b0159.wav,His teeth shut with a last click,1,non_native,l2_learner,arctic_b0159
l2_arctic,HQTV,Vietnamese,M,train,ai-training/datasets/l2-arctic/raw/l2arctic_release_v5.0/HQTV/wav/arctic_b0160.wav,It was over when he made his way through the ring of spectators,1,non_native,l2_learner,arctic_b0160
l2_arctic,HQTV,Vietnamese,M,train,ai-training/datasets/l2-arctic/raw/l2arctic_release_v5.0/HQTV/wav/arctic_b0161.wav,In a flash he was on his feet facing him,1,non_native,l2_learner,arctic_b0161
l2_arctic,HQTV,Vietnamese,M,train,ai-training/datasets/l2-arctic/raw/l2arctic_release_v5.0/HQTV/wav/arctic_b0162.wav,He thought he saw a shudder pass through the Factor's shoulders,1,non_native,l2_learner,arctic_b0162
l2_arctic,HQTV,Vietnamese,M,train,ai-training/datasets/l2-arctic/raw/l2arctic_release_v5.0/HQTV/wav/arctic_b0163.wav,The moon had already begun its westward decline,1,non_native,l2_learner,arctic_b0163
l2_arctic,HQTV,Vietnamese,M,train,ai-training/datasets/l2-arctic/raw/l2arctic_release_v5.0/HQTV/wav/arctic_b0164.wav,They laughed like two happy children,1,non_native,l2_learner,arctic_b0164
l2_arctic,HQTV,Vietnamese,M,train,ai-training/datasets/l2-arctic/raw/l2arctic_release_v5.0/HQTV/wav/arctic_b0165.wav,He pulled and the log crashed down to break his back,1,non_native,l2_learner,arctic_b0165
l2_arctic,HQTV,Vietnamese,M,train,ai-training/datasets/l2-arctic/raw/l2arctic_release_v5.0/HQTV/wav/arctic_b0166.wav,Fast but endure,1,non_native,l2_learner,arctic_b0166
l2_arctic,HQTV,Vietnamese,M,train,ai-training/datasets/l2-arctic/raw/l2arctic_release_v5.0/HQTV/wav/arctic_b0167.wav,A little before dawn of the day following the fire relief came,1,non_native,l2_learner,arctic_b0167
l2_arctic,HQTV,Vietnamese,M,train,ai-training/datasets/l2-arctic/raw/l2arctic_release_v5.0/HQTV/wav/arctic_b0168.wav,The Indian felt the worship of her warm in his heart,1,non_native,l2_learner,arctic_b0168
l2_arctic,HQTV,Vietnamese,M,train,ai-training/datasets/l2-arctic/raw/l2arctic_release_v5.0/HQTV/wav/arctic_b0169.wav,He drew in a deep breath as he looked at them,1,non_native,l2_learner,arctic_b0169
l2_arctic,HQTV,Vietnamese,M,train,ai-training/datasets/l2-arctic/raw/l2arctic_release_v5.0/HQTV/wav/arctic_b0170.wav,Then he shouted Shut up,1,non_native,l2_learner,arctic_b0170
l2_arctic,HQTV,Vietnamese,M,train,ai-training/datasets/l2-arctic/raw/l2arctic_release_v5.0/HQTV/wav/arctic_b0171.wav,He changed his seat for a steamer reclining chair,1,non_native,l2_learner,arctic_b0171
l2_arctic,HQTV,Vietnamese,M,train,ai-training/datasets/l2-arctic/raw/l2arctic_release_v5.0/HQTV/wav/arctic_b0172.wav,On the far corner of the compound fence a hawk brooded,1,non_native,l2_learner,arctic_b0172
l2_arctic,HQTV,Vietnamese,M,train,ai-training/datasets/l2-arctic/raw/l2arctic_release_v5.0/HQTV/wav/arctic_b0173.wav,To these he gave castor oil,1,non_native,l2_learner,arctic_b0173
l2_arctic,HQTV,Vietnamese,M,train,ai-training/datasets/l2-arctic/raw/l2arctic_release_v5.0/HQTV/wav/arctic_b0174.wav,Hatred and murder and lust for revenge they possessed to overflowing,1,non_native,l2_learner,arctic_b0174
l2_arctic,HQTV,Vietnamese,M,train,ai-training/datasets/l2-arctic/raw/l2arctic_release_v5.0/HQTV/wav/arctic_b0175.wav,Sheldon glanced at the thermometer,1,non_native,l2_learner,arctic_b0175
l2_arctic,HQTV,Vietnamese,M,train,ai-training/datasets/l2-arctic/raw/l2arctic_release_v5.0/HQTV/wav/arctic_b0176.wav,I'll see to poor Hughie,1,non_native,l2_learner,arctic_b0176
l2_arctic,HQTV,Vietnamese,M,train,ai-training/datasets/l2-arctic/raw/l2arctic_release_v5.0/HQTV/wav/arctic_b0177.wav,Her gray eyes were flashing and her lips were quivering,1,non_native,l2_learner,arctic_b0177
l2_arctic,HQTV,Vietnamese,M,train,ai-training/datasets/l2-arctic/raw/l2arctic_release_v5.0/HQTV/wav/arctic_b0178.wav,Also I want information,1,non_native,l2_learner,arctic_b0178
l2_arctic,HQTV,Vietnamese,M,train,ai-training/datasets/l2-arctic/raw/l2arctic_release_v5.0/HQTV/wav/arctic_b0179.wav,Let them go out and eat with my boys,1,non_native,l2_learner,arctic_b0179
l2_arctic,HQTV,Vietnamese,M,train,ai-training/datasets/l2-arctic/raw/l2arctic_release_v5.0/HQTV/wav/arctic_b0180.wav,I I beg pardon he drawled,1,non_native,l2_learner,arctic_b0180
l2_arctic,HQTV,Vietnamese,M,train,ai-training/datasets/l2-arctic/raw/l2arctic_release_v5.0/HQTV/wav/arctic_b0181.wav,And you preferred a cannibal isle and a cartridge belt,1,non_native,l2_learner,arctic_b0181
l2_arctic,HQTV,Vietnamese,M,train,ai-training/datasets/l2-arctic/raw/l2arctic_release_v5.0/HQTV/wav/arctic_b0182.wav,I was in New York when the crash came,1,non_native,l2_learner,arctic_b0182
l2_arctic,HQTV,Vietnamese,M,train,ai-training/datasets/l2-arctic/raw/l2arctic_release_v5.0/HQTV/wav/arctic_b0183.wav,No I did not fall among thieves,1,non_native,l2_learner,arctic_b0183
l2_arctic,HQTV,Vietnamese,M,train,ai-training/datasets/l2-arctic/raw/l2arctic_release_v5.0/HQTV/wav/arctic_b0184.wav,Such things in her brain were like so many oaths on her lips,1,non_native,l2_learner,arctic_b0184
l2_arctic,HQTV,Vietnamese,M,train,ai-training/datasets/l2-arctic/raw/l2arctic_release_v5.0/HQTV/wav/arctic_b0185.wav,Your being wrecked here has been a godsend to me,1,non_native,l2_learner,arctic_b0185
l2_arctic,HQTV,Vietnamese,M,train,ai-training/datasets/l2-arctic/raw/l2arctic_release_v5.0/HQTV/wav/arctic_b0186.wav,I can't go elsewhere by your own account,1,non_native,l2_learner,arctic_b0186
l2_arctic,HQTV,Vietnamese,M,train,ai-training/datasets/l2-arctic/raw/l2arctic_release_v5.0/HQTV/wav/arctic_b0187.wav,Her achievements with cocoanuts were a revelation,1,non_native,l2_learner,arctic_b0187
l2_arctic,HQTV,Vietnamese,M,train,ai-training/datasets/l2-arctic/raw/l2arctic_release_v5.0/HQTV/wav/arctic_b0188.wav,He glanced down at her helplessly and moistened his lips,1,non_native,l2_learner,arctic_b0188
l2_arctic,HQTV,Vietnamese,M,train,ai-training/datasets/l2-arctic/raw/l2arctic_release_v5.0/HQTV/wav/arctic_b0189.wav,That is what distinguishes all of us from the lower animals,1,non_native,l2_learner,arctic_b0189
l2_arctic,HQTV,Vietnamese,M,train,ai-training/datasets/l2-arctic/raw/l2arctic_release_v5.0/HQTV/wav/arctic_b0190.wav,Idealism led him to philosophic anarchy and his family threw him off,1,non_native,l2_learner,arctic_b0190
l2_arctic,HQTV,Vietnamese,M,train,ai-training/datasets/l2-arctic/raw/l2arctic_release_v5.0/HQTV/wav/arctic_b0191.wav,He also contended that better confidence was established by carrying no weapons,1,non_native,l2_learner,arctic_b0191
l2_arctic,HQTV,Vietnamese,M,train,ai-training/datasets/l2-arctic/raw/l2arctic_release_v5.0/HQTV/wav/arctic_b0192.wav,Outsiders are allowed five minute speeches the sick man urged,1,non_native,l2_learner,arctic_b0192
l2_arctic,HQTV,Vietnamese,M,train,ai-training/datasets/l2-arctic/raw/l2arctic_release_v5.0/HQTV/wav/arctic_b0193.wav,So was Packard's finish suicide,1,non_native,l2_learner,arctic_b0193
l2_arctic,HQTV,Vietnamese,M,train,ai-training/datasets/l2-arctic/raw/l2arctic_release_v5.0/HQTV/wav/arctic_b0194.wav,Joan cried with shining eyes,1,non_native,l2_learner,arctic_b0194
l2_arctic,HQTV,Vietnamese,M,train,ai-training/datasets/l2-arctic/raw/l2arctic_release_v5.0/HQTV/wav/arctic_b0195.wav,Nobody knows how the natives got them,1,non_native,l2_learner,arctic_b0195
l2_arctic,HQTV,Vietnamese,M,train,ai-training/datasets/l2-arctic/raw/l2arctic_release_v5.0/HQTV/wav/arctic_b0196.wav,How can you manage all alone Mister Young,1,non_native,l2_learner,arctic_b0196
l2_arctic,HQTV,Vietnamese,M,train,ai-training/datasets/l2-arctic/raw/l2arctic_release_v5.0/HQTV/wav/arctic_b0197.wav,The planters are already considering the matter,1,non_native,l2_learner,arctic_b0197
l2_arctic,HQTV,Vietnamese,M,train,ai-training/datasets/l2-arctic/raw/l2arctic_release_v5.0/HQTV/wav/arctic_b0198.wav,I use great trouble advisedly,1,non_native,l2_learner,arctic_b0198
l2_arctic,HQTV,Vietnamese,M,train,ai-training/datasets/l2-arctic/raw/l2arctic_release_v5.0/HQTV/wav/arctic_b0199.wav,Dear Sir Your second victim has fallen on schedule time,1,non_native,l2_learner,arctic_b0199
l2_arctic,HQTV,Vietnamese,M,train,ai-training/datasets/l2-arctic/raw/l2arctic_release_v5.0/HQTV/wav/arctic_b0200.wav,We leave the eventuality to time and law,1,non_native,l2_learner,arctic_b0200
l2_arctic,HQTV,Vietnamese,M,train,ai-training/datasets/l2-arctic/raw/l2arctic_release_v5.0/HQTV/wav/arctic_b0201.wav,I also understand that similar branch organizations have made their appearance in Europe,1,non_native,l2_learner,arctic_b0201
l2_arctic,HQTV,Vietnamese,M,train,ai-training/datasets/l2-arctic/raw/l2arctic_release_v5.0/HQTV/wav/arctic_b0202.wav,Society is shaken to its foundations,1,non_native,l2_learner,arctic_b0202
l2_arctic,HQTV,Vietnamese,M,train,ai-training/datasets/l2-arctic/raw/l2arctic_release_v5.0/HQTV/wav/arctic_b0203.wav,A month in Australia would finish me,1,non_native,l2_learner,arctic_b0203
l2_arctic,HQTV,Vietnamese,M,train,ai-training/datasets/l2-arctic/raw/l2arctic_release_v5.0/HQTV/wav/arctic_b0204.wav,Down through the perfume weighted air fluttered the snowy fluffs of the cottonwoods,1,non_native,l2_learner,arctic_b0204
l2_arctic,HQTV,Vietnamese,M,train,ai-training/datasets/l2-arctic/raw/l2arctic_release_v5.0/HQTV/wav/arctic_b0205.wav,You were destroying my life,1,non_native,l2_learner,arctic_b0205
l2_arctic,HQTV,Vietnamese,M,train,ai-training/datasets/l2-arctic/raw/l2arctic_release_v5.0/HQTV/wav/arctic_b0206.wav,Horses and rifles had been her toys camp and trail her nursery,1,non_native,l2_learner,arctic_b0206
l2_arctic,HQTV,Vietnamese,M,train,ai-training/datasets/l2-arctic/raw/l2arctic_release_v5.0/HQTV/wav/arctic_b0207.wav,I'm as good as a man she urged,1,non_native,l2_learner,arctic_b0207
l2_arctic,HQTV,Vietnamese,M,train,ai-training/datasets/l2-arctic/raw/l2arctic_release_v5.0/HQTV/wav/arctic_b0208.wav,You read the quotations in today's paper,1,non_native,l2_learner,arctic_b0208
l2_arctic,HQTV,Vietnamese,M,train,ai-training/datasets/l2-arctic/raw/l2arctic_release_v5.0/HQTV/wav/arctic_b0209.wav,He's terribly touchy about his black wards as he calls them,1,non_native,l2_learner,arctic_b0209
l2_arctic,HQTV,Vietnamese,M,train,ai-training/datasets/l2-arctic/raw/l2arctic_release_v5.0/HQTV/wav/arctic_b0210.wav,Whatever he guessed he locked away in the taboo room of Naomi,1,non_native,l2_learner,arctic_b0210
l2_arctic,HQTV,Vietnamese,M,train,ai-training/datasets/l2-arctic/raw/l2arctic_release_v5.0/HQTV/wav/arctic_b0211.wav,This is eighteen eighty,1,non_native,l2_learner,arctic_b0211
l2_arctic,HQTV,Vietnamese,M,train,ai-training/datasets/l2-arctic/raw/l2arctic_release_v5.0/HQTV/wav/arctic_b0212.wav,Death is and has been ever since old Maui died,1,non_native,l2_learner,arctic_b0212
l2_arctic,HQTV,Vietnamese,M,train,ai-training/datasets/l2-arctic/raw/l2arctic_release_v5.0/HQTV/wav/arctic_b0213.wav,Some boy she laughed acquiescence,1,non_native,l2_learner,arctic_b0213
l2_arctic,HQTV,Vietnamese,M,train,ai-training/datasets/l2-arctic/raw/l2arctic_release_v5.0/HQTV/wav/arctic_b0214.wav,Let us talk it over and find a way out,1,non_native,l2_learner,arctic_b0214
l2_arctic,HQTV,Vietnamese,M,train,ai-training/datasets/l2-arctic/raw/l2arctic_release_v5.0/HQTV/wav/arctic_b0215.wav,It is a good property and worth more than that,1,non_native,l2_learner,arctic_b0215
l2_arctic,HQTV,Vietnamese,M,train,ai-training/datasets/l2-arctic/raw/l2arctic_release_v5.0/HQTV/wav/arctic_b0216.wav,I wish you were more adaptable Joan retorted,1,non_native,l2_learner,arctic_b0216
l2_arctic,HQTV,Vietnamese,M,train,ai-training/datasets/l2-arctic/raw/l2arctic_release_v5.0/HQTV/wav/arctic_b0217.wav,Such is my passage engaged on the steamer,1,non_native,l2_learner,arctic_b0217
l2_arctic,HQTV,Vietnamese,M,train,ai-training/datasets/l2-arctic/raw/l2arctic_release_v5.0/HQTV/wav/arctic_b0218.wav,The issue was not in doubt,1,non_native,l2_learner,arctic_b0218
l2_arctic,HQTV,Vietnamese,M,train,ai-training/datasets/l2-arctic/raw/l2arctic_release_v5.0/HQTV/wav/arctic_b0219.wav,Well there are better men in Hawaii that's all,1,non_native,l2_learner,arctic_b0219
l2_arctic,HQTV,Vietnamese,M,train,ai-training/datasets/l2-arctic/raw/l2arctic_release_v5.0/HQTV/wav/arctic_b0220.wav,Harry Bancroft Dave lied,1,non_native,l2_learner,arctic_b0220
l2_arctic,HQTV,Vietnamese,M,train,ai-training/datasets/l2-arctic/raw/l2arctic_release_v5.0/HQTV/wav/arctic_b0221.wav,It's a Yankee Joan cried,1,non_native,l2_learner,arctic_b0221
l2_arctic,HQTV,Vietnamese,M,train,ai-training/datasets/l2-arctic/raw/l2arctic_release_v5.0/HQTV/wav/arctic_b0222.wav,He was the leader and Tudor was his lieutenant,1,non_native,l2_learner,arctic_b0222
l2_arctic,HQTV,Vietnamese,M,train,ai-training/datasets/l2-arctic/raw/l2arctic_release_v5.0/HQTV/wav/arctic_b0223.wav,They likewise are disinclined to being eaten,1,non_native,l2_learner,arctic_b0223
l2_arctic,HQTV,Vietnamese,M,train,ai-training/datasets/l2-arctic/raw/l2arctic_release_v5.0/HQTV/wav/arctic_b0224.wav,But to culture the Revolution thus far had exhausted the Junta,1,non_native,l2_learner,arctic_b0224
l2_arctic,HQTV,Vietnamese,M,train,ai-training/datasets/l2-arctic/raw/l2arctic_release_v5.0/HQTV/wav/arctic_b0225.wav,The President of the United States was his friend,1,non_native,l2_learner,arctic_b0225
l2_arctic,HQTV,Vietnamese,M,train,ai-training/datasets/l2-arctic/raw/l2arctic_release_v5.0/HQTV/wav/arctic_b0226.wav,Your face was the personification of duplicity,1,non_native,l2_learner,arctic_b0226
l2_arctic,HQTV,Vietnamese,M,train,ai-training/datasets/l2-arctic/raw/l2arctic_release_v5.0/HQTV/wav/arctic_b0227.wav,Shorty turned to their employers,1,non_native,l2_learner,arctic_b0227
l2_arctic,HQTV,Vietnamese,M,train,ai-training/datasets/l2-arctic/raw/l2arctic_release_v5.0/HQTV/wav/arctic_b0228.wav,You were engaged,1,non_native,l2_learner,arctic_b0228
l2_arctic,HQTV,Vietnamese,M,train,ai-training/datasets/l2-arctic/raw/l2arctic_release_v5.0/HQTV/wav/arctic_b0229.wav,I saw it all myself and it was splendid,1,non_native,l2_learner,arctic_b0229
l2_arctic,HQTV,Vietnamese,M,train,ai-training/datasets/l2-arctic/raw/l2arctic_release_v5.0/HQTV/wav/arctic_b0230.wav,Now run along and tell them to hurry,1,non_native,l2_learner,arctic_b0230
l2_arctic,HQTV,Vietnamese,M,train,ai-training/datasets/l2-arctic/raw/l2arctic_release_v5.0/HQTV/wav/arctic_b0231.wav,What's that grub thief got to do with it,1,non_native,l2_learner,arctic_b0231
l2_arctic,HQTV,Vietnamese,M,train,ai-training/datasets/l2-arctic/raw/l2arctic_release_v5.0/HQTV/wav/arctic_b0232.wav,It was a superb picture,1,non_native,l2_learner,arctic_b0232
l2_arctic,HQTV,Vietnamese,M,train,ai-training/datasets/l2-arctic/raw/l2arctic_release_v5.0/HQTV/wav/arctic_b0233.wav,So she said the irate skipper dashed on,1,non_native,l2_learner,arctic_b0233
l2_arctic,HQTV,Vietnamese,M,train,ai-training/datasets/l2-arctic/raw/l2arctic_release_v5.0/HQTV/wav/arctic_b0234.wav,And watch out for wet feet was his parting advice,1,non_native,l2_learner,arctic_b0234
l2_arctic,HQTV,Vietnamese,M,train,ai-training/datasets/l2-arctic/raw/l2arctic_release_v5.0/HQTV/wav/arctic_b0235.wav,Raoul yelled in order to make himself heard,1,non_native,l2_learner,arctic_b0235
l2_arctic,HQTV,Vietnamese,M,train,ai-training/datasets/l2-arctic/raw/l2arctic_release_v5.0/HQTV/wav/arctic_b0236.wav,Oolong was two hundred and fifty miles from the nearest land,1,non_native,l2_learner,arctic_b0236
l2_arctic,HQTV,Vietnamese,M,train,ai-training/datasets/l2-arctic/raw/l2arctic_release_v5.0/HQTV/wav/arctic_b0237.wav,They just lay off in the bush and plugged away,1,non_native,l2_learner,arctic_b0237
l2_arctic,HQTV,Vietnamese,M,train,ai-training/datasets/l2-arctic/raw/l2arctic_release_v5.0/HQTV/wav/arctic_b0238.wav,The very thought of the effort to swim over was nauseating,1,non_native,l2_learner,arctic_b0238
l2_arctic,HQTV,Vietnamese,M,train,ai-training/datasets/l2-arctic/raw/l2arctic_release_v5.0/HQTV/wav/arctic_b0239.wav,And there was a dog that barked,1,non_native,l2_learner,arctic_b0239
l2_arctic,HQTV,Vietnamese,M,train,ai-training/datasets/l2-arctic/raw/l2arctic_release_v5.0/HQTV/wav/arctic_b0240.wav,There are four all low M'Coy answered,1,non_native,l2_learner,arctic_b0240
l2_arctic,HQTV,Vietnamese,M,train,ai-training/datasets/l2-arctic/raw/l2arctic_release_v5.0/HQTV/wav/arctic_b0241.wav,The women they carried away with them to the Big Valley,1,non_native,l2_learner,arctic_b0241
l2_arctic,HQTV,Vietnamese,M,train,ai-training/datasets/l2-arctic/raw/l2arctic_release_v5.0/HQTV/wav/arctic_b0242.wav,The Japanese understood as we could never school ourselves or hope to understand,1,non_native,l2_learner,arctic_b0242
l2_arctic,HQTV,Vietnamese,M,train,ai-training/datasets/l2-arctic/raw/l2arctic_release_v5.0/HQTV/wav/arctic_b0243.wav,They had been on the same lay as ourselves,1,non_native,l2_learner,arctic_b0243
l2_arctic,HQTV,Vietnamese,M,train,ai-training/datasets/l2-arctic/raw/l2arctic_release_v5.0/HQTV/wav/arctic_b0244.wav,You are positively soulless he said savagely,1,non_native,l2_learner,arctic_b0244
l2_arctic,HQTV,Vietnamese,M,train,ai-training/datasets/l2-arctic/raw/l2arctic_release_v5.0/HQTV/wav/arctic_b0245.wav,Harrison is still my chauffeur,1,non_native,l2_learner,arctic_b0245
l2_arctic,HQTV,Vietnamese,M,train,ai-training/datasets/l2-arctic/raw/l2arctic_release_v5.0/HQTV/wav/arctic_b0246.wav,The boy grew and prospered,1,non_native,l2_learner,arctic_b0246
l2_arctic,HQTV,Vietnamese,M,train,ai-training/datasets/l2-arctic/raw/l2arctic_release_v5.0/HQTV/wav/arctic_b0247.wav,He wanted to give the finish to this foe already so far gone,1,non_native,l2_learner,arctic_b0247
l2_arctic,HQTV,Vietnamese,M,train,ai-training/datasets/l2-arctic/raw/l2arctic_release_v5.0/HQTV/wav/arctic_b0248.wav,Exciting times are the lot of the fish patrol,1,non_native,l2_learner,arctic_b0248
l2_arctic,HQTV,Vietnamese,M,train,ai-training/datasets/l2-arctic/raw/l2arctic_release_v5.0/HQTV/wav/arctic_b0249.wav,I know they are my oysters,1,non_native,l2_learner,arctic_b0249
l2_arctic,HQTV,Vietnamese,M,train,ai-training/datasets/l2-arctic/raw/l2arctic_release_v5.0/HQTV/wav/arctic_b0250.wav,By this time Charley was as enraged as the Greek,1,non_native,l2_learner,arctic_b0250
l2_arctic,HQTV,Vietnamese,M,train,ai-training/datasets/l2-arctic/raw/l2arctic_release_v5.0/HQTV/wav/arctic_b0251.wav,They must have been swept away by the chaotic currents,1,non_native,l2_learner,arctic_b0251
l2_arctic,HQTV,Vietnamese,M,train,ai-training/datasets/l2-arctic/raw/l2arctic_release_v5.0/HQTV/wav/arctic_b0252.wav,It resembled tea less than lager beer resembles champagne,1,non_native,l2_learner,arctic_b0252
l2_arctic,HQTV,Vietnamese,M,train,ai-training/datasets/l2-arctic/raw/l2arctic_release_v5.0/HQTV/wav/arctic_b0253.wav,The very opposite is true they are discouraged vagabonds,1,non_native,l2_learner,arctic_b0253
l2_arctic,HQTV,Vietnamese,M,train,ai-training/datasets/l2-arctic/raw/l2arctic_release_v5.0/HQTV/wav/arctic_b0254.wav,At the same time spears and arrows began to fall among the invaders,1,non_native,l2_learner,arctic_b0254
l2_arctic,HQTV,Vietnamese,M,train,ai-training/datasets/l2-arctic/raw/l2arctic_release_v5.0/HQTV/wav/arctic_b0255.wav,Then again Tudor had such an irritating way about him,1,non_native,l2_learner,arctic_b0255
l2_arctic,HQTV,Vietnamese,M,train,ai-training/datasets/l2-arctic/raw/l2arctic_release_v5.0/HQTV/wav/arctic_b0256.wav,Outwardly he maintained a calm and smiling aspect,1,non_native,l2_learner,arctic_b0256
l2_arctic,HQTV,Vietnamese,M,train,ai-training/datasets/l2-arctic/raw/l2arctic_release_v5.0/HQTV/wav/arctic_b0257.wav,Tudor surveyed him with withering disgust,1,non_native,l2_learner,arctic_b0257
l2_arctic,HQTV,Vietnamese,M,train,ai-training/datasets/l2-arctic/raw/l2arctic_release_v5.0/HQTV/wav/arctic_b0258.wav,You fired me out of your house in short,1,non_native,l2_learner,arctic_b0258
l2_arctic,HQTV,Vietnamese,M,train,ai-training/datasets/l2-arctic/raw/l2arctic_release_v5.0/HQTV/wav/arctic_b0259.wav,Her mouth opened but instead of speaking she drew a long sigh,1,non_native,l2_learner,arctic_b0259
l2_arctic,HQTV,Vietnamese,M,train,ai-training/datasets/l2-arctic/raw/l2arctic_release_v5.0/HQTV/wav/arctic_b0260.wav,It's worth eight dollars,1,non_native,l2_learner,arctic_b0260
l2_arctic,HQTV,Vietnamese,M,train,ai-training/datasets/l2-arctic/raw/l2arctic_release_v5.0/HQTV/wav/arctic_b0261.wav,And he did hurt my arm,1,non_native,l2_learner,arctic_b0261
l2_arctic,HQTV,Vietnamese,M,train,ai-training/datasets/l2-arctic/raw/l2arctic_release_v5.0/HQTV/wav/arctic_b0262.wav,Saxon's onto her job,1,non_native,l2_learner,arctic_b0262
l2_arctic,HQTV,Vietnamese,M,train,ai-training/datasets/l2-arctic/raw/l2arctic_release_v5.0/HQTV/wav/arctic_b0263.wav,Only once did I confide the strangeness of it all to another,1,non_native,l2_learner,arctic_b0263
l2_arctic,HQTV,Vietnamese,M,train,ai-training/datasets/l2-arctic/raw/l2arctic_release_v5.0/HQTV/wav/arctic_b0264.wav,But this time it was Saxon who rebelled,1,non_native,l2_learner,arctic_b0264
l2_arctic,HQTV,Vietnamese,M,train,ai-training/datasets/l2-arctic/raw/l2arctic_release_v5.0/HQTV/wav/arctic_b0265.wav,I was not to cry out in the face of fear,1,non_native,l2_learner,arctic_b0265
l2_arctic,HQTV,Vietnamese,M,train,ai-training/datasets/l2-arctic/raw/l2arctic_release_v5.0/HQTV/wav/arctic_b0266.wav,And now put yourself in my place for a moment,1,non_native,l2_learner,arctic_b0266
l2_arctic,HQTV,Vietnamese,M,train,ai-training/datasets/l2-arctic/raw/l2arctic_release_v5.0/HQTV/wav/arctic_b0267.wav,The boy threw back his head with pride,1,non_native,l2_learner,arctic_b0267
l2_arctic,HQTV,Vietnamese,M,train,ai-training/datasets/l2-arctic/raw/l2arctic_release_v5.0/HQTV/wav/arctic_b0268.wav,Saxon nodded and the boy frowned,1,non_native,l2_learner,arctic_b0268
l2_arctic,HQTV,Vietnamese,M,train,ai-training/datasets/l2-arctic/raw/l2arctic_release_v5.0/HQTV/wav/arctic_b0269.wav,Why not like any railroad station or ferry depot,1,non_native,l2_learner,arctic_b0269
l2_arctic,HQTV,Vietnamese,M,train,ai-training/datasets/l2-arctic/raw/l2arctic_release_v5.0/HQTV/wav/arctic_b0270.wav,We could throw stones with our feet,1,non_native,l2_learner,arctic_b0270
l2_arctic,HQTV,Vietnamese,M,train,ai-training/datasets/l2-arctic/raw/l2arctic_release_v5.0/HQTV/wav/arctic_b0271.wav,It was put together in a casual helter skelter sort of way,1,non_native,l2_learner,arctic_b0271
l2_arctic,HQTV,Vietnamese,M,train,ai-training/datasets/l2-arctic/raw/l2arctic_release_v5.0/HQTV/wav/arctic_b0272.wav,These were merely stout sticks an inch or so in diameter,1,non_native,l2_learner,arctic_b0272
l2_arctic,HQTV,Vietnamese,M,train,ai-training/datasets/l2-arctic/raw/l2arctic_release_v5.0/HQTV/wav/arctic_b0273.wav,Then it was that a strange thing happened,1,non_native,l2_learner,arctic_b0273
l2_arctic,HQTV,Vietnamese,M,train,ai-training/datasets/l2-arctic/raw/l2arctic_release_v5.0/HQTV/wav/arctic_b0274.wav,From the source of light a harsh voice said,1,non_native,l2_learner,arctic_b0274
l2_arctic,HQTV,Vietnamese,M,train,ai-training/datasets/l2-arctic/raw/l2arctic_release_v5.0/HQTV/wav/arctic_b0275.wav,But I did not enjoy it long,1,non_native,l2_learner,arctic_b0275
l2_arctic,HQTV,Vietnamese,M,train,ai-training/datasets/l2-arctic/raw/l2arctic_release_v5.0/HQTV/wav/arctic_b0276.wav,We were now good friends,1,non_native,l2_learner,arctic_b0276
l2_arctic,HQTV,Vietnamese,M,train,ai-training/datasets/l2-arctic/raw/l2arctic_release_v5.0/HQTV/wav/arctic_b0277.wav,Two of the Folk were already up,1,non_native,l2_learner,arctic_b0277
l2_arctic,HQTV,Vietnamese,M,train,ai-training/datasets/l2-arctic/raw/l2arctic_release_v5.0/HQTV/wav/arctic_b0278.wav,Now animals do not like mockery,1,non_native,l2_learner,arctic_b0278
l2_arctic,HQTV,Vietnamese,M,train,ai-training/datasets/l2-arctic/raw/l2arctic_release_v5.0/HQTV/wav/arctic_b0279.wav,He gave one last snarl and slid from view among the trees,1,non_native,l2_learner,arctic_b0279
l2_arctic,HQTV,Vietnamese,M,train,ai-training/datasets/l2-arctic/raw/l2arctic_release_v5.0/HQTV/wav/arctic_b0280.wav,Again the girls applauded and Missus Hall cried,1,non_native,l2_learner,arctic_b0280
l2_arctic,HQTV,Vietnamese,M,train,ai-training/datasets/l2-arctic/raw/l2arctic_release_v5.0/HQTV/wav/arctic_b0281.wav,Just the same I'd sooner be myself than have book indigestion,1,non_native,l2_learner,arctic_b0281
l2_arctic,HQTV,Vietnamese,M,train,ai-training/datasets/l2-arctic/raw/l2arctic_release_v5.0/HQTV/wav/arctic_b0282.wav,Some of the smaller veins had doubtless been ruptured,1,non_native,l2_learner,arctic_b0282
l2_arctic,HQTV,Vietnamese,M,train,ai-training/datasets/l2-arctic/raw/l2arctic_release_v5.0/HQTV/wav/arctic_b0283.wav,But we were without this momentum,1,non_native,l2_learner,arctic_b0283
l2_arctic,HQTV,Vietnamese,M,train,ai-training/datasets/l2-arctic/raw/l2arctic_release_v5.0/HQTV/wav/arctic_b0284.wav,There was one difficulty however,1,non_native,l2_learner,arctic_b0284
l2_arctic,HQTV,Vietnamese,M,train,ai-training/datasets/l2-arctic/raw/l2arctic_release_v5.0/HQTV/wav/arctic_b0285.wav,The hyena proceeded to dine,1,non_native,l2_learner,arctic_b0285
l2_arctic,HQTV,Vietnamese,M,train,ai-training/datasets/l2-arctic/raw/l2arctic_release_v5.0/HQTV/wav/arctic_b0286.wav,The time was considered auspicious,1,non_native,l2_learner,arctic_b0286
l2_arctic,HQTV,Vietnamese,M,train,ai-training/datasets/l2-arctic/raw/l2arctic_release_v5.0/HQTV/wav/arctic_b0287.wav,Or have they already devised one,1,non_native,l2_learner,arctic_b0287
l2_arctic,HQTV,Vietnamese,M,train,ai-training/datasets/l2-arctic/raw/l2arctic_release_v5.0/HQTV/wav/arctic_b0288.wav,We would not spend another such night,1,non_native,l2_learner,arctic_b0288
l2_arctic,HQTV,Vietnamese,M,train,ai-training/datasets/l2-arctic/raw/l2arctic_release_v5.0/HQTV/wav/arctic_b0289.wav,At first his progress was slow and erratic,1,non_native,l2_learner,arctic_b0289
l2_arctic,HQTV,Vietnamese,M,train,ai-training/datasets/l2-arctic/raw/l2arctic_release_v5.0/HQTV/wav/arctic_b0290.wav,He placed his paw on one and its movements were accelerated,1,non_native,l2_learner,arctic_b0290
l2_arctic,HQTV,Vietnamese,M,train,ai-training/datasets/l2-arctic/raw/l2arctic_release_v5.0/HQTV/wav/arctic_b0291.wav,The awe of man rushed over him again,1,non_native,l2_learner,arctic_b0291
l2_arctic,HQTV,Vietnamese,M,train,ai-training/datasets/l2-arctic/raw/l2arctic_release_v5.0/HQTV/wav/arctic_b0292.wav,The Fire Men wore animal skins around their waists and across their shoulders,1,non_native,l2_learner,arctic_b0292
l2_arctic,HQTV,Vietnamese,M,train,ai-training/datasets/l2-arctic/raw/l2arctic_release_v5.0/HQTV/wav/arctic_b0293.wav,Between him and all domestic animals there must be no hostilities,1,non_native,l2_learner,arctic_b0293
l2_arctic,HQTV,Vietnamese,M,train,ai-training/datasets/l2-arctic/raw/l2arctic_release_v5.0/HQTV/wav/arctic_b0294.wav,For a much longer time Lop Ear and I remained and watched,1,non_native,l2_learner,arctic_b0294
l2_arctic,HQTV,Vietnamese,M,train,ai-training/datasets/l2-arctic/raw/l2arctic_release_v5.0/HQTV/wav/arctic_b0295.wav,All right Sir replied Jock with great regret,1,non_native,l2_learner,arctic_b0295
l2_arctic,HQTV,Vietnamese,M,train,ai-training/datasets/l2-arctic/raw/l2arctic_release_v5.0/HQTV/wav/arctic_b0296.wav,At times I wondered where Sir Archibald got his style,1,non_native,l2_learner,arctic_b0296
l2_arctic,HQTV,Vietnamese,M,train,ai-training/datasets/l2-arctic/raw/l2arctic_release_v5.0/HQTV/wav/arctic_b0297.wav,Why should a fellow throw up the sponge after the first round,1,non_native,l2_learner,arctic_b0297
l2_arctic,HQTV,Vietnamese,M,train,ai-training/datasets/l2-arctic/raw/l2arctic_release_v5.0/HQTV/wav/arctic_b0298.wav,His hand shot out and clutched Crooked Leg by the neck,1,non_native,l2_learner,arctic_b0298
l2_arctic,HQTV,Vietnamese,M,train,ai-training/datasets/l2-arctic/raw/l2arctic_release_v5.0/HQTV/wav/arctic_b0299.wav,Miss Brodie's smile was slightly sarcastic,1,non_native,l2_learner,arctic_b0299
l2_arctic,HQTV,Vietnamese,M,train,ai-training/datasets/l2-arctic/raw/l2arctic_release_v5.0/HQTV/wav/arctic_b0300.wav,Does the old boy often go off at half cock that way,1,non_native,l2_learner,arctic_b0300
l2_arctic,HQTV,Vietnamese,M,train,ai-training/datasets/l2-arctic/raw/l2arctic_release_v5.0/HQTV/wav/arctic_b0301.wav,A flying arrow passed between us,1,non_native,l2_learner,arctic_b0301
l2_arctic,HQTV,Vietnamese,M,train,ai-training/datasets/l2-arctic/raw/l2arctic_release_v5.0/HQTV/wav/arctic_b0302.wav,I pulled suddenly with all my might,1,non_native,l2_learner,arctic_b0302
l2_arctic,HQTV,Vietnamese,M,train,ai-training/datasets/l2-arctic/raw/l2arctic_release_v5.0/HQTV/wav/arctic_b0303.wav,Here we allow our solicitors to look after our legal work,1,non_native,l2_learner,arctic_b0303
l2_arctic,HQTV,Vietnamese,M,train,ai-training/datasets/l2-arctic/raw/l2arctic_release_v5.0/HQTV/wav/arctic_b0304.wav,His previous wives had never lived long enough to bear him children,1,non_native,l2_learner,arctic_b0304
l2_arctic,HQTV,Vietnamese,M,train,ai-training/datasets/l2-arctic/raw/l2arctic_release_v5.0/HQTV/wav/arctic_b0305.wav,It was our river emerging like ourselves from the great swamp,1,non_native,l2_learner,arctic_b0305
l2_arctic,HQTV,Vietnamese,M,train,ai-training/datasets/l2-arctic/raw/l2arctic_release_v5.0/HQTV/wav/arctic_b0306.wav,Cameron looked at his hands with their long sinewy fingers,1,non_native,l2_learner,arctic_b0306
l2_arctic,HQTV,Vietnamese,M,train,ai-training/datasets/l2-arctic/raw/l2arctic_release_v5.0/HQTV/wav/arctic_b0307.wav,We got few vegetables and fruits and became fish eaters,1,non_native,l2_learner,arctic_b0307
l2_arctic,HQTV,Vietnamese,M,train,ai-training/datasets/l2-arctic/raw/l2arctic_release_v5.0/HQTV/wav/arctic_b0308.wav,We never made another migration,1,non_native,l2_learner,arctic_b0308
l2_arctic,HQTV,Vietnamese,M,train,ai-training/datasets/l2-arctic/raw/l2arctic_release_v5.0/HQTV/wav/arctic_b0309.wav,Nor was Elam Harnish an exception,1,non_native,l2_learner,arctic_b0309
l2_arctic,HQTV,Vietnamese,M,train,ai-training/datasets/l2-arctic/raw/l2arctic_release_v5.0/HQTV/wav/arctic_b0310.wav,A little treatment massage with some help from the doctor,1,non_native,l2_learner,arctic_b0310
l2_arctic,HQTV,Vietnamese,M,train,ai-training/datasets/l2-arctic/raw/l2arctic_release_v5.0/HQTV/wav/arctic_b0311.wav,The twenty ninth very foggy,1,non_native,l2_learner,arctic_b0311
l2_arctic,HQTV,Vietnamese,M,train,ai-training/datasets/l2-arctic/raw/l2arctic_release_v5.0/HQTV/wav/arctic_b0312.wav,Dig in you're sure good was Daylight's answer,1,non_native,l2_learner,arctic_b0312
l2_arctic,HQTV,Vietnamese,M,train,ai-training/datasets/l2-arctic/raw/l2arctic_release_v5.0/HQTV/wav/arctic_b0313.wav,The apron string loomed near and he shied like an unbroken colt,1,non_native,l2_learner,arctic_b0313
l2_arctic,HQTV,Vietnamese,M,val,ai-training/datasets/l2-arctic/raw/l2arctic_release_v5.0/HQTV/wav/arctic_b0314.wav,He had been born with this endowment,1,non_native,l2_learner,arctic_b0314
l2_arctic,HQTV,Vietnamese,M,val,ai-training/datasets/l2-arctic/raw/l2arctic_release_v5.0/HQTV/wav/arctic_b0315.wav,And this was their sole conversation throughout the meal,1,non_native,l2_learner,arctic_b0315
l2_arctic,HQTV,Vietnamese,M,val,ai-training/datasets/l2-arctic/raw/l2arctic_release_v5.0/HQTV/wav/arctic_b0316.wav,Though the aurora still flamed another day had begun,1,non_native,l2_learner,arctic_b0316
l2_arctic,HQTV,Vietnamese,M,val,ai-training/datasets/l2-arctic/raw/l2arctic_release_v5.0/HQTV/wav/arctic_b0317.wav,He did not believe in the burning of daylight for such a luxury,1,non_native,l2_learner,arctic_b0317
l2_arctic,HQTV,Vietnamese,M,val,ai-training/datasets/l2-arctic/raw/l2arctic_release_v5.0/HQTV/wav/arctic_b0318.wav,Again he had done the big thing,1,non_native,l2_learner,arctic_b0318
l2_arctic,HQTV,Vietnamese,M,val,ai-training/datasets/l2-arctic/raw/l2arctic_release_v5.0/HQTV/wav/arctic_b0319.wav,Daylight was tired profoundly tired,1,non_native,l2_learner,arctic_b0319
l2_arctic,HQTV,Vietnamese,M,val,ai-training/datasets/l2-arctic/raw/l2arctic_release_v5.0/HQTV/wav/arctic_b0320.wav,The regret in his voice was provocative of a second burst of laughter,1,non_native,l2_learner,arctic_b0320
l2_arctic,HQTV,Vietnamese,M,val,ai-training/datasets/l2-arctic/raw/l2arctic_release_v5.0/HQTV/wav/arctic_b0321.wav,Instead he arrived on the night of the second day,1,non_native,l2_learner,arctic_b0321
l2_arctic,HQTV,Vietnamese,M,val,ai-training/datasets/l2-arctic/raw/l2arctic_release_v5.0/HQTV/wav/arctic_b0322.wav,Their supply of grub was gone,1,non_native,l2_learner,arctic_b0322
l2_arctic,HQTV,Vietnamese,M,val,ai-training/datasets/l2-arctic/raw/l2arctic_release_v5.0/HQTV/wav/arctic_b0323.wav,Crickets began to chirp and more geese and ducks flew overhead,1,non_native,l2_learner,arctic_b0323
l2_arctic,HQTV,Vietnamese,M,val,ai-training/datasets/l2-arctic/raw/l2arctic_release_v5.0/HQTV/wav/arctic_b0324.wav,Not till the twentieth of May did the river break,1,non_native,l2_learner,arctic_b0324
l2_arctic,HQTV,Vietnamese,M,val,ai-training/datasets/l2-arctic/raw/l2arctic_release_v5.0/HQTV/wav/arctic_b0325.wav,It was a gigantic inadequacy,1,non_native,l2_learner,arctic_b0325
l2_arctic,HQTV,Vietnamese,M,val,ai-training/datasets/l2-arctic/raw/l2arctic_release_v5.0/HQTV/wav/arctic_b0326.wav,Our Mister Howison will call upon you at your hotel,1,non_native,l2_learner,arctic_b0326
l2_arctic,HQTV,Vietnamese,M,val,ai-training/datasets/l2-arctic/raw/l2arctic_release_v5.0/HQTV/wav/arctic_b0327.wav,He had been so easy,1,non_native,l2_learner,arctic_b0327
l2_arctic,HQTV,Vietnamese,M,val,ai-training/datasets/l2-arctic/raw/l2arctic_release_v5.0/HQTV/wav/arctic_b0328.wav,Change chairs Daylight commanded,1,non_native,l2_learner,arctic_b0328
l2_arctic,HQTV,Vietnamese,M,val,ai-training/datasets/l2-arctic/raw/l2arctic_release_v5.0/HQTV/wav/arctic_b0329.wav,I'd sooner have my chips back,1,non_native,l2_learner,arctic_b0329
l2_arctic,HQTV,Vietnamese,M,val,ai-training/datasets/l2-arctic/raw/l2arctic_release_v5.0/HQTV/wav/arctic_b0330.wav,They only had a little thirty thousand dollar fire,1,non_native,l2_learner,arctic_b0330
l2_arctic,HQTV,Vietnamese,M,val,ai-training/datasets/l2-arctic/raw/l2arctic_release_v5.0/HQTV/wav/arctic_b0331.wav,His partners had starved and died on the Stewart,1,non_native,l2_learner,arctic_b0331
l2_arctic,HQTV,Vietnamese,M,val,ai-training/datasets/l2-arctic/raw/l2arctic_release_v5.0/HQTV/wav/arctic_b0332.wav,As to how she dressed he had no ideas at all,1,non_native,l2_learner,arctic_b0332
l2_arctic,HQTV,Vietnamese,M,val,ai-training/datasets/l2-arctic/raw/l2arctic_release_v5.0/HQTV/wav/arctic_b0333.wav,It does was her audacious answer,1,non_native,l2_learner,arctic_b0333
l2_arctic,HQTV,Vietnamese,M,val,ai-training/datasets/l2-arctic/raw/l2arctic_release_v5.0/HQTV/wav/arctic_b0334.wav,Oh it's just a novel a love story,1,non_native,l2_learner,arctic_b0334
l2_arctic,HQTV,Vietnamese,M,val,ai-training/datasets/l2-arctic/raw/l2arctic_release_v5.0/HQTV/wav/arctic_b0335.wav,Whoever lived on the ranch did that,1,non_native,l2_learner,arctic_b0335
l2_arctic,HQTV,Vietnamese,M,val,ai-training/datasets/l2-arctic/raw/l2arctic_release_v5.0/HQTV/wav/arctic_b0336.wav,How old are you mother,1,non_native,l2_learner,arctic_b0336
l2_arctic,HQTV,Vietnamese,M,val,ai-training/datasets/l2-arctic/raw/l2arctic_release_v5.0/HQTV/wav/arctic_b0337.wav,Here he got a fresh thrill,1,non_native,l2_learner,arctic_b0337
l2_arctic,HQTV,Vietnamese,M,val,ai-training/datasets/l2-arctic/raw/l2arctic_release_v5.0/HQTV/wav/arctic_b0338.wav,It was unobtrusive yet it was there,1,non_native,l2_learner,arctic_b0338
l2_arctic,HQTV,Vietnamese,M,val,ai-training/datasets/l2-arctic/raw/l2arctic_release_v5.0/HQTV/wav/arctic_b0339.wav,Well I'll be plumb gosh darned,1,non_native,l2_learner,arctic_b0339
l2_arctic,HQTV,Vietnamese,M,val,ai-training/datasets/l2-arctic/raw/l2arctic_release_v5.0/HQTV/wav/arctic_b0340.wav,These quick little joys of hers were sources of joy to him,1,non_native,l2_learner,arctic_b0340
l2_arctic,HQTV,Vietnamese,M,val,ai-training/datasets/l2-arctic/raw/l2arctic_release_v5.0/HQTV/wav/arctic_b0341.wav,I play that choice wide open to win,1,non_native,l2_learner,arctic_b0341
l2_arctic,HQTV,Vietnamese,M,val,ai-training/datasets/l2-arctic/raw/l2arctic_release_v5.0/HQTV/wav/arctic_b0342.wav,Each improvement makes the value of everything else pump up,1,non_native,l2_learner,arctic_b0342
l2_arctic,HQTV,Vietnamese,M,val,ai-training/datasets/l2-arctic/raw/l2arctic_release_v5.0/HQTV/wav/arctic_b0343.wav,But how are you going to do it,1,non_native,l2_learner,arctic_b0343
l2_arctic,HQTV,Vietnamese,M,val,ai-training/datasets/l2-arctic/raw/l2arctic_release_v5.0/HQTV/wav/arctic_b0344.wav,Lots of men take women buggy riding,1,non_native,l2_learner,arctic_b0344
l2_arctic,HQTV,Vietnamese,M,val,ai-training/datasets/l2-arctic/raw/l2arctic_release_v5.0/HQTV/wav/arctic_b0345.wav,Daylight made no answer and the door closed behind him,1,non_native,l2_learner,arctic_b0345
l2_arctic,HQTV,Vietnamese,M,val,ai-training/datasets/l2-arctic/raw/l2arctic_release_v5.0/HQTV/wav/arctic_b0346.wav,There's not an iota of truth in it,1,non_native,l2_learner,arctic_b0346
l2_arctic,HQTV,Vietnamese,M,val,ai-training/datasets/l2-arctic/raw/l2arctic_release_v5.0/HQTV/wav/arctic_b0347.wav,But ever his gaze returned to that Crouched Venus on the piano,1,non_native,l2_learner,arctic_b0347
l2_arctic,HQTV,Vietnamese,M,val,ai-training/datasets/l2-arctic/raw/l2arctic_release_v5.0/HQTV/wav/arctic_b0348.wav,Would you be satisfied with that one hundredth part of me,1,non_native,l2_learner,arctic_b0348
l2_arctic,HQTV,Vietnamese,M,val,ai-training/datasets/l2-arctic/raw/l2arctic_release_v5.0/HQTV/wav/arctic_b0349.wav,In such a tumbling of values was no time to sell,1,non_native,l2_learner,arctic_b0349
l2_arctic,HQTV,Vietnamese,M,val,ai-training/datasets/l2-arctic/raw/l2arctic_release_v5.0/HQTV/wav/arctic_b0350.wav,Stand off butcher and baker and all the rest,1,non_native,l2_learner,arctic_b0350
l2_arctic,HQTV,Vietnamese,M,val,ai-training/datasets/l2-arctic/raw/l2arctic_release_v5.0/HQTV/wav/arctic_b0351.wav,Matthewson who's this bookkeeper Rogers,1,non_native,l2_learner,arctic_b0351
l2_arctic,HQTV,Vietnamese,M,val,ai-training/datasets/l2-arctic/raw/l2arctic_release_v5.0/HQTV/wav/arctic_b0352.wav,Now just what do you want to know,1,non_native,l2_learner,arctic_b0352
l2_arctic,HQTV,Vietnamese,M,val,ai-training/datasets/l2-arctic/raw/l2arctic_release_v5.0/HQTV/wav/arctic_b0353.wav,I want to know how all this is possible,1,non_native,l2_learner,arctic_b0353
l2_arctic,HQTV,Vietnamese,M,val,ai-training/datasets/l2-arctic/raw/l2arctic_release_v5.0/HQTV/wav/arctic_b0354.wav,It's that much junk,1,non_native,l2_learner,arctic_b0354
l2_arctic,HQTV,Vietnamese,M,val,ai-training/datasets/l2-arctic/raw/l2arctic_release_v5.0/HQTV/wav/arctic_b0355.wav,There was proper division of labor in the work they individually performed,1,non_native,l2_learner,arctic_b0355
l2_arctic,HQTV,Vietnamese,M,val,ai-training/datasets/l2-arctic/raw/l2arctic_release_v5.0/HQTV/wav/arctic_b0356.wav,He loved to play Chinese lottery,1,non_native,l2_learner,arctic_b0356
l2_arctic,HQTV,Vietnamese,M,val,ai-training/datasets/l2-arctic/raw/l2arctic_release_v5.0/HQTV/wav/arctic_b0357.wav,The Law of Club and Fang,1,non_native,l2_learner,arctic_b0357
l2_arctic,HQTV,Vietnamese,M,val,ai-training/datasets/l2-arctic/raw/l2arctic_release_v5.0/HQTV/wav/arctic_b0358.wav,The temperature dropped to fifty below zero and remained there the whole trip,1,non_native,l2_learner,arctic_b0358
l2_arctic,HQTV,Vietnamese,M,val,ai-training/datasets/l2-arctic/raw/l2arctic_release_v5.0/HQTV/wav/arctic_b0359.wav,And as never before he was ready to obey,1,non_native,l2_learner,arctic_b0359
l2_arctic,HQTV,Vietnamese,M,val,ai-training/datasets/l2-arctic/raw/l2arctic_release_v5.0/HQTV/wav/arctic_b0360.wav,This state of mind comes of an undue prominence of the ego,1,non_native,l2_learner,arctic_b0360
l2_arctic,HQTV,Vietnamese,M,val,ai-training/datasets/l2-arctic/raw/l2arctic_release_v5.0/HQTV/wav/arctic_b0361.wav,There are the canals of China and the Yangtse River,1,non_native,l2_learner,arctic_b0361
l2_arctic,HQTV,Vietnamese,M,val,ai-training/datasets/l2-arctic/raw/l2arctic_release_v5.0/HQTV/wav/arctic_b0362.wav,We threaten to be of the one mind before the voyage is completed,1,non_native,l2_learner,arctic_b0362
l2_arctic,HQTV,Vietnamese,M,val,ai-training/datasets/l2-arctic/raw/l2arctic_release_v5.0/HQTV/wav/arctic_b0363.wav,She was built primarily to sail,1,non_native,l2_learner,arctic_b0363
l2_arctic,HQTV,Vietnamese,M,val,ai-training/datasets/l2-arctic/raw/l2arctic_release_v5.0/HQTV/wav/arctic_b0364.wav,In the Bohemian Club of San Francisco there are some crack sailors,1,non_native,l2_learner,arctic_b0364
l2_arctic,HQTV,Vietnamese,M,val,ai-training/datasets/l2-arctic/raw/l2arctic_release_v5.0/HQTV/wav/arctic_b0365.wav,My age in years is twenty two,1,non_native,l2_learner,arctic_b0365
l2_arctic,HQTV,Vietnamese,M,val,ai-training/datasets/l2-arctic/raw/l2arctic_release_v5.0/HQTV/wav/arctic_b0366.wav,I forgot how easily I had taught myself from the printed page,1,non_native,l2_learner,arctic_b0366
l2_arctic,HQTV,Vietnamese,M,val,ai-training/datasets/l2-arctic/raw/l2arctic_release_v5.0/HQTV/wav/arctic_b0367.wav,Any average young fellow can teach himself in a week,1,non_native,l2_learner,arctic_b0367
l2_arctic,HQTV,Vietnamese,M,val,ai-training/datasets/l2-arctic/raw/l2arctic_release_v5.0/HQTV/wav/arctic_b0368.wav,Please do not think that I already know it all,1,non_native,l2_learner,arctic_b0368
l2_arctic,HQTV,Vietnamese,M,val,ai-training/datasets/l2-arctic/raw/l2arctic_release_v5.0/HQTV/wav/arctic_b0369.wav,You see we were teaching ourselves,1,non_native,l2_learner,arctic_b0369
l2_arctic,HQTV,Vietnamese,M,val,ai-training/datasets/l2-arctic/raw/l2arctic_release_v5.0/HQTV/wav/arctic_b0370.wav,And now behold the perversity of things,1,non_native,l2_learner,arctic_b0370
l2_arctic,HQTV,Vietnamese,M,val,ai-training/datasets/l2-arctic/raw/l2arctic_release_v5.0/HQTV/wav/arctic_b0371.wav,Yield yourself to the waters that are ripping and tearing at you,1,non_native,l2_learner,arctic_b0371
l2_arctic,HQTV,Vietnamese,M,val,ai-training/datasets/l2-arctic/raw/l2arctic_release_v5.0/HQTV/wav/arctic_b0372.wav,Mister McVeigh told me about him,1,non_native,l2_learner,arctic_b0372
l2_arctic,HQTV,Vietnamese,M,val,ai-training/datasets/l2-arctic/raw/l2arctic_release_v5.0/HQTV/wav/arctic_b0373.wav,Unlike Joshua he stood in no need of divine assistance,1,non_native,l2_learner,arctic_b0373
l2_arctic,HQTV,Vietnamese,M,val,ai-training/datasets/l2-arctic/raw/l2arctic_release_v5.0/HQTV/wav/arctic_b0374.wav,To say the least Captain Cook was a rather thorough going empiricist,1,non_native,l2_learner,arctic_b0374
l2_arctic,HQTV,Vietnamese,M,val,ai-training/datasets/l2-arctic/raw/l2arctic_release_v5.0/HQTV/wav/arctic_b0375.wav,Man could not conquer them,1,non_native,l2_learner,arctic_b0375
l2_arctic,HQTV,Vietnamese,M,val,ai-training/datasets/l2-arctic/raw/l2arctic_release_v5.0/HQTV/wav/arctic_b0376.wav,Thought I and a worthy fool he proved,1,non_native,l2_learner,arctic_b0376
l2_arctic,HQTV,Vietnamese,M,val,ai-training/datasets/l2-arctic/raw/l2arctic_release_v5.0/HQTV/wav/arctic_b0377.wav,A scarlet loincloth completed his costume,1,non_native,l2_learner,arctic_b0377
l2_arctic,HQTV,Vietnamese,M,val,ai-training/datasets/l2-arctic/raw/l2arctic_release_v5.0/HQTV/wav/arctic_b0378.wav,I like to speculate upon the glorious future of man,1,non_native,l2_learner,arctic_b0378
l2_arctic,HQTV,Vietnamese,M,val,ai-training/datasets/l2-arctic/raw/l2arctic_release_v5.0/HQTV/wav/arctic_b0379.wav,Christmas is an easy problem compared with a Polynesian giving feast,1,non_native,l2_learner,arctic_b0379
l2_arctic,HQTV,Vietnamese,M,val,ai-training/datasets/l2-arctic/raw/l2arctic_release_v5.0/HQTV/wav/arctic_b0380.wav,He had peeled off his shirt and was wildly waving it,1,non_native,l2_learner,arctic_b0380
l2_arctic,HQTV,Vietnamese,M,val,ai-training/datasets/l2-arctic/raw/l2arctic_release_v5.0/HQTV/wav/arctic_b0381.wav,And how would we ever find ourselves,1,non_native,l2_learner,arctic_b0381
l2_arctic,HQTV,Vietnamese,M,val,ai-training/datasets/l2-arctic/raw/l2arctic_release_v5.0/HQTV/wav/arctic_b0382.wav,I defy any man to get a Solomon Island sore in California,1,non_native,l2_learner,arctic_b0382
l2_arctic,HQTV,Vietnamese,M,val,ai-training/datasets/l2-arctic/raw/l2arctic_release_v5.0/HQTV/wav/arctic_b0383.wav,A bush chief had died a natural death,1,non_native,l2_learner,arctic_b0383
l2_arctic,HQTV,Vietnamese,M,val,ai-training/datasets/l2-arctic/raw/l2arctic_release_v5.0/HQTV/wav/arctic_b0384.wav,The skipper's and Na ka tas gymnastics served as a translation without words,1,non_native,l2_learner,arctic_b0384
l2_arctic,HQTV,Vietnamese,M,val,ai-training/datasets/l2-arctic/raw/l2arctic_release_v5.0/HQTV/wav/arctic_b0385.wav,Last night he showed all the symptoms of coming down with pneumonia,1,non_native,l2_learner,arctic_b0385
l2_arctic,HQTV,Vietnamese,M,val,ai-training/datasets/l2-arctic/raw/l2arctic_release_v5.0/HQTV/wav/arctic_b0386.wav,My idea was that he would have more influence over the natives,1,non_native,l2_learner,arctic_b0386
l2_arctic,HQTV,Vietnamese,M,val,ai-training/datasets/l2-arctic/raw/l2arctic_release_v5.0/HQTV/wav/arctic_b0387.wav,It is merely the simple superlative,1,non_native,l2_learner,arctic_b0387
l2_arctic,HQTV,Vietnamese,M,val,ai-training/datasets/l2-arctic/raw/l2arctic_release_v5.0/HQTV/wav/arctic_b0388.wav,I made no more overtures,1,non_native,l2_learner,arctic_b0388
l2_arctic,HQTV,Vietnamese,M,val,ai-training/datasets/l2-arctic/raw/l2arctic_release_v5.0/HQTV/wav/arctic_b0389.wav,Among my minor afflictions I may mention a new and mysterious one,1,non_native,l2_learner,arctic_b0389
l2_arctic,HQTV,Vietnamese,M,val,ai-training/datasets/l2-arctic/raw/l2arctic_release_v5.0/HQTV/wav/arctic_b0390.wav,The voyage was our idea of a good time,1,non_native,l2_learner,arctic_b0390
l2_arctic,HQTV,Vietnamese,M,val,ai-training/datasets/l2-arctic/raw/l2arctic_release_v5.0/HQTV/wav/arctic_b0391.wav,At sea Tuesday March seventeenth nineteen o eight,1,non_native,l2_learner,arctic_b0391
l2_arctic,HQTV,Vietnamese,M,val,ai-training/datasets/l2-arctic/raw/l2arctic_release_v5.0/HQTV/wav/arctic_b0392.wav,Yes sir he answered with cheerful alacrity,1,non_native,l2_learner,arctic_b0392
l2_arctic,HQTV,Vietnamese,M,val,ai-training/datasets/l2-arctic/raw/l2arctic_release_v5.0/HQTV/wav/arctic_b0393.wav,I was still weak from my prolonged immersion,1,non_native,l2_learner,arctic_b0393
l2_arctic,HQTV,Vietnamese,M,val,ai-training/datasets/l2-arctic/raw/l2arctic_release_v5.0/HQTV/wav/arctic_b0394.wav,The boy hesitated then mastered his temper,1,non_native,l2_learner,arctic_b0394
l2_arctic,HQTV,Vietnamese,M,val,ai-training/datasets/l2-arctic/raw/l2arctic_release_v5.0/HQTV/wav/arctic_b0395.wav,I was beneath the water suffocating and drowning,1,non_native,l2_learner,arctic_b0395
l2_arctic,HQTV,Vietnamese,M,val,ai-training/datasets/l2-arctic/raw/l2arctic_release_v5.0/HQTV/wav/arctic_b0396.wav,The pain from my hurt knee was agonizing,1,non_native,l2_learner,arctic_b0396
l2_arctic,HQTV,Vietnamese,M,val,ai-training/datasets/l2-arctic/raw/l2arctic_release_v5.0/HQTV/wav/arctic_b0397.wav,The hunters were still arguing and roaring like some semi human amphibious breed,1,non_native,l2_learner,arctic_b0397
l2_arctic,HQTV,Vietnamese,M,val,ai-training/datasets/l2-arctic/raw/l2arctic_release_v5.0/HQTV/wav/arctic_b0398.wav,I have been robbed sir I amended,1,non_native,l2_learner,arctic_b0398
l2_arctic,HQTV,Vietnamese,M,val,ai-training/datasets/l2-arctic/raw/l2arctic_release_v5.0/HQTV/wav/arctic_b0399.wav,You were looking squeamish this afternoon he began,1,non_native,l2_learner,arctic_b0399
l2_arctic,HQTV,Vietnamese,M,val,ai-training/datasets/l2-arctic/raw/l2arctic_release_v5.0/HQTV/wav/arctic_b0400.wav,How could I answer the question on the spur of the moment,1,non_native,l2_learner,arctic_b0400
l2_arctic,HQTV,Vietnamese,M,val,ai-training/datasets/l2-arctic/raw/l2arctic_release_v5.0/HQTV/wav/arctic_b0401.wav,I learned it myself in English ships,1,non_native,l2_learner,arctic_b0401
l2_arctic,HQTV,Vietnamese,M,val,ai-training/datasets/l2-arctic/raw/l2arctic_release_v5.0/HQTV/wav/arctic_b0402.wav,An altruistic act is an act performed for the welfare of others,1,non_native,l2_learner,arctic_b0402
l2_arctic,HQTV,Vietnamese,M,val,ai-training/datasets/l2-arctic/raw/l2arctic_release_v5.0/HQTV/wav/arctic_b0403.wav,Knowing him I review the old Scandinavian myths with clearer understanding,1,non_native,l2_learner,arctic_b0403
l2_arctic,HQTV,Vietnamese,M,val,ai-training/datasets/l2-arctic/raw/l2arctic_release_v5.0/HQTV/wav/arctic_b0404.wav,Yes and no sir was the slow reply,1,non_native,l2_learner,arctic_b0404
l2_arctic,HQTV,Vietnamese,M,val,ai-training/datasets/l2-arctic/raw/l2arctic_release_v5.0/HQTV/wav/arctic_b0405.wav,And each year something happened and I did not go,1,non_native,l2_learner,arctic_b0405
l2_arctic,HQTV,Vietnamese,M,val,ai-training/datasets/l2-arctic/raw/l2arctic_release_v5.0/HQTV/wav/arctic_b0406.wav,How in hell did he know it was you in the dark,1,non_native,l2_learner,arctic_b0406
l2_arctic,HQTV,Vietnamese,M,val,ai-training/datasets/l2-arctic/raw/l2arctic_release_v5.0/HQTV/wav/arctic_b0407.wav,Of course much grumbling went on and little outbursts were continually occurring,1,non_native,l2_learner,arctic_b0407
l2_arctic,HQTV,Vietnamese,M,val,ai-training/datasets/l2-arctic/raw/l2arctic_release_v5.0/HQTV/wav/arctic_b0408.wav,You have all the advantage,1,non_native,l2_learner,arctic_b0408
l2_arctic,HQTV,Vietnamese,M,val,ai-training/datasets/l2-arctic/raw/l2arctic_release_v5.0/HQTV/wav/arctic_b0409.wav,The dirk mentioned by Wolf Larsen rested in its sheath on my hip,1,non_native,l2_learner,arctic_b0409
l2_arctic,HQTV,Vietnamese,M,val,ai-training/datasets/l2-arctic/raw/l2arctic_release_v5.0/HQTV/wav/arctic_b0410.wav,Have you ever earned a dollar by your own labour,1,non_native,l2_learner,arctic_b0410
l2_arctic,HQTV,Vietnamese,M,val,ai-training/datasets/l2-arctic/raw/l2arctic_release_v5.0/HQTV/wav/arctic_b0411.wav,He gave no reason but his motive was obvious enough,1,non_native,l2_learner,arctic_b0411
l2_arctic,HQTV,Vietnamese,M,val,ai-training/datasets/l2-arctic/raw/l2arctic_release_v5.0/HQTV/wav/arctic_b0412.wav,Ah it was sweet in my ears,1,non_native,l2_learner,arctic_b0412
l2_arctic,HQTV,Vietnamese,M,val,ai-training/datasets/l2-arctic/raw/l2arctic_release_v5.0/HQTV/wav/arctic_b0413.wav,He may desire to escape pain or to enjoy pleasure,1,non_native,l2_learner,arctic_b0413
l2_arctic,HQTV,Vietnamese,M,val,ai-training/datasets/l2-arctic/raw/l2arctic_release_v5.0/HQTV/wav/arctic_b0414.wav,It was impossible to hoist sail and claw off that shore,1,non_native,l2_learner,arctic_b0414
l2_arctic,HQTV,Vietnamese,M,val,ai-training/datasets/l2-arctic/raw/l2arctic_release_v5.0/HQTV/wav/arctic_b0415.wav,There was nothing for us but the wide raw ocean,1,non_native,l2_learner,arctic_b0415
l2_arctic,HQTV,Vietnamese,M,val,ai-training/datasets/l2-arctic/raw/l2arctic_release_v5.0/HQTV/wav/arctic_b0416.wav,I arose obediently and went down the beach,1,non_native,l2_learner,arctic_b0416
l2_arctic,HQTV,Vietnamese,M,val,ai-training/datasets/l2-arctic/raw/l2arctic_release_v5.0/HQTV/wav/arctic_b0417.wav,The next thing to watch out for is bed sores,1,non_native,l2_learner,arctic_b0417
l2_arctic,HQTV,Vietnamese,M,val,ai-training/datasets/l2-arctic/raw/l2arctic_release_v5.0/HQTV/wav/arctic_b0418.wav,At that moment I got the impression that she was willowy,1,non_native,l2_learner,arctic_b0418
l2_arctic,HQTV,Vietnamese,M,val,ai-training/datasets/l2-arctic/raw/l2arctic_release_v5.0/HQTV/wav/arctic_b0419.wav,Your father's fifth command he nodded,1,non_native,l2_learner,arctic_b0419
l2_arctic,HQTV,Vietnamese,M,val,ai-training/datasets/l2-arctic/raw/l2arctic_release_v5.0/HQTV/wav/arctic_b0420.wav,On occasion on this traverse the Cape Verde Islands are raised,1,non_native,l2_learner,arctic_b0420
l2_arctic,HQTV,Vietnamese,M,val,ai-training/datasets/l2-arctic/raw/l2arctic_release_v5.0/HQTV/wav/arctic_b0421.wav,She is essentially the life giving life conserving female of the species,1,non_native,l2_learner,arctic_b0421
l2_arctic,HQTV,Vietnamese,M,val,ai-training/datasets/l2-arctic/raw/l2arctic_release_v5.0/HQTV/wav/arctic_b0422.wav,This was when the explosion occurred,1,non_native,l2_learner,arctic_b0422
l2_arctic,HQTV,Vietnamese,M,val,ai-training/datasets/l2-arctic/raw/l2arctic_release_v5.0/HQTV/wav/arctic_b0423.wav,Also at regular intervals he would mutter,1,non_native,l2_learner,arctic_b0423
l2_arctic,HQTV,Vietnamese,M,val,ai-training/datasets/l2-arctic/raw/l2arctic_release_v5.0/HQTV/wav/arctic_b0424.wav,It is a very tenable hypothesis and will bear looking into,1,non_native,l2_learner,arctic_b0424
l2_arctic,HQTV,Vietnamese,M,val,ai-training/datasets/l2-arctic/raw/l2arctic_release_v5.0/HQTV/wav/arctic_b0425.wav,There were orange green gold green and a copper green,1,non_native,l2_learner,arctic_b0425
l2_arctic,HQTV,Vietnamese,M,val,ai-training/datasets/l2-arctic/raw/l2arctic_release_v5.0/HQTV/wav/arctic_b0426.wav,The Gabriel voice of the Samurai rang out,1,non_native,l2_learner,arctic_b0426
l2_arctic,HQTV,Vietnamese,M,test,ai-training/datasets/l2-arctic/raw/l2arctic_release_v5.0/HQTV/wav/arctic_b0427.wav,The sunsets grow more bizarre and spectacular off this coast of the Argentine,1,non_native,l2_learner,arctic_b0427
l2_arctic,HQTV,Vietnamese,M,test,ai-training/datasets/l2-arctic/raw/l2arctic_release_v5.0/HQTV/wav/arctic_b0428.wav,The history of our westward faring race is written in it,1,non_native,l2_learner,arctic_b0428
l2_arctic,HQTV,Vietnamese,M,test,ai-training/datasets/l2-arctic/raw/l2arctic_release_v5.0/HQTV/wav/arctic_b0429.wav,And the Eurasian Chinese Englishman bowed himself away,1,non_native,l2_learner,arctic_b0429
l2_arctic,HQTV,Vietnamese,M,test,ai-training/datasets/l2-arctic/raw/l2arctic_release_v5.0/HQTV/wav/arctic_b0430.wav,They were babbling and chattering all together,1,non_native,l2_learner,arctic_b0430
l2_arctic,HQTV,Vietnamese,M,test,ai-training/datasets/l2-arctic/raw/l2arctic_release_v5.0/HQTV/wav/arctic_b0431.wav,Too much he told me with ominous rolling head,1,non_native,l2_learner,arctic_b0431
l2_arctic,HQTV,Vietnamese,M,test,ai-training/datasets/l2-arctic/raw/l2arctic_release_v5.0/HQTV/wav/arctic_b0432.wav,He is a candidate rising from the serf class to our class,1,non_native,l2_learner,arctic_b0432
l2_arctic,HQTV,Vietnamese,M,test,ai-training/datasets/l2-arctic/raw/l2arctic_release_v5.0/HQTV/wav/arctic_b0433.wav,We are cooking on the coal stove and on the oil burners,1,non_native,l2_learner,arctic_b0433
l2_arctic,HQTV,Vietnamese,M,test,ai-training/datasets/l2-arctic/raw/l2arctic_release_v5.0/HQTV/wav/arctic_b0434.wav,The steward has just tendered me a respectful bit of advice,1,non_native,l2_learner,arctic_b0434
l2_arctic,HQTV,Vietnamese,M,test,ai-training/datasets/l2-arctic/raw/l2arctic_release_v5.0/HQTV/wav/arctic_b0435.wav,Well did they eat,1,non_native,l2_learner,arctic_b0435
l2_arctic,HQTV,Vietnamese,M,test,ai-training/datasets/l2-arctic/raw/l2arctic_release_v5.0/HQTV/wav/arctic_b0436.wav,Famine had been my great ally,1,non_native,l2_learner,arctic_b0436
l2_arctic,HQTV,Vietnamese,M,test,ai-training/datasets/l2-arctic/raw/l2arctic_release_v5.0/HQTV/wav/arctic_b0437.wav,Nowhere in the North is the soil so prolific,1,non_native,l2_learner,arctic_b0437
l2_arctic,HQTV,Vietnamese,M,test,ai-training/datasets/l2-arctic/raw/l2arctic_release_v5.0/HQTV/wav/arctic_b0438.wav,They ran the canoe in and climbed the high earth bank,1,non_native,l2_learner,arctic_b0438
l2_arctic,HQTV,Vietnamese,M,test,ai-training/datasets/l2-arctic/raw/l2arctic_release_v5.0/HQTV/wav/arctic_b0439.wav,The land exchanged its austere robes for the garb of a smiling wanton,1,non_native,l2_learner,arctic_b0439
l2_arctic,HQTV,Vietnamese,M,test,ai-training/datasets/l2-arctic/raw/l2arctic_release_v5.0/HQTV/wav/arctic_b0440.wav,There were stir and bustle new faces and fresh facts,1,non_native,l2_learner,arctic_b0440
l2_arctic,HQTV,Vietnamese,M,test,ai-training/datasets/l2-arctic/raw/l2arctic_release_v5.0/HQTV/wav/arctic_b0441.wav,And there was Ethel Baird whom also you must remember,1,non_native,l2_learner,arctic_b0441
l2_arctic,HQTV,Vietnamese,M,test,ai-training/datasets/l2-arctic/raw/l2arctic_release_v5.0/HQTV/wav/arctic_b0442.wav,He had become a man very early in life,1,non_native,l2_learner,arctic_b0442
l2_arctic,HQTV,Vietnamese,M,test,ai-training/datasets/l2-arctic/raw/l2arctic_release_v5.0/HQTV/wav/arctic_b0443.wav,I did not think you would be so early,1,non_native,l2_learner,arctic_b0443
l2_arctic,HQTV,Vietnamese,M,test,ai-training/datasets/l2-arctic/raw/l2arctic_release_v5.0/HQTV/wav/arctic_b0444.wav,He did not know what went on in the minds of his superiors,1,non_native,l2_learner,arctic_b0444
l2_arctic,HQTV,Vietnamese,M,test,ai-training/datasets/l2-arctic/raw/l2arctic_release_v5.0/HQTV/wav/arctic_b0445.wav,Mops sir eagerly answered the sailor at the wheel,1,non_native,l2_learner,arctic_b0445
l2_arctic,HQTV,Vietnamese,M,test,ai-training/datasets/l2-arctic/raw/l2arctic_release_v5.0/HQTV/wav/arctic_b0446.wav,Some one had thrust a large sheath knife into his hand,1,non_native,l2_learner,arctic_b0446
l2_arctic,HQTV,Vietnamese,M,test,ai-training/datasets/l2-arctic/raw/l2arctic_release_v5.0/HQTV/wav/arctic_b0447.wav,O'Brien emitted a shriek that sank swiftly to a gurgling sob,1,non_native,l2_learner,arctic_b0447
l2_arctic,HQTV,Vietnamese,M,test,ai-training/datasets/l2-arctic/raw/l2arctic_release_v5.0/HQTV/wav/arctic_b0448.wav,Sandel would never become a world champion,1,non_native,l2_learner,arctic_b0448
l2_arctic,HQTV,Vietnamese,M,test,ai-training/datasets/l2-arctic/raw/l2arctic_release_v5.0/HQTV/wav/arctic_b0449.wav,Also she wouldn't walk,1,non_native,l2_learner,arctic_b0449
l2_arctic,HQTV,Vietnamese,M,test,ai-training/datasets/l2-arctic/raw/l2arctic_release_v5.0/HQTV/wav/arctic_b0450.wav,To my dearest and always appreciated friend I submit myself,1,non_native,l2_learner,arctic_b0450
l2_arctic,HQTV,Vietnamese,M,test,ai-training/datasets/l2-arctic/raw/l2arctic_release_v5.0/HQTV/wav/arctic_b0451.wav,You used to joy ride like the very devil,1,non_native,l2_learner,arctic_b0451
l2_arctic,HQTV,Vietnamese,M,test,ai-training/datasets/l2-arctic/raw/l2arctic_release_v5.0/HQTV/wav/arctic_b0452.wav,They saw each other for the first time in Boston,1,non_native,l2_learner,arctic_b0452
l2_arctic,HQTV,Vietnamese,M,test,ai-training/datasets/l2-arctic/raw/l2arctic_release_v5.0/HQTV/wav/arctic_b0453.wav,Isaac Ford the austere soldier of the Lord the old hypocrite,1,non_native,l2_learner,arctic_b0453
l2_arctic,HQTV,Vietnamese,M,test,ai-training/datasets/l2-arctic/raw/l2arctic_release_v5.0/HQTV/wav/arctic_b0454.wav,Eighteen he added,1,non_native,l2_learner,arctic_b0454
l2_arctic,HQTV,Vietnamese,M,test,ai-training/datasets/l2-arctic/raw/l2arctic_release_v5.0/HQTV/wav/arctic_b0455.wav,His reward should have been peace and repose,1,non_native,l2_learner,arctic_b0455
l2_arctic,HQTV,Vietnamese,M,test,ai-training/datasets/l2-arctic/raw/l2arctic_release_v5.0/HQTV/wav/arctic_b0456.wav,He was an amphibian and a mountaineer,1,non_native,l2_learner,arctic_b0456
l2_arctic,HQTV,Vietnamese,M,test,ai-training/datasets/l2-arctic/raw/l2arctic_release_v5.0/HQTV/wav/arctic_b0457.wav,It was sanctification and salvation,1,non_native,l2_learner,arctic_b0457
l2_arctic,HQTV,Vietnamese,M,test,ai-training/datasets/l2-arctic/raw/l2arctic_release_v5.0/HQTV/wav/arctic_b0458.wav,The history of the eighteenth century is written Ernest prompted,1,non_native,l2_learner,arctic_b0458
l2_arctic,HQTV,Vietnamese,M,test,ai-training/datasets/l2-arctic/raw/l2arctic_release_v5.0/HQTV/wav/arctic_b0459.wav,They are not biologists nor sociologists,1,non_native,l2_learner,arctic_b0459
l2_arctic,HQTV,Vietnamese,M,test,ai-training/datasets/l2-arctic/raw/l2arctic_release_v5.0/HQTV/wav/arctic_b0460.wav,The more his opponents grew excited the more Ernest deliberately excited them,1,non_native,l2_learner,arctic_b0460
l2_arctic,HQTV,Vietnamese,M,test,ai-training/datasets/l2-arctic/raw/l2arctic_release_v5.0/HQTV/wav/arctic_b0461.wav,By virtue of that power we shall remain in power,1,non_native,l2_learner,arctic_b0461
l2_arctic,HQTV,Vietnamese,M,test,ai-training/datasets/l2-arctic/raw/l2arctic_release_v5.0/HQTV/wav/arctic_b0462.wav,One guess will do Ernest retorted,1,non_native,l2_learner,arctic_b0462
l2_arctic,HQTV,Vietnamese,M,test,ai-training/datasets/l2-arctic/raw/l2arctic_release_v5.0/HQTV/wav/arctic_b0463.wav,Take my advice and accept the vacation,1,non_native,l2_learner,arctic_b0463
l2_arctic,HQTV,Vietnamese,M,test,ai-training/datasets/l2-arctic/raw/l2arctic_release_v5.0/HQTV/wav/arctic_b0464.wav,I could not agree with Ernest,1,non_native,l2_learner,arctic_b0464
l2_arctic,HQTV,Vietnamese,M,test,ai-training/datasets/l2-arctic/raw/l2arctic_release_v5.0/HQTV/wav/arctic_b0465.wav,But such divergence of opinion would constitute no menace to society,1,non_native,l2_learner,arctic_b0465
l2_arctic,HQTV,Vietnamese,M,test,ai-training/datasets/l2-arctic/raw/l2arctic_release_v5.0/HQTV/wav/arctic_b0466.wav,It is dog eat dog and you ate them up,1,non_native,l2_learner,arctic_b0466
l2_arctic,HQTV,Vietnamese,M,test,ai-training/datasets/l2-arctic/raw/l2arctic_release_v5.0/HQTV/wav/arctic_b0467.wav,Let us run them for ourselves,1,non_native,l2_learner,arctic_b0467
l2_arctic,HQTV,Vietnamese,M,test,ai-training/datasets/l2-arctic/raw/l2arctic_release_v5.0/HQTV/wav/arctic_b0468.wav,It was introduced by Representative Dick of Ohio,1,non_native,l2_learner,arctic_b0468
l2_arctic,HQTV,Vietnamese,M,test,ai-training/datasets/l2-arctic/raw/l2arctic_release_v5.0/HQTV/wav/arctic_b0469.wav,Very few people knew of the existence of this law,1,non_native,l2_learner,arctic_b0469
l2_arctic,HQTV,Vietnamese,M,test,ai-training/datasets/l2-arctic/raw/l2arctic_release_v5.0/HQTV/wav/arctic_b0470.wav,The very thing Ernest agreed,1,non_native,l2_learner,arctic_b0470
l2_arctic,HQTV,Vietnamese,M,test,ai-training/datasets/l2-arctic/raw/l2arctic_release_v5.0/HQTV/wav/arctic_b0471.wav,Also a fellow Senator Chauncey Depew said,1,non_native,l2_learner,arctic_b0471
l2_arctic,HQTV,Vietnamese,M,test,ai-training/datasets/l2-arctic/raw/l2arctic_release_v5.0/HQTV/wav/arctic_b0472.wav,Ernest saw in the affair the most sinister import,1,non_native,l2_learner,arctic_b0472
l2_arctic,HQTV,Vietnamese,M,test,ai-training/datasets/l2-arctic/raw/l2arctic_release_v5.0/HQTV/wav/arctic_b0473.wav,Then there was the campaign,1,non_native,l2_learner,arctic_b0473
l2_arctic,HQTV,Vietnamese,M,test,ai-training/datasets/l2-arctic/raw/l2arctic_release_v5.0/HQTV/wav/arctic_b0474.wav,He was manifestly distressed by my coming,1,non_native,l2_learner,arctic_b0474
l2_arctic,HQTV,Vietnamese,M,test,ai-training/datasets/l2-arctic/raw/l2arctic_release_v5.0/HQTV/wav/arctic_b0475.wav,Not a wheel moved in his empire,1,non_native,l2_learner,arctic_b0475
l2_arctic,HQTV,Vietnamese,M,test,ai-training/datasets/l2-arctic/raw/l2arctic_release_v5.0/HQTV/wav/arctic_b0476.wav,The reorganization of these countries took the form of revolution,1,non_native,l2_learner,arctic_b0476
l2_arctic,HQTV,Vietnamese,M,test,ai-training/datasets/l2-arctic/raw/l2arctic_release_v5.0/HQTV/wav/arctic_b0477.wav,You're going in for grab sharing,1,non_native,l2_learner,arctic_b0477
l2_arctic,HQTV,Vietnamese,M,test,ai-training/datasets/l2-arctic/raw/l2arctic_release_v5.0/HQTV/wav/arctic_b0478.wav,The Oligarchy will encourage such ambition and the consequent competition,1,non_native,l2_learner,arctic_b0478
l2_arctic,HQTV,Vietnamese,M,test,ai-training/datasets/l2-arctic/raw/l2arctic_release_v5.0/HQTV/wav/arctic_b0479.wav,Violation of this law was made a high misdemeanor and punished accordingly,1,non_native,l2_learner,arctic_b0479
l2_arctic,HQTV,Vietnamese,M,test,ai-training/datasets/l2-arctic/raw/l2arctic_release_v5.0/HQTV/wav/arctic_b0480.wav,Without discussion it was the agents provocateurs who caused the Peasant Revolt,1,non_native,l2_learner,arctic_b0480
l2_arctic,HQTV,Vietnamese,M,test,ai-training/datasets/l2-arctic/raw/l2arctic_release_v5.0/HQTV/wav/arctic_b0481.wav,The task we set ourselves was threefold,1,non_native,l2_learner,arctic_b0481
l2_arctic,HQTV,Vietnamese,M,test,ai-training/datasets/l2-arctic/raw/l2arctic_release_v5.0/HQTV/wav/arctic_b0482.wav,Many other similar disconcerting omissions will be noticed in the Manuscript,1,non_native,l2_learner,arctic_b0482
l2_arctic,HQTV,Vietnamese,M,test,ai-training/datasets/l2-arctic/raw/l2arctic_release_v5.0/HQTV/wav/arctic_b0483.wav,The flower of the artistic and intellectual world were revolutionists,1,non_native,l2_learner,arctic_b0483
l2_arctic,HQTV,Vietnamese,M,test,ai-training/datasets/l2-arctic/raw/l2arctic_release_v5.0/HQTV/wav/arctic_b0484.wav,This the Iron Heel foresaw and laid its schemes accordingly,1,non_native,l2_learner,arctic_b0484
l2_arctic,HQTV,Vietnamese,M,test,ai-training/datasets/l2-arctic/raw/l2arctic_release_v5.0/HQTV/wav/arctic_b0485.wav,The mob came on but it could not advance,1,non_native,l2_learner,arctic_b0485
l2_arctic,HQTV,Vietnamese,M,test,ai-training/datasets/l2-arctic/raw/l2arctic_release_v5.0/HQTV/wav/arctic_b0486.wav,But why continue the tirade for tirade it was,1,non_native,l2_learner,arctic_b0486
l2_arctic,HQTV,Vietnamese,M,test,ai-training/datasets/l2-arctic/raw/l2arctic_release_v5.0/HQTV/wav/arctic_b0487.wav,After all superfluous flesh is gone what is left is stringy and resistant,1,non_native,l2_learner,arctic_b0487
l2_arctic,HQTV,Vietnamese,M,test,ai-training/datasets/l2-arctic/raw/l2arctic_release_v5.0/HQTV/wav/arctic_b0488.wav,Beyond refusing to sell us food they left us to ourselves,1,non_native,l2_learner,arctic_b0488
l2_arctic,HQTV,Vietnamese,M,test,ai-training/datasets/l2-arctic/raw/l2arctic_release_v5.0/HQTV/wav/arctic_b0489.wav,He was a merry monarch especially so for an Asiatic,1,non_native,l2_learner,arctic_b0489
l2_arctic,HQTV,Vietnamese,M,test,ai-training/datasets/l2-arctic/raw/l2arctic_release_v5.0/HQTV/wav/arctic_b0490.wav,What an excited whispering and conferring took place,1,non_native,l2_learner,arctic_b0490
l2_arctic,HQTV,Vietnamese,M,test,ai-training/datasets/l2-arctic/raw/l2arctic_release_v5.0/HQTV/wav/arctic_b0491.wav,Jacob Brinker who was his road mate brought the news,1,non_native,l2_learner,arctic_b0491
l2_arctic,HQTV,Vietnamese,M,test,ai-training/datasets/l2-arctic/raw/l2arctic_release_v5.0/HQTV/wav/arctic_b0492.wav,Thus he turned the tenets and jargon of psychology back on me,1,non_native,l2_learner,arctic_b0492
l2_arctic,HQTV,Vietnamese,M,test,ai-training/datasets/l2-arctic/raw/l2arctic_release_v5.0/HQTV/wav/arctic_b0493.wav,You yellow giant thing of the frost,1,non_native,l2_learner,arctic_b0493
l2_arctic,HQTV,Vietnamese,M,test,ai-training/datasets/l2-arctic/raw/l2arctic_release_v5.0/HQTV/wav/arctic_b0494.wav,Never so strange a prophet came up to Jerusalem,1,non_native,l2_learner,arctic_b0494
l2_arctic,HQTV,Vietnamese,M,test,ai-training/datasets/l2-arctic/raw/l2arctic_release_v5.0/HQTV/wav/arctic_b0495.wav,We who have endured so much surely can endure a little more,1,non_native,l2_learner,arctic_b0495
l2_arctic,HQTV,Vietnamese,M,test,ai-training/datasets/l2-arctic/raw/l2arctic_release_v5.0/HQTV/wav/arctic_b0496.wav,I have seen myself that one man contemplated by Pascal's philosophic eye,1,non_native,l2_learner,arctic_b0496
l2_arctic,HQTV,Vietnamese,M,test,ai-training/datasets/l2-arctic/raw/l2arctic_release_v5.0/HQTV/wav/arctic_b0497.wav,One great drawback to farming in California is our long dry summer,1,non_native,l2_learner,arctic_b0497
l2_arctic,HQTV,Vietnamese,M,test,ai-training/datasets/l2-arctic/raw/l2arctic_release_v5.0/HQTV/wav/arctic_b0498.wav,I remembered the red wine of the Italian rancho and shuddered inwardly,1,non_native,l2_learner,arctic_b0498
l2_arctic,HQTV,Vietnamese,M,test,ai-training/datasets/l2-arctic/raw/l2arctic_release_v5.0/HQTV/wav/arctic_b0499.wav,I said and dismissed the matter as not worth thinking about,1,non_native,l2_learner,arctic_b0499
l2_arctic,HQTV,Vietnamese,M,test,ai-training/datasets/l2-arctic/raw/l2arctic_release_v5.0/HQTV/wav/arctic_b0500.wav,Then came my boy code,1,non_native,l2_learner,arctic_b0500
l2_arctic,HQTV,Vietnamese,M,test,ai-training/datasets/l2-arctic/raw/l2arctic_release_v5.0/HQTV/wav/arctic_b0501.wav,And wherever I ranged the way lay along alcohol drenched roads,1,non_native,l2_learner,arctic_b0501
l2_arctic,HQTV,Vietnamese,M,test,ai-training/datasets/l2-arctic/raw/l2arctic_release_v5.0/HQTV/wav/arctic_b0502.wav,And as we hurried up town Joe Goose explained,1,non_native,l2_learner,arctic_b0502
l2_arctic,HQTV,Vietnamese,M,test,ai-training/datasets/l2-arctic/raw/l2arctic_release_v5.0/HQTV/wav/arctic_b0503.wav,The scents of strange vegetation blew off the tropic land,1,non_native,l2_learner,arctic_b0503
l2_arctic,HQTV,Vietnamese,M,test,ai-training/datasets/l2-arctic/raw/l2arctic_release_v5.0/HQTV/wav/arctic_b0504.wav,The life there was healthful and athletic but too juvenile,1,non_native,l2_learner,arctic_b0504
l2_arctic,HQTV,Vietnamese,M,test,ai-training/datasets/l2-arctic/raw/l2arctic_release_v5.0/HQTV/wav/arctic_b0505.wav,How valiantly I went at it that first day,1,non_native,l2_learner,arctic_b0505
l2_arctic,HQTV,Vietnamese,M,test,ai-training/datasets/l2-arctic/raw/l2arctic_release_v5.0/HQTV/wav/arctic_b0506.wav,It would help to tide me along until I got steady employment,1,non_native,l2_learner,arctic_b0506
l2_arctic,HQTV,Vietnamese,M,test,ai-training/datasets/l2-arctic/raw/l2arctic_release_v5.0/HQTV/wav/arctic_b0507.wav,Did I possess too much vitality,1,non_native,l2_learner,arctic_b0507
l2_arctic,HQTV,Vietnamese,M,test,ai-training/datasets/l2-arctic/raw/l2arctic_release_v5.0/HQTV/wav/arctic_b0508.wav,In his anxiety and solicitude and love they did not count,1,non_native,l2_learner,arctic_b0508
l2_arctic,HQTV,Vietnamese,M,test,ai-training/datasets/l2-arctic/raw/l2arctic_release_v5.0/HQTV/wav/arctic_b0509.wav,He had fulfilled his duty and paid properly,1,non_native,l2_learner,arctic_b0509
l2_arctic,HQTV,Vietnamese,M,test,ai-training/datasets/l2-arctic/raw/l2arctic_release_v5.0/HQTV/wav/arctic_b0510.wav,He knew what taboos he was violating,1,non_native,l2_learner,arctic_b0510
l2_arctic,HQTV,Vietnamese,M,test,ai-training/datasets/l2-arctic/raw/l2arctic_release_v5.0/HQTV/wav/arctic_b0511.wav,Do you value your hide,1,non_native,l2_learner,arctic_b0511
l2_arctic,HQTV,Vietnamese,M,test,ai-training/datasets/l2-arctic/raw/l2arctic_release_v5.0/HQTV/wav/arctic_b0512.wav,You should have seen them when they heard me spitting Chinook,1,non_native,l2_learner,arctic_b0512
l2_arctic,HQTV,Vietnamese,M,test,ai-training/datasets/l2-arctic/raw/l2arctic_release_v5.0/HQTV/wav/arctic_b0513.wav,He plodded on for half an hour when the hallucination arose again,1,non_native,l2_learner,arctic_b0513
l2_arctic,HQTV,Vietnamese,M,test,ai-training/datasets/l2-arctic/raw/l2arctic_release_v5.0/HQTV/wav/arctic_b0514.wav,Tomorrow or next day it might he gone,1,non_native,l2_learner,arctic_b0514
l2_arctic,HQTV,Vietnamese,M,test,ai-training/datasets/l2-arctic/raw/l2arctic_release_v5.0/HQTV/wav/arctic_b0515.wav,But already he had composed himself,1,non_native,l2_learner,arctic_b0515
l2_arctic,HQTV,Vietnamese,M,test,ai-training/datasets/l2-arctic/raw/l2arctic_release_v5.0/HQTV/wav/arctic_b0516.wav,Zilla relaxed her sour mouth long enough to sigh her satisfaction,1,non_native,l2_learner,arctic_b0516
l2_arctic,HQTV,Vietnamese,M,test,ai-training/datasets/l2-arctic/raw/l2arctic_release_v5.0/HQTV/wav/arctic_b0517.wav,Eggshell is not good to eat,1,non_native,l2_learner,arctic_b0517
l2_arctic,HQTV,Vietnamese,M,test,ai-training/datasets/l2-arctic/raw/l2arctic_release_v5.0/HQTV/wav/arctic_b0518.wav,But there was also talk of witchcraft in the village,1,non_native,l2_learner,arctic_b0518
l2_arctic,HQTV,Vietnamese,M,test,ai-training/datasets/l2-arctic/raw/l2arctic_release_v5.0/HQTV/wav/arctic_b0519.wav,Yea I will tell thee,1,non_native,l2_learner,arctic_b0519
l2_arctic,HQTV,Vietnamese,M,test,ai-training/datasets/l2-arctic/raw/l2arctic_release_v5.0/HQTV/wav/arctic_b0520.wav,Hans hurled himself upon the prostrate man striking madly with his fists,1,non_native,l2_learner,arctic_b0520
l2_arctic,HQTV,Vietnamese,M,test,ai-training/datasets/l2-arctic/raw/l2arctic_release_v5.0/HQTV/wav/arctic_b0521.wav,And he thought of Oona and of her words,1,non_native,l2_learner,arctic_b0521
l2_arctic,HQTV,Vietnamese,M,test,ai-training/datasets/l2-arctic/raw/l2arctic_release_v5.0/HQTV/wav/arctic_b0522.wav,Nor would it thaw out his hands and feet,1,non_native,l2_learner,arctic_b0522
l2_arctic,HQTV,Vietnamese,M,test,ai-training/datasets/l2-arctic/raw/l2arctic_release_v5.0/HQTV/wav/arctic_b0523.wav,The Russian music player the Count was her obedient slave,1,non_native,l2_learner,arctic_b0523
l2_arctic,HQTV,Vietnamese,M,test,ai-training/datasets/l2-arctic/raw/l2arctic_release_v5.0/HQTV/wav/arctic_b0524.wav,So far as flags were concerned they were beyond all jurisdiction,1,non_native,l2_learner,arctic_b0524
l2_arctic,HQTV,Vietnamese,M,test,ai-training/datasets/l2-arctic/raw/l2arctic_release_v5.0/HQTV/wav/arctic_b0525.wav,New idea he volunteered brand new idea,1,non_native,l2_learner,arctic_b0525
l2_arctic,HQTV,Vietnamese,M,test,ai-training/datasets/l2-arctic/raw/l2arctic_release_v5.0/HQTV/wav/arctic_b0526.wav,Thirty pounds said the captain with finality,1,non_native,l2_learner,arctic_b0526
l2_arctic,HQTV,Vietnamese,M,test,ai-training/datasets/l2-arctic/raw/l2arctic_release_v5.0/HQTV/wav/arctic_b0527.wav,The very idea of it was preposterous,1,non_native,l2_learner,arctic_b0527
l2_arctic,HQTV,Vietnamese,M,test,ai-training/datasets/l2-arctic/raw/l2arctic_release_v5.0/HQTV/wav/arctic_b0528.wav,Captain Doane's orders were swiftly obeyed,1,non_native,l2_learner,arctic_b0528
l2_arctic,HQTV,Vietnamese,M,test,ai-training/datasets/l2-arctic/raw/l2arctic_release_v5.0/HQTV/wav/arctic_b0529.wav,Come on Del Mar challenged,1,non_native,l2_learner,arctic_b0529
l2_arctic,HQTV,Vietnamese,M,test,ai-training/datasets/l2-arctic/raw/l2arctic_release_v5.0/HQTV/wav/arctic_b0530.wav,He had a big chimpanzee that was a winner,1,non_native,l2_learner,arctic_b0530
l2_arctic,HQTV,Vietnamese,M,test,ai-training/datasets/l2-arctic/raw/l2arctic_release_v5.0/HQTV/wav/arctic_b0531.wav,I am sure it must have been some adventure,1,non_native,l2_learner,arctic_b0531
l2_arctic,HQTV,Vietnamese,M,test,ai-training/datasets/l2-arctic/raw/l2arctic_release_v5.0/HQTV/wav/arctic_b0532.wav,That Longfellow chap most likely had written countless books of poetry,1,non_native,l2_learner,arctic_b0532
l2_arctic,HQTV,Vietnamese,M,test,ai-training/datasets/l2-arctic/raw/l2arctic_release_v5.0/HQTV/wav/arctic_b0533.wav,His abnormal power of vision made abstractions take on concrete form,1,non_native,l2_learner,arctic_b0533
l2_arctic,HQTV,Vietnamese,M,test,ai-training/datasets/l2-arctic/raw/l2arctic_release_v5.0/HQTV/wav/arctic_b0534.wav,I'll tell you the librarian said with a brightening face,1,non_native,l2_learner,arctic_b0534
l2_arctic,HQTV,Vietnamese,M,test,ai-training/datasets/l2-arctic/raw/l2arctic_release_v5.0/HQTV/wav/arctic_b0535.wav,He read his fragments aloud,1,non_native,l2_learner,arctic_b0535
l2_arctic,HQTV,Vietnamese,M,test,ai-training/datasets/l2-arctic/raw/l2arctic_release_v5.0/HQTV/wav/arctic_b0536.wav,Typhoid did I tell you,1,non_native,l2_learner,arctic_b0536
l2_arctic,HQTV,Vietnamese,M,test,ai-training/datasets/l2-arctic/raw/l2arctic_release_v5.0/HQTV/wav/arctic_b0537.wav,But she had become an automaton,1,non_native,l2_learner,arctic_b0537
l2_arctic,HQTV,Vietnamese,M,test,ai-training/datasets/l2-arctic/raw/l2arctic_release_v5.0/HQTV/wav/arctic_b0538.wav,At the best they were necessary accessories,1,non_native,l2_learner,arctic_b0538
l2_arctic,HQTV,Vietnamese,M,test,ai-training/datasets/l2-arctic/raw/l2arctic_release_v5.0/HQTV/wav/arctic_b0539.wav,You were making them talk shop Ruth charged him,1,non_native,l2_learner,arctic_b0539
l2_arctic,PNV,Vietnamese,F,train,ai-training/datasets/l2-arctic/raw/l2arctic_release_v5.0/PNV/wav/arctic_a0001.wav,Author of the danger trail Philip Steels etc,1,non_native,l2_learner,arctic_a0001
l2_arctic,PNV,Vietnamese,F,train,ai-training/datasets/l2-arctic/raw/l2arctic_release_v5.0/PNV/wav/arctic_a0002.wav,Not at this particular case Tom apologized Whittemore,1,non_native,l2_learner,arctic_a0002
l2_arctic,PNV,Vietnamese,F,train,ai-training/datasets/l2-arctic/raw/l2arctic_release_v5.0/PNV/wav/arctic_a0003.wav,For the twentieth time that evening the two men shook hands,1,non_native,l2_learner,arctic_a0003
l2_arctic,PNV,Vietnamese,F,train,ai-training/datasets/l2-arctic/raw/l2arctic_release_v5.0/PNV/wav/arctic_a0004.wav,Lord but I'm glad to see you again Phil,1,non_native,l2_learner,arctic_a0004
l2_arctic,PNV,Vietnamese,F,train,ai-training/datasets/l2-arctic/raw/l2arctic_release_v5.0/PNV/wav/arctic_a0005.wav,Will we ever forget it,1,non_native,l2_learner,arctic_a0005
l2_arctic,PNV,Vietnamese,F,train,ai-training/datasets/l2-arctic/raw/l2arctic_release_v5.0/PNV/wav/arctic_a0006.wav,God bless 'em I hope I'll go on seeing them forever,1,non_native,l2_learner,arctic_a0006
l2_arctic,PNV,Vietnamese,F,train,ai-training/datasets/l2-arctic/raw/l2arctic_release_v5.0/PNV/wav/arctic_a0007.wav,And you always want to see it in the superlative degree,1,non_native,l2_learner,arctic_a0007
l2_arctic,PNV,Vietnamese,F,train,ai-training/datasets/l2-arctic/raw/l2arctic_release_v5.0/PNV/wav/arctic_a0008.wav,Gad your letter came just in time,1,non_native,l2_learner,arctic_a0008
l2_arctic,PNV,Vietnamese,F,train,ai-training/datasets/l2-arctic/raw/l2arctic_release_v5.0/PNV/wav/arctic_a0009.wav,He turned sharply and faced Gregson across the table,1,non_native,l2_learner,arctic_a0009
l2_arctic,PNV,Vietnamese,F,train,ai-training/datasets/l2-arctic/raw/l2arctic_release_v5.0/PNV/wav/arctic_a0010.wav,I'm playing a single hand in what looks like a losing game,1,non_native,l2_learner,arctic_a0010
l2_arctic,PNV,Vietnamese,F,train,ai-training/datasets/l2-arctic/raw/l2arctic_release_v5.0/PNV/wav/arctic_a0011.wav,If I ever needed a fighter in my life I need one now,1,non_native,l2_learner,arctic_a0011
l2_arctic,PNV,Vietnamese,F,train,ai-training/datasets/l2-arctic/raw/l2arctic_release_v5.0/PNV/wav/arctic_a0012.wav,Gregson shoved back his chair and rose to his feet,1,non_native,l2_learner,arctic_a0012
l2_arctic,PNV,Vietnamese,F,train,ai-training/datasets/l2-arctic/raw/l2arctic_release_v5.0/PNV/wav/arctic_a0013.wav,He was a head shorter than his companion of almost delicate physique,1,non_native,l2_learner,arctic_a0013
l2_arctic,PNV,Vietnamese,F,train,ai-training/datasets/l2-arctic/raw/l2arctic_release_v5.0/PNV/wav/arctic_a0014.wav,Now you're coming down to business Phil he exclaimed,1,non_native,l2_learner,arctic_a0014
l2_arctic,PNV,Vietnamese,F,train,ai-training/datasets/l2-arctic/raw/l2arctic_release_v5.0/PNV/wav/arctic_a0015.wav,It's the aurora borealis,1,non_native,l2_learner,arctic_a0015
l2_arctic,PNV,Vietnamese,F,train,ai-training/datasets/l2-arctic/raw/l2arctic_release_v5.0/PNV/wav/arctic_a0016.wav,There's Fort Churchill a rifle shot beyond the ridge asleep,1,non_native,l2_learner,arctic_a0016
l2_arctic,PNV,Vietnamese,F,train,ai-training/datasets/l2-arctic/raw/l2arctic_release_v5.0/PNV/wav/arctic_a0017.wav,From that moment his friendship for Belize turns to hatred and jealousy,1,non_native,l2_learner,arctic_a0017
l2_arctic,PNV,Vietnamese,F,train,ai-training/datasets/l2-arctic/raw/l2arctic_release_v5.0/PNV/wav/arctic_a0018.wav,There was a change now,1,non_native,l2_learner,arctic_a0018
l2_arctic,PNV,Vietnamese,F,train,ai-training/datasets/l2-arctic/raw/l2arctic_release_v5.0/PNV/wav/arctic_a0019.wav,I followed the line of the proposed railroad looking for chances,1,non_native,l2_learner,arctic_a0019
l2_arctic,PNV,Vietnamese,F,train,ai-training/datasets/l2-arctic/raw/l2arctic_release_v5.0/PNV/wav/arctic_a0020.wav,Clubs and balls and cities grew to be only memories,1,non_native,l2_learner,arctic_a0020
l2_arctic,PNV,Vietnamese,F,train,ai-training/datasets/l2-arctic/raw/l2arctic_release_v5.0/PNV/wav/arctic_a0021.wav,It fairly clubbed me into recognizing it,1,non_native,l2_learner,arctic_a0021
l2_arctic,PNV,Vietnamese,F,train,ai-training/datasets/l2-arctic/raw/l2arctic_release_v5.0/PNV/wav/arctic_a0022.wav,Hardly were our plans made public before we were met by powerful opposition,1,non_native,l2_learner,arctic_a0022
l2_arctic,PNV,Vietnamese,F,train,ai-training/datasets/l2-arctic/raw/l2arctic_release_v5.0/PNV/wav/arctic_a0023.wav,A combination of Canadian capital quickly organized and petitioned for the same privileges,1,non_native,l2_learner,arctic_a0023
l2_arctic,PNV,Vietnamese,F,train,ai-training/datasets/l2-arctic/raw/l2arctic_release_v5.0/PNV/wav/arctic_a0024.wav,It was my reports from the north which chiefly induced people to buy,1,non_native,l2_learner,arctic_a0024
l2_arctic,PNV,Vietnamese,F,train,ai-training/datasets/l2-arctic/raw/l2arctic_release_v5.0/PNV/wav/arctic_a0025.wav,I was about to do this when cooler judgment prevailed,1,non_native,l2_learner,arctic_a0025
l2_arctic,PNV,Vietnamese,F,train,ai-training/datasets/l2-arctic/raw/l2arctic_release_v5.0/PNV/wav/arctic_a0026.wav,It occurred to me that there would have to be an accounting,1,non_native,l2_learner,arctic_a0026
l2_arctic,PNV,Vietnamese,F,train,ai-training/datasets/l2-arctic/raw/l2arctic_release_v5.0/PNV/wav/arctic_a0027.wav,To my surprise he began to show actual enthusiasm in my favor,1,non_native,l2_learner,arctic_a0027
l2_arctic,PNV,Vietnamese,F,train,ai-training/datasets/l2-arctic/raw/l2arctic_release_v5.0/PNV/wav/arctic_a0028.wav,Robbery bribery fraud,1,non_native,l2_learner,arctic_a0028
l2_arctic,PNV,Vietnamese,F,train,ai-training/datasets/l2-arctic/raw/l2arctic_release_v5.0/PNV/wav/arctic_a0029.wav,Their forces were already moving into the north country,1,non_native,l2_learner,arctic_a0029
l2_arctic,PNV,Vietnamese,F,train,ai-training/datasets/l2-arctic/raw/l2arctic_release_v5.0/PNV/wav/arctic_a0030.wav,I had faith in them,1,non_native,l2_learner,arctic_a0030
l2_arctic,PNV,Vietnamese,F,train,ai-training/datasets/l2-arctic/raw/l2arctic_release_v5.0/PNV/wav/arctic_a0031.wav,They were three hundred yards apart,1,non_native,l2_learner,arctic_a0031
l2_arctic,PNV,Vietnamese,F,train,ai-training/datasets/l2-arctic/raw/l2arctic_release_v5.0/PNV/wav/arctic_a0032.wav,Since then some mysterious force has been fighting us at every step,1,non_native,l2_learner,arctic_a0032
l2_arctic,PNV,Vietnamese,F,train,ai-training/datasets/l2-arctic/raw/l2arctic_release_v5.0/PNV/wav/arctic_a0033.wav,He unfolded a long typewritten letter and handed it to Gregson,1,non_native,l2_learner,arctic_a0033
l2_arctic,PNV,Vietnamese,F,train,ai-training/datasets/l2-arctic/raw/l2arctic_release_v5.0/PNV/wav/arctic_a0034.wav,Men of Selden's stamp don't stop at women and children,1,non_native,l2_learner,arctic_a0034
l2_arctic,PNV,Vietnamese,F,train,ai-training/datasets/l2-arctic/raw/l2arctic_release_v5.0/PNV/wav/arctic_a0035.wav,He stopped and Philip nodded at the horrified question in his eyes,1,non_native,l2_learner,arctic_a0035
l2_arctic,PNV,Vietnamese,F,train,ai-training/datasets/l2-arctic/raw/l2arctic_release_v5.0/PNV/wav/arctic_a0036.wav,She turned in at the hotel,1,non_native,l2_learner,arctic_a0036
l2_arctic,PNV,Vietnamese,F,train,ai-training/datasets/l2-arctic/raw/l2arctic_release_v5.0/PNV/wav/arctic_a0037.wav,I was the only one who remained sitting,1,non_native,l2_learner,arctic_a0037
l2_arctic,PNV,Vietnamese,F,train,ai-training/datasets/l2-arctic/raw/l2arctic_release_v5.0/PNV/wav/arctic_a0038.wav,We'll have to watch our chances,1,non_native,l2_learner,arctic_a0038
l2_arctic,PNV,Vietnamese,F,train,ai-training/datasets/l2-arctic/raw/l2arctic_release_v5.0/PNV/wav/arctic_a0039.wav,The ship should be in within a week or ten days,1,non_native,l2_learner,arctic_a0039
l2_arctic,PNV,Vietnamese,F,train,ai-training/datasets/l2-arctic/raw/l2arctic_release_v5.0/PNV/wav/arctic_a0040.wav,I suppose you wonder why she is coming up here,1,non_native,l2_learner,arctic_a0040
l2_arctic,PNV,Vietnamese,F,train,ai-training/datasets/l2-arctic/raw/l2arctic_release_v5.0/PNV/wav/arctic_a0041.wav,Meanwhile I'll go out to breathe a spell,1,non_native,l2_learner,arctic_a0041
l2_arctic,PNV,Vietnamese,F,train,ai-training/datasets/l2-arctic/raw/l2arctic_release_v5.0/PNV/wav/arctic_a0042.wav,How could he explain his possession of the sketch,1,non_native,l2_learner,arctic_a0042
l2_arctic,PNV,Vietnamese,F,train,ai-training/datasets/l2-arctic/raw/l2arctic_release_v5.0/PNV/wav/arctic_a0043.wav,It seemed nearer to him since he had seen and talked with Gregson,1,non_native,l2_learner,arctic_a0043
l2_arctic,PNV,Vietnamese,F,train,ai-training/datasets/l2-arctic/raw/l2arctic_release_v5.0/PNV/wav/arctic_a0044.wav,Her own betrayal of herself was like tonic to Philip,1,non_native,l2_learner,arctic_a0044
l2_arctic,PNV,Vietnamese,F,train,ai-training/datasets/l2-arctic/raw/l2arctic_release_v5.0/PNV/wav/arctic_a0045.wav,He moved away as quietly as he had come,1,non_native,l2_learner,arctic_a0045
l2_arctic,PNV,Vietnamese,F,train,ai-training/datasets/l2-arctic/raw/l2arctic_release_v5.0/PNV/wav/arctic_a0046.wav,The girl faced him her eyes shining with sudden fear,1,non_native,l2_learner,arctic_a0046
l2_arctic,PNV,Vietnamese,F,train,ai-training/datasets/l2-arctic/raw/l2arctic_release_v5.0/PNV/wav/arctic_a0047.wav,Close beside him gleamed the white fangs of the wolf dog,1,non_native,l2_learner,arctic_a0047
l2_arctic,PNV,Vietnamese,F,train,ai-training/datasets/l2-arctic/raw/l2arctic_release_v5.0/PNV/wav/arctic_a0048.wav,He looked at the handkerchief more closely,1,non_native,l2_learner,arctic_a0048
l2_arctic,PNV,Vietnamese,F,train,ai-training/datasets/l2-arctic/raw/l2arctic_release_v5.0/PNV/wav/arctic_a0049.wav,Gregson was asleep when he reentered the cabin,1,non_native,l2_learner,arctic_a0049
l2_arctic,PNV,Vietnamese,F,train,ai-training/datasets/l2-arctic/raw/l2arctic_release_v5.0/PNV/wav/arctic_a0050.wav,In spite of their absurdity the words affected Philip curiously,1,non_native,l2_learner,arctic_a0050
l2_arctic,PNV,Vietnamese,F,train,ai-training/datasets/l2-arctic/raw/l2arctic_release_v5.0/PNV/wav/arctic_a0051.wav,The lace was of a delicate ivory color faintly tinted with yellow,1,non_native,l2_learner,arctic_a0051
l2_arctic,PNV,Vietnamese,F,train,ai-training/datasets/l2-arctic/raw/l2arctic_release_v5.0/PNV/wav/arctic_a0052.wav,It was a curious coincidence,1,non_native,l2_learner,arctic_a0052
l2_arctic,PNV,Vietnamese,F,train,ai-training/datasets/l2-arctic/raw/l2arctic_release_v5.0/PNV/wav/arctic_a0053.wav,Suddenly his fingers closed tightly over the handkerchief,1,non_native,l2_learner,arctic_a0053
l2_arctic,PNV,Vietnamese,F,train,ai-training/datasets/l2-arctic/raw/l2arctic_release_v5.0/PNV/wav/arctic_a0054.wav,There was nothing on the rock,1,non_native,l2_learner,arctic_a0054
l2_arctic,PNV,Vietnamese,F,train,ai-training/datasets/l2-arctic/raw/l2arctic_release_v5.0/PNV/wav/arctic_a0055.wav,Philip stood undecided his ears strained to catch the slightest sound,1,non_native,l2_learner,arctic_a0055
l2_arctic,PNV,Vietnamese,F,train,ai-training/datasets/l2-arctic/raw/l2arctic_release_v5.0/PNV/wav/arctic_a0056.wav,Pearce's little eyes were fixed on him shrewdly,1,non_native,l2_learner,arctic_a0056
l2_arctic,PNV,Vietnamese,F,train,ai-training/datasets/l2-arctic/raw/l2arctic_release_v5.0/PNV/wav/arctic_a0057.wav,I have no idea replied Philip,1,non_native,l2_learner,arctic_a0057
l2_arctic,PNV,Vietnamese,F,train,ai-training/datasets/l2-arctic/raw/l2arctic_release_v5.0/PNV/wav/arctic_a0058.wav,I came for information more out of curiosity than anything else,1,non_native,l2_learner,arctic_a0058
l2_arctic,PNV,Vietnamese,F,train,ai-training/datasets/l2-arctic/raw/l2arctic_release_v5.0/PNV/wav/arctic_a0059.wav,His immaculate appearance was gone,1,non_native,l2_learner,arctic_a0059
l2_arctic,PNV,Vietnamese,F,train,ai-training/datasets/l2-arctic/raw/l2arctic_release_v5.0/PNV/wav/arctic_a0060.wav,Anyway no one saw her like that,1,non_native,l2_learner,arctic_a0060
l2_arctic,PNV,Vietnamese,F,train,ai-training/datasets/l2-arctic/raw/l2arctic_release_v5.0/PNV/wav/arctic_a0061.wav,Philip snatched at the letter which Gregson held out to him,1,non_native,l2_learner,arctic_a0061
l2_arctic,PNV,Vietnamese,F,train,ai-training/datasets/l2-arctic/raw/l2arctic_release_v5.0/PNV/wav/arctic_a0062.wav,The men stared into each other's face,1,non_native,l2_learner,arctic_a0062
l2_arctic,PNV,Vietnamese,F,train,ai-training/datasets/l2-arctic/raw/l2arctic_release_v5.0/PNV/wav/arctic_a0063.wav,Yes it was a man who asked a stranger,1,non_native,l2_learner,arctic_a0063
l2_arctic,PNV,Vietnamese,F,train,ai-training/datasets/l2-arctic/raw/l2arctic_release_v5.0/PNV/wav/arctic_a0064.wav,The fourth and fifth days passed without any developments,1,non_native,l2_learner,arctic_a0064
l2_arctic,PNV,Vietnamese,F,train,ai-training/datasets/l2-arctic/raw/l2arctic_release_v5.0/PNV/wav/arctic_a0065.wav,They closed now until his fingers were like cords of steel,1,non_native,l2_learner,arctic_a0065
l2_arctic,PNV,Vietnamese,F,train,ai-training/datasets/l2-arctic/raw/l2arctic_release_v5.0/PNV/wav/arctic_a0066.wav,He saw Jeanne falter for a moment,1,non_native,l2_learner,arctic_a0066
l2_arctic,PNV,Vietnamese,F,train,ai-training/datasets/l2-arctic/raw/l2arctic_release_v5.0/PNV/wav/arctic_a0067.wav,Surely I will excuse you she cried,1,non_native,l2_learner,arctic_a0067
l2_arctic,PNV,Vietnamese,F,train,ai-training/datasets/l2-arctic/raw/l2arctic_release_v5.0/PNV/wav/arctic_a0068.wav,In a flash Philip followed its direction,1,non_native,l2_learner,arctic_a0068
l2_arctic,PNV,Vietnamese,F,train,ai-training/datasets/l2-arctic/raw/l2arctic_release_v5.0/PNV/wav/arctic_a0069.wav,It was his intention to return to Eileen and her father,1,non_native,l2_learner,arctic_a0069
l2_arctic,PNV,Vietnamese,F,train,ai-training/datasets/l2-arctic/raw/l2arctic_release_v5.0/PNV/wav/arctic_a0070.wav,He would first hunt up Gregson and begin his work there,1,non_native,l2_learner,arctic_a0070
l2_arctic,PNV,Vietnamese,F,train,ai-training/datasets/l2-arctic/raw/l2arctic_release_v5.0/PNV/wav/arctic_a0071.wav,What was the object of your little sensation,1,non_native,l2_learner,arctic_a0071
l2_arctic,PNV,Vietnamese,F,train,ai-training/datasets/l2-arctic/raw/l2arctic_release_v5.0/PNV/wav/arctic_a0072.wav,But who was Eileen's double,1,non_native,l2_learner,arctic_a0072
l2_arctic,PNV,Vietnamese,F,train,ai-training/datasets/l2-arctic/raw/l2arctic_release_v5.0/PNV/wav/arctic_a0073.wav,The promoter's eyes were heavy with little puffy bags under them,1,non_native,l2_learner,arctic_a0073
l2_arctic,PNV,Vietnamese,F,train,ai-training/datasets/l2-arctic/raw/l2arctic_release_v5.0/PNV/wav/arctic_a0074.wav,And now down there Eileen was waiting for him,1,non_native,l2_learner,arctic_a0074
l2_arctic,PNV,Vietnamese,F,train,ai-training/datasets/l2-arctic/raw/l2arctic_release_v5.0/PNV/wav/arctic_a0075.wav,There has been a change she interrupted him,1,non_native,l2_learner,arctic_a0075
l2_arctic,PNV,Vietnamese,F,train,ai-training/datasets/l2-arctic/raw/l2arctic_release_v5.0/PNV/wav/arctic_a0076.wav,The gray eyes faltered the flush deepened,1,non_native,l2_learner,arctic_a0076
l2_arctic,PNV,Vietnamese,F,train,ai-training/datasets/l2-arctic/raw/l2arctic_release_v5.0/PNV/wav/arctic_a0077.wav,It is the fire partly she said,1,non_native,l2_learner,arctic_a0077
l2_arctic,PNV,Vietnamese,F,train,ai-training/datasets/l2-arctic/raw/l2arctic_release_v5.0/PNV/wav/arctic_a0078.wav,Then and at supper he tried to fathom her,1,non_native,l2_learner,arctic_a0078
l2_arctic,PNV,Vietnamese,F,train,ai-training/datasets/l2-arctic/raw/l2arctic_release_v5.0/PNV/wav/arctic_a0079.wav,It was a large canoe,1,non_native,l2_learner,arctic_a0079
l2_arctic,PNV,Vietnamese,F,train,ai-training/datasets/l2-arctic/raw/l2arctic_release_v5.0/PNV/wav/arctic_a0080.wav,What if Jeanne failed him,1,non_native,l2_learner,arctic_a0080
l2_arctic,PNV,Vietnamese,F,train,ai-training/datasets/l2-arctic/raw/l2arctic_release_v5.0/PNV/wav/arctic_a0081.wav,What if she did not come to the rock,1,non_native,l2_learner,arctic_a0081
l2_arctic,PNV,Vietnamese,F,train,ai-training/datasets/l2-arctic/raw/l2arctic_release_v5.0/PNV/wav/arctic_a0082.wav,His face was streaming with blood,1,non_native,l2_learner,arctic_a0082
l2_arctic,PNV,Vietnamese,F,train,ai-training/datasets/l2-arctic/raw/l2arctic_release_v5.0/PNV/wav/arctic_a0083.wav,A shadow was creeping over Pierre's eyes,1,non_native,l2_learner,arctic_a0083
l2_arctic,PNV,Vietnamese,F,train,ai-training/datasets/l2-arctic/raw/l2arctic_release_v5.0/PNV/wav/arctic_a0084.wav,Scarcely had he uttered the name when Pierre's closing eyes shot open,1,non_native,l2_learner,arctic_a0084
l2_arctic,PNV,Vietnamese,F,train,ai-training/datasets/l2-arctic/raw/l2arctic_release_v5.0/PNV/wav/arctic_a0085.wav,A trickle of fresh blood ran over his face,1,non_native,l2_learner,arctic_a0085
l2_arctic,PNV,Vietnamese,F,train,ai-training/datasets/l2-arctic/raw/l2arctic_release_v5.0/PNV/wav/arctic_a0086.wav,Death had come with terrible suddenness,1,non_native,l2_learner,arctic_a0086
l2_arctic,PNV,Vietnamese,F,train,ai-training/datasets/l2-arctic/raw/l2arctic_release_v5.0/PNV/wav/arctic_a0087.wav,Philip bent lower and stared into the face of the dead man,1,non_native,l2_learner,arctic_a0087
l2_arctic,PNV,Vietnamese,F,train,ai-training/datasets/l2-arctic/raw/l2arctic_release_v5.0/PNV/wav/arctic_a0088.wav,He made sure that the magazine was loaded and resumed his paddling,1,non_native,l2_learner,arctic_a0088
l2_arctic,PNV,Vietnamese,F,train,ai-training/datasets/l2-arctic/raw/l2arctic_release_v5.0/PNV/wav/arctic_a0089.wav,The night glow was treacherous to shoot by,1,non_native,l2_learner,arctic_a0089
l2_arctic,PNV,Vietnamese,F,train,ai-training/datasets/l2-arctic/raw/l2arctic_release_v5.0/PNV/wav/arctic_a0090.wav,The singing voice approached rapidly,1,non_native,l2_learner,arctic_a0090
l2_arctic,PNV,Vietnamese,F,train,ai-training/datasets/l2-arctic/raw/l2arctic_release_v5.0/PNV/wav/arctic_a0091.wav,His blood grew hot with rage at the thought,1,non_native,l2_learner,arctic_a0091
l2_arctic,PNV,Vietnamese,F,train,ai-training/datasets/l2-arctic/raw/l2arctic_release_v5.0/PNV/wav/arctic_a0092.wav,He went down in midstream searching the shadows of both shores,1,non_native,l2_learner,arctic_a0092
l2_arctic,PNV,Vietnamese,F,train,ai-training/datasets/l2-arctic/raw/l2arctic_release_v5.0/PNV/wav/arctic_a0093.wav,For a full minute he crouched and listened,1,non_native,l2_learner,arctic_a0093
l2_arctic,PNV,Vietnamese,F,train,ai-training/datasets/l2-arctic/raw/l2arctic_release_v5.0/PNV/wav/arctic_a0094.wav,He had barely entered this when he saw the glow of a fire,1,non_native,l2_learner,arctic_a0094
l2_arctic,PNV,Vietnamese,F,train,ai-training/datasets/l2-arctic/raw/l2arctic_release_v5.0/PNV/wav/arctic_a0095.wav,A big canvas tent was the first thing to come within his vision,1,non_native,l2_learner,arctic_a0095
l2_arctic,PNV,Vietnamese,F,train,ai-training/datasets/l2-arctic/raw/l2arctic_release_v5.0/PNV/wav/arctic_a0096.wav,Perhaps she had already met her fate a little deeper in the forest,1,non_native,l2_learner,arctic_a0096
l2_arctic,PNV,Vietnamese,F,train,ai-training/datasets/l2-arctic/raw/l2arctic_release_v5.0/PNV/wav/arctic_a0097.wav,Then you can arrange yourself comfortably among these robes in the bow,1,non_native,l2_learner,arctic_a0097
l2_arctic,PNV,Vietnamese,F,train,ai-training/datasets/l2-arctic/raw/l2arctic_release_v5.0/PNV/wav/arctic_a0098.wav,Shall I carry you,1,non_native,l2_learner,arctic_a0098
l2_arctic,PNV,Vietnamese,F,train,ai-training/datasets/l2-arctic/raw/l2arctic_release_v5.0/PNV/wav/arctic_a0099.wav,A maddening joy pounded in his brain,1,non_native,l2_learner,arctic_a0099
l2_arctic,PNV,Vietnamese,F,train,ai-training/datasets/l2-arctic/raw/l2arctic_release_v5.0/PNV/wav/arctic_a0100.wav,You must sleep he urged,1,non_native,l2_learner,arctic_a0100
l2_arctic,PNV,Vietnamese,F,train,ai-training/datasets/l2-arctic/raw/l2arctic_release_v5.0/PNV/wav/arctic_a0101.wav,You you would not keep the truth from me,1,non_native,l2_learner,arctic_a0101
l2_arctic,PNV,Vietnamese,F,train,ai-training/datasets/l2-arctic/raw/l2arctic_release_v5.0/PNV/wav/arctic_a0102.wav,He will follow us soon,1,non_native,l2_learner,arctic_a0102
l2_arctic,PNV,Vietnamese,F,train,ai-training/datasets/l2-arctic/raw/l2arctic_release_v5.0/PNV/wav/arctic_a0103.wav,But there came no promise from the bow of the canoe,1,non_native,l2_learner,arctic_a0103
l2_arctic,PNV,Vietnamese,F,train,ai-training/datasets/l2-arctic/raw/l2arctic_release_v5.0/PNV/wav/arctic_a0104.wav,She was sleeping under his protection as sweetly as a child,1,non_native,l2_learner,arctic_a0104
l2_arctic,PNV,Vietnamese,F,train,ai-training/datasets/l2-arctic/raw/l2arctic_release_v5.0/PNV/wav/arctic_a0105.wav,Only it is so wonderful so almost impossible to believe,1,non_native,l2_learner,arctic_a0105
l2_arctic,PNV,Vietnamese,F,train,ai-training/datasets/l2-arctic/raw/l2arctic_release_v5.0/PNV/wav/arctic_a0106.wav,The emotion which she had suppressed burst forth now in a choking sob,1,non_native,l2_learner,arctic_a0106
l2_arctic,PNV,Vietnamese,F,train,ai-training/datasets/l2-arctic/raw/l2arctic_release_v5.0/PNV/wav/arctic_a0107.wav,If you only could know how I thank you,1,non_native,l2_learner,arctic_a0107
l2_arctic,PNV,Vietnamese,F,train,ai-training/datasets/l2-arctic/raw/l2arctic_release_v5.0/PNV/wav/arctic_a0108.wav,He waded into the edge of the water and began scrubbing himself,1,non_native,l2_learner,arctic_a0108
l2_arctic,PNV,Vietnamese,F,train,ai-training/datasets/l2-arctic/raw/l2arctic_release_v5.0/PNV/wav/arctic_a0109.wav,Do you know that you are shaking my confidence in you,1,non_native,l2_learner,arctic_a0109
l2_arctic,PNV,Vietnamese,F,train,ai-training/datasets/l2-arctic/raw/l2arctic_release_v5.0/PNV/wav/arctic_a0110.wav,Much replied Jeanne as tersely,1,non_native,l2_learner,arctic_a0110
l2_arctic,PNV,Vietnamese,F,train,ai-training/datasets/l2-arctic/raw/l2arctic_release_v5.0/PNV/wav/arctic_a0111.wav,Instead he joined her and they ate like two hungry children,1,non_native,l2_learner,arctic_a0111
l2_arctic,PNV,Vietnamese,F,train,ai-training/datasets/l2-arctic/raw/l2arctic_release_v5.0/PNV/wav/arctic_a0112.wav,He was wounded in the arm,1,non_native,l2_learner,arctic_a0112
l2_arctic,PNV,Vietnamese,F,train,ai-training/datasets/l2-arctic/raw/l2arctic_release_v5.0/PNV/wav/arctic_a0113.wav,I suppose you picked that lingo up among the Indians,1,non_native,l2_learner,arctic_a0113
l2_arctic,PNV,Vietnamese,F,train,ai-training/datasets/l2-arctic/raw/l2arctic_release_v5.0/PNV/wav/arctic_a0114.wav,Her words sent a strange chill through Philip,1,non_native,l2_learner,arctic_a0114
l2_arctic,PNV,Vietnamese,F,train,ai-training/datasets/l2-arctic/raw/l2arctic_release_v5.0/PNV/wav/arctic_a0115.wav,He had no excuse for the feelings which were aroused in him,1,non_native,l2_learner,arctic_a0115
l2_arctic,PNV,Vietnamese,F,train,ai-training/datasets/l2-arctic/raw/l2arctic_release_v5.0/PNV/wav/arctic_a0116.wav,Was it the rendezvous of those who were striving to work his ruin,1,non_native,l2_learner,arctic_a0116
l2_arctic,PNV,Vietnamese,F,train,ai-training/datasets/l2-arctic/raw/l2arctic_release_v5.0/PNV/wav/arctic_a0117.wav,She added with genuine sympathy in her face and voice,1,non_native,l2_learner,arctic_a0117
l2_arctic,PNV,Vietnamese,F,train,ai-training/datasets/l2-arctic/raw/l2arctic_release_v5.0/PNV/wav/arctic_a0118.wav,Pierre obeys me when we are together,1,non_native,l2_learner,arctic_a0118
l2_arctic,PNV,Vietnamese,F,train,ai-training/datasets/l2-arctic/raw/l2arctic_release_v5.0/PNV/wav/arctic_a0119.wav,Jeanne was turning the bow shoreward,1,non_native,l2_learner,arctic_a0119
l2_arctic,PNV,Vietnamese,F,train,ai-training/datasets/l2-arctic/raw/l2arctic_release_v5.0/PNV/wav/arctic_a0120.wav,My right foot feels like that of a Chinese debutante,1,non_native,l2_learner,arctic_a0120
l2_arctic,PNV,Vietnamese,F,train,ai-training/datasets/l2-arctic/raw/l2arctic_release_v5.0/PNV/wav/arctic_a0121.wav,They ate dinner at the fifth and rested for two hours,1,non_native,l2_learner,arctic_a0121
l2_arctic,PNV,Vietnamese,F,train,ai-training/datasets/l2-arctic/raw/l2arctic_release_v5.0/PNV/wav/arctic_a0122.wav,Two years ago I gave up civilization for this,1,non_native,l2_learner,arctic_a0122
l2_arctic,PNV,Vietnamese,F,train,ai-training/datasets/l2-arctic/raw/l2arctic_release_v5.0/PNV/wav/arctic_a0123.wav,She had died from cold and starvation,1,non_native,l2_learner,arctic_a0123
l2_arctic,PNV,Vietnamese,F,train,ai-training/datasets/l2-arctic/raw/l2arctic_release_v5.0/PNV/wav/arctic_a0124.wav,It was Jeanne singing softly over beyond the rocks,1,non_native,l2_learner,arctic_a0124
l2_arctic,PNV,Vietnamese,F,train,ai-training/datasets/l2-arctic/raw/l2arctic_release_v5.0/PNV/wav/arctic_a0125.wav,He was determined now to maintain a more certain hold upon himself,1,non_native,l2_learner,arctic_a0125
l2_arctic,PNV,Vietnamese,F,train,ai-training/datasets/l2-arctic/raw/l2arctic_release_v5.0/PNV/wav/arctic_a0126.wav,Each day she became a more vital part of him,1,non_native,l2_learner,arctic_a0126
l2_arctic,PNV,Vietnamese,F,train,ai-training/datasets/l2-arctic/raw/l2arctic_release_v5.0/PNV/wav/arctic_a0127.wav,It was a temptation but he resisted it,1,non_native,l2_learner,arctic_a0127
l2_arctic,PNV,Vietnamese,F,train,ai-training/datasets/l2-arctic/raw/l2arctic_release_v5.0/PNV/wav/arctic_a0128.wav,This one hope was destroyed as quickly as it was born,1,non_native,l2_learner,arctic_a0128
l2_arctic,PNV,Vietnamese,F,train,ai-training/datasets/l2-arctic/raw/l2arctic_release_v5.0/PNV/wav/arctic_a0129.wav,Her face was against his breast,1,non_native,l2_learner,arctic_a0129
l2_arctic,PNV,Vietnamese,F,train,ai-training/datasets/l2-arctic/raw/l2arctic_release_v5.0/PNV/wav/arctic_a0130.wav,She was his now forever,1,non_native,l2_learner,arctic_a0130
l2_arctic,PNV,Vietnamese,F,train,ai-training/datasets/l2-arctic/raw/l2arctic_release_v5.0/PNV/wav/arctic_a0131.wav,Providence had delivered him through the maelstrom,1,non_native,l2_learner,arctic_a0131
l2_arctic,PNV,Vietnamese,F,train,ai-training/datasets/l2-arctic/raw/l2arctic_release_v5.0/PNV/wav/arctic_a0132.wav,A cry of joy burst from Philip's lips,1,non_native,l2_learner,arctic_a0132
l2_arctic,PNV,Vietnamese,F,train,ai-training/datasets/l2-arctic/raw/l2arctic_release_v5.0/PNV/wav/arctic_a0133.wav,Philip began to feel that he had foolishly overestimated his strength,1,non_native,l2_learner,arctic_a0133
l2_arctic,PNV,Vietnamese,F,train,ai-training/datasets/l2-arctic/raw/l2arctic_release_v5.0/PNV/wav/arctic_a0134.wav,He obeyed the pressure of her hand,1,non_native,l2_learner,arctic_a0134
l2_arctic,PNV,Vietnamese,F,train,ai-training/datasets/l2-arctic/raw/l2arctic_release_v5.0/PNV/wav/arctic_a0135.wav,I am going to surprise father and you will go with Pierre,1,non_native,l2_learner,arctic_a0135
l2_arctic,PNV,Vietnamese,F,train,ai-training/datasets/l2-arctic/raw/l2arctic_release_v5.0/PNV/wav/arctic_a0136.wav,About him everywhere were the evidences of luxury and of age,1,non_native,l2_learner,arctic_a0136
l2_arctic,PNV,Vietnamese,F,train,ai-training/datasets/l2-arctic/raw/l2arctic_release_v5.0/PNV/wav/arctic_a0137.wav,Then he stepped back with a low cry of pleasure,1,non_native,l2_learner,arctic_a0137
l2_arctic,PNV,Vietnamese,F,train,ai-training/datasets/l2-arctic/raw/l2arctic_release_v5.0/PNV/wav/arctic_a0138.wav,In the picture he saw each moment a greater resemblance to Jeanne,1,non_native,l2_learner,arctic_a0138
l2_arctic,PNV,Vietnamese,F,train,ai-training/datasets/l2-arctic/raw/l2arctic_release_v5.0/PNV/wav/arctic_a0139.wav,He told himself that as he washed himself and groomed his disheveled clothes,1,non_native,l2_learner,arctic_a0139
l2_arctic,PNV,Vietnamese,F,train,ai-training/datasets/l2-arctic/raw/l2arctic_release_v5.0/PNV/wav/arctic_a0140.wav,Accept a father's blessing and with it this,1,non_native,l2_learner,arctic_a0140
l2_arctic,PNV,Vietnamese,F,train,ai-training/datasets/l2-arctic/raw/l2arctic_release_v5.0/PNV/wav/arctic_a0141.wav,It seems like a strange pointing of the hand of God,1,non_native,l2_learner,arctic_a0141
l2_arctic,PNV,Vietnamese,F,train,ai-training/datasets/l2-arctic/raw/l2arctic_release_v5.0/PNV/wav/arctic_a0142.wav,Such things had occurred before he told Philip,1,non_native,l2_learner,arctic_a0142
l2_arctic,PNV,Vietnamese,F,train,ai-training/datasets/l2-arctic/raw/l2arctic_release_v5.0/PNV/wav/arctic_a0143.wav,Ah I had forgotten he exclaimed,1,non_native,l2_learner,arctic_a0143
l2_arctic,PNV,Vietnamese,F,train,ai-training/datasets/l2-arctic/raw/l2arctic_release_v5.0/PNV/wav/arctic_a0144.wav,But there was something even more startling than this resemblance,1,non_native,l2_learner,arctic_a0144
l2_arctic,PNV,Vietnamese,F,train,ai-training/datasets/l2-arctic/raw/l2arctic_release_v5.0/PNV/wav/arctic_a0145.wav,I have to be careful of them as they tear very easily,1,non_native,l2_learner,arctic_a0145
l2_arctic,PNV,Vietnamese,F,train,ai-training/datasets/l2-arctic/raw/l2arctic_release_v5.0/PNV/wav/arctic_a0146.wav,Of course that is uninteresting she continued,1,non_native,l2_learner,arctic_a0146
l2_arctic,PNV,Vietnamese,F,train,ai-training/datasets/l2-arctic/raw/l2arctic_release_v5.0/PNV/wav/arctic_a0147.wav,A moment before he was intoxicated by a joy that was almost madness,1,non_native,l2_learner,arctic_a0147
l2_arctic,PNV,Vietnamese,F,train,ai-training/datasets/l2-arctic/raw/l2arctic_release_v5.0/PNV/wav/arctic_a0148.wav,Now these things had been struck dead within him,1,non_native,l2_learner,arctic_a0148
l2_arctic,PNV,Vietnamese,F,train,ai-training/datasets/l2-arctic/raw/l2arctic_release_v5.0/PNV/wav/arctic_a0149.wav,For an instant he saw Pierre drawn like a silhouette against the sky,1,non_native,l2_learner,arctic_a0149
l2_arctic,PNV,Vietnamese,F,train,ai-training/datasets/l2-arctic/raw/l2arctic_release_v5.0/PNV/wav/arctic_a0150.wav,Goodbye Pierre he shouted,1,non_native,l2_learner,arctic_a0150
l2_arctic,PNV,Vietnamese,F,train,ai-training/datasets/l2-arctic/raw/l2arctic_release_v5.0/PNV/wav/arctic_a0151.wav,And MacDougall was beyond the trail with three weeks to spare,1,non_native,l2_learner,arctic_a0151
l2_arctic,PNV,Vietnamese,F,train,ai-training/datasets/l2-arctic/raw/l2arctic_release_v5.0/PNV/wav/arctic_a0152.wav,Philip thrust himself against it and entered,1,non_native,l2_learner,arctic_a0152
l2_arctic,PNV,Vietnamese,F,train,ai-training/datasets/l2-arctic/raw/l2arctic_release_v5.0/PNV/wav/arctic_a0153.wav,MacDougall tapped his forehead suspiciously with a stubby forefinger,1,non_native,l2_learner,arctic_a0153
l2_arctic,PNV,Vietnamese,F,train,ai-training/datasets/l2-arctic/raw/l2arctic_release_v5.0/PNV/wav/arctic_a0154.wav,He was smooth shaven and his hair and eyes were black,1,non_native,l2_learner,arctic_a0154
l2_arctic,PNV,Vietnamese,F,train,ai-training/datasets/l2-arctic/raw/l2arctic_release_v5.0/PNV/wav/arctic_a0155.wav,Won't you draw up gentlemen,1,non_native,l2_learner,arctic_a0155
l2_arctic,PNV,Vietnamese,F,train,ai-training/datasets/l2-arctic/raw/l2arctic_release_v5.0/PNV/wav/arctic_a0156.wav,A strange fire burned in his eyes when Thorpe turned,1,non_native,l2_learner,arctic_a0156
l2_arctic,PNV,Vietnamese,F,train,ai-training/datasets/l2-arctic/raw/l2arctic_release_v5.0/PNV/wav/arctic_a0157.wav,He had worshiped her as Dante might have worshiped Beatrice,1,non_native,l2_learner,arctic_a0157
l2_arctic,PNV,Vietnamese,F,train,ai-training/datasets/l2-arctic/raw/l2arctic_release_v5.0/PNV/wav/arctic_a0158.wav,Does that look good,1,non_native,l2_learner,arctic_a0158
l2_arctic,PNV,Vietnamese,F,train,ai-training/datasets/l2-arctic/raw/l2arctic_release_v5.0/PNV/wav/arctic_a0159.wav,They look as though he had been drumming a piano all his life,1,non_native,l2_learner,arctic_a0159
l2_arctic,PNV,Vietnamese,F,train,ai-training/datasets/l2-arctic/raw/l2arctic_release_v5.0/PNV/wav/arctic_a0160.wav,You want to go over and see his gang throw dirt,1,non_native,l2_learner,arctic_a0160
l2_arctic,PNV,Vietnamese,F,train,ai-training/datasets/l2-arctic/raw/l2arctic_release_v5.0/PNV/wav/arctic_a0161.wav,Take away their foreman and they wouldn't be worth their grub,1,non_native,l2_learner,arctic_a0161
l2_arctic,PNV,Vietnamese,F,train,ai-training/datasets/l2-arctic/raw/l2arctic_release_v5.0/PNV/wav/arctic_a0162.wav,That's the sub foreman explained Thorpe,1,non_native,l2_learner,arctic_a0162
l2_arctic,PNV,Vietnamese,F,train,ai-training/datasets/l2-arctic/raw/l2arctic_release_v5.0/PNV/wav/arctic_a0163.wav,Philip made no effort to follow,1,non_native,l2_learner,arctic_a0163
l2_arctic,PNV,Vietnamese,F,train,ai-training/datasets/l2-arctic/raw/l2arctic_release_v5.0/PNV/wav/arctic_a0164.wav,He came first a year ago and revealed himself to Jeanne,1,non_native,l2_learner,arctic_a0164
l2_arctic,PNV,Vietnamese,F,train,ai-training/datasets/l2-arctic/raw/l2arctic_release_v5.0/PNV/wav/arctic_a0165.wav,They are to attack your camp tomorrow night,1,non_native,l2_learner,arctic_a0165
l2_arctic,PNV,Vietnamese,F,train,ai-training/datasets/l2-arctic/raw/l2arctic_release_v5.0/PNV/wav/arctic_a0166.wav,Two days ago Jeanne learned where her father's men were hiding,1,non_native,l2_learner,arctic_a0166
l2_arctic,PNV,Vietnamese,F,train,ai-training/datasets/l2-arctic/raw/l2arctic_release_v5.0/PNV/wav/arctic_a0167.wav,I was near the cabin and saw you,1,non_native,l2_learner,arctic_a0167
l2_arctic,PNV,Vietnamese,F,train,ai-training/datasets/l2-arctic/raw/l2arctic_release_v5.0/PNV/wav/arctic_a0168.wav,A low bush whipped him in the face and left no sting,1,non_native,l2_learner,arctic_a0168
l2_arctic,PNV,Vietnamese,F,train,ai-training/datasets/l2-arctic/raw/l2arctic_release_v5.0/PNV/wav/arctic_a0169.wav,Suddenly Jeanne stopped for an instant,1,non_native,l2_learner,arctic_a0169
l2_arctic,PNV,Vietnamese,F,train,ai-training/datasets/l2-arctic/raw/l2arctic_release_v5.0/PNV/wav/arctic_a0170.wav,There was none of the joy of meeting in his face,1,non_native,l2_learner,arctic_a0170
l2_arctic,PNV,Vietnamese,F,train,ai-training/datasets/l2-arctic/raw/l2arctic_release_v5.0/PNV/wav/arctic_a0171.wav,And when you come back in a few days bring Eileen,1,non_native,l2_learner,arctic_a0171
l2_arctic,PNV,Vietnamese,F,train,ai-training/datasets/l2-arctic/raw/l2arctic_release_v5.0/PNV/wav/arctic_a0172.wav,Gregson had left the outer door slightly ajar,1,non_native,l2_learner,arctic_a0172
l2_arctic,PNV,Vietnamese,F,train,ai-training/datasets/l2-arctic/raw/l2arctic_release_v5.0/PNV/wav/arctic_a0173.wav,The date was nearly eighteen years old,1,non_native,l2_learner,arctic_a0173
l2_arctic,PNV,Vietnamese,F,train,ai-training/datasets/l2-arctic/raw/l2arctic_release_v5.0/PNV/wav/arctic_a0174.wav,They were the presage of storm,1,non_native,l2_learner,arctic_a0174
l2_arctic,PNV,Vietnamese,F,train,ai-training/datasets/l2-arctic/raw/l2arctic_release_v5.0/PNV/wav/arctic_a0175.wav,Down there the earth was already swelling with life,1,non_native,l2_learner,arctic_a0175
l2_arctic,PNV,Vietnamese,F,train,ai-training/datasets/l2-arctic/raw/l2arctic_release_v5.0/PNV/wav/arctic_a0176.wav,For the first time in his life he was yearning for a scrap,1,non_native,l2_learner,arctic_a0176
l2_arctic,PNV,Vietnamese,F,train,ai-training/datasets/l2-arctic/raw/l2arctic_release_v5.0/PNV/wav/arctic_a0177.wav,She had been thoroughly and efficiently mauled,1,non_native,l2_learner,arctic_a0177
l2_arctic,PNV,Vietnamese,F,train,ai-training/datasets/l2-arctic/raw/l2arctic_release_v5.0/PNV/wav/arctic_a0178.wav,Every bone in her aged body seemed broken or dislocated,1,non_native,l2_learner,arctic_a0178
l2_arctic,PNV,Vietnamese,F,train,ai-training/datasets/l2-arctic/raw/l2arctic_release_v5.0/PNV/wav/arctic_a0179.wav,Tomorrow I'm going after that bear he said,1,non_native,l2_learner,arctic_a0179
l2_arctic,PNV,Vietnamese,F,train,ai-training/datasets/l2-arctic/raw/l2arctic_release_v5.0/PNV/wav/arctic_a0180.wav,If not let's say our prayers and go to bed,1,non_native,l2_learner,arctic_a0180
l2_arctic,PNV,Vietnamese,F,train,ai-training/datasets/l2-arctic/raw/l2arctic_release_v5.0/PNV/wav/arctic_a0181.wav,So cheer up and give us your paw,1,non_native,l2_learner,arctic_a0181
l2_arctic,PNV,Vietnamese,F,train,ai-training/datasets/l2-arctic/raw/l2arctic_release_v5.0/PNV/wav/arctic_a0182.wav,This time he did not yap for mercy,1,non_native,l2_learner,arctic_a0182
l2_arctic,PNV,Vietnamese,F,train,ai-training/datasets/l2-arctic/raw/l2arctic_release_v5.0/PNV/wav/arctic_a0183.wav,And the air was growing chilly,1,non_native,l2_learner,arctic_a0183
l2_arctic,PNV,Vietnamese,F,train,ai-training/datasets/l2-arctic/raw/l2arctic_release_v5.0/PNV/wav/arctic_a0184.wav,Don't you see I'm chewing this thing in two,1,non_native,l2_learner,arctic_a0184
l2_arctic,PNV,Vietnamese,F,train,ai-training/datasets/l2-arctic/raw/l2arctic_release_v5.0/PNV/wav/arctic_a0185.wav,The questions may have come vaguely in his mind,1,non_native,l2_learner,arctic_a0185
l2_arctic,PNV,Vietnamese,F,train,ai-training/datasets/l2-arctic/raw/l2arctic_release_v5.0/PNV/wav/arctic_a0186.wav,Like a flash he launched himself into the feathered mass of the owl,1,non_native,l2_learner,arctic_a0186
l2_arctic,PNV,Vietnamese,F,train,ai-training/datasets/l2-arctic/raw/l2arctic_release_v5.0/PNV/wav/arctic_a0187.wav,Ahead of them they saw a glimmer of sunshine,1,non_native,l2_learner,arctic_a0187
l2_arctic,PNV,Vietnamese,F,train,ai-training/datasets/l2-arctic/raw/l2arctic_release_v5.0/PNV/wav/arctic_a0188.wav,Two gigantic owls were tearing at the carcass,1,non_native,l2_learner,arctic_a0188
l2_arctic,PNV,Vietnamese,F,train,ai-training/datasets/l2-arctic/raw/l2arctic_release_v5.0/PNV/wav/arctic_a0189.wav,The big eyed clucking moose birds were most annoying,1,non_native,l2_learner,arctic_a0189
l2_arctic,PNV,Vietnamese,F,train,ai-training/datasets/l2-arctic/raw/l2arctic_release_v5.0/PNV/wav/arctic_a0190.wav,Next to them the Canada jays were most persistent,1,non_native,l2_learner,arctic_a0190
l2_arctic,PNV,Vietnamese,F,train,ai-training/datasets/l2-arctic/raw/l2arctic_release_v5.0/PNV/wav/arctic_a0191.wav,For a time the exciting thrill of his adventure was gone,1,non_native,l2_learner,arctic_a0191
l2_arctic,PNV,Vietnamese,F,train,ai-training/datasets/l2-arctic/raw/l2arctic_release_v5.0/PNV/wav/arctic_a0192.wav,He did not rush in,1,non_native,l2_learner,arctic_a0192
l2_arctic,PNV,Vietnamese,F,train,ai-training/datasets/l2-arctic/raw/l2arctic_release_v5.0/PNV/wav/arctic_a0193.wav,It was edged with ice,1,non_native,l2_learner,arctic_a0193
l2_arctic,PNV,Vietnamese,F,train,ai-training/datasets/l2-arctic/raw/l2arctic_release_v5.0/PNV/wav/arctic_a0194.wav,He drank of the water cautiously,1,non_native,l2_learner,arctic_a0194
l2_arctic,PNV,Vietnamese,F,train,ai-training/datasets/l2-arctic/raw/l2arctic_release_v5.0/PNV/wav/arctic_a0195.wav,But a strange thing happened,1,non_native,l2_learner,arctic_a0195
l2_arctic,PNV,Vietnamese,F,train,ai-training/datasets/l2-arctic/raw/l2arctic_release_v5.0/PNV/wav/arctic_a0196.wav,He began to follow the footprints of the dog,1,non_native,l2_learner,arctic_a0196
l2_arctic,PNV,Vietnamese,F,train,ai-training/datasets/l2-arctic/raw/l2arctic_release_v5.0/PNV/wav/arctic_a0197.wav,Such a dog the wise driver kills or turns loose,1,non_native,l2_learner,arctic_a0197
l2_arctic,PNV,Vietnamese,F,train,ai-training/datasets/l2-arctic/raw/l2arctic_release_v5.0/PNV/wav/arctic_a0198.wav,Sometimes her dreams were filled with visions,1,non_native,l2_learner,arctic_a0198
l2_arctic,PNV,Vietnamese,F,train,ai-training/datasets/l2-arctic/raw/l2arctic_release_v5.0/PNV/wav/arctic_a0199.wav,Thus had the raw wilderness prepared him for this day,1,non_native,l2_learner,arctic_a0199
l2_arctic,PNV,Vietnamese,F,train,ai-training/datasets/l2-arctic/raw/l2arctic_release_v5.0/PNV/wav/arctic_a0200.wav,He leapt again and the club caught him once more,1,non_native,l2_learner,arctic_a0200
l2_arctic,PNV,Vietnamese,F,train,ai-training/datasets/l2-arctic/raw/l2arctic_release_v5.0/PNV/wav/arctic_a0201.wav,He cried and swung the club wildly,1,non_native,l2_learner,arctic_a0201
l2_arctic,PNV,Vietnamese,F,train,ai-training/datasets/l2-arctic/raw/l2arctic_release_v5.0/PNV/wav/arctic_a0202.wav,She turned fearing that Jacques might see what was in her face,1,non_native,l2_learner,arctic_a0202
l2_arctic,PNV,Vietnamese,F,train,ai-training/datasets/l2-arctic/raw/l2arctic_release_v5.0/PNV/wav/arctic_a0203.wav,They were following the shore of a lake,1,non_native,l2_learner,arctic_a0203
l2_arctic,PNV,Vietnamese,F,train,ai-training/datasets/l2-arctic/raw/l2arctic_release_v5.0/PNV/wav/arctic_a0204.wav,The wolf dog thrust his gaunt muzzle toward him,1,non_native,l2_learner,arctic_a0204
l2_arctic,PNV,Vietnamese,F,train,ai-training/datasets/l2-arctic/raw/l2arctic_release_v5.0/PNV/wav/arctic_a0205.wav,From now on we're pals,1,non_native,l2_learner,arctic_a0205
l2_arctic,PNV,Vietnamese,F,train,ai-training/datasets/l2-arctic/raw/l2arctic_release_v5.0/PNV/wav/arctic_a0206.wav,He says he bought him of Jacques Le Beau,1,non_native,l2_learner,arctic_a0206
l2_arctic,PNV,Vietnamese,F,train,ai-training/datasets/l2-arctic/raw/l2arctic_release_v5.0/PNV/wav/arctic_a0207.wav,How much was it,1,non_native,l2_learner,arctic_a0207
l2_arctic,PNV,Vietnamese,F,train,ai-training/datasets/l2-arctic/raw/l2arctic_release_v5.0/PNV/wav/arctic_a0208.wav,Youth had come back to her freed from the yoke of oppression,1,non_native,l2_learner,arctic_a0208
l2_arctic,PNV,Vietnamese,F,train,ai-training/datasets/l2-arctic/raw/l2arctic_release_v5.0/PNV/wav/arctic_a0209.wav,It was not a large lake and almost round,1,non_native,l2_learner,arctic_a0209
l2_arctic,PNV,Vietnamese,F,train,ai-training/datasets/l2-arctic/raw/l2arctic_release_v5.0/PNV/wav/arctic_a0210.wav,Its diameter was not more than two hundred yards,1,non_native,l2_learner,arctic_a0210
l2_arctic,PNV,Vietnamese,F,train,ai-training/datasets/l2-arctic/raw/l2arctic_release_v5.0/PNV/wav/arctic_a0211.wav,It drowned all sound that brute agony and death may have made,1,non_native,l2_learner,arctic_a0211
l2_arctic,PNV,Vietnamese,F,train,ai-training/datasets/l2-arctic/raw/l2arctic_release_v5.0/PNV/wav/arctic_a0212.wav,Fresh cases still able to walk they clustered about the spokesman,1,non_native,l2_learner,arctic_a0212
l2_arctic,PNV,Vietnamese,F,train,ai-training/datasets/l2-arctic/raw/l2arctic_release_v5.0/PNV/wav/arctic_a0213.wav,Between him and the beach was the cane grass fence of the compound,1,non_native,l2_learner,arctic_a0213
l2_arctic,PNV,Vietnamese,F,train,ai-training/datasets/l2-arctic/raw/l2arctic_release_v5.0/PNV/wav/arctic_a0214.wav,Besides he was paid one case of tobacco per head,1,non_native,l2_learner,arctic_a0214
l2_arctic,PNV,Vietnamese,F,train,ai-training/datasets/l2-arctic/raw/l2arctic_release_v5.0/PNV/wav/arctic_a0215.wav,They die out of spite,1,non_native,l2_learner,arctic_a0215
l2_arctic,PNV,Vietnamese,F,train,ai-training/datasets/l2-arctic/raw/l2arctic_release_v5.0/PNV/wav/arctic_a0216.wav,The other felt a sudden wave of irritation rush through him,1,non_native,l2_learner,arctic_a0216
l2_arctic,PNV,Vietnamese,F,train,ai-training/datasets/l2-arctic/raw/l2arctic_release_v5.0/PNV/wav/arctic_a0217.wav,Oppressive as the heat had been it was now even more oppressive,1,non_native,l2_learner,arctic_a0217
l2_arctic,PNV,Vietnamese,F,train,ai-training/datasets/l2-arctic/raw/l2arctic_release_v5.0/PNV/wav/arctic_a0218.wav,The ringing of the big bell aroused him,1,non_native,l2_learner,arctic_a0218
l2_arctic,PNV,Vietnamese,F,train,ai-training/datasets/l2-arctic/raw/l2arctic_release_v5.0/PNV/wav/arctic_a0219.wav,At first he puzzled over something untoward he was sure had happened,1,non_native,l2_learner,arctic_a0219
l2_arctic,PNV,Vietnamese,F,train,ai-training/datasets/l2-arctic/raw/l2arctic_release_v5.0/PNV/wav/arctic_a0220.wav,A dead man is of no use on a plantation,1,non_native,l2_learner,arctic_a0220
l2_arctic,PNV,Vietnamese,F,train,ai-training/datasets/l2-arctic/raw/l2arctic_release_v5.0/PNV/wav/arctic_a0221.wav,I don't know why you're here at all,1,non_native,l2_learner,arctic_a0221
l2_arctic,PNV,Vietnamese,F,train,ai-training/datasets/l2-arctic/raw/l2arctic_release_v5.0/PNV/wav/arctic_a0222.wav,What part of the United States is your home,1,non_native,l2_learner,arctic_a0222
l2_arctic,PNV,Vietnamese,F,train,ai-training/datasets/l2-arctic/raw/l2arctic_release_v5.0/PNV/wav/arctic_a0223.wav,My I'm almost homesick for it already,1,non_native,l2_learner,arctic_a0223
l2_arctic,PNV,Vietnamese,F,train,ai-training/datasets/l2-arctic/raw/l2arctic_release_v5.0/PNV/wav/arctic_a0224.wav,She nodded and her eyes grew soft and moist,1,non_native,l2_learner,arctic_a0224
l2_arctic,PNV,Vietnamese,F,train,ai-training/datasets/l2-arctic/raw/l2arctic_release_v5.0/PNV/wav/arctic_a0225.wav,I was brought up the way most girls in Hawaii are brought up,1,non_native,l2_learner,arctic_a0225
l2_arctic,PNV,Vietnamese,F,train,ai-training/datasets/l2-arctic/raw/l2arctic_release_v5.0/PNV/wav/arctic_a0226.wav,That came before my A B C's,1,non_native,l2_learner,arctic_a0226
l2_arctic,PNV,Vietnamese,F,train,ai-training/datasets/l2-arctic/raw/l2arctic_release_v5.0/PNV/wav/arctic_a0227.wav,It was the same way with our revolvers and rifles,1,non_native,l2_learner,arctic_a0227
l2_arctic,PNV,Vietnamese,F,train,ai-training/datasets/l2-arctic/raw/l2arctic_release_v5.0/PNV/wav/arctic_a0228.wav,But it contributed to the smash,1,non_native,l2_learner,arctic_a0228
l2_arctic,PNV,Vietnamese,F,train,ai-training/datasets/l2-arctic/raw/l2arctic_release_v5.0/PNV/wav/arctic_a0229.wav,The last one I knew was an overseer,1,non_native,l2_learner,arctic_a0229
l2_arctic,PNV,Vietnamese,F,train,ai-training/datasets/l2-arctic/raw/l2arctic_release_v5.0/PNV/wav/arctic_a0230.wav,Do you know any good land around here,1,non_native,l2_learner,arctic_a0230
l2_arctic,PNV,Vietnamese,F,train,ai-training/datasets/l2-arctic/raw/l2arctic_release_v5.0/PNV/wav/arctic_a0231.wav,The Resident Commissioner is away in Australia,1,non_native,l2_learner,arctic_a0231
l2_arctic,PNV,Vietnamese,F,train,ai-training/datasets/l2-arctic/raw/l2arctic_release_v5.0/PNV/wav/arctic_a0232.wav,I cannot follow you she said,1,non_native,l2_learner,arctic_a0232
l2_arctic,PNV,Vietnamese,F,train,ai-training/datasets/l2-arctic/raw/l2arctic_release_v5.0/PNV/wav/arctic_a0233.wav,I never allow what can't be changed to annoy me,1,non_native,l2_learner,arctic_a0233
l2_arctic,PNV,Vietnamese,F,train,ai-training/datasets/l2-arctic/raw/l2arctic_release_v5.0/PNV/wav/arctic_a0234.wav,Why the average review is more nauseating than cod liver oil,1,non_native,l2_learner,arctic_a0234
l2_arctic,PNV,Vietnamese,F,train,ai-training/datasets/l2-arctic/raw/l2arctic_release_v5.0/PNV/wav/arctic_a0235.wav,His voice was passionately rebellious,1,non_native,l2_learner,arctic_a0235
l2_arctic,PNV,Vietnamese,F,train,ai-training/datasets/l2-arctic/raw/l2arctic_release_v5.0/PNV/wav/arctic_a0236.wav,Don't you see I hate you,1,non_native,l2_learner,arctic_a0236
l2_arctic,PNV,Vietnamese,F,train,ai-training/datasets/l2-arctic/raw/l2arctic_release_v5.0/PNV/wav/arctic_a0237.wav,So Hughie and I did the managing ourselves,1,non_native,l2_learner,arctic_a0237
l2_arctic,PNV,Vietnamese,F,train,ai-training/datasets/l2-arctic/raw/l2arctic_release_v5.0/PNV/wav/arctic_a0238.wav,It happened to him at the Gallina Society in Oakland one afternoon,1,non_native,l2_learner,arctic_a0238
l2_arctic,PNV,Vietnamese,F,train,ai-training/datasets/l2-arctic/raw/l2arctic_release_v5.0/PNV/wav/arctic_a0239.wav,He cried in such genuine dismay that she broke into hearty laughter,1,non_native,l2_learner,arctic_a0239
l2_arctic,PNV,Vietnamese,F,train,ai-training/datasets/l2-arctic/raw/l2arctic_release_v5.0/PNV/wav/arctic_a0240.wav,Wash your hands of me,1,non_native,l2_learner,arctic_a0240
l2_arctic,PNV,Vietnamese,F,train,ai-training/datasets/l2-arctic/raw/l2arctic_release_v5.0/PNV/wav/arctic_a0241.wav,I think it's much nicer to quarrel,1,non_native,l2_learner,arctic_a0241
l2_arctic,PNV,Vietnamese,F,train,ai-training/datasets/l2-arctic/raw/l2arctic_release_v5.0/PNV/wav/arctic_a0242.wav,I saw it when she rolled,1,non_native,l2_learner,arctic_a0242
l2_arctic,PNV,Vietnamese,F,train,ai-training/datasets/l2-arctic/raw/l2arctic_release_v5.0/PNV/wav/arctic_a0243.wav,I only read the quotations,1,non_native,l2_learner,arctic_a0243
l2_arctic,PNV,Vietnamese,F,train,ai-training/datasets/l2-arctic/raw/l2arctic_release_v5.0/PNV/wav/arctic_a0244.wav,He was the soul of devotion to his employers,1,non_native,l2_learner,arctic_a0244
l2_arctic,PNV,Vietnamese,F,train,ai-training/datasets/l2-arctic/raw/l2arctic_release_v5.0/PNV/wav/arctic_a0245.wav,Out of his eighteen hundred he laid aside sixteen hundred each year,1,non_native,l2_learner,arctic_a0245
l2_arctic,PNV,Vietnamese,F,train,ai-training/datasets/l2-arctic/raw/l2arctic_release_v5.0/PNV/wav/arctic_a0246.wav,You have heard always how he was the lover of the Princess Naomi,1,non_native,l2_learner,arctic_a0246
l2_arctic,PNV,Vietnamese,F,train,ai-training/datasets/l2-arctic/raw/l2arctic_release_v5.0/PNV/wav/arctic_a0247.wav,They ought to pass here some time today,1,non_native,l2_learner,arctic_a0247
l2_arctic,PNV,Vietnamese,F,train,ai-training/datasets/l2-arctic/raw/l2arctic_release_v5.0/PNV/wav/arctic_a0248.wav,I had been sad too long already,1,non_native,l2_learner,arctic_a0248
l2_arctic,PNV,Vietnamese,F,train,ai-training/datasets/l2-arctic/raw/l2arctic_release_v5.0/PNV/wav/arctic_a0249.wav,All eyes however were staring at him in certitude of expectancy,1,non_native,l2_learner,arctic_a0249
l2_arctic,PNV,Vietnamese,F,train,ai-training/datasets/l2-arctic/raw/l2arctic_release_v5.0/PNV/wav/arctic_a0250.wav,He had observed the business life of Hawaii and developed a vaulting ambition,1,non_native,l2_learner,arctic_a0250
l2_arctic,PNV,Vietnamese,F,train,ai-training/datasets/l2-arctic/raw/l2arctic_release_v5.0/PNV/wav/arctic_a0251.wav,I may manage to freight a cargo back as well,1,non_native,l2_learner,arctic_a0251
l2_arctic,PNV,Vietnamese,F,train,ai-training/datasets/l2-arctic/raw/l2arctic_release_v5.0/PNV/wav/arctic_a0252.wav,O'Brien had been a clean living young man with ideals,1,non_native,l2_learner,arctic_a0252
l2_arctic,PNV,Vietnamese,F,train,ai-training/datasets/l2-arctic/raw/l2arctic_release_v5.0/PNV/wav/arctic_a0253.wav,He it was that lived to found the family of the Patino,1,non_native,l2_learner,arctic_a0253
l2_arctic,PNV,Vietnamese,F,train,ai-training/datasets/l2-arctic/raw/l2arctic_release_v5.0/PNV/wav/arctic_a0254.wav,Straight out they swam their heads growing smaller and smaller,1,non_native,l2_learner,arctic_a0254
l2_arctic,PNV,Vietnamese,F,train,ai-training/datasets/l2-arctic/raw/l2arctic_release_v5.0/PNV/wav/arctic_a0255.wav,You won't die of malnutrition be sure of that,1,non_native,l2_learner,arctic_a0255
l2_arctic,PNV,Vietnamese,F,train,ai-training/datasets/l2-arctic/raw/l2arctic_release_v5.0/PNV/wav/arctic_a0256.wav,See the length of the body and that elongated neck,1,non_native,l2_learner,arctic_a0256
l2_arctic,PNV,Vietnamese,F,train,ai-training/datasets/l2-arctic/raw/l2arctic_release_v5.0/PNV/wav/arctic_a0257.wav,They are coming ashore whoever they are,1,non_native,l2_learner,arctic_a0257
l2_arctic,PNV,Vietnamese,F,train,ai-training/datasets/l2-arctic/raw/l2arctic_release_v5.0/PNV/wav/arctic_a0258.wav,Soaked in seawater they offset the heat rays,1,non_native,l2_learner,arctic_a0258
l2_arctic,PNV,Vietnamese,F,train,ai-training/datasets/l2-arctic/raw/l2arctic_release_v5.0/PNV/wav/arctic_a0259.wav,Think of investing in such an adventure,1,non_native,l2_learner,arctic_a0259
l2_arctic,PNV,Vietnamese,F,train,ai-training/datasets/l2-arctic/raw/l2arctic_release_v5.0/PNV/wav/arctic_a0260.wav,Nobody knew his history they of the Junta least of all,1,non_native,l2_learner,arctic_a0260
l2_arctic,PNV,Vietnamese,F,train,ai-training/datasets/l2-arctic/raw/l2arctic_release_v5.0/PNV/wav/arctic_a0261.wav,I have been doubly baptized,1,non_native,l2_learner,arctic_a0261
l2_arctic,PNV,Vietnamese,F,train,ai-training/datasets/l2-arctic/raw/l2arctic_release_v5.0/PNV/wav/arctic_a0262.wav,They wouldn't be sweeping a big vessel like the Martha,1,non_native,l2_learner,arctic_a0262
l2_arctic,PNV,Vietnamese,F,train,ai-training/datasets/l2-arctic/raw/l2arctic_release_v5.0/PNV/wav/arctic_a0263.wav,Joan looked triumphantly at Sheldon who bowed,1,non_native,l2_learner,arctic_a0263
l2_arctic,PNV,Vietnamese,F,train,ai-training/datasets/l2-arctic/raw/l2arctic_release_v5.0/PNV/wav/arctic_a0264.wav,And I hope you've got plenty of chain out Captain Young,1,non_native,l2_learner,arctic_a0264
l2_arctic,PNV,Vietnamese,F,train,ai-training/datasets/l2-arctic/raw/l2arctic_release_v5.0/PNV/wav/arctic_a0265.wav,The discovery seemed to have been made on the spur of the moment,1,non_native,l2_learner,arctic_a0265
l2_arctic,PNV,Vietnamese,F,train,ai-training/datasets/l2-arctic/raw/l2arctic_release_v5.0/PNV/wav/arctic_a0266.wav,They handled two men already both grub thieves,1,non_native,l2_learner,arctic_a0266
l2_arctic,PNV,Vietnamese,F,train,ai-training/datasets/l2-arctic/raw/l2arctic_release_v5.0/PNV/wav/arctic_a0267.wav,Eli Harding asked as Shunk started to follow,1,non_native,l2_learner,arctic_a0267
l2_arctic,PNV,Vietnamese,F,train,ai-training/datasets/l2-arctic/raw/l2arctic_release_v5.0/PNV/wav/arctic_a0268.wav,Now go ahead and tell me in a straightforward way what has happened,1,non_native,l2_learner,arctic_a0268
l2_arctic,PNV,Vietnamese,F,train,ai-training/datasets/l2-arctic/raw/l2arctic_release_v5.0/PNV/wav/arctic_a0269.wav,That's where they cut off the Scottish Chiefs and killed all hands,1,non_native,l2_learner,arctic_a0269
l2_arctic,PNV,Vietnamese,F,train,ai-training/datasets/l2-arctic/raw/l2arctic_release_v5.0/PNV/wav/arctic_a0270.wav,And after the bath a shave would not be bad,1,non_native,l2_learner,arctic_a0270
l2_arctic,PNV,Vietnamese,F,train,ai-training/datasets/l2-arctic/raw/l2arctic_release_v5.0/PNV/wav/arctic_a0271.wav,Now please give a plain statement of what occurred,1,non_native,l2_learner,arctic_a0271
l2_arctic,PNV,Vietnamese,F,train,ai-training/datasets/l2-arctic/raw/l2arctic_release_v5.0/PNV/wav/arctic_a0272.wav,You can take a vacation on pay,1,non_native,l2_learner,arctic_a0272
l2_arctic,PNV,Vietnamese,F,train,ai-training/datasets/l2-arctic/raw/l2arctic_release_v5.0/PNV/wav/arctic_a0273.wav,They are big trees and require plenty of room,1,non_native,l2_learner,arctic_a0273
l2_arctic,PNV,Vietnamese,F,train,ai-training/datasets/l2-arctic/raw/l2arctic_release_v5.0/PNV/wav/arctic_a0274.wav,And Raoul listened again to the tale of the house,1,non_native,l2_learner,arctic_a0274
l2_arctic,PNV,Vietnamese,F,train,ai-training/datasets/l2-arctic/raw/l2arctic_release_v5.0/PNV/wav/arctic_a0275.wav,There are no kiddies and half grown youths among them,1,non_native,l2_learner,arctic_a0275
l2_arctic,PNV,Vietnamese,F,train,ai-training/datasets/l2-arctic/raw/l2arctic_release_v5.0/PNV/wav/arctic_a0276.wav,Oolong Atoll was one hundred and forty miles in circumference,1,non_native,l2_learner,arctic_a0276
l2_arctic,PNV,Vietnamese,F,train,ai-training/datasets/l2-arctic/raw/l2arctic_release_v5.0/PNV/wav/arctic_a0277.wav,M'Coy found a stifling poisonous atmosphere in the pent cabin,1,non_native,l2_learner,arctic_a0277
l2_arctic,PNV,Vietnamese,F,train,ai-training/datasets/l2-arctic/raw/l2arctic_release_v5.0/PNV/wav/arctic_a0278.wav,It would give me nervous prostration,1,non_native,l2_learner,arctic_a0278
l2_arctic,PNV,Vietnamese,F,train,ai-training/datasets/l2-arctic/raw/l2arctic_release_v5.0/PNV/wav/arctic_a0279.wav,She said with chattering teeth,1,non_native,l2_learner,arctic_a0279
l2_arctic,PNV,Vietnamese,F,train,ai-training/datasets/l2-arctic/raw/l2arctic_release_v5.0/PNV/wav/arctic_a0280.wav,I'll be out of my head in fifteen minutes,1,non_native,l2_learner,arctic_a0280
l2_arctic,PNV,Vietnamese,F,train,ai-training/datasets/l2-arctic/raw/l2arctic_release_v5.0/PNV/wav/arctic_a0281.wav,I do not blame you for anything remember that,1,non_native,l2_learner,arctic_a0281
l2_arctic,PNV,Vietnamese,F,train,ai-training/datasets/l2-arctic/raw/l2arctic_release_v5.0/PNV/wav/arctic_a0282.wav,If you mean to insinuate Brentwood began hotly,1,non_native,l2_learner,arctic_a0282
l2_arctic,PNV,Vietnamese,F,train,ai-training/datasets/l2-arctic/raw/l2arctic_release_v5.0/PNV/wav/arctic_a0283.wav,The woman in you is only incidental accidental and irrelevant,1,non_native,l2_learner,arctic_a0283
l2_arctic,PNV,Vietnamese,F,train,ai-training/datasets/l2-arctic/raw/l2arctic_release_v5.0/PNV/wav/arctic_a0284.wav,There was no forecasting this strange girl's processes,1,non_native,l2_learner,arctic_a0284
l2_arctic,PNV,Vietnamese,F,train,ai-training/datasets/l2-arctic/raw/l2arctic_release_v5.0/PNV/wav/arctic_a0285.wav,But what they want with your toothbrush is more than I can imagine,1,non_native,l2_learner,arctic_a0285
l2_arctic,PNV,Vietnamese,F,train,ai-training/datasets/l2-arctic/raw/l2arctic_release_v5.0/PNV/wav/arctic_a0286.wav,Give them their choice between a fine or an official whipping,1,non_native,l2_learner,arctic_a0286
l2_arctic,PNV,Vietnamese,F,train,ai-training/datasets/l2-arctic/raw/l2arctic_release_v5.0/PNV/wav/arctic_a0287.wav,Keep an eye on him,1,non_native,l2_learner,arctic_a0287
l2_arctic,PNV,Vietnamese,F,train,ai-training/datasets/l2-arctic/raw/l2arctic_release_v5.0/PNV/wav/arctic_a0288.wav,Those are my oysters he said at last,1,non_native,l2_learner,arctic_a0288
l2_arctic,PNV,Vietnamese,F,train,ai-training/datasets/l2-arctic/raw/l2arctic_release_v5.0/PNV/wav/arctic_a0289.wav,They are not regular oyster pirates Nicholas continued,1,non_native,l2_learner,arctic_a0289
l2_arctic,PNV,Vietnamese,F,train,ai-training/datasets/l2-arctic/raw/l2arctic_release_v5.0/PNV/wav/arctic_a0290.wav,One by one the boys were captured,1,non_native,l2_learner,arctic_a0290
l2_arctic,PNV,Vietnamese,F,train,ai-training/datasets/l2-arctic/raw/l2arctic_release_v5.0/PNV/wav/arctic_a0291.wav,The weeks had gone by and no overt acts had been attempted,1,non_native,l2_learner,arctic_a0291
l2_arctic,PNV,Vietnamese,F,train,ai-training/datasets/l2-arctic/raw/l2arctic_release_v5.0/PNV/wav/arctic_a0292.wav,Here in the midmorning the first casualty occurred,1,non_native,l2_learner,arctic_a0292
l2_arctic,PNV,Vietnamese,F,train,ai-training/datasets/l2-arctic/raw/l2arctic_release_v5.0/PNV/wav/arctic_a0293.wav,They were deep in the primeval forest,1,non_native,l2_learner,arctic_a0293
l2_arctic,PNV,Vietnamese,F,train,ai-training/datasets/l2-arctic/raw/l2arctic_release_v5.0/PNV/wav/arctic_a0294.wav,He had been foiled in his attempt to escape,1,non_native,l2_learner,arctic_a0294
l2_arctic,PNV,Vietnamese,F,train,ai-training/datasets/l2-arctic/raw/l2arctic_release_v5.0/PNV/wav/arctic_a0295.wav,And twenty men could hold it with spears and arrows,1,non_native,l2_learner,arctic_a0295
l2_arctic,PNV,Vietnamese,F,train,ai-training/datasets/l2-arctic/raw/l2arctic_release_v5.0/PNV/wav/arctic_a0296.wav,Bassett was a fastidious man,1,non_native,l2_learner,arctic_a0296
l2_arctic,PNV,Vietnamese,F,train,ai-training/datasets/l2-arctic/raw/l2arctic_release_v5.0/PNV/wav/arctic_a0297.wav,There's a big English general right now whose name is Roberts,1,non_native,l2_learner,arctic_a0297
l2_arctic,PNV,Vietnamese,F,train,ai-training/datasets/l2-arctic/raw/l2arctic_release_v5.0/PNV/wav/arctic_a0298.wav,This tacit promise of continued acquaintance gave Saxon a little joy thrill,1,non_native,l2_learner,arctic_a0298
l2_arctic,PNV,Vietnamese,F,train,ai-training/datasets/l2-arctic/raw/l2arctic_release_v5.0/PNV/wav/arctic_a0299.wav,I tell you I am disgusted with this adventure tomfoolery and rot,1,non_native,l2_learner,arctic_a0299
l2_arctic,PNV,Vietnamese,F,train,ai-training/datasets/l2-arctic/raw/l2arctic_release_v5.0/PNV/wav/arctic_a0300.wav,From my earliest recollection my sleep was a period of terror,1,non_native,l2_learner,arctic_a0300
l2_arctic,PNV,Vietnamese,F,train,ai-training/datasets/l2-arctic/raw/l2arctic_release_v5.0/PNV/wav/arctic_a0301.wav,But all my dreams violated this law,1,non_native,l2_learner,arctic_a0301
l2_arctic,PNV,Vietnamese,F,train,ai-training/datasets/l2-arctic/raw/l2arctic_release_v5.0/PNV/wav/arctic_a0302.wav,It is very plausible to such people a most convincing hypothesis,1,non_native,l2_learner,arctic_a0302
l2_arctic,PNV,Vietnamese,F,train,ai-training/datasets/l2-arctic/raw/l2arctic_release_v5.0/PNV/wav/arctic_a0303.wav,But they make the mistake of ignoring their own duality,1,non_native,l2_learner,arctic_a0303
l2_arctic,PNV,Vietnamese,F,train,ai-training/datasets/l2-arctic/raw/l2arctic_release_v5.0/PNV/wav/arctic_a0304.wav,I graduated last of my class,1,non_native,l2_learner,arctic_a0304
l2_arctic,PNV,Vietnamese,F,train,ai-training/datasets/l2-arctic/raw/l2arctic_release_v5.0/PNV/wav/arctic_a0305.wav,They had no fixed values to be altered by adjectives and adverbs,1,non_native,l2_learner,arctic_a0305
l2_arctic,PNV,Vietnamese,F,train,ai-training/datasets/l2-arctic/raw/l2arctic_release_v5.0/PNV/wav/arctic_a0306.wav,He was pressing beyond the limits of his vocabulary,1,non_native,l2_learner,arctic_a0306
l2_arctic,PNV,Vietnamese,F,train,ai-training/datasets/l2-arctic/raw/l2arctic_release_v5.0/PNV/wav/arctic_a0307.wav,Very early in my life I separated from my mother,1,non_native,l2_learner,arctic_a0307
l2_arctic,PNV,Vietnamese,F,train,ai-training/datasets/l2-arctic/raw/l2arctic_release_v5.0/PNV/wav/arctic_a0308.wav,His infernal chattering worries me even now as I think of it,1,non_native,l2_learner,arctic_a0308
l2_arctic,PNV,Vietnamese,F,train,ai-training/datasets/l2-arctic/raw/l2arctic_release_v5.0/PNV/wav/arctic_a0309.wav,White Leghorns said Missus Mortimer,1,non_native,l2_learner,arctic_a0309
l2_arctic,PNV,Vietnamese,F,train,ai-training/datasets/l2-arctic/raw/l2arctic_release_v5.0/PNV/wav/arctic_a0310.wav,Massage under tension was the cryptic reply,1,non_native,l2_learner,arctic_a0310
l2_arctic,PNV,Vietnamese,F,train,ai-training/datasets/l2-arctic/raw/l2arctic_release_v5.0/PNV/wav/arctic_a0311.wav,Therefore hurrah for the game,1,non_native,l2_learner,arctic_a0311
l2_arctic,PNV,Vietnamese,F,train,ai-training/datasets/l2-arctic/raw/l2arctic_release_v5.0/PNV/wav/arctic_a0312.wav,It lived in perpetual apprehension of that quarter of the compass,1,non_native,l2_learner,arctic_a0312
l2_arctic,PNV,Vietnamese,F,train,ai-training/datasets/l2-arctic/raw/l2arctic_release_v5.0/PNV/wav/arctic_a0313.wav,Broken Tooth yelled with fright and pain,1,non_native,l2_learner,arctic_a0313
l2_arctic,PNV,Vietnamese,F,train,ai-training/datasets/l2-arctic/raw/l2arctic_release_v5.0/PNV/wav/arctic_a0314.wav,Thus was momentum gained in the Younger World,1,non_native,l2_learner,arctic_a0314
l2_arctic,PNV,Vietnamese,F,train,ai-training/datasets/l2-arctic/raw/l2arctic_release_v5.0/PNV/wav/arctic_a0315.wav,Saxon waited for she knew a fresh idea had struck Billy,1,non_native,l2_learner,arctic_a0315
l2_arctic,PNV,Vietnamese,F,train,ai-training/datasets/l2-arctic/raw/l2arctic_release_v5.0/PNV/wav/arctic_a0316.wav,We had been chased by them ourselves more than once,1,non_native,l2_learner,arctic_a0316
l2_arctic,PNV,Vietnamese,F,train,ai-training/datasets/l2-arctic/raw/l2arctic_release_v5.0/PNV/wav/arctic_a0317.wav,He was a wise hyena,1,non_native,l2_learner,arctic_a0317
l2_arctic,PNV,Vietnamese,F,train,ai-training/datasets/l2-arctic/raw/l2arctic_release_v5.0/PNV/wav/arctic_a0318.wav,Production is doubling and quadrupling upon itself,1,non_native,l2_learner,arctic_a0318
l2_arctic,PNV,Vietnamese,F,train,ai-training/datasets/l2-arctic/raw/l2arctic_release_v5.0/PNV/wav/arctic_a0319.wav,And the Edinburgh Evening News says with editorial gloom,1,non_native,l2_learner,arctic_a0319
l2_arctic,PNV,Vietnamese,F,train,ai-training/datasets/l2-arctic/raw/l2arctic_release_v5.0/PNV/wav/arctic_a0320.wav,With my strength I slammed it full into Red Eye's face,1,non_native,l2_learner,arctic_a0320
l2_arctic,PNV,Vietnamese,F,train,ai-training/datasets/l2-arctic/raw/l2arctic_release_v5.0/PNV/wav/arctic_a0321.wav,The log on which Lop Ear was lying got adrift,1,non_native,l2_learner,arctic_a0321
l2_arctic,PNV,Vietnamese,F,train,ai-training/datasets/l2-arctic/raw/l2arctic_release_v5.0/PNV/wav/arctic_a0322.wav,This is a common experience with all of us,1,non_native,l2_learner,arctic_a0322
l2_arctic,PNV,Vietnamese,F,train,ai-training/datasets/l2-arctic/raw/l2arctic_release_v5.0/PNV/wav/arctic_a0323.wav,He considered the victory already his and stepped forward to the meat,1,non_native,l2_learner,arctic_a0323
l2_arctic,PNV,Vietnamese,F,train,ai-training/datasets/l2-arctic/raw/l2arctic_release_v5.0/PNV/wav/arctic_a0324.wav,It was not Red Eye's way to forego revenge so easily,1,non_native,l2_learner,arctic_a0324
l2_arctic,PNV,Vietnamese,F,train,ai-training/datasets/l2-arctic/raw/l2arctic_release_v5.0/PNV/wav/arctic_a0325.wav,Whiz zip bang Lop Ear screamed with sudden anguish,1,non_native,l2_learner,arctic_a0325
l2_arctic,PNV,Vietnamese,F,train,ai-training/datasets/l2-arctic/raw/l2arctic_release_v5.0/PNV/wav/arctic_a0326.wav,Cherokee identified himself with his instinct,1,non_native,l2_learner,arctic_a0326
l2_arctic,PNV,Vietnamese,F,train,ai-training/datasets/l2-arctic/raw/l2arctic_release_v5.0/PNV/wav/arctic_a0327.wav,They were less stooped than we less springy in their movements,1,non_native,l2_learner,arctic_a0327
l2_arctic,PNV,Vietnamese,F,train,ai-training/datasets/l2-arctic/raw/l2arctic_release_v5.0/PNV/wav/arctic_a0328.wav,The Fire People like ourselves lived in caves,1,non_native,l2_learner,arctic_a0328
l2_arctic,PNV,Vietnamese,F,train,ai-training/datasets/l2-arctic/raw/l2arctic_release_v5.0/PNV/wav/arctic_a0329.wav,Ah indeed,1,non_native,l2_learner,arctic_a0329
l2_arctic,PNV,Vietnamese,F,train,ai-training/datasets/l2-arctic/raw/l2arctic_release_v5.0/PNV/wav/arctic_a0330.wav,Red Eye never committed a more outrageous deed,1,non_native,l2_learner,arctic_a0330
l2_arctic,PNV,Vietnamese,F,train,ai-training/datasets/l2-arctic/raw/l2arctic_release_v5.0/PNV/wav/arctic_a0331.wav,Poor little Crooked Leg was terribly scared,1,non_native,l2_learner,arctic_a0331
l2_arctic,PNV,Vietnamese,F,train,ai-training/datasets/l2-arctic/raw/l2arctic_release_v5.0/PNV/wav/arctic_a0332.wav,Unconsciously our yells and exclamations yielded to this rhythm,1,non_native,l2_learner,arctic_a0332
l2_arctic,PNV,Vietnamese,F,train,ai-training/datasets/l2-arctic/raw/l2arctic_release_v5.0/PNV/wav/arctic_a0333.wav,This is no place for you,1,non_native,l2_learner,arctic_a0333
l2_arctic,PNV,Vietnamese,F,train,ai-training/datasets/l2-arctic/raw/l2arctic_release_v5.0/PNV/wav/arctic_a0334.wav,He'll knock you off a few sticks in no time,1,non_native,l2_learner,arctic_a0334
l2_arctic,PNV,Vietnamese,F,train,ai-training/datasets/l2-arctic/raw/l2arctic_release_v5.0/PNV/wav/arctic_a0335.wav,Red Eye swung back and forth on the branch farther down,1,non_native,l2_learner,arctic_a0335
l2_arctic,PNV,Vietnamese,F,train,ai-training/datasets/l2-arctic/raw/l2arctic_release_v5.0/PNV/wav/arctic_a0336.wav,So unexpected was my charge that I knocked him off his feet,1,non_native,l2_learner,arctic_a0336
l2_arctic,PNV,Vietnamese,F,train,ai-training/datasets/l2-arctic/raw/l2arctic_release_v5.0/PNV/wav/arctic_a0337.wav,Encouraged by my conduct Big Face became a sudden ally,1,non_native,l2_learner,arctic_a0337
l2_arctic,PNV,Vietnamese,F,train,ai-training/datasets/l2-arctic/raw/l2arctic_release_v5.0/PNV/wav/arctic_a0338.wav,The fighting had now become intermittent,1,non_native,l2_learner,arctic_a0338
l2_arctic,PNV,Vietnamese,F,train,ai-training/datasets/l2-arctic/raw/l2arctic_release_v5.0/PNV/wav/arctic_a0339.wav,They obeyed him and went here and there at his commands,1,non_native,l2_learner,arctic_a0339
l2_arctic,PNV,Vietnamese,F,train,ai-training/datasets/l2-arctic/raw/l2arctic_release_v5.0/PNV/wav/arctic_a0340.wav,It was like the beating of hoofs,1,non_native,l2_learner,arctic_a0340
l2_arctic,PNV,Vietnamese,F,train,ai-training/datasets/l2-arctic/raw/l2arctic_release_v5.0/PNV/wav/arctic_a0341.wav,Why doggone you all shake again,1,non_native,l2_learner,arctic_a0341
l2_arctic,PNV,Vietnamese,F,train,ai-training/datasets/l2-arctic/raw/l2arctic_release_v5.0/PNV/wav/arctic_a0342.wav,Seventeen no eighteen days ago,1,non_native,l2_learner,arctic_a0342
l2_arctic,PNV,Vietnamese,F,train,ai-training/datasets/l2-arctic/raw/l2arctic_release_v5.0/PNV/wav/arctic_a0343.wav,You mean for this State General Alberta,1,non_native,l2_learner,arctic_a0343
l2_arctic,PNV,Vietnamese,F,train,ai-training/datasets/l2-arctic/raw/l2arctic_release_v5.0/PNV/wav/arctic_a0344.wav,He seemed to fill it with his tremendous vitality,1,non_native,l2_learner,arctic_a0344
l2_arctic,PNV,Vietnamese,F,train,ai-training/datasets/l2-arctic/raw/l2arctic_release_v5.0/PNV/wav/arctic_a0345.wav,She was trying to pass the apron string around him,1,non_native,l2_learner,arctic_a0345
l2_arctic,PNV,Vietnamese,F,train,ai-training/datasets/l2-arctic/raw/l2arctic_release_v5.0/PNV/wav/arctic_a0346.wav,Get down and dig in,1,non_native,l2_learner,arctic_a0346
l2_arctic,PNV,Vietnamese,F,train,ai-training/datasets/l2-arctic/raw/l2arctic_release_v5.0/PNV/wav/arctic_a0347.wav,They are greatly delighted with anything that is bright or giveth a sound,1,non_native,l2_learner,arctic_a0347
l2_arctic,PNV,Vietnamese,F,train,ai-training/datasets/l2-arctic/raw/l2arctic_release_v5.0/PNV/wav/arctic_a0348.wav,They only lifted seven hundred and fifty,1,non_native,l2_learner,arctic_a0348
l2_arctic,PNV,Vietnamese,F,train,ai-training/datasets/l2-arctic/raw/l2arctic_release_v5.0/PNV/wav/arctic_a0349.wav,It was simple in its way and no virtue of his,1,non_native,l2_learner,arctic_a0349
l2_arctic,PNV,Vietnamese,F,train,ai-training/datasets/l2-arctic/raw/l2arctic_release_v5.0/PNV/wav/arctic_a0350.wav,Is that Pat Hanrahan's mug looking hungry and willing,1,non_native,l2_learner,arctic_a0350
l2_arctic,PNV,Vietnamese,F,train,ai-training/datasets/l2-arctic/raw/l2arctic_release_v5.0/PNV/wav/arctic_a0351.wav,It was more like sugar,1,non_native,l2_learner,arctic_a0351
l2_arctic,PNV,Vietnamese,F,train,ai-training/datasets/l2-arctic/raw/l2arctic_release_v5.0/PNV/wav/arctic_a0352.wav,I'm sure going along with you all Elijah,1,non_native,l2_learner,arctic_a0352
l2_arctic,PNV,Vietnamese,F,train,ai-training/datasets/l2-arctic/raw/l2arctic_release_v5.0/PNV/wav/arctic_a0353.wav,Here the explosion of mirth drowned him out,1,non_native,l2_learner,arctic_a0353
l2_arctic,PNV,Vietnamese,F,train,ai-training/datasets/l2-arctic/raw/l2arctic_release_v5.0/PNV/wav/arctic_a0354.wav,Fresh meat they failed to obtain,1,non_native,l2_learner,arctic_a0354
l2_arctic,PNV,Vietnamese,F,train,ai-training/datasets/l2-arctic/raw/l2arctic_release_v5.0/PNV/wav/arctic_a0355.wav,A burst of laughter was his reward,1,non_native,l2_learner,arctic_a0355
l2_arctic,PNV,Vietnamese,F,train,ai-training/datasets/l2-arctic/raw/l2arctic_release_v5.0/PNV/wav/arctic_a0356.wav,You don't catch me at any such foolishness,1,non_native,l2_learner,arctic_a0356
l2_arctic,PNV,Vietnamese,F,train,ai-training/datasets/l2-arctic/raw/l2arctic_release_v5.0/PNV/wav/arctic_a0357.wav,A month passed by and Bonanza Creek remained quiet,1,non_native,l2_learner,arctic_a0357
l2_arctic,PNV,Vietnamese,F,train,ai-training/datasets/l2-arctic/raw/l2arctic_release_v5.0/PNV/wav/arctic_a0358.wav,They continued valiantly to lie but the truth continued to outrun them,1,non_native,l2_learner,arctic_a0358
l2_arctic,PNV,Vietnamese,F,train,ai-training/datasets/l2-arctic/raw/l2arctic_release_v5.0/PNV/wav/arctic_a0359.wav,Earth and gravel seemed to fill the pan,1,non_native,l2_learner,arctic_a0359
l2_arctic,PNV,Vietnamese,F,train,ai-training/datasets/l2-arctic/raw/l2arctic_release_v5.0/PNV/wav/arctic_a0360.wav,But he no longer cared quite so much for that form of diversion,1,non_native,l2_learner,arctic_a0360
l2_arctic,PNV,Vietnamese,F,train,ai-training/datasets/l2-arctic/raw/l2arctic_release_v5.0/PNV/wav/arctic_a0361.wav,But he did not broach it preferring to mature it carefully,1,non_native,l2_learner,arctic_a0361
l2_arctic,PNV,Vietnamese,F,train,ai-training/datasets/l2-arctic/raw/l2arctic_release_v5.0/PNV/wav/arctic_a0362.wav,Nope not the slightest idea,1,non_native,l2_learner,arctic_a0362
l2_arctic,PNV,Vietnamese,F,train,ai-training/datasets/l2-arctic/raw/l2arctic_release_v5.0/PNV/wav/arctic_a0363.wav,It is not an attempt to smash the market,1,non_native,l2_learner,arctic_a0363
l2_arctic,PNV,Vietnamese,F,train,ai-training/datasets/l2-arctic/raw/l2arctic_release_v5.0/PNV/wav/arctic_a0364.wav,We have plenty of capital ourselves and yet we want more,1,non_native,l2_learner,arctic_a0364
l2_arctic,PNV,Vietnamese,F,train,ai-training/datasets/l2-arctic/raw/l2arctic_release_v5.0/PNV/wav/arctic_a0365.wav,These rumors may even originate with us,1,non_native,l2_learner,arctic_a0365
l2_arctic,PNV,Vietnamese,F,train,ai-training/datasets/l2-arctic/raw/l2arctic_release_v5.0/PNV/wav/arctic_a0366.wav,A wildly exciting time was his during the week preceding Thursday the eighteenth,1,non_native,l2_learner,arctic_a0366
l2_arctic,PNV,Vietnamese,F,train,ai-training/datasets/l2-arctic/raw/l2arctic_release_v5.0/PNV/wav/arctic_a0367.wav,There is not an iota of truth in it certainly not,1,non_native,l2_learner,arctic_a0367
l2_arctic,PNV,Vietnamese,F,train,ai-training/datasets/l2-arctic/raw/l2arctic_release_v5.0/PNV/wav/arctic_a0368.wav,I just do appreciate it without being able to express my feelings,1,non_native,l2_learner,arctic_a0368
l2_arctic,PNV,Vietnamese,F,train,ai-training/datasets/l2-arctic/raw/l2arctic_release_v5.0/PNV/wav/arctic_a0369.wav,In partnership with Daylight the pair raided the San Jose Interurban,1,non_native,l2_learner,arctic_a0369
l2_arctic,PNV,Vietnamese,F,train,ai-training/datasets/l2-arctic/raw/l2arctic_release_v5.0/PNV/wav/arctic_a0370.wav,He saw all men in the business game doing this,1,non_native,l2_learner,arctic_a0370
l2_arctic,PNV,Vietnamese,F,train,ai-training/datasets/l2-arctic/raw/l2arctic_release_v5.0/PNV/wav/arctic_a0371.wav,It issued a rate of forty two dollars a car on charcoal,1,non_native,l2_learner,arctic_a0371
l2_arctic,PNV,Vietnamese,F,train,ai-training/datasets/l2-arctic/raw/l2arctic_release_v5.0/PNV/wav/arctic_a0372.wav,He saw only the effect in a general sketchy way,1,non_native,l2_learner,arctic_a0372
l2_arctic,PNV,Vietnamese,F,train,ai-training/datasets/l2-arctic/raw/l2arctic_release_v5.0/PNV/wav/arctic_a0373.wav,Points of view new ideas life,1,non_native,l2_learner,arctic_a0373
l2_arctic,PNV,Vietnamese,F,train,ai-training/datasets/l2-arctic/raw/l2arctic_release_v5.0/PNV/wav/arctic_a0374.wav,But life's worth more than cash she argued,1,non_native,l2_learner,arctic_a0374
l2_arctic,PNV,Vietnamese,F,train,ai-training/datasets/l2-arctic/raw/l2arctic_release_v5.0/PNV/wav/arctic_a0375.wav,The butchers and meat cutters refused to handle meat destined for unfair restaurants,1,non_native,l2_learner,arctic_a0375
l2_arctic,PNV,Vietnamese,F,train,ai-training/datasets/l2-arctic/raw/l2arctic_release_v5.0/PNV/wav/arctic_a0376.wav,Your price my son is just about thirty per week,1,non_native,l2_learner,arctic_a0376
l2_arctic,PNV,Vietnamese,F,train,ai-training/datasets/l2-arctic/raw/l2arctic_release_v5.0/PNV/wav/arctic_a0377.wav,This sound did not disturb the hush and awe of the place,1,non_native,l2_learner,arctic_a0377
l2_arctic,PNV,Vietnamese,F,train,ai-training/datasets/l2-arctic/raw/l2arctic_release_v5.0/PNV/wav/arctic_a0378.wav,That's why its boundaries are all gouged and jagged,1,non_native,l2_learner,arctic_a0378
l2_arctic,PNV,Vietnamese,F,train,ai-training/datasets/l2-arctic/raw/l2arctic_release_v5.0/PNV/wav/arctic_a0379.wav,How old are you daddy,1,non_native,l2_learner,arctic_a0379
l2_arctic,PNV,Vietnamese,F,train,ai-training/datasets/l2-arctic/raw/l2arctic_release_v5.0/PNV/wav/arctic_a0380.wav,But in the canyons water was plentiful and also a luxuriant forest growth,1,non_native,l2_learner,arctic_a0380
l2_arctic,PNV,Vietnamese,F,train,ai-training/datasets/l2-arctic/raw/l2arctic_release_v5.0/PNV/wav/arctic_a0381.wav,My name's Ferguson,1,non_native,l2_learner,arctic_a0381
l2_arctic,PNV,Vietnamese,F,train,ai-training/datasets/l2-arctic/raw/l2arctic_release_v5.0/PNV/wav/arctic_a0382.wav,Daylight found himself charmed and made curious by the little man,1,non_native,l2_learner,arctic_a0382
l2_arctic,PNV,Vietnamese,F,train,ai-training/datasets/l2-arctic/raw/l2arctic_release_v5.0/PNV/wav/arctic_a0383.wav,To his surprise her answer was flat and uncompromising,1,non_native,l2_learner,arctic_a0383
l2_arctic,PNV,Vietnamese,F,train,ai-training/datasets/l2-arctic/raw/l2arctic_release_v5.0/PNV/wav/arctic_a0384.wav,The farmer works the soil and produces grain,1,non_native,l2_learner,arctic_a0384
l2_arctic,PNV,Vietnamese,F,train,ai-training/datasets/l2-arctic/raw/l2arctic_release_v5.0/PNV/wav/arctic_a0385.wav,That's what Carnegie did,1,non_native,l2_learner,arctic_a0385
l2_arctic,PNV,Vietnamese,F,train,ai-training/datasets/l2-arctic/raw/l2arctic_release_v5.0/PNV/wav/arctic_a0386.wav,I can't argue with you and you know that,1,non_native,l2_learner,arctic_a0386
l2_arctic,PNV,Vietnamese,F,train,ai-training/datasets/l2-arctic/raw/l2arctic_release_v5.0/PNV/wav/arctic_a0387.wav,Bob growing disgusted turned back suddenly and attempted to pass Mab,1,non_native,l2_learner,arctic_a0387
l2_arctic,PNV,Vietnamese,F,train,ai-training/datasets/l2-arctic/raw/l2arctic_release_v5.0/PNV/wav/arctic_a0388.wav,It was my idea to a tee,1,non_native,l2_learner,arctic_a0388
l2_arctic,PNV,Vietnamese,F,train,ai-training/datasets/l2-arctic/raw/l2arctic_release_v5.0/PNV/wav/arctic_a0389.wav,Mab she said,1,non_native,l2_learner,arctic_a0389
l2_arctic,PNV,Vietnamese,F,train,ai-training/datasets/l2-arctic/raw/l2arctic_release_v5.0/PNV/wav/arctic_a0390.wav,I'll go over tomorrow afternoon,1,non_native,l2_learner,arctic_a0390
l2_arctic,PNV,Vietnamese,F,train,ai-training/datasets/l2-arctic/raw/l2arctic_release_v5.0/PNV/wav/arctic_a0391.wav,But he reconciled himself to it by an act of faith,1,non_native,l2_learner,arctic_a0391
l2_arctic,PNV,Vietnamese,F,train,ai-training/datasets/l2-arctic/raw/l2arctic_release_v5.0/PNV/wav/arctic_a0392.wav,There is that magnificent Bob eating his head off in the stable,1,non_native,l2_learner,arctic_a0392
l2_arctic,PNV,Vietnamese,F,train,ai-training/datasets/l2-arctic/raw/l2arctic_release_v5.0/PNV/wav/arctic_a0393.wav,Already he had begun borrowing from the banks,1,non_native,l2_learner,arctic_a0393
l2_arctic,PNV,Vietnamese,F,train,ai-training/datasets/l2-arctic/raw/l2arctic_release_v5.0/PNV/wav/arctic_a0394.wav,It's the strap hangers that'll keep us from going under,1,non_native,l2_learner,arctic_a0394
l2_arctic,PNV,Vietnamese,F,train,ai-training/datasets/l2-arctic/raw/l2arctic_release_v5.0/PNV/wav/arctic_a0395.wav,As for himself weren't the street railway earnings increasing steadily,1,non_native,l2_learner,arctic_a0395
l2_arctic,PNV,Vietnamese,F,train,ai-training/datasets/l2-arctic/raw/l2arctic_release_v5.0/PNV/wav/arctic_a0396.wav,A rising tide of fat had submerged them,1,non_native,l2_learner,arctic_a0396
l2_arctic,PNV,Vietnamese,F,train,ai-training/datasets/l2-arctic/raw/l2arctic_release_v5.0/PNV/wav/arctic_a0397.wav,Call me that again he murmured ecstatically,1,non_native,l2_learner,arctic_a0397
l2_arctic,PNV,Vietnamese,F,train,ai-training/datasets/l2-arctic/raw/l2arctic_release_v5.0/PNV/wav/arctic_a0398.wav,In the car were Unwin and Harrison while Jones sat with the chauffeur,1,non_native,l2_learner,arctic_a0398
l2_arctic,PNV,Vietnamese,F,train,ai-training/datasets/l2-arctic/raw/l2arctic_release_v5.0/PNV/wav/arctic_a0399.wav,And here's another idea,1,non_native,l2_learner,arctic_a0399
l2_arctic,PNV,Vietnamese,F,train,ai-training/datasets/l2-arctic/raw/l2arctic_release_v5.0/PNV/wav/arctic_a0400.wav,Manuel had one besetting sin,1,non_native,l2_learner,arctic_a0400
l2_arctic,PNV,Vietnamese,F,train,ai-training/datasets/l2-arctic/raw/l2arctic_release_v5.0/PNV/wav/arctic_a0401.wav,The man smiled grimly and brought a hatchet and a club,1,non_native,l2_learner,arctic_a0401
l2_arctic,PNV,Vietnamese,F,train,ai-training/datasets/l2-arctic/raw/l2arctic_release_v5.0/PNV/wav/arctic_a0402.wav,Curly rushed her antagonist who struck again and leaped aside,1,non_native,l2_learner,arctic_a0402
l2_arctic,PNV,Vietnamese,F,train,ai-training/datasets/l2-arctic/raw/l2arctic_release_v5.0/PNV/wav/arctic_a0403.wav,His newborn cunning gave him poise and control,1,non_native,l2_learner,arctic_a0403
l2_arctic,PNV,Vietnamese,F,train,ai-training/datasets/l2-arctic/raw/l2arctic_release_v5.0/PNV/wav/arctic_a0404.wav,Perrault found one with head buried in the grub box,1,non_native,l2_learner,arctic_a0404
l2_arctic,PNV,Vietnamese,F,train,ai-training/datasets/l2-arctic/raw/l2arctic_release_v5.0/PNV/wav/arctic_a0405.wav,It seemed the ordained order of things that dogs should work,1,non_native,l2_learner,arctic_a0405
l2_arctic,PNV,Vietnamese,F,train,ai-training/datasets/l2-arctic/raw/l2arctic_release_v5.0/PNV/wav/arctic_a0406.wav,And that was the last of Francois and Perrault,1,non_native,l2_learner,arctic_a0406
l2_arctic,PNV,Vietnamese,F,train,ai-training/datasets/l2-arctic/raw/l2arctic_release_v5.0/PNV/wav/arctic_a0407.wav,Mercedes screamed cried laughed and manifested the chaotic abandonment of hysteria,1,non_native,l2_learner,arctic_a0407
l2_arctic,PNV,Vietnamese,F,train,ai-training/datasets/l2-arctic/raw/l2arctic_release_v5.0/PNV/wav/arctic_a0408.wav,The Eldorado emptied its occupants into the street to see the test,1,non_native,l2_learner,arctic_a0408
l2_arctic,PNV,Vietnamese,F,train,ai-training/datasets/l2-arctic/raw/l2arctic_release_v5.0/PNV/wav/arctic_a0409.wav,He could feel a new stir in the land,1,non_native,l2_learner,arctic_a0409
l2_arctic,PNV,Vietnamese,F,train,ai-training/datasets/l2-arctic/raw/l2arctic_release_v5.0/PNV/wav/arctic_a0410.wav,So we have to fit the boat throughout with oil lamps as well,1,non_native,l2_learner,arctic_a0410
l2_arctic,PNV,Vietnamese,F,train,ai-training/datasets/l2-arctic/raw/l2arctic_release_v5.0/PNV/wav/arctic_a0411.wav,It will break our hearts and our backs to hoist anchor by hand,1,non_native,l2_learner,arctic_a0411
l2_arctic,PNV,Vietnamese,F,train,ai-training/datasets/l2-arctic/raw/l2arctic_release_v5.0/PNV/wav/arctic_a0412.wav,There is another virtue in these bulkheads,1,non_native,l2_learner,arctic_a0412
l2_arctic,PNV,Vietnamese,F,train,ai-training/datasets/l2-arctic/raw/l2arctic_release_v5.0/PNV/wav/arctic_a0413.wav,But I am at the end of my resources,1,non_native,l2_learner,arctic_a0413
l2_arctic,PNV,Vietnamese,F,train,ai-training/datasets/l2-arctic/raw/l2arctic_release_v5.0/PNV/wav/arctic_a0414.wav,Now our figuring was all right,1,non_native,l2_learner,arctic_a0414
l2_arctic,PNV,Vietnamese,F,train,ai-training/datasets/l2-arctic/raw/l2arctic_release_v5.0/PNV/wav/arctic_a0415.wav,It lasted as a deterrent for two days,1,non_native,l2_learner,arctic_a0415
l2_arctic,PNV,Vietnamese,F,train,ai-training/datasets/l2-arctic/raw/l2arctic_release_v5.0/PNV/wav/arctic_a0416.wav,The added weight had a velocity of fifteen miles per hour,1,non_native,l2_learner,arctic_a0416
l2_arctic,PNV,Vietnamese,F,train,ai-training/datasets/l2-arctic/raw/l2arctic_release_v5.0/PNV/wav/arctic_a0417.wav,It is also an insidious deceitful sun,1,non_native,l2_learner,arctic_a0417
l2_arctic,PNV,Vietnamese,F,train,ai-training/datasets/l2-arctic/raw/l2arctic_release_v5.0/PNV/wav/arctic_a0418.wav,The Portuguese boy crawled nearer and nearer,1,non_native,l2_learner,arctic_a0418
l2_arctic,PNV,Vietnamese,F,train,ai-training/datasets/l2-arctic/raw/l2arctic_release_v5.0/PNV/wav/arctic_a0419.wav,The Portuguese boy passed the Hawaiian,1,non_native,l2_learner,arctic_a0419
l2_arctic,PNV,Vietnamese,F,train,ai-training/datasets/l2-arctic/raw/l2arctic_release_v5.0/PNV/wav/arctic_a0420.wav,When I came to I was waving my hat and murmuring ecstatically,1,non_native,l2_learner,arctic_a0420
l2_arctic,PNV,Vietnamese,F,train,ai-training/datasets/l2-arctic/raw/l2arctic_release_v5.0/PNV/wav/arctic_a0421.wav,By golly the boy wins,1,non_native,l2_learner,arctic_a0421
l2_arctic,PNV,Vietnamese,F,train,ai-training/datasets/l2-arctic/raw/l2arctic_release_v5.0/PNV/wav/arctic_a0422.wav,Halfway around the track one donkey got into an argument with its rider,1,non_native,l2_learner,arctic_a0422
l2_arctic,PNV,Vietnamese,F,train,ai-training/datasets/l2-arctic/raw/l2arctic_release_v5.0/PNV/wav/arctic_a0423.wav,McVeigh when he returns from a trip to Honolulu,1,non_native,l2_learner,arctic_a0423
l2_arctic,PNV,Vietnamese,F,train,ai-training/datasets/l2-arctic/raw/l2arctic_release_v5.0/PNV/wav/arctic_a0424.wav,Obviously it was a disease that could be contracted by contact,1,non_native,l2_learner,arctic_a0424
l2_arctic,PNV,Vietnamese,F,train,ai-training/datasets/l2-arctic/raw/l2arctic_release_v5.0/PNV/wav/arctic_a0425.wav,Otherwise no restriction is put upon their seafaring,1,non_native,l2_learner,arctic_a0425
l2_arctic,PNV,Vietnamese,F,train,ai-training/datasets/l2-arctic/raw/l2arctic_release_v5.0/PNV/wav/arctic_a0426.wav,They do not know the length of time of incubation,1,non_native,l2_learner,arctic_a0426
l2_arctic,PNV,Vietnamese,F,train,ai-training/datasets/l2-arctic/raw/l2arctic_release_v5.0/PNV/wav/arctic_a0427.wav,Enters now the psychology of the situation,1,non_native,l2_learner,arctic_a0427
l2_arctic,PNV,Vietnamese,F,train,ai-training/datasets/l2-arctic/raw/l2arctic_release_v5.0/PNV/wav/arctic_a0428.wav,It was not exactly a deportation,1,non_native,l2_learner,arctic_a0428
l2_arctic,PNV,Vietnamese,F,train,ai-training/datasets/l2-arctic/raw/l2arctic_release_v5.0/PNV/wav/arctic_a0429.wav,Quick was the disappointment in his face yet smiling was the acquiescence,1,non_native,l2_learner,arctic_a0429
l2_arctic,PNV,Vietnamese,F,train,ai-training/datasets/l2-arctic/raw/l2arctic_release_v5.0/PNV/wav/arctic_a0430.wav,Nevertheless we found ourselves once more in the high seat of abundance,1,non_native,l2_learner,arctic_a0430
l2_arctic,PNV,Vietnamese,F,train,ai-training/datasets/l2-arctic/raw/l2arctic_release_v5.0/PNV/wav/arctic_a0431.wav,Wada and Na ka ta were in a bit of a funk,1,non_native,l2_learner,arctic_a0431
l2_arctic,PNV,Vietnamese,F,train,ai-training/datasets/l2-arctic/raw/l2arctic_release_v5.0/PNV/wav/arctic_a0432.wav,The boy at the wheel lost his head,1,non_native,l2_learner,arctic_a0432
l2_arctic,PNV,Vietnamese,F,train,ai-training/datasets/l2-arctic/raw/l2arctic_release_v5.0/PNV/wav/arctic_a0433.wav,To her the bridge was tambo which is the native for taboo,1,non_native,l2_learner,arctic_a0433
l2_arctic,PNV,Vietnamese,F,train,ai-training/datasets/l2-arctic/raw/l2arctic_release_v5.0/PNV/wav/arctic_a0434.wav,A half a case of tobacco was worth three pounds,1,non_native,l2_learner,arctic_a0434
l2_arctic,PNV,Vietnamese,F,train,ai-training/datasets/l2-arctic/raw/l2arctic_release_v5.0/PNV/wav/arctic_a0435.wav,What do you mean by this outrageous conduct,1,non_native,l2_learner,arctic_a0435
l2_arctic,PNV,Vietnamese,F,train,ai-training/datasets/l2-arctic/raw/l2arctic_release_v5.0/PNV/wav/arctic_a0436.wav,But Martin smiled a superior smile,1,non_native,l2_learner,arctic_a0436
l2_arctic,PNV,Vietnamese,F,train,ai-training/datasets/l2-arctic/raw/l2arctic_release_v5.0/PNV/wav/arctic_a0437.wav,By that answer my professional medical prestige stood or fell,1,non_native,l2_learner,arctic_a0437
l2_arctic,PNV,Vietnamese,F,train,ai-training/datasets/l2-arctic/raw/l2arctic_release_v5.0/PNV/wav/arctic_a0438.wav,At sea Monday March sixteenth nineteen o eight,1,non_native,l2_learner,arctic_a0438
l2_arctic,PNV,Vietnamese,F,train,ai-training/datasets/l2-arctic/raw/l2arctic_release_v5.0/PNV/wav/arctic_a0439.wav,At sea Wednesday March eighteenth nineteen o eight,1,non_native,l2_learner,arctic_a0439
l2_arctic,PNV,Vietnamese,F,train,ai-training/datasets/l2-arctic/raw/l2arctic_release_v5.0/PNV/wav/arctic_a0440.wav,Yes sir I corrected,1,non_native,l2_learner,arctic_a0440
l2_arctic,PNV,Vietnamese,F,train,ai-training/datasets/l2-arctic/raw/l2arctic_release_v5.0/PNV/wav/arctic_a0441.wav,Violent life and athletic sports had never appealed to me,1,non_native,l2_learner,arctic_a0441
l2_arctic,PNV,Vietnamese,F,train,ai-training/datasets/l2-arctic/raw/l2arctic_release_v5.0/PNV/wav/arctic_a0442.wav,You live on an income which your father earned,1,non_native,l2_learner,arctic_a0442
l2_arctic,PNV,Vietnamese,F,train,ai-training/datasets/l2-arctic/raw/l2arctic_release_v5.0/PNV/wav/arctic_a0443.wav,He was worth nothing to the world,1,non_native,l2_learner,arctic_a0443
l2_arctic,PNV,Vietnamese,F,train,ai-training/datasets/l2-arctic/raw/l2arctic_release_v5.0/PNV/wav/arctic_a0444.wav,Then you don't believe in altruism,1,non_native,l2_learner,arctic_a0444
l2_arctic,PNV,Vietnamese,F,train,ai-training/datasets/l2-arctic/raw/l2arctic_release_v5.0/PNV/wav/arctic_a0445.wav,The creative joy I murmured,1,non_native,l2_learner,arctic_a0445
l2_arctic,PNV,Vietnamese,F,train,ai-training/datasets/l2-arctic/raw/l2arctic_release_v5.0/PNV/wav/arctic_a0446.wav,He deluged me overwhelmed me with argument,1,non_native,l2_learner,arctic_a0446
l2_arctic,PNV,Vietnamese,F,train,ai-training/datasets/l2-arctic/raw/l2arctic_release_v5.0/PNV/wav/arctic_a0447.wav,Ah it is growing dark and darker,1,non_native,l2_learner,arctic_a0447
l2_arctic,PNV,Vietnamese,F,train,ai-training/datasets/l2-arctic/raw/l2arctic_release_v5.0/PNV/wav/arctic_a0448.wav,I was Hump cabin boy on the schooner Ghost,1,non_native,l2_learner,arctic_a0448
l2_arctic,PNV,Vietnamese,F,train,ai-training/datasets/l2-arctic/raw/l2arctic_release_v5.0/PNV/wav/arctic_a0449.wav,A sinewy hand dripping with water was clutching the rail,1,non_native,l2_learner,arctic_a0449
l2_arctic,PNV,Vietnamese,F,train,ai-training/datasets/l2-arctic/raw/l2arctic_release_v5.0/PNV/wav/arctic_a0450.wav,No man ate of the seal meat or the oil,1,non_native,l2_learner,arctic_a0450
l2_arctic,PNV,Vietnamese,F,train,ai-training/datasets/l2-arctic/raw/l2arctic_release_v5.0/PNV/wav/arctic_a0451.wav,I noticed blood spouting from Kerfoot left hand,1,non_native,l2_learner,arctic_a0451
l2_arctic,PNV,Vietnamese,F,train,ai-training/datasets/l2-arctic/raw/l2arctic_release_v5.0/PNV/wav/arctic_a0452.wav,Three oilers and a fourth engineer was his greeting,1,non_native,l2_learner,arctic_a0452
l2_arctic,PNV,Vietnamese,F,train,ai-training/datasets/l2-arctic/raw/l2arctic_release_v5.0/PNV/wav/arctic_a0453.wav,Eighteen hundred he calculated,1,non_native,l2_learner,arctic_a0453
l2_arctic,PNV,Vietnamese,F,train,ai-training/datasets/l2-arctic/raw/l2arctic_release_v5.0/PNV/wav/arctic_a0454.wav,The sharp voice of Wolf Larsen aroused me,1,non_native,l2_learner,arctic_a0454
l2_arctic,PNV,Vietnamese,F,train,ai-training/datasets/l2-arctic/raw/l2arctic_release_v5.0/PNV/wav/arctic_a0455.wav,I obeyed and a minute or two later they stood before him,1,non_native,l2_learner,arctic_a0455
l2_arctic,PNV,Vietnamese,F,train,ai-training/datasets/l2-arctic/raw/l2arctic_release_v5.0/PNV/wav/arctic_a0456.wav,But it won't continue she said with easy confidence,1,non_native,l2_learner,arctic_a0456
l2_arctic,PNV,Vietnamese,F,train,ai-training/datasets/l2-arctic/raw/l2arctic_release_v5.0/PNV/wav/arctic_a0457.wav,What I saw I could not at first believe,1,non_native,l2_learner,arctic_a0457
l2_arctic,PNV,Vietnamese,F,train,ai-training/datasets/l2-arctic/raw/l2arctic_release_v5.0/PNV/wav/arctic_a0458.wav,The stout wood was crushed like an eggshell,1,non_native,l2_learner,arctic_a0458
l2_arctic,PNV,Vietnamese,F,train,ai-training/datasets/l2-arctic/raw/l2arctic_release_v5.0/PNV/wav/arctic_a0459.wav,There's too much of the schoolboy in me,1,non_native,l2_learner,arctic_a0459
l2_arctic,PNV,Vietnamese,F,train,ai-training/datasets/l2-arctic/raw/l2arctic_release_v5.0/PNV/wav/arctic_a0460.wav,I had forgotten their existence,1,non_native,l2_learner,arctic_a0460
l2_arctic,PNV,Vietnamese,F,train,ai-training/datasets/l2-arctic/raw/l2arctic_release_v5.0/PNV/wav/arctic_a0461.wav,Ah we were very close together in that moment,1,non_native,l2_learner,arctic_a0461
l2_arctic,PNV,Vietnamese,F,train,ai-training/datasets/l2-arctic/raw/l2arctic_release_v5.0/PNV/wav/arctic_a0462.wav,But she swung obediently on her heel into the wind,1,non_native,l2_learner,arctic_a0462
l2_arctic,PNV,Vietnamese,F,train,ai-training/datasets/l2-arctic/raw/l2arctic_release_v5.0/PNV/wav/arctic_a0463.wav,They are his tongue by which he makes his knowledge articulate,1,non_native,l2_learner,arctic_a0463
l2_arctic,PNV,Vietnamese,F,train,ai-training/datasets/l2-arctic/raw/l2arctic_release_v5.0/PNV/wav/arctic_a0464.wav,Between the rush of the cascades streaks of rust showed everywhere,1,non_native,l2_learner,arctic_a0464
l2_arctic,PNV,Vietnamese,F,train,ai-training/datasets/l2-arctic/raw/l2arctic_release_v5.0/PNV/wav/arctic_a0465.wav,He'll never do a tap of work the whole Voyage,1,non_native,l2_learner,arctic_a0465
l2_arctic,PNV,Vietnamese,F,train,ai-training/datasets/l2-arctic/raw/l2arctic_release_v5.0/PNV/wav/arctic_a0466.wav,Captain West may be a Samurai but he is also human,1,non_native,l2_learner,arctic_a0466
l2_arctic,PNV,Vietnamese,F,train,ai-training/datasets/l2-arctic/raw/l2arctic_release_v5.0/PNV/wav/arctic_a0467.wav,And so early in the voyage too,1,non_native,l2_learner,arctic_a0467
l2_arctic,PNV,Vietnamese,F,train,ai-training/datasets/l2-arctic/raw/l2arctic_release_v5.0/PNV/wav/arctic_a0468.wav,In the matter of curry she is a sheer genius,1,non_native,l2_learner,arctic_a0468
l2_arctic,PNV,Vietnamese,F,train,ai-training/datasets/l2-arctic/raw/l2arctic_release_v5.0/PNV/wav/arctic_a0469.wav,The eastern heavens were equally spectacular,1,non_native,l2_learner,arctic_a0469
l2_arctic,PNV,Vietnamese,F,train,ai-training/datasets/l2-arctic/raw/l2arctic_release_v5.0/PNV/wav/arctic_a0470.wav,He spat it out like so much venom,1,non_native,l2_learner,arctic_a0470
l2_arctic,PNV,Vietnamese,F,train,ai-training/datasets/l2-arctic/raw/l2arctic_release_v5.0/PNV/wav/arctic_a0471.wav,I saw Mister Pike nod his head grimly and sarcastically,1,non_native,l2_learner,arctic_a0471
l2_arctic,PNV,Vietnamese,F,train,ai-training/datasets/l2-arctic/raw/l2arctic_release_v5.0/PNV/wav/arctic_a0472.wav,He is too keenly intelligent too sharply sensitive successfully to endure,1,non_native,l2_learner,arctic_a0472
l2_arctic,PNV,Vietnamese,F,train,ai-training/datasets/l2-arctic/raw/l2arctic_release_v5.0/PNV/wav/arctic_a0473.wav,The night was calm and snowy,1,non_native,l2_learner,arctic_a0473
l2_arctic,PNV,Vietnamese,F,train,ai-training/datasets/l2-arctic/raw/l2arctic_release_v5.0/PNV/wav/arctic_a0474.wav,I sailed third mate in the little Vampire before you were born,1,non_native,l2_learner,arctic_a0474
l2_arctic,PNV,Vietnamese,F,train,ai-training/datasets/l2-arctic/raw/l2arctic_release_v5.0/PNV/wav/arctic_a0475.wav,His outstretched arm dropped to his side and he paused,1,non_native,l2_learner,arctic_a0475
l2_arctic,PNV,Vietnamese,F,train,ai-training/datasets/l2-arctic/raw/l2arctic_release_v5.0/PNV/wav/arctic_a0476.wav,At this moment I felt a stir at my shoulder,1,non_native,l2_learner,arctic_a0476
l2_arctic,PNV,Vietnamese,F,train,ai-training/datasets/l2-arctic/raw/l2arctic_release_v5.0/PNV/wav/arctic_a0477.wav,Wada Louis and the steward are servants of Asiatic breed,1,non_native,l2_learner,arctic_a0477
l2_arctic,PNV,Vietnamese,F,train,ai-training/datasets/l2-arctic/raw/l2arctic_release_v5.0/PNV/wav/arctic_a0478.wav,Also she has forbidden them smoking their pipes in the after room,1,non_native,l2_learner,arctic_a0478
l2_arctic,PNV,Vietnamese,F,train,ai-training/datasets/l2-arctic/raw/l2arctic_release_v5.0/PNV/wav/arctic_a0479.wav,I tried to read George Moore last night and was dreadfully bored,1,non_native,l2_learner,arctic_a0479
l2_arctic,PNV,Vietnamese,F,train,ai-training/datasets/l2-arctic/raw/l2arctic_release_v5.0/PNV/wav/arctic_a0480.wav,Tom Spink has a harpoon,1,non_native,l2_learner,arctic_a0480
l2_arctic,PNV,Vietnamese,F,train,ai-training/datasets/l2-arctic/raw/l2arctic_release_v5.0/PNV/wav/arctic_a0481.wav,Nimrod replied with a slight manifestation of sensitiveness,1,non_native,l2_learner,arctic_a0481
l2_arctic,PNV,Vietnamese,F,train,ai-training/datasets/l2-arctic/raw/l2arctic_release_v5.0/PNV/wav/arctic_a0482.wav,And their chief virtue lies in that they will never wear out,1,non_native,l2_learner,arctic_a0482
l2_arctic,PNV,Vietnamese,F,train,ai-training/datasets/l2-arctic/raw/l2arctic_release_v5.0/PNV/wav/arctic_a0483.wav,Beyond dispute Corry Hutchinson had married Mabel Holmes,1,non_native,l2_learner,arctic_a0483
l2_arctic,PNV,Vietnamese,F,train,ai-training/datasets/l2-arctic/raw/l2arctic_release_v5.0/PNV/wav/arctic_a0484.wav,No sir ee,1,non_native,l2_learner,arctic_a0484
l2_arctic,PNV,Vietnamese,F,train,ai-training/datasets/l2-arctic/raw/l2arctic_release_v5.0/PNV/wav/arctic_a0485.wav,Each insult added to the value of the claim,1,non_native,l2_learner,arctic_a0485
l2_arctic,PNV,Vietnamese,F,train,ai-training/datasets/l2-arctic/raw/l2arctic_release_v5.0/PNV/wav/arctic_a0486.wav,For the rest he was a mere automaton,1,non_native,l2_learner,arctic_a0486
l2_arctic,PNV,Vietnamese,F,train,ai-training/datasets/l2-arctic/raw/l2arctic_release_v5.0/PNV/wav/arctic_a0487.wav,The river bared its bosom and snorting steamboats challenged the wilderness,1,non_native,l2_learner,arctic_a0487
l2_arctic,PNV,Vietnamese,F,train,ai-training/datasets/l2-arctic/raw/l2arctic_release_v5.0/PNV/wav/arctic_a0488.wav,Their love burned with increasing brightness,1,non_native,l2_learner,arctic_a0488
l2_arctic,PNV,Vietnamese,F,train,ai-training/datasets/l2-arctic/raw/l2arctic_release_v5.0/PNV/wav/arctic_a0489.wav,They were artists not biologists,1,non_native,l2_learner,arctic_a0489
l2_arctic,PNV,Vietnamese,F,train,ai-training/datasets/l2-arctic/raw/l2arctic_release_v5.0/PNV/wav/arctic_a0490.wav,Both Johnny and his mother shuffled their feet as they walked,1,non_native,l2_learner,arctic_a0490
l2_arctic,PNV,Vietnamese,F,train,ai-training/datasets/l2-arctic/raw/l2arctic_release_v5.0/PNV/wav/arctic_a0491.wav,And as in denial of guilt the one legged boy replied,1,non_native,l2_learner,arctic_a0491
l2_arctic,PNV,Vietnamese,F,train,ai-training/datasets/l2-arctic/raw/l2arctic_release_v5.0/PNV/wav/arctic_a0492.wav,Burnt out like the crater of a volcano,1,non_native,l2_learner,arctic_a0492
l2_arctic,PNV,Vietnamese,F,train,ai-training/datasets/l2-arctic/raw/l2arctic_release_v5.0/PNV/wav/arctic_a0493.wav,The boy O'Brien was specially maltreated,1,non_native,l2_learner,arctic_a0493
l2_arctic,PNV,Vietnamese,F,train,ai-training/datasets/l2-arctic/raw/l2arctic_release_v5.0/PNV/wav/arctic_a0494.wav,O'Brien took off his coat and bared his right arm,1,non_native,l2_learner,arctic_a0494
l2_arctic,PNV,Vietnamese,F,train,ai-training/datasets/l2-arctic/raw/l2arctic_release_v5.0/PNV/wav/arctic_a0495.wav,He bore no grudges and had few enemies,1,non_native,l2_learner,arctic_a0495
l2_arctic,PNV,Vietnamese,F,train,ai-training/datasets/l2-arctic/raw/l2arctic_release_v5.0/PNV/wav/arctic_a0496.wav,And Tom King patiently endured,1,non_native,l2_learner,arctic_a0496
l2_arctic,PNV,Vietnamese,F,train,ai-training/datasets/l2-arctic/raw/l2arctic_release_v5.0/PNV/wav/arctic_a0497.wav,King took every advantage he knew,1,non_native,l2_learner,arctic_a0497
l2_arctic,PNV,Vietnamese,F,train,ai-training/datasets/l2-arctic/raw/l2arctic_release_v5.0/PNV/wav/arctic_a0498.wav,The lines were now very taut,1,non_native,l2_learner,arctic_a0498
l2_arctic,PNV,Vietnamese,F,train,ai-training/datasets/l2-arctic/raw/l2arctic_release_v5.0/PNV/wav/arctic_a0499.wav,And right there I saw and knew it all,1,non_native,l2_learner,arctic_a0499
l2_arctic,PNV,Vietnamese,F,train,ai-training/datasets/l2-arctic/raw/l2arctic_release_v5.0/PNV/wav/arctic_a0500.wav,Who the devil gave it to you to be judge and jury,1,non_native,l2_learner,arctic_a0500
l2_arctic,PNV,Vietnamese,F,train,ai-training/datasets/l2-arctic/raw/l2arctic_release_v5.0/PNV/wav/arctic_a0501.wav,You're joking me sir the other managed to articulate,1,non_native,l2_learner,arctic_a0501
l2_arctic,PNV,Vietnamese,F,train,ai-training/datasets/l2-arctic/raw/l2arctic_release_v5.0/PNV/wav/arctic_a0502.wav,Anything unusual or abnormal was sufficient to send a fellow to Molokai,1,non_native,l2_learner,arctic_a0502
l2_arctic,PNV,Vietnamese,F,train,ai-training/datasets/l2-arctic/raw/l2arctic_release_v5.0/PNV/wav/arctic_a0503.wav,His beady black eyes saw bargains where other men saw bankruptcy,1,non_native,l2_learner,arctic_a0503
l2_arctic,PNV,Vietnamese,F,train,ai-training/datasets/l2-arctic/raw/l2arctic_release_v5.0/PNV/wav/arctic_a0504.wav,He was an athlete and a giant,1,non_native,l2_learner,arctic_a0504
l2_arctic,PNV,Vietnamese,F,train,ai-training/datasets/l2-arctic/raw/l2arctic_release_v5.0/PNV/wav/arctic_a0505.wav,We fished sharks on Niihau together,1,non_native,l2_learner,arctic_a0505
l2_arctic,PNV,Vietnamese,F,train,ai-training/datasets/l2-arctic/raw/l2arctic_release_v5.0/PNV/wav/arctic_a0506.wav,The Claudine was leaving next morning for Honolulu,1,non_native,l2_learner,arctic_a0506
l2_arctic,PNV,Vietnamese,F,train,ai-training/datasets/l2-arctic/raw/l2arctic_release_v5.0/PNV/wav/arctic_a0507.wav,In short my joyous individualism was dominated by the orthodox bourgeois ethics,1,non_native,l2_learner,arctic_a0507
l2_arctic,PNV,Vietnamese,F,train,ai-training/datasets/l2-arctic/raw/l2arctic_release_v5.0/PNV/wav/arctic_a0508.wav,Soon shall it be thrust back from off prostrate humanity,1,non_native,l2_learner,arctic_a0508
l2_arctic,PNV,Vietnamese,F,train,ai-training/datasets/l2-arctic/raw/l2arctic_release_v5.0/PNV/wav/arctic_a0509.wav,Yet in accordance with Ernest's test of truth it worked,1,non_native,l2_learner,arctic_a0509
l2_arctic,PNV,Vietnamese,F,train,ai-training/datasets/l2-arctic/raw/l2arctic_release_v5.0/PNV/wav/arctic_a0510.wav,Much more Ernest told them of themselves and of his disillusionment,1,non_native,l2_learner,arctic_a0510
l2_arctic,PNV,Vietnamese,F,train,ai-training/datasets/l2-arctic/raw/l2arctic_release_v5.0/PNV/wav/arctic_a0511.wav,There is more behind this than a mere university ideal,1,non_native,l2_learner,arctic_a0511
l2_arctic,PNV,Vietnamese,F,train,ai-training/datasets/l2-arctic/raw/l2arctic_release_v5.0/PNV/wav/arctic_a0512.wav,No it is a palace wherein there are many servants,1,non_native,l2_learner,arctic_a0512
l2_arctic,PNV,Vietnamese,F,train,ai-training/datasets/l2-arctic/raw/l2arctic_release_v5.0/PNV/wav/arctic_a0513.wav,We must give ourselves and not our money alone,1,non_native,l2_learner,arctic_a0513
l2_arctic,PNV,Vietnamese,F,train,ai-training/datasets/l2-arctic/raw/l2arctic_release_v5.0/PNV/wav/arctic_a0514.wav,We are consumed in our own flesh pots,1,non_native,l2_learner,arctic_a0514
l2_arctic,PNV,Vietnamese,F,train,ai-training/datasets/l2-arctic/raw/l2arctic_release_v5.0/PNV/wav/arctic_a0515.wav,But here amongst ourselves let us speak out,1,non_native,l2_learner,arctic_a0515
l2_arctic,PNV,Vietnamese,F,train,ai-training/datasets/l2-arctic/raw/l2arctic_release_v5.0/PNV/wav/arctic_a0516.wav,Also there was awe in their faces,1,non_native,l2_learner,arctic_a0516
l2_arctic,PNV,Vietnamese,F,train,ai-training/datasets/l2-arctic/raw/l2arctic_release_v5.0/PNV/wav/arctic_a0517.wav,Out of abstractions Ernest had conjured a vision and made them see it,1,non_native,l2_learner,arctic_a0517
l2_arctic,PNV,Vietnamese,F,train,ai-training/datasets/l2-arctic/raw/l2arctic_release_v5.0/PNV/wav/arctic_a0518.wav,Illuminating oil was becoming all profit,1,non_native,l2_learner,arctic_a0518
l2_arctic,PNV,Vietnamese,F,train,ai-training/datasets/l2-arctic/raw/l2arctic_release_v5.0/PNV/wav/arctic_a0519.wav,Such an act was in direct violation of the laws of the land,1,non_native,l2_learner,arctic_a0519
l2_arctic,PNV,Vietnamese,F,train,ai-training/datasets/l2-arctic/raw/l2arctic_release_v5.0/PNV/wav/arctic_a0520.wav,He was fond of quoting a fragment from a certain poem,1,non_native,l2_learner,arctic_a0520
l2_arctic,PNV,Vietnamese,F,train,ai-training/datasets/l2-arctic/raw/l2arctic_release_v5.0/PNV/wav/arctic_a0521.wav,Without them he could not run his empire,1,non_native,l2_learner,arctic_a0521
l2_arctic,PNV,Vietnamese,F,train,ai-training/datasets/l2-arctic/raw/l2arctic_release_v5.0/PNV/wav/arctic_a0522.wav,For such countries nothing remained but reorganization,1,non_native,l2_learner,arctic_a0522
l2_arctic,PNV,Vietnamese,F,train,ai-training/datasets/l2-arctic/raw/l2arctic_release_v5.0/PNV/wav/arctic_a0523.wav,They could not continue their method of producing surpluses,1,non_native,l2_learner,arctic_a0523
l2_arctic,PNV,Vietnamese,F,train,ai-training/datasets/l2-arctic/raw/l2arctic_release_v5.0/PNV/wav/arctic_a0524.wav,At once would be instituted a dozen cooperative commonwealth states,1,non_native,l2_learner,arctic_a0524
l2_arctic,PNV,Vietnamese,F,train,ai-training/datasets/l2-arctic/raw/l2arctic_release_v5.0/PNV/wav/arctic_a0525.wav,The Oligarchy wanted violence and it set its agents provocateurs to work,1,non_native,l2_learner,arctic_a0525
l2_arctic,PNV,Vietnamese,F,train,ai-training/datasets/l2-arctic/raw/l2arctic_release_v5.0/PNV/wav/arctic_a0526.wav,Nowhere did the raw earth appear,1,non_native,l2_learner,arctic_a0526
l2_arctic,PNV,Vietnamese,F,train,ai-training/datasets/l2-arctic/raw/l2arctic_release_v5.0/PNV/wav/arctic_a0527.wav,The lush vegetation of that sheltered spot make a natural shield,1,non_native,l2_learner,arctic_a0527
l2_arctic,PNV,Vietnamese,F,train,ai-training/datasets/l2-arctic/raw/l2arctic_release_v5.0/PNV/wav/arctic_a0528.wav,Men who endure it call it living death,1,non_native,l2_learner,arctic_a0528
l2_arctic,PNV,Vietnamese,F,train,ai-training/datasets/l2-arctic/raw/l2arctic_release_v5.0/PNV/wav/arctic_a0529.wav,As I say he had tapped the message very rapidly,1,non_native,l2_learner,arctic_a0529
l2_arctic,PNV,Vietnamese,F,train,ai-training/datasets/l2-arctic/raw/l2arctic_release_v5.0/PNV/wav/arctic_a0530.wav,Ask him I laughed then turned to Pasquini,1,non_native,l2_learner,arctic_a0530
l2_arctic,PNV,Vietnamese,F,train,ai-training/datasets/l2-arctic/raw/l2arctic_release_v5.0/PNV/wav/arctic_a0531.wav,In what bucolic school of fence he had been taught was beyond imagining,1,non_native,l2_learner,arctic_a0531
l2_arctic,PNV,Vietnamese,F,train,ai-training/datasets/l2-arctic/raw/l2arctic_release_v5.0/PNV/wav/arctic_a0532.wav,May drought destroy your crops,1,non_native,l2_learner,arctic_a0532
l2_arctic,PNV,Vietnamese,F,train,ai-training/datasets/l2-arctic/raw/l2arctic_release_v5.0/PNV/wav/arctic_a0533.wav,Dunham can your boy go along with Jesse,1,non_native,l2_learner,arctic_a0533
l2_arctic,PNV,Vietnamese,F,train,ai-training/datasets/l2-arctic/raw/l2arctic_release_v5.0/PNV/wav/arctic_a0534.wav,But Johannes could and did,1,non_native,l2_learner,arctic_a0534
l2_arctic,PNV,Vietnamese,F,train,ai-training/datasets/l2-arctic/raw/l2arctic_release_v5.0/PNV/wav/arctic_a0535.wav,A new preacher and a new doctrine come to Jerusalem,1,non_native,l2_learner,arctic_a0535
l2_arctic,PNV,Vietnamese,F,train,ai-training/datasets/l2-arctic/raw/l2arctic_release_v5.0/PNV/wav/arctic_a0536.wav,He would destroy all things that are fixed,1,non_native,l2_learner,arctic_a0536
l2_arctic,PNV,Vietnamese,F,train,ai-training/datasets/l2-arctic/raw/l2arctic_release_v5.0/PNV/wav/arctic_a0537.wav,He was an enthusiast and a desert dweller,1,non_native,l2_learner,arctic_a0537
l2_arctic,PNV,Vietnamese,F,train,ai-training/datasets/l2-arctic/raw/l2arctic_release_v5.0/PNV/wav/arctic_a0538.wav,What Pascal glimpsed with the vision of a seer I have lived,1,non_native,l2_learner,arctic_a0538
l2_arctic,PNV,Vietnamese,F,train,ai-training/datasets/l2-arctic/raw/l2arctic_release_v5.0/PNV/wav/arctic_a0539.wav,I should like to engage just for one whole life in that,1,non_native,l2_learner,arctic_a0539
l2_arctic,PNV,Vietnamese,F,train,ai-training/datasets/l2-arctic/raw/l2arctic_release_v5.0/PNV/wav/arctic_a0540.wav,Yea so are all the lesser animals of today clean,1,non_native,l2_learner,arctic_a0540
l2_arctic,PNV,Vietnamese,F,train,ai-training/datasets/l2-arctic/raw/l2arctic_release_v5.0/PNV/wav/arctic_a0541.wav,The Warden with a quart of champagne,1,non_native,l2_learner,arctic_a0541
l2_arctic,PNV,Vietnamese,F,train,ai-training/datasets/l2-arctic/raw/l2arctic_release_v5.0/PNV/wav/arctic_a0542.wav,Without a doubt some of them have dinner engagements,1,non_native,l2_learner,arctic_a0542
l2_arctic,PNV,Vietnamese,F,train,ai-training/datasets/l2-arctic/raw/l2arctic_release_v5.0/PNV/wav/arctic_a0543.wav,I had been born with no organic chemical predisposition toward alcohol,1,non_native,l2_learner,arctic_a0543
l2_arctic,PNV,Vietnamese,F,train,ai-training/datasets/l2-arctic/raw/l2arctic_release_v5.0/PNV/wav/arctic_a0544.wav,He may anticipate the day of his death,1,non_native,l2_learner,arctic_a0544
l2_arctic,PNV,Vietnamese,F,train,ai-training/datasets/l2-arctic/raw/l2arctic_release_v5.0/PNV/wav/arctic_a0545.wav,The Italian rancho was a bachelor establishment,1,non_native,l2_learner,arctic_a0545
l2_arctic,PNV,Vietnamese,F,train,ai-training/datasets/l2-arctic/raw/l2arctic_release_v5.0/PNV/wav/arctic_a0546.wav,I lost my balance and pitched head foremost into the ooze,1,non_native,l2_learner,arctic_a0546
l2_arctic,PNV,Vietnamese,F,train,ai-training/datasets/l2-arctic/raw/l2arctic_release_v5.0/PNV/wav/arctic_a0547.wav,Men like Joe Goose dated existence from drunk to drunk,1,non_native,l2_learner,arctic_a0547
l2_arctic,PNV,Vietnamese,F,train,ai-training/datasets/l2-arctic/raw/l2arctic_release_v5.0/PNV/wav/arctic_a0548.wav,Also churches and preachers I had never known,1,non_native,l2_learner,arctic_a0548
l2_arctic,PNV,Vietnamese,F,train,ai-training/datasets/l2-arctic/raw/l2arctic_release_v5.0/PNV/wav/arctic_a0549.wav,Do you know that we weigh every pound of coal we burn,1,non_native,l2_learner,arctic_a0549
l2_arctic,PNV,Vietnamese,F,train,ai-training/datasets/l2-arctic/raw/l2arctic_release_v5.0/PNV/wav/arctic_a0550.wav,This also became part of the daily schedule,1,non_native,l2_learner,arctic_a0550
l2_arctic,PNV,Vietnamese,F,train,ai-training/datasets/l2-arctic/raw/l2arctic_release_v5.0/PNV/wav/arctic_a0551.wav,All an appearance can know is mirage,1,non_native,l2_learner,arctic_a0551
l2_arctic,PNV,Vietnamese,F,train,ai-training/datasets/l2-arctic/raw/l2arctic_release_v5.0/PNV/wav/arctic_a0552.wav,Yet he dreams he is immortal I argue feebly,1,non_native,l2_learner,arctic_a0552
l2_arctic,PNV,Vietnamese,F,train,ai-training/datasets/l2-arctic/raw/l2arctic_release_v5.0/PNV/wav/arctic_a0553.wav,I am writing these lines in Honolulu Hawaii,1,non_native,l2_learner,arctic_a0553
l2_arctic,PNV,Vietnamese,F,train,ai-training/datasets/l2-arctic/raw/l2arctic_release_v5.0/PNV/wav/arctic_a0554.wav,Jack London Waikiki Beach Honolulu Oahu,1,non_native,l2_learner,arctic_a0554
l2_arctic,PNV,Vietnamese,F,train,ai-training/datasets/l2-arctic/raw/l2arctic_release_v5.0/PNV/wav/arctic_a0555.wav,Jerry was so secure in his nook that he did not roll away,1,non_native,l2_learner,arctic_a0555
l2_arctic,PNV,Vietnamese,F,train,ai-training/datasets/l2-arctic/raw/l2arctic_release_v5.0/PNV/wav/arctic_a0556.wav,Why he's bought forty pounds of goods from you already,1,non_native,l2_learner,arctic_a0556
l2_arctic,PNV,Vietnamese,F,train,ai-training/datasets/l2-arctic/raw/l2arctic_release_v5.0/PNV/wav/arctic_a0557.wav,The last refugee had passed,1,non_native,l2_learner,arctic_a0557
l2_arctic,PNV,Vietnamese,F,train,ai-training/datasets/l2-arctic/raw/l2arctic_release_v5.0/PNV/wav/arctic_a0558.wav,And the foundation stone of service in his case was obedience,1,non_native,l2_learner,arctic_a0558
l2_arctic,PNV,Vietnamese,F,train,ai-training/datasets/l2-arctic/raw/l2arctic_release_v5.0/PNV/wav/arctic_a0559.wav,Peace be unto you and grace before the Lord,1,non_native,l2_learner,arctic_a0559
l2_arctic,PNV,Vietnamese,F,train,ai-training/datasets/l2-arctic/raw/l2arctic_release_v5.0/PNV/wav/arctic_a0560.wav,His mouth opened words shaped vainly on his lips,1,non_native,l2_learner,arctic_a0560
l2_arctic,PNV,Vietnamese,F,train,ai-training/datasets/l2-arctic/raw/l2arctic_release_v5.0/PNV/wav/arctic_a0561.wav,Bill lingered contemplating his work with artistic appreciation,1,non_native,l2_learner,arctic_a0561
l2_arctic,PNV,Vietnamese,F,train,ai-training/datasets/l2-arctic/raw/l2arctic_release_v5.0/PNV/wav/arctic_a0562.wav,What the flaming,1,non_native,l2_learner,arctic_a0562
l2_arctic,PNV,Vietnamese,F,train,ai-training/datasets/l2-arctic/raw/l2arctic_release_v5.0/PNV/wav/arctic_a0563.wav,Missus McFee's jaws brought together with a snap,1,non_native,l2_learner,arctic_a0563
l2_arctic,PNV,Vietnamese,F,train,ai-training/datasets/l2-arctic/raw/l2arctic_release_v5.0/PNV/wav/arctic_a0564.wav,Then it is as I said Womble announced with finality,1,non_native,l2_learner,arctic_a0564
l2_arctic,PNV,Vietnamese,F,train,ai-training/datasets/l2-arctic/raw/l2arctic_release_v5.0/PNV/wav/arctic_a0565.wav,With them were Indians also three other men,1,non_native,l2_learner,arctic_a0565
l2_arctic,PNV,Vietnamese,F,train,ai-training/datasets/l2-arctic/raw/l2arctic_release_v5.0/PNV/wav/arctic_a0566.wav,Dennin's hands were released long enough for him to sign the document,1,non_native,l2_learner,arctic_a0566
l2_arctic,PNV,Vietnamese,F,train,ai-training/datasets/l2-arctic/raw/l2arctic_release_v5.0/PNV/wav/arctic_a0567.wav,Now Irvine was a man of impulse a poet,1,non_native,l2_learner,arctic_a0567
l2_arctic,PNV,Vietnamese,F,train,ai-training/datasets/l2-arctic/raw/l2arctic_release_v5.0/PNV/wav/arctic_a0568.wav,He was just bursting with joy joy over what,1,non_native,l2_learner,arctic_a0568
l2_arctic,PNV,Vietnamese,F,train,ai-training/datasets/l2-arctic/raw/l2arctic_release_v5.0/PNV/wav/arctic_a0569.wav,At Lake Linderman I had one canoe very good Peterborough canoe,1,non_native,l2_learner,arctic_a0569
l2_arctic,PNV,Vietnamese,F,train,ai-training/datasets/l2-arctic/raw/l2arctic_release_v5.0/PNV/wav/arctic_a0570.wav,Behind him lay the thousand years long road across all Siberia and Russia,1,non_native,l2_learner,arctic_a0570
l2_arctic,PNV,Vietnamese,F,train,ai-training/datasets/l2-arctic/raw/l2arctic_release_v5.0/PNV/wav/arctic_a0571.wav,He had forgotten to build a fire and thaw out,1,non_native,l2_learner,arctic_a0571
l2_arctic,PNV,Vietnamese,F,train,ai-training/datasets/l2-arctic/raw/l2arctic_release_v5.0/PNV/wav/arctic_a0572.wav,I never saw anything like her in my life,1,non_native,l2_learner,arctic_a0572
l2_arctic,PNV,Vietnamese,F,train,ai-training/datasets/l2-arctic/raw/l2arctic_release_v5.0/PNV/wav/arctic_a0573.wav,There was no law on the Yukon save what they made for themselves,1,non_native,l2_learner,arctic_a0573
l2_arctic,PNV,Vietnamese,F,train,ai-training/datasets/l2-arctic/raw/l2arctic_release_v5.0/PNV/wav/arctic_a0574.wav,Good business man Curly O'Brien was saying,1,non_native,l2_learner,arctic_a0574
l2_arctic,PNV,Vietnamese,F,train,ai-training/datasets/l2-arctic/raw/l2arctic_release_v5.0/PNV/wav/arctic_a0575.wav,There weren't any missions and he was the man to know,1,non_native,l2_learner,arctic_a0575
l2_arctic,PNV,Vietnamese,F,train,ai-training/datasets/l2-arctic/raw/l2arctic_release_v5.0/PNV/wav/arctic_a0576.wav,And the big Persian knew of his existence before he did of hers,1,non_native,l2_learner,arctic_a0576
l2_arctic,PNV,Vietnamese,F,train,ai-training/datasets/l2-arctic/raw/l2arctic_release_v5.0/PNV/wav/arctic_a0577.wav,Once the jews harp began emitting its barbaric rhythms Michael was helpless,1,non_native,l2_learner,arctic_a0577
l2_arctic,PNV,Vietnamese,F,train,ai-training/datasets/l2-arctic/raw/l2arctic_release_v5.0/PNV/wav/arctic_a0578.wav,But we'll just postpone this,1,non_native,l2_learner,arctic_a0578
l2_arctic,PNV,Vietnamese,F,train,ai-training/datasets/l2-arctic/raw/l2arctic_release_v5.0/PNV/wav/arctic_a0579.wav,There was the Emma Louisa,1,non_native,l2_learner,arctic_a0579
l2_arctic,PNV,Vietnamese,F,train,ai-training/datasets/l2-arctic/raw/l2arctic_release_v5.0/PNV/wav/arctic_a0580.wav,This is my fifth voyage,1,non_native,l2_learner,arctic_a0580
l2_arctic,PNV,Vietnamese,F,train,ai-training/datasets/l2-arctic/raw/l2arctic_release_v5.0/PNV/wav/arctic_a0581.wav,It was this proposition that started the big idea in Daughtry's mind,1,non_native,l2_learner,arctic_a0581
l2_arctic,PNV,Vietnamese,F,train,ai-training/datasets/l2-arctic/raw/l2arctic_release_v5.0/PNV/wav/arctic_a0582.wav,Daughtry elaborated on the counting trick by bringing Cocky along,1,non_native,l2_learner,arctic_a0582
l2_arctic,PNV,Vietnamese,F,train,ai-training/datasets/l2-arctic/raw/l2arctic_release_v5.0/PNV/wav/arctic_a0583.wav,Enjoy it he did but principally for Steward's sake,1,non_native,l2_learner,arctic_a0583
l2_arctic,PNV,Vietnamese,F,train,ai-training/datasets/l2-arctic/raw/l2arctic_release_v5.0/PNV/wav/arctic_a0584.wav,I have long noted your thirst unquenchable,1,non_native,l2_learner,arctic_a0584
l2_arctic,PNV,Vietnamese,F,train,ai-training/datasets/l2-arctic/raw/l2arctic_release_v5.0/PNV/wav/arctic_a0585.wav,Wonder if he's a lion dog Charles suggested,1,non_native,l2_learner,arctic_a0585
l2_arctic,PNV,Vietnamese,F,train,ai-training/datasets/l2-arctic/raw/l2arctic_release_v5.0/PNV/wav/arctic_a0586.wav,We don't see ourselves as foolish,1,non_native,l2_learner,arctic_a0586
l2_arctic,PNV,Vietnamese,F,train,ai-training/datasets/l2-arctic/raw/l2arctic_release_v5.0/PNV/wav/arctic_a0587.wav,He had comparatively no advantages at first,1,non_native,l2_learner,arctic_a0587
l2_arctic,PNV,Vietnamese,F,train,ai-training/datasets/l2-arctic/raw/l2arctic_release_v5.0/PNV/wav/arctic_a0588.wav,He had proved it today with his amateurish and sophomoric productions,1,non_native,l2_learner,arctic_a0588
l2_arctic,PNV,Vietnamese,F,train,ai-training/datasets/l2-arctic/raw/l2arctic_release_v5.0/PNV/wav/arctic_a0589.wav,I was sick once typhoid,1,non_native,l2_learner,arctic_a0589
l2_arctic,PNV,Vietnamese,F,train,ai-training/datasets/l2-arctic/raw/l2arctic_release_v5.0/PNV/wav/arctic_a0590.wav,In a way he is my protege,1,non_native,l2_learner,arctic_a0590
l2_arctic,PNV,Vietnamese,F,train,ai-training/datasets/l2-arctic/raw/l2arctic_release_v5.0/PNV/wav/arctic_a0591.wav,We are both children together,1,non_native,l2_learner,arctic_a0591
l2_arctic,PNV,Vietnamese,F,train,ai-training/datasets/l2-arctic/raw/l2arctic_release_v5.0/PNV/wav/arctic_a0592.wav,It's only his indigestion I find fault with,1,non_native,l2_learner,arctic_a0592
l2_arctic,PNV,Vietnamese,F,train,ai-training/datasets/l2-arctic/raw/l2arctic_release_v5.0/PNV/wav/arctic_a0593.wav,She'd make a good wife for the cashier,1,non_native,l2_learner,arctic_a0593
l2_arctic,PNV,Vietnamese,F,train,ai-training/datasets/l2-arctic/raw/l2arctic_release_v5.0/PNV/wav/arctic_b0001.wav,Gad do I remember it,1,non_native,l2_learner,arctic_b0001
l2_arctic,PNV,Vietnamese,F,train,ai-training/datasets/l2-arctic/raw/l2arctic_release_v5.0/PNV/wav/arctic_b0002.wav,You got out by fighting and I through a pretty girl,1,non_native,l2_learner,arctic_b0002
l2_arctic,PNV,Vietnamese,F,train,ai-training/datasets/l2-arctic/raw/l2arctic_release_v5.0/PNV/wav/arctic_b0003.wav,I can see that knife now,1,non_native,l2_learner,arctic_b0003
l2_arctic,PNV,Vietnamese,F,train,ai-training/datasets/l2-arctic/raw/l2arctic_release_v5.0/PNV/wav/arctic_b0004.wav,When I can't see beauty in woman I want to die,1,non_native,l2_learner,arctic_b0004
l2_arctic,PNV,Vietnamese,F,train,ai-training/datasets/l2-arctic/raw/l2arctic_release_v5.0/PNV/wav/arctic_b0005.wav,His slim fingers closed like steel about Philip's,1,non_native,l2_learner,arctic_b0005
l2_arctic,PNV,Vietnamese,F,train,ai-training/datasets/l2-arctic/raw/l2arctic_release_v5.0/PNV/wav/arctic_b0006.wav,He seized Gregson by the arm and led him to the door,1,non_native,l2_learner,arctic_b0006
l2_arctic,PNV,Vietnamese,F,train,ai-training/datasets/l2-arctic/raw/l2arctic_release_v5.0/PNV/wav/arctic_b0007.wav,Hear the Indian dogs wailing down at Churchill,1,non_native,l2_learner,arctic_b0007
l2_arctic,PNV,Vietnamese,F,train,ai-training/datasets/l2-arctic/raw/l2arctic_release_v5.0/PNV/wav/arctic_b0008.wav,Burke himself had criticized it because of the smile,1,non_native,l2_learner,arctic_b0008
l2_arctic,PNV,Vietnamese,F,train,ai-training/datasets/l2-arctic/raw/l2arctic_release_v5.0/PNV/wav/arctic_b0009.wav,I'd say there was going to be a glorious scrap,1,non_native,l2_learner,arctic_b0009
l2_arctic,PNV,Vietnamese,F,train,ai-training/datasets/l2-arctic/raw/l2arctic_release_v5.0/PNV/wav/arctic_b0010.wav,He turned the map to Gregson pointing with his finger,1,non_native,l2_learner,arctic_b0010
l2_arctic,PNV,Vietnamese,F,train,ai-training/datasets/l2-arctic/raw/l2arctic_release_v5.0/PNV/wav/arctic_b0011.wav,His eyes never took themselves for an instant from his companion's face,1,non_native,l2_learner,arctic_b0011
l2_arctic,PNV,Vietnamese,F,train,ai-training/datasets/l2-arctic/raw/l2arctic_release_v5.0/PNV/wav/arctic_b0012.wav,Something that Whittemore had not yet said thrilled him,1,non_native,l2_learner,arctic_b0012
l2_arctic,PNV,Vietnamese,F,train,ai-training/datasets/l2-arctic/raw/l2arctic_release_v5.0/PNV/wav/arctic_b0013.wav,Lakes and rivers hundreds of them thousands of them,1,non_native,l2_learner,arctic_b0013
l2_arctic,PNV,Vietnamese,F,train,ai-training/datasets/l2-arctic/raw/l2arctic_release_v5.0/PNV/wav/arctic_b0014.wav,Whitefish Gregson whitefish and trout,1,non_native,l2_learner,arctic_b0014
l2_arctic,PNV,Vietnamese,F,train,ai-training/datasets/l2-arctic/raw/l2arctic_release_v5.0/PNV/wav/arctic_b0015.wav,They robbed me a few years later,1,non_native,l2_learner,arctic_b0015
l2_arctic,PNV,Vietnamese,F,train,ai-training/datasets/l2-arctic/raw/l2arctic_release_v5.0/PNV/wav/arctic_b0016.wav,He chuckled as he pulled out his pipe and began filling it,1,non_native,l2_learner,arctic_b0016
l2_arctic,PNV,Vietnamese,F,train,ai-training/datasets/l2-arctic/raw/l2arctic_release_v5.0/PNV/wav/arctic_b0017.wav,Everything was working smoothly better than I had expected,1,non_native,l2_learner,arctic_b0017
l2_arctic,PNV,Vietnamese,F,train,ai-training/datasets/l2-arctic/raw/l2arctic_release_v5.0/PNV/wav/arctic_b0018.wav,I was completely lost in my work,1,non_native,l2_learner,arctic_b0018
l2_arctic,PNV,Vietnamese,F,train,ai-training/datasets/l2-arctic/raw/l2arctic_release_v5.0/PNV/wav/arctic_b0019.wav,His slim hands gripped the edges of the table,1,non_native,l2_learner,arctic_b0019
l2_arctic,PNV,Vietnamese,F,train,ai-training/datasets/l2-arctic/raw/l2arctic_release_v5.0/PNV/wav/arctic_b0020.wav,He made no reply as he waited for Whittemore to continue,1,non_native,l2_learner,arctic_b0020
l2_arctic,PNV,Vietnamese,F,train,ai-training/datasets/l2-arctic/raw/l2arctic_release_v5.0/PNV/wav/arctic_b0021.wav,Philip dropped back into his chair,1,non_native,l2_learner,arctic_b0021
l2_arctic,PNV,Vietnamese,F,train,ai-training/datasets/l2-arctic/raw/l2arctic_release_v5.0/PNV/wav/arctic_b0022.wav,If I was out of the game it would be easily made,1,non_native,l2_learner,arctic_b0022
l2_arctic,PNV,Vietnamese,F,train,ai-training/datasets/l2-arctic/raw/l2arctic_release_v5.0/PNV/wav/arctic_b0023.wav,MacDougall my engineer believes it,1,non_native,l2_learner,arctic_b0023
l2_arctic,PNV,Vietnamese,F,train,ai-training/datasets/l2-arctic/raw/l2arctic_release_v5.0/PNV/wav/arctic_b0024.wav,It is growing every day every hour,1,non_native,l2_learner,arctic_b0024
l2_arctic,PNV,Vietnamese,F,train,ai-training/datasets/l2-arctic/raw/l2arctic_release_v5.0/PNV/wav/arctic_b0025.wav,Now you understand,1,non_native,l2_learner,arctic_b0025
l2_arctic,PNV,Vietnamese,F,train,ai-training/datasets/l2-arctic/raw/l2arctic_release_v5.0/PNV/wav/arctic_b0026.wav,You have associated with some of these men,1,non_native,l2_learner,arctic_b0026
l2_arctic,PNV,Vietnamese,F,train,ai-training/datasets/l2-arctic/raw/l2arctic_release_v5.0/PNV/wav/arctic_b0027.wav,And there's no chivalry no quarter shown in this fight,1,non_native,l2_learner,arctic_b0027
l2_arctic,PNV,Vietnamese,F,train,ai-training/datasets/l2-arctic/raw/l2arctic_release_v5.0/PNV/wav/arctic_b0028.wav,Lord Fitzhugh is the key to the whole situation,1,non_native,l2_learner,arctic_b0028
l2_arctic,PNV,Vietnamese,F,train,ai-training/datasets/l2-arctic/raw/l2arctic_release_v5.0/PNV/wav/arctic_b0029.wav,All operations have been carried on from Montreal and Toronto,1,non_native,l2_learner,arctic_b0029
l2_arctic,PNV,Vietnamese,F,train,ai-training/datasets/l2-arctic/raw/l2arctic_release_v5.0/PNV/wav/arctic_b0030.wav,Gregson held a lighted match until it burnt his fingertips,1,non_native,l2_learner,arctic_b0030
l2_arctic,PNV,Vietnamese,F,train,ai-training/datasets/l2-arctic/raw/l2arctic_release_v5.0/PNV/wav/arctic_b0031.wav,Gregson had seated himself under the lamp and was sharpening a pencil,1,non_native,l2_learner,arctic_b0031
l2_arctic,PNV,Vietnamese,F,train,ai-training/datasets/l2-arctic/raw/l2arctic_release_v5.0/PNV/wav/arctic_b0032.wav,He caught himself with a jerk,1,non_native,l2_learner,arctic_b0032
l2_arctic,PNV,Vietnamese,F,train,ai-training/datasets/l2-arctic/raw/l2arctic_release_v5.0/PNV/wav/arctic_b0033.wav,How does your wager look now,1,non_native,l2_learner,arctic_b0033
l2_arctic,PNV,Vietnamese,F,train,ai-training/datasets/l2-arctic/raw/l2arctic_release_v5.0/PNV/wav/arctic_b0034.wav,He confessed that the sketch had startled him,1,non_native,l2_learner,arctic_b0034
l2_arctic,PNV,Vietnamese,F,train,ai-training/datasets/l2-arctic/raw/l2arctic_release_v5.0/PNV/wav/arctic_b0035.wav,After all the picture was only a resemblance,1,non_native,l2_learner,arctic_b0035
l2_arctic,PNV,Vietnamese,F,train,ai-training/datasets/l2-arctic/raw/l2arctic_release_v5.0/PNV/wav/arctic_b0036.wav,He wondered too where Roscoe was,1,non_native,l2_learner,arctic_b0036
l2_arctic,PNV,Vietnamese,F,train,ai-training/datasets/l2-arctic/raw/l2arctic_release_v5.0/PNV/wav/arctic_b0037.wav,Philip knew that she was not an Indian,1,non_native,l2_learner,arctic_b0037
l2_arctic,PNV,Vietnamese,F,train,ai-training/datasets/l2-arctic/raw/l2arctic_release_v5.0/PNV/wav/arctic_b0038.wav,In her haste to get away she had forgotten these things,1,non_native,l2_learner,arctic_b0038
l2_arctic,PNV,Vietnamese,F,train,ai-training/datasets/l2-arctic/raw/l2arctic_release_v5.0/PNV/wav/arctic_b0039.wav,Philip took a step toward Gregson half determined to awaken him,1,non_native,l2_learner,arctic_b0039
l2_arctic,PNV,Vietnamese,F,train,ai-training/datasets/l2-arctic/raw/l2arctic_release_v5.0/PNV/wav/arctic_b0040.wav,The thought set his blood tingling,1,non_native,l2_learner,arctic_b0040
l2_arctic,PNV,Vietnamese,F,train,ai-training/datasets/l2-arctic/raw/l2arctic_release_v5.0/PNV/wav/arctic_b0041.wav,But if Pierre did not return until tomorrow,1,non_native,l2_learner,arctic_b0041
l2_arctic,PNV,Vietnamese,F,train,ai-training/datasets/l2-arctic/raw/l2arctic_release_v5.0/PNV/wav/arctic_b0042.wav,Ten minutes had not elapsed since he had dropped the handkerchief,1,non_native,l2_learner,arctic_b0042
l2_arctic,PNV,Vietnamese,F,train,ai-training/datasets/l2-arctic/raw/l2arctic_release_v5.0/PNV/wav/arctic_b0043.wav,It won't be for sale,1,non_native,l2_learner,arctic_b0043
l2_arctic,PNV,Vietnamese,F,train,ai-training/datasets/l2-arctic/raw/l2arctic_release_v5.0/PNV/wav/arctic_b0044.wav,For a few moments he ate in silence,1,non_native,l2_learner,arctic_b0044
l2_arctic,PNV,Vietnamese,F,train,ai-training/datasets/l2-arctic/raw/l2arctic_release_v5.0/PNV/wav/arctic_b0045.wav,Philip did not pursue the subject,1,non_native,l2_learner,arctic_b0045
l2_arctic,PNV,Vietnamese,F,train,ai-training/datasets/l2-arctic/raw/l2arctic_release_v5.0/PNV/wav/arctic_b0046.wav,Philip produced a couple of cigars and took a chair opposite him,1,non_native,l2_learner,arctic_b0046
l2_arctic,PNV,Vietnamese,F,train,ai-training/datasets/l2-arctic/raw/l2arctic_release_v5.0/PNV/wav/arctic_b0047.wav,Suppose you saw me at work through the window,1,non_native,l2_learner,arctic_b0047
l2_arctic,PNV,Vietnamese,F,train,ai-training/datasets/l2-arctic/raw/l2arctic_release_v5.0/PNV/wav/arctic_b0048.wav,He looked like one who had passed through an uncomfortable hour or two,1,non_native,l2_learner,arctic_b0048
l2_arctic,PNV,Vietnamese,F,train,ai-training/datasets/l2-arctic/raw/l2arctic_release_v5.0/PNV/wav/arctic_b0049.wav,There was nothing more except a large ink blot under the words,1,non_native,l2_learner,arctic_b0049
l2_arctic,PNV,Vietnamese,F,train,ai-training/datasets/l2-arctic/raw/l2arctic_release_v5.0/PNV/wav/arctic_b0050.wav,All this day Gregson remained in the cabin,1,non_native,l2_learner,arctic_b0050
l2_arctic,PNV,Vietnamese,F,train,ai-training/datasets/l2-arctic/raw/l2arctic_release_v5.0/PNV/wav/arctic_b0051.wav,The sixth day he spent in the cabin with Gregson,1,non_native,l2_learner,arctic_b0051
l2_arctic,PNV,Vietnamese,F,train,ai-training/datasets/l2-arctic/raw/l2arctic_release_v5.0/PNV/wav/arctic_b0052.wav,The flush was gone from her face,1,non_native,l2_learner,arctic_b0052
l2_arctic,PNV,Vietnamese,F,train,ai-training/datasets/l2-arctic/raw/l2arctic_release_v5.0/PNV/wav/arctic_b0053.wav,That is why I am am rattled he laughed,1,non_native,l2_learner,arctic_b0053
l2_arctic,PNV,Vietnamese,F,train,ai-training/datasets/l2-arctic/raw/l2arctic_release_v5.0/PNV/wav/arctic_b0054.wav,He understood the meaning of the look,1,non_native,l2_learner,arctic_b0054
l2_arctic,PNV,Vietnamese,F,train,ai-training/datasets/l2-arctic/raw/l2arctic_release_v5.0/PNV/wav/arctic_b0055.wav,She was even more beautiful than when I saw her before,1,non_native,l2_learner,arctic_b0055
l2_arctic,PNV,Vietnamese,F,train,ai-training/datasets/l2-arctic/raw/l2arctic_release_v5.0/PNV/wav/arctic_b0056.wav,I'll give a thousand if you produce her retorted Gregson,1,non_native,l2_learner,arctic_b0056
l2_arctic,PNV,Vietnamese,F,train,ai-training/datasets/l2-arctic/raw/l2arctic_release_v5.0/PNV/wav/arctic_b0057.wav,They have won popular sentiment through the newspapers,1,non_native,l2_learner,arctic_b0057
l2_arctic,PNV,Vietnamese,F,train,ai-training/datasets/l2-arctic/raw/l2arctic_release_v5.0/PNV/wav/arctic_b0058.wav,We must achieve our own salvation,1,non_native,l2_learner,arctic_b0058
l2_arctic,PNV,Vietnamese,F,train,ai-training/datasets/l2-arctic/raw/l2arctic_release_v5.0/PNV/wav/arctic_b0059.wav,In moments of mental energy Philip was restless,1,non_native,l2_learner,arctic_b0059
l2_arctic,PNV,Vietnamese,F,train,ai-training/datasets/l2-arctic/raw/l2arctic_release_v5.0/PNV/wav/arctic_b0060.wav,He would keep his faith with Gregson for the promised day or two,1,non_native,l2_learner,arctic_b0060
l2_arctic,PNV,Vietnamese,F,train,ai-training/datasets/l2-arctic/raw/l2arctic_release_v5.0/PNV/wav/arctic_b0061.wav,Something about it seemed to fascinate him to challenge his presence,1,non_native,l2_learner,arctic_b0061
l2_arctic,PNV,Vietnamese,F,train,ai-training/datasets/l2-arctic/raw/l2arctic_release_v5.0/PNV/wav/arctic_b0062.wav,Now it was missing from the wall,1,non_native,l2_learner,arctic_b0062
l2_arctic,PNV,Vietnamese,F,train,ai-training/datasets/l2-arctic/raw/l2arctic_release_v5.0/PNV/wav/arctic_b0063.wav,He boiled himself some coffee and sat down to wait,1,non_native,l2_learner,arctic_b0063
l2_arctic,PNV,Vietnamese,F,train,ai-training/datasets/l2-arctic/raw/l2arctic_release_v5.0/PNV/wav/arctic_b0064.wav,I'm going down there with you and I'm going to fight,1,non_native,l2_learner,arctic_b0064
l2_arctic,PNV,Vietnamese,F,train,ai-training/datasets/l2-arctic/raw/l2arctic_release_v5.0/PNV/wav/arctic_b0065.wav,Now have you got anything to say against me Mister Philip,1,non_native,l2_learner,arctic_b0065
l2_arctic,PNV,Vietnamese,F,train,ai-training/datasets/l2-arctic/raw/l2arctic_release_v5.0/PNV/wav/arctic_b0066.wav,If I meet her again I shall apologize said Eileen,1,non_native,l2_learner,arctic_b0066
l2_arctic,PNV,Vietnamese,F,train,ai-training/datasets/l2-arctic/raw/l2arctic_release_v5.0/PNV/wav/arctic_b0067.wav,Below him the shadow was broken into a pool of rippling starlight,1,non_native,l2_learner,arctic_b0067
l2_arctic,PNV,Vietnamese,F,train,ai-training/datasets/l2-arctic/raw/l2arctic_release_v5.0/PNV/wav/arctic_b0068.wav,Only the chance sound had led him to observe them,1,non_native,l2_learner,arctic_b0068
l2_arctic,PNV,Vietnamese,F,train,ai-training/datasets/l2-arctic/raw/l2arctic_release_v5.0/PNV/wav/arctic_b0069.wav,Could the incident have anything to do with Jeanne and Pierre,1,non_native,l2_learner,arctic_b0069
l2_arctic,PNV,Vietnamese,F,train,ai-training/datasets/l2-arctic/raw/l2arctic_release_v5.0/PNV/wav/arctic_b0070.wav,There was no chance to fire without hitting him,1,non_native,l2_learner,arctic_b0070
l2_arctic,PNV,Vietnamese,F,train,ai-training/datasets/l2-arctic/raw/l2arctic_release_v5.0/PNV/wav/arctic_b0071.wav,There was no answer from the other side,1,non_native,l2_learner,arctic_b0071
l2_arctic,PNV,Vietnamese,F,train,ai-training/datasets/l2-arctic/raw/l2arctic_release_v5.0/PNV/wav/arctic_b0072.wav,Then he hastened on as Pierre had guided him,1,non_native,l2_learner,arctic_b0072
l2_arctic,PNV,Vietnamese,F,train,ai-training/datasets/l2-arctic/raw/l2arctic_release_v5.0/PNV/wav/arctic_b0073.wav,With these arguments he convinced himself that he should go on alone,1,non_native,l2_learner,arctic_b0073
l2_arctic,PNV,Vietnamese,F,train,ai-training/datasets/l2-arctic/raw/l2arctic_release_v5.0/PNV/wav/arctic_b0074.wav,Yet behind them there was another and more powerful motive,1,non_native,l2_learner,arctic_b0074
l2_arctic,PNV,Vietnamese,F,train,ai-training/datasets/l2-arctic/raw/l2arctic_release_v5.0/PNV/wav/arctic_b0075.wav,In that case he could not miss them if he used caution,1,non_native,l2_learner,arctic_b0075
l2_arctic,PNV,Vietnamese,F,train,ai-training/datasets/l2-arctic/raw/l2arctic_release_v5.0/PNV/wav/arctic_b0076.wav,Before Philip could recover himself Jeanne's startled guards were upon him,1,non_native,l2_learner,arctic_b0076
l2_arctic,PNV,Vietnamese,F,train,ai-training/datasets/l2-arctic/raw/l2arctic_release_v5.0/PNV/wav/arctic_b0077.wav,It is the nearest refuge,1,non_native,l2_learner,arctic_b0077
l2_arctic,PNV,Vietnamese,F,train,ai-training/datasets/l2-arctic/raw/l2arctic_release_v5.0/PNV/wav/arctic_b0078.wav,There was pride and strength the ring of triumph in his voice,1,non_native,l2_learner,arctic_b0078
l2_arctic,PNV,Vietnamese,F,train,ai-training/datasets/l2-arctic/raw/l2arctic_release_v5.0/PNV/wav/arctic_b0079.wav,The truth of it set Jeanne quivering,1,non_native,l2_learner,arctic_b0079
l2_arctic,PNV,Vietnamese,F,train,ai-training/datasets/l2-arctic/raw/l2arctic_release_v5.0/PNV/wav/arctic_b0080.wav,Tomorrow it will be strong enough for you to stand upon,1,non_native,l2_learner,arctic_b0080
l2_arctic,PNV,Vietnamese,F,train,ai-training/datasets/l2-arctic/raw/l2arctic_release_v5.0/PNV/wav/arctic_b0081.wav,You were going to leave after you saw me on the rock,1,non_native,l2_learner,arctic_b0081
l2_arctic,PNV,Vietnamese,F,train,ai-training/datasets/l2-arctic/raw/l2arctic_release_v5.0/PNV/wav/arctic_b0082.wav,He bit his tongue and cursed himself at this fresh break,1,non_native,l2_learner,arctic_b0082
l2_arctic,PNV,Vietnamese,F,train,ai-training/datasets/l2-arctic/raw/l2arctic_release_v5.0/PNV/wav/arctic_b0083.wav,In it there was something that was almost tragedy,1,non_native,l2_learner,arctic_b0083
l2_arctic,PNV,Vietnamese,F,train,ai-training/datasets/l2-arctic/raw/l2arctic_release_v5.0/PNV/wav/arctic_b0084.wav,Your face is red with blood,1,non_native,l2_learner,arctic_b0084
l2_arctic,PNV,Vietnamese,F,train,ai-training/datasets/l2-arctic/raw/l2arctic_release_v5.0/PNV/wav/arctic_b0085.wav,Her eyes smiled truth at him as he came up the bank,1,non_native,l2_learner,arctic_b0085
l2_arctic,PNV,Vietnamese,F,train,ai-training/datasets/l2-arctic/raw/l2arctic_release_v5.0/PNV/wav/arctic_b0086.wav,He can care for himself,1,non_native,l2_learner,arctic_b0086
l2_arctic,PNV,Vietnamese,F,train,ai-training/datasets/l2-arctic/raw/l2arctic_release_v5.0/PNV/wav/arctic_b0087.wav,They will search for us between their camp and Churchill,1,non_native,l2_learner,arctic_b0087
l2_arctic,PNV,Vietnamese,F,train,ai-training/datasets/l2-arctic/raw/l2arctic_release_v5.0/PNV/wav/arctic_b0088.wav,Until I die he exclaimed,1,non_native,l2_learner,arctic_b0088
l2_arctic,PNV,Vietnamese,F,train,ai-training/datasets/l2-arctic/raw/l2arctic_release_v5.0/PNV/wav/arctic_b0089.wav,Her beautiful hair was done up in shining coils,1,non_native,l2_learner,arctic_b0089
l2_arctic,PNV,Vietnamese,F,train,ai-training/datasets/l2-arctic/raw/l2arctic_release_v5.0/PNV/wav/arctic_b0090.wav,The Churchill narrowed and its current became swifter as they progressed,1,non_native,l2_learner,arctic_b0090
l2_arctic,PNV,Vietnamese,F,train,ai-training/datasets/l2-arctic/raw/l2arctic_release_v5.0/PNV/wav/arctic_b0091.wav,For a full half minute Jeanne looked at him without speaking,1,non_native,l2_learner,arctic_b0091
l2_arctic,PNV,Vietnamese,F,train,ai-training/datasets/l2-arctic/raw/l2arctic_release_v5.0/PNV/wav/arctic_b0092.wav,I want to die in it,1,non_native,l2_learner,arctic_b0092
l2_arctic,PNV,Vietnamese,F,train,ai-training/datasets/l2-arctic/raw/l2arctic_release_v5.0/PNV/wav/arctic_b0093.wav,Darkness hid him from Jeanne,1,non_native,l2_learner,arctic_b0093
l2_arctic,PNV,Vietnamese,F,train,ai-training/datasets/l2-arctic/raw/l2arctic_release_v5.0/PNV/wav/arctic_b0094.wav,And yet if she came he had no words to say,1,non_native,l2_learner,arctic_b0094
l2_arctic,PNV,Vietnamese,F,train,ai-training/datasets/l2-arctic/raw/l2arctic_release_v5.0/PNV/wav/arctic_b0095.wav,He heard a sound which brought him quickly into consciousness of day,1,non_native,l2_learner,arctic_b0095
l2_arctic,PNV,Vietnamese,F,train,ai-training/datasets/l2-arctic/raw/l2arctic_release_v5.0/PNV/wav/arctic_b0096.wav,Within himself he called it no longer his own,1,non_native,l2_learner,arctic_b0096
l2_arctic,PNV,Vietnamese,F,train,ai-training/datasets/l2-arctic/raw/l2arctic_release_v5.0/PNV/wav/arctic_b0097.wav,Besides that noise makes me deaf,1,non_native,l2_learner,arctic_b0097
l2_arctic,PNV,Vietnamese,F,train,ai-training/datasets/l2-arctic/raw/l2arctic_release_v5.0/PNV/wav/arctic_b0098.wav,Philip looked back from the crest and saw Jeanne leaning over the canoe,1,non_native,l2_learner,arctic_b0098
l2_arctic,PNV,Vietnamese,F,train,ai-training/datasets/l2-arctic/raw/l2arctic_release_v5.0/PNV/wav/arctic_b0099.wav,Fifty yards ahead of her were the first of the rocks,1,non_native,l2_learner,arctic_b0099
l2_arctic,PNV,Vietnamese,F,train,ai-training/datasets/l2-arctic/raw/l2arctic_release_v5.0/PNV/wav/arctic_b0100.wav,There was one chance and only one of saving Jeanne,1,non_native,l2_learner,arctic_b0100
l2_arctic,PNV,Vietnamese,F,train,ai-training/datasets/l2-arctic/raw/l2arctic_release_v5.0/PNV/wav/arctic_b0101.wav,You're a devil for fighting and will surely win,1,non_native,l2_learner,arctic_b0101
l2_arctic,PNV,Vietnamese,F,train,ai-training/datasets/l2-arctic/raw/l2arctic_release_v5.0/PNV/wav/arctic_b0102.wav,I'll only be in the way,1,non_native,l2_learner,arctic_b0102
l2_arctic,PNV,Vietnamese,F,train,ai-training/datasets/l2-arctic/raw/l2arctic_release_v5.0/PNV/wav/arctic_b0103.wav,He lifted his eyes and a strange cry burst from his lips,1,non_native,l2_learner,arctic_b0103
l2_arctic,PNV,Vietnamese,F,train,ai-training/datasets/l2-arctic/raw/l2arctic_release_v5.0/PNV/wav/arctic_b0104.wav,Shooting pains passed like flashes of electricity through his body,1,non_native,l2_learner,arctic_b0104
l2_arctic,PNV,Vietnamese,F,train,ai-training/datasets/l2-arctic/raw/l2arctic_release_v5.0/PNV/wav/arctic_b0105.wav,I know that you are in charge there and Jeanne knows,1,non_native,l2_learner,arctic_b0105
l2_arctic,PNV,Vietnamese,F,train,ai-training/datasets/l2-arctic/raw/l2arctic_release_v5.0/PNV/wav/arctic_b0106.wav,For a full minute the two men stared into each other's face,1,non_native,l2_learner,arctic_b0106
l2_arctic,PNV,Vietnamese,F,train,ai-training/datasets/l2-arctic/raw/l2arctic_release_v5.0/PNV/wav/arctic_b0107.wav,He was sure now of but few things,1,non_native,l2_learner,arctic_b0107
l2_arctic,PNV,Vietnamese,F,train,ai-training/datasets/l2-arctic/raw/l2arctic_release_v5.0/PNV/wav/arctic_b0108.wav,It was a miracle and I owe you my life,1,non_native,l2_learner,arctic_b0108
l2_arctic,PNV,Vietnamese,F,train,ai-training/datasets/l2-arctic/raw/l2arctic_release_v5.0/PNV/wav/arctic_b0109.wav,Philip ate lightly of the food which Pierre had ready for him,1,non_native,l2_learner,arctic_b0109
l2_arctic,PNV,Vietnamese,F,train,ai-training/datasets/l2-arctic/raw/l2arctic_release_v5.0/PNV/wav/arctic_b0110.wav,Such men believe when they come together,1,non_native,l2_learner,arctic_b0110
l2_arctic,PNV,Vietnamese,F,train,ai-training/datasets/l2-arctic/raw/l2arctic_release_v5.0/PNV/wav/arctic_b0111.wav,The journey was continued at dawn,1,non_native,l2_learner,arctic_b0111
l2_arctic,PNV,Vietnamese,F,train,ai-training/datasets/l2-arctic/raw/l2arctic_release_v5.0/PNV/wav/arctic_b0112.wav,Jeanne and Pierre both gazed toward the great rock,1,non_native,l2_learner,arctic_b0112
l2_arctic,PNV,Vietnamese,F,train,ai-training/datasets/l2-arctic/raw/l2arctic_release_v5.0/PNV/wav/arctic_b0113.wav,There was something pathetic in the girl's attitude now,1,non_native,l2_learner,arctic_b0113
l2_arctic,PNV,Vietnamese,F,train,ai-training/datasets/l2-arctic/raw/l2arctic_release_v5.0/PNV/wav/arctic_b0114.wav,He moved his position and the illusion was gone,1,non_native,l2_learner,arctic_b0114
l2_arctic,PNV,Vietnamese,F,train,ai-training/datasets/l2-arctic/raw/l2arctic_release_v5.0/PNV/wav/arctic_b0115.wav,For two hours not a word passed between them,1,non_native,l2_learner,arctic_b0115
l2_arctic,PNV,Vietnamese,F,train,ai-training/datasets/l2-arctic/raw/l2arctic_release_v5.0/PNV/wav/arctic_b0116.wav,I have hunted along this ridge replied Philip,1,non_native,l2_learner,arctic_b0116
l2_arctic,PNV,Vietnamese,F,train,ai-training/datasets/l2-arctic/raw/l2arctic_release_v5.0/PNV/wav/arctic_b0117.wav,That's Thorpe's said the young engineer,1,non_native,l2_learner,arctic_b0117
l2_arctic,PNV,Vietnamese,F,train,ai-training/datasets/l2-arctic/raw/l2arctic_release_v5.0/PNV/wav/arctic_b0118.wav,We saw your light and thought you wouldn't mind a call,1,non_native,l2_learner,arctic_b0118
l2_arctic,PNV,Vietnamese,F,train,ai-training/datasets/l2-arctic/raw/l2arctic_release_v5.0/PNV/wav/arctic_b0119.wav,Billinger may arrive in time,1,non_native,l2_learner,arctic_b0119
l2_arctic,PNV,Vietnamese,F,train,ai-training/datasets/l2-arctic/raw/l2arctic_release_v5.0/PNV/wav/arctic_b0120.wav,There's the hitch replied Thorpe rolling a cigarette,1,non_native,l2_learner,arctic_b0120
l2_arctic,PNV,Vietnamese,F,train,ai-training/datasets/l2-arctic/raw/l2arctic_release_v5.0/PNV/wav/arctic_b0121.wav,I want my men to work by themselves,1,non_native,l2_learner,arctic_b0121
l2_arctic,PNV,Vietnamese,F,train,ai-training/datasets/l2-arctic/raw/l2arctic_release_v5.0/PNV/wav/arctic_b0122.wav,Philip saw MacDougall soon after his short talk with Thorpe,1,non_native,l2_learner,arctic_b0122
l2_arctic,PNV,Vietnamese,F,train,ai-training/datasets/l2-arctic/raw/l2arctic_release_v5.0/PNV/wav/arctic_b0123.wav,Neither could they understand the growing disaffection among Thorpe's men,1,non_native,l2_learner,arctic_b0123
l2_arctic,PNV,Vietnamese,F,train,ai-training/datasets/l2-arctic/raw/l2arctic_release_v5.0/PNV/wav/arctic_b0124.wav,Two weeks passed and in that time Thorpe left camp three times,1,non_native,l2_learner,arctic_b0124
l2_arctic,PNV,Vietnamese,F,train,ai-training/datasets/l2-arctic/raw/l2arctic_release_v5.0/PNV/wav/arctic_b0125.wav,It was the third or fourth time that Philip had heard MacDougall swear,1,non_native,l2_learner,arctic_b0125
l2_arctic,PNV,Vietnamese,F,train,ai-training/datasets/l2-arctic/raw/l2arctic_release_v5.0/PNV/wav/arctic_b0126.wav,Blood was oozing slowly from the wounded man's right breast,1,non_native,l2_learner,arctic_b0126
l2_arctic,PNV,Vietnamese,F,train,ai-training/datasets/l2-arctic/raw/l2arctic_release_v5.0/PNV/wav/arctic_b0127.wav,He destroyed everything that had belonged to the woman,1,non_native,l2_learner,arctic_b0127
l2_arctic,PNV,Vietnamese,F,train,ai-training/datasets/l2-arctic/raw/l2arctic_release_v5.0/PNV/wav/arctic_b0128.wav,Philip bent low over Pierre,1,non_native,l2_learner,arctic_b0128
l2_arctic,PNV,Vietnamese,F,train,ai-training/datasets/l2-arctic/raw/l2arctic_release_v5.0/PNV/wav/arctic_b0129.wav,Did Thorpe go to see any one in Churchill,1,non_native,l2_learner,arctic_b0129
l2_arctic,PNV,Vietnamese,F,train,ai-training/datasets/l2-arctic/raw/l2arctic_release_v5.0/PNV/wav/arctic_b0130.wav,She saw the answer in his face,1,non_native,l2_learner,arctic_b0130
l2_arctic,PNV,Vietnamese,F,train,ai-training/datasets/l2-arctic/raw/l2arctic_release_v5.0/PNV/wav/arctic_b0131.wav,Thorpe and his men were to destroy this camp and kill you,1,non_native,l2_learner,arctic_b0131
l2_arctic,PNV,Vietnamese,F,train,ai-training/datasets/l2-arctic/raw/l2arctic_release_v5.0/PNV/wav/arctic_b0132.wav,There is no need of further detail now for you can understand,1,non_native,l2_learner,arctic_b0132
l2_arctic,PNV,Vietnamese,F,train,ai-training/datasets/l2-arctic/raw/l2arctic_release_v5.0/PNV/wav/arctic_b0133.wav,There followed a roar that shook the earth,1,non_native,l2_learner,arctic_b0133
l2_arctic,PNV,Vietnamese,F,train,ai-training/datasets/l2-arctic/raw/l2arctic_release_v5.0/PNV/wav/arctic_b0134.wav,Blind with rage he darted in,1,non_native,l2_learner,arctic_b0134
l2_arctic,PNV,Vietnamese,F,train,ai-training/datasets/l2-arctic/raw/l2arctic_release_v5.0/PNV/wav/arctic_b0135.wav,In it was the joy of life,1,non_native,l2_learner,arctic_b0135
l2_arctic,PNV,Vietnamese,F,train,ai-training/datasets/l2-arctic/raw/l2arctic_release_v5.0/PNV/wav/arctic_b0136.wav,Swiftly his eyes measured the situation,1,non_native,l2_learner,arctic_b0136
l2_arctic,PNV,Vietnamese,F,train,ai-training/datasets/l2-arctic/raw/l2arctic_release_v5.0/PNV/wav/arctic_b0137.wav,But this little defect did not worry him,1,non_native,l2_learner,arctic_b0137
l2_arctic,PNV,Vietnamese,F,train,ai-training/datasets/l2-arctic/raw/l2arctic_release_v5.0/PNV/wav/arctic_b0138.wav,And then steadily he began to chew,1,non_native,l2_learner,arctic_b0138
l2_arctic,PNV,Vietnamese,F,train,ai-training/datasets/l2-arctic/raw/l2arctic_release_v5.0/PNV/wav/arctic_b0139.wav,Together they ate the rabbit,1,non_native,l2_learner,arctic_b0139
l2_arctic,PNV,Vietnamese,F,train,ai-training/datasets/l2-arctic/raw/l2arctic_release_v5.0/PNV/wav/arctic_b0140.wav,They edged nearer and stood shoulder to shoulder facing their world,1,non_native,l2_learner,arctic_b0140
l2_arctic,PNV,Vietnamese,F,train,ai-training/datasets/l2-arctic/raw/l2arctic_release_v5.0/PNV/wav/arctic_b0141.wav,It was beating and waiting in the ambush of those black pits,1,non_native,l2_learner,arctic_b0141
l2_arctic,PNV,Vietnamese,F,train,ai-training/datasets/l2-arctic/raw/l2arctic_release_v5.0/PNV/wav/arctic_b0142.wav,Something vastly more thrilling had come into it now,1,non_native,l2_learner,arctic_b0142
l2_arctic,PNV,Vietnamese,F,train,ai-training/datasets/l2-arctic/raw/l2arctic_release_v5.0/PNV/wav/arctic_b0143.wav,It took him half an hour to reach the edge of it,1,non_native,l2_learner,arctic_b0143
l2_arctic,PNV,Vietnamese,F,train,ai-training/datasets/l2-arctic/raw/l2arctic_release_v5.0/PNV/wav/arctic_b0144.wav,But there was no longer the mother yearning in his heart,1,non_native,l2_learner,arctic_b0144
l2_arctic,PNV,Vietnamese,F,train,ai-training/datasets/l2-arctic/raw/l2arctic_release_v5.0/PNV/wav/arctic_b0145.wav,Besides had he not whipped the big owl in the forest,1,non_native,l2_learner,arctic_b0145
l2_arctic,PNV,Vietnamese,F,train,ai-training/datasets/l2-arctic/raw/l2arctic_release_v5.0/PNV/wav/arctic_b0146.wav,After all it was simply a mistake in judgment,1,non_native,l2_learner,arctic_b0146
l2_arctic,PNV,Vietnamese,F,train,ai-training/datasets/l2-arctic/raw/l2arctic_release_v5.0/PNV/wav/arctic_b0147.wav,Had it struck squarely it would have killed him,1,non_native,l2_learner,arctic_b0147
l2_arctic,PNV,Vietnamese,F,train,ai-training/datasets/l2-arctic/raw/l2arctic_release_v5.0/PNV/wav/arctic_b0148.wav,The Indian even poked his stick into the thick ground spruce,1,non_native,l2_learner,arctic_b0148
l2_arctic,PNV,Vietnamese,F,train,ai-training/datasets/l2-arctic/raw/l2arctic_release_v5.0/PNV/wav/arctic_b0149.wav,Pebbles and dirt flew along with hair and fur,1,non_native,l2_learner,arctic_b0149
l2_arctic,PNV,Vietnamese,F,train,ai-training/datasets/l2-arctic/raw/l2arctic_release_v5.0/PNV/wav/arctic_b0150.wav,And he was filled with a strange and foreboding fear,1,non_native,l2_learner,arctic_b0150
l2_arctic,PNV,Vietnamese,F,train,ai-training/datasets/l2-arctic/raw/l2arctic_release_v5.0/PNV/wav/arctic_b0151.wav,It was steel a fisher trap,1,non_native,l2_learner,arctic_b0151
l2_arctic,PNV,Vietnamese,F,train,ai-training/datasets/l2-arctic/raw/l2arctic_release_v5.0/PNV/wav/arctic_b0152.wav,OW a wild dog he growled,1,non_native,l2_learner,arctic_b0152
l2_arctic,PNV,Vietnamese,F,train,ai-training/datasets/l2-arctic/raw/l2arctic_release_v5.0/PNV/wav/arctic_b0153.wav,He was a pariah a wanderer without a friend or a home,1,non_native,l2_learner,arctic_b0153
l2_arctic,PNV,Vietnamese,F,train,ai-training/datasets/l2-arctic/raw/l2arctic_release_v5.0/PNV/wav/arctic_b0154.wav,That is the strange part of it,1,non_native,l2_learner,arctic_b0154
l2_arctic,PNV,Vietnamese,F,train,ai-training/datasets/l2-arctic/raw/l2arctic_release_v5.0/PNV/wav/arctic_b0155.wav,His freshly caught furs he flung to the floor,1,non_native,l2_learner,arctic_b0155
l2_arctic,PNV,Vietnamese,F,train,ai-training/datasets/l2-arctic/raw/l2arctic_release_v5.0/PNV/wav/arctic_b0156.wav,For that reason Le Beau had chosen him to fight the big fight,1,non_native,l2_learner,arctic_b0156
l2_arctic,PNV,Vietnamese,F,train,ai-training/datasets/l2-arctic/raw/l2arctic_release_v5.0/PNV/wav/arctic_b0157.wav,In the crib the baby sat up and began to prattle,1,non_native,l2_learner,arctic_b0157
l2_arctic,PNV,Vietnamese,F,train,ai-training/datasets/l2-arctic/raw/l2arctic_release_v5.0/PNV/wav/arctic_b0158.wav,She obeyed shrinking back with the baby in her arms,1,non_native,l2_learner,arctic_b0158
l2_arctic,PNV,Vietnamese,F,train,ai-training/datasets/l2-arctic/raw/l2arctic_release_v5.0/PNV/wav/arctic_b0159.wav,His teeth shut with a last click,1,non_native,l2_learner,arctic_b0159
l2_arctic,PNV,Vietnamese,F,train,ai-training/datasets/l2-arctic/raw/l2arctic_release_v5.0/PNV/wav/arctic_b0160.wav,It was over when he made his way through the ring of spectators,1,non_native,l2_learner,arctic_b0160
l2_arctic,PNV,Vietnamese,F,train,ai-training/datasets/l2-arctic/raw/l2arctic_release_v5.0/PNV/wav/arctic_b0161.wav,In a flash he was on his feet facing him,1,non_native,l2_learner,arctic_b0161
l2_arctic,PNV,Vietnamese,F,train,ai-training/datasets/l2-arctic/raw/l2arctic_release_v5.0/PNV/wav/arctic_b0162.wav,He thought he saw a shudder pass through the Factor's shoulders,1,non_native,l2_learner,arctic_b0162
l2_arctic,PNV,Vietnamese,F,train,ai-training/datasets/l2-arctic/raw/l2arctic_release_v5.0/PNV/wav/arctic_b0163.wav,The moon had already begun its westward decline,1,non_native,l2_learner,arctic_b0163
l2_arctic,PNV,Vietnamese,F,train,ai-training/datasets/l2-arctic/raw/l2arctic_release_v5.0/PNV/wav/arctic_b0164.wav,They laughed like two happy children,1,non_native,l2_learner,arctic_b0164
l2_arctic,PNV,Vietnamese,F,train,ai-training/datasets/l2-arctic/raw/l2arctic_release_v5.0/PNV/wav/arctic_b0165.wav,He pulled and the log crashed down to break his back,1,non_native,l2_learner,arctic_b0165
l2_arctic,PNV,Vietnamese,F,train,ai-training/datasets/l2-arctic/raw/l2arctic_release_v5.0/PNV/wav/arctic_b0166.wav,Fast but endure,1,non_native,l2_learner,arctic_b0166
l2_arctic,PNV,Vietnamese,F,train,ai-training/datasets/l2-arctic/raw/l2arctic_release_v5.0/PNV/wav/arctic_b0167.wav,A little before dawn of the day following the fire relief came,1,non_native,l2_learner,arctic_b0167
l2_arctic,PNV,Vietnamese,F,train,ai-training/datasets/l2-arctic/raw/l2arctic_release_v5.0/PNV/wav/arctic_b0168.wav,The Indian felt the worship of her warm in his heart,1,non_native,l2_learner,arctic_b0168
l2_arctic,PNV,Vietnamese,F,train,ai-training/datasets/l2-arctic/raw/l2arctic_release_v5.0/PNV/wav/arctic_b0169.wav,He drew in a deep breath as he looked at them,1,non_native,l2_learner,arctic_b0169
l2_arctic,PNV,Vietnamese,F,train,ai-training/datasets/l2-arctic/raw/l2arctic_release_v5.0/PNV/wav/arctic_b0170.wav,Then he shouted Shut up,1,non_native,l2_learner,arctic_b0170
l2_arctic,PNV,Vietnamese,F,train,ai-training/datasets/l2-arctic/raw/l2arctic_release_v5.0/PNV/wav/arctic_b0171.wav,He changed his seat for a steamer reclining chair,1,non_native,l2_learner,arctic_b0171
l2_arctic,PNV,Vietnamese,F,train,ai-training/datasets/l2-arctic/raw/l2arctic_release_v5.0/PNV/wav/arctic_b0172.wav,On the far corner of the compound fence a hawk brooded,1,non_native,l2_learner,arctic_b0172
l2_arctic,PNV,Vietnamese,F,train,ai-training/datasets/l2-arctic/raw/l2arctic_release_v5.0/PNV/wav/arctic_b0173.wav,To these he gave castor oil,1,non_native,l2_learner,arctic_b0173
l2_arctic,PNV,Vietnamese,F,train,ai-training/datasets/l2-arctic/raw/l2arctic_release_v5.0/PNV/wav/arctic_b0174.wav,Hatred and murder and lust for revenge they possessed to overflowing,1,non_native,l2_learner,arctic_b0174
l2_arctic,PNV,Vietnamese,F,train,ai-training/datasets/l2-arctic/raw/l2arctic_release_v5.0/PNV/wav/arctic_b0175.wav,Sheldon glanced at the thermometer,1,non_native,l2_learner,arctic_b0175
l2_arctic,PNV,Vietnamese,F,train,ai-training/datasets/l2-arctic/raw/l2arctic_release_v5.0/PNV/wav/arctic_b0176.wav,I'll see to poor Hughie,1,non_native,l2_learner,arctic_b0176
l2_arctic,PNV,Vietnamese,F,train,ai-training/datasets/l2-arctic/raw/l2arctic_release_v5.0/PNV/wav/arctic_b0177.wav,Her gray eyes were flashing and her lips were quivering,1,non_native,l2_learner,arctic_b0177
l2_arctic,PNV,Vietnamese,F,train,ai-training/datasets/l2-arctic/raw/l2arctic_release_v5.0/PNV/wav/arctic_b0178.wav,Also I want information,1,non_native,l2_learner,arctic_b0178
l2_arctic,PNV,Vietnamese,F,train,ai-training/datasets/l2-arctic/raw/l2arctic_release_v5.0/PNV/wav/arctic_b0179.wav,Let them go out and eat with my boys,1,non_native,l2_learner,arctic_b0179
l2_arctic,PNV,Vietnamese,F,train,ai-training/datasets/l2-arctic/raw/l2arctic_release_v5.0/PNV/wav/arctic_b0180.wav,I I beg pardon he drawled,1,non_native,l2_learner,arctic_b0180
l2_arctic,PNV,Vietnamese,F,train,ai-training/datasets/l2-arctic/raw/l2arctic_release_v5.0/PNV/wav/arctic_b0181.wav,And you preferred a cannibal isle and a cartridge belt,1,non_native,l2_learner,arctic_b0181
l2_arctic,PNV,Vietnamese,F,train,ai-training/datasets/l2-arctic/raw/l2arctic_release_v5.0/PNV/wav/arctic_b0182.wav,I was in New York when the crash came,1,non_native,l2_learner,arctic_b0182
l2_arctic,PNV,Vietnamese,F,train,ai-training/datasets/l2-arctic/raw/l2arctic_release_v5.0/PNV/wav/arctic_b0183.wav,No I did not fall among thieves,1,non_native,l2_learner,arctic_b0183
l2_arctic,PNV,Vietnamese,F,train,ai-training/datasets/l2-arctic/raw/l2arctic_release_v5.0/PNV/wav/arctic_b0184.wav,Such things in her brain were like so many oaths on her lips,1,non_native,l2_learner,arctic_b0184
l2_arctic,PNV,Vietnamese,F,train,ai-training/datasets/l2-arctic/raw/l2arctic_release_v5.0/PNV/wav/arctic_b0185.wav,Your being wrecked here has been a godsend to me,1,non_native,l2_learner,arctic_b0185
l2_arctic,PNV,Vietnamese,F,train,ai-training/datasets/l2-arctic/raw/l2arctic_release_v5.0/PNV/wav/arctic_b0186.wav,I can't go elsewhere by your own account,1,non_native,l2_learner,arctic_b0186
l2_arctic,PNV,Vietnamese,F,train,ai-training/datasets/l2-arctic/raw/l2arctic_release_v5.0/PNV/wav/arctic_b0187.wav,Her achievements with cocoanuts were a revelation,1,non_native,l2_learner,arctic_b0187
l2_arctic,PNV,Vietnamese,F,train,ai-training/datasets/l2-arctic/raw/l2arctic_release_v5.0/PNV/wav/arctic_b0188.wav,He glanced down at her helplessly and moistened his lips,1,non_native,l2_learner,arctic_b0188
l2_arctic,PNV,Vietnamese,F,train,ai-training/datasets/l2-arctic/raw/l2arctic_release_v5.0/PNV/wav/arctic_b0189.wav,That is what distinguishes all of us from the lower animals,1,non_native,l2_learner,arctic_b0189
l2_arctic,PNV,Vietnamese,F,train,ai-training/datasets/l2-arctic/raw/l2arctic_release_v5.0/PNV/wav/arctic_b0190.wav,Idealism led him to philosophic anarchy and his family threw him off,1,non_native,l2_learner,arctic_b0190
l2_arctic,PNV,Vietnamese,F,train,ai-training/datasets/l2-arctic/raw/l2arctic_release_v5.0/PNV/wav/arctic_b0191.wav,He also contended that better confidence was established by carrying no weapons,1,non_native,l2_learner,arctic_b0191
l2_arctic,PNV,Vietnamese,F,train,ai-training/datasets/l2-arctic/raw/l2arctic_release_v5.0/PNV/wav/arctic_b0192.wav,Outsiders are allowed five minute speeches the sick man urged,1,non_native,l2_learner,arctic_b0192
l2_arctic,PNV,Vietnamese,F,train,ai-training/datasets/l2-arctic/raw/l2arctic_release_v5.0/PNV/wav/arctic_b0193.wav,So was Packard's finish suicide,1,non_native,l2_learner,arctic_b0193
l2_arctic,PNV,Vietnamese,F,train,ai-training/datasets/l2-arctic/raw/l2arctic_release_v5.0/PNV/wav/arctic_b0194.wav,Joan cried with shining eyes,1,non_native,l2_learner,arctic_b0194
l2_arctic,PNV,Vietnamese,F,train,ai-training/datasets/l2-arctic/raw/l2arctic_release_v5.0/PNV/wav/arctic_b0195.wav,Nobody knows how the natives got them,1,non_native,l2_learner,arctic_b0195
l2_arctic,PNV,Vietnamese,F,train,ai-training/datasets/l2-arctic/raw/l2arctic_release_v5.0/PNV/wav/arctic_b0196.wav,How can you manage all alone Mister Young,1,non_native,l2_learner,arctic_b0196
l2_arctic,PNV,Vietnamese,F,train,ai-training/datasets/l2-arctic/raw/l2arctic_release_v5.0/PNV/wav/arctic_b0197.wav,The planters are already considering the matter,1,non_native,l2_learner,arctic_b0197
l2_arctic,PNV,Vietnamese,F,train,ai-training/datasets/l2-arctic/raw/l2arctic_release_v5.0/PNV/wav/arctic_b0198.wav,I use great trouble advisedly,1,non_native,l2_learner,arctic_b0198
l2_arctic,PNV,Vietnamese,F,train,ai-training/datasets/l2-arctic/raw/l2arctic_release_v5.0/PNV/wav/arctic_b0199.wav,Dear Sir Your second victim has fallen on schedule time,1,non_native,l2_learner,arctic_b0199
l2_arctic,PNV,Vietnamese,F,train,ai-training/datasets/l2-arctic/raw/l2arctic_release_v5.0/PNV/wav/arctic_b0200.wav,We leave the eventuality to time and law,1,non_native,l2_learner,arctic_b0200
l2_arctic,PNV,Vietnamese,F,train,ai-training/datasets/l2-arctic/raw/l2arctic_release_v5.0/PNV/wav/arctic_b0201.wav,I also understand that similar branch organizations have made their appearance in Europe,1,non_native,l2_learner,arctic_b0201
l2_arctic,PNV,Vietnamese,F,train,ai-training/datasets/l2-arctic/raw/l2arctic_release_v5.0/PNV/wav/arctic_b0202.wav,Society is shaken to its foundations,1,non_native,l2_learner,arctic_b0202
l2_arctic,PNV,Vietnamese,F,train,ai-training/datasets/l2-arctic/raw/l2arctic_release_v5.0/PNV/wav/arctic_b0203.wav,A month in Australia would finish me,1,non_native,l2_learner,arctic_b0203
l2_arctic,PNV,Vietnamese,F,train,ai-training/datasets/l2-arctic/raw/l2arctic_release_v5.0/PNV/wav/arctic_b0204.wav,Down through the perfume weighted air fluttered the snowy fluffs of the cottonwoods,1,non_native,l2_learner,arctic_b0204
l2_arctic,PNV,Vietnamese,F,train,ai-training/datasets/l2-arctic/raw/l2arctic_release_v5.0/PNV/wav/arctic_b0205.wav,You were destroying my life,1,non_native,l2_learner,arctic_b0205
l2_arctic,PNV,Vietnamese,F,train,ai-training/datasets/l2-arctic/raw/l2arctic_release_v5.0/PNV/wav/arctic_b0206.wav,Horses and rifles had been her toys camp and trail her nursery,1,non_native,l2_learner,arctic_b0206
l2_arctic,PNV,Vietnamese,F,train,ai-training/datasets/l2-arctic/raw/l2arctic_release_v5.0/PNV/wav/arctic_b0207.wav,I'm as good as a man she urged,1,non_native,l2_learner,arctic_b0207
l2_arctic,PNV,Vietnamese,F,train,ai-training/datasets/l2-arctic/raw/l2arctic_release_v5.0/PNV/wav/arctic_b0208.wav,You read the quotations in today's paper,1,non_native,l2_learner,arctic_b0208
l2_arctic,PNV,Vietnamese,F,train,ai-training/datasets/l2-arctic/raw/l2arctic_release_v5.0/PNV/wav/arctic_b0209.wav,He's terribly touchy about his black wards as he calls them,1,non_native,l2_learner,arctic_b0209
l2_arctic,PNV,Vietnamese,F,train,ai-training/datasets/l2-arctic/raw/l2arctic_release_v5.0/PNV/wav/arctic_b0210.wav,Whatever he guessed he locked away in the taboo room of Naomi,1,non_native,l2_learner,arctic_b0210
l2_arctic,PNV,Vietnamese,F,train,ai-training/datasets/l2-arctic/raw/l2arctic_release_v5.0/PNV/wav/arctic_b0211.wav,This is eighteen eighty,1,non_native,l2_learner,arctic_b0211
l2_arctic,PNV,Vietnamese,F,train,ai-training/datasets/l2-arctic/raw/l2arctic_release_v5.0/PNV/wav/arctic_b0212.wav,Death is and has been ever since old Maui died,1,non_native,l2_learner,arctic_b0212
l2_arctic,PNV,Vietnamese,F,train,ai-training/datasets/l2-arctic/raw/l2arctic_release_v5.0/PNV/wav/arctic_b0213.wav,Some boy she laughed acquiescence,1,non_native,l2_learner,arctic_b0213
l2_arctic,PNV,Vietnamese,F,train,ai-training/datasets/l2-arctic/raw/l2arctic_release_v5.0/PNV/wav/arctic_b0214.wav,Let us talk it over and find a way out,1,non_native,l2_learner,arctic_b0214
l2_arctic,PNV,Vietnamese,F,train,ai-training/datasets/l2-arctic/raw/l2arctic_release_v5.0/PNV/wav/arctic_b0215.wav,It is a good property and worth more than that,1,non_native,l2_learner,arctic_b0215
l2_arctic,PNV,Vietnamese,F,train,ai-training/datasets/l2-arctic/raw/l2arctic_release_v5.0/PNV/wav/arctic_b0216.wav,I wish you were more adaptable Joan retorted,1,non_native,l2_learner,arctic_b0216
l2_arctic,PNV,Vietnamese,F,train,ai-training/datasets/l2-arctic/raw/l2arctic_release_v5.0/PNV/wav/arctic_b0217.wav,Such is my passage engaged on the steamer,1,non_native,l2_learner,arctic_b0217
l2_arctic,PNV,Vietnamese,F,train,ai-training/datasets/l2-arctic/raw/l2arctic_release_v5.0/PNV/wav/arctic_b0218.wav,The issue was not in doubt,1,non_native,l2_learner,arctic_b0218
l2_arctic,PNV,Vietnamese,F,train,ai-training/datasets/l2-arctic/raw/l2arctic_release_v5.0/PNV/wav/arctic_b0219.wav,Well there are better men in Hawaii that's all,1,non_native,l2_learner,arctic_b0219
l2_arctic,PNV,Vietnamese,F,train,ai-training/datasets/l2-arctic/raw/l2arctic_release_v5.0/PNV/wav/arctic_b0220.wav,Harry Bancroft Dave lied,1,non_native,l2_learner,arctic_b0220
l2_arctic,PNV,Vietnamese,F,train,ai-training/datasets/l2-arctic/raw/l2arctic_release_v5.0/PNV/wav/arctic_b0221.wav,It's a Yankee Joan cried,1,non_native,l2_learner,arctic_b0221
l2_arctic,PNV,Vietnamese,F,train,ai-training/datasets/l2-arctic/raw/l2arctic_release_v5.0/PNV/wav/arctic_b0222.wav,He was the leader and Tudor was his lieutenant,1,non_native,l2_learner,arctic_b0222
l2_arctic,PNV,Vietnamese,F,train,ai-training/datasets/l2-arctic/raw/l2arctic_release_v5.0/PNV/wav/arctic_b0223.wav,They likewise are disinclined to being eaten,1,non_native,l2_learner,arctic_b0223
l2_arctic,PNV,Vietnamese,F,train,ai-training/datasets/l2-arctic/raw/l2arctic_release_v5.0/PNV/wav/arctic_b0224.wav,But to culture the Revolution thus far had exhausted the Junta,1,non_native,l2_learner,arctic_b0224
l2_arctic,PNV,Vietnamese,F,train,ai-training/datasets/l2-arctic/raw/l2arctic_release_v5.0/PNV/wav/arctic_b0225.wav,The President of the United States was his friend,1,non_native,l2_learner,arctic_b0225
l2_arctic,PNV,Vietnamese,F,train,ai-training/datasets/l2-arctic/raw/l2arctic_release_v5.0/PNV/wav/arctic_b0226.wav,Your face was the personification of duplicity,1,non_native,l2_learner,arctic_b0226
l2_arctic,PNV,Vietnamese,F,train,ai-training/datasets/l2-arctic/raw/l2arctic_release_v5.0/PNV/wav/arctic_b0227.wav,Shorty turned to their employers,1,non_native,l2_learner,arctic_b0227
l2_arctic,PNV,Vietnamese,F,train,ai-training/datasets/l2-arctic/raw/l2arctic_release_v5.0/PNV/wav/arctic_b0228.wav,You were engaged,1,non_native,l2_learner,arctic_b0228
l2_arctic,PNV,Vietnamese,F,train,ai-training/datasets/l2-arctic/raw/l2arctic_release_v5.0/PNV/wav/arctic_b0229.wav,I saw it all myself and it was splendid,1,non_native,l2_learner,arctic_b0229
l2_arctic,PNV,Vietnamese,F,train,ai-training/datasets/l2-arctic/raw/l2arctic_release_v5.0/PNV/wav/arctic_b0230.wav,Now run along and tell them to hurry,1,non_native,l2_learner,arctic_b0230
l2_arctic,PNV,Vietnamese,F,train,ai-training/datasets/l2-arctic/raw/l2arctic_release_v5.0/PNV/wav/arctic_b0231.wav,What's that grub thief got to do with it,1,non_native,l2_learner,arctic_b0231
l2_arctic,PNV,Vietnamese,F,train,ai-training/datasets/l2-arctic/raw/l2arctic_release_v5.0/PNV/wav/arctic_b0232.wav,It was a superb picture,1,non_native,l2_learner,arctic_b0232
l2_arctic,PNV,Vietnamese,F,train,ai-training/datasets/l2-arctic/raw/l2arctic_release_v5.0/PNV/wav/arctic_b0233.wav,So she said the irate skipper dashed on,1,non_native,l2_learner,arctic_b0233
l2_arctic,PNV,Vietnamese,F,train,ai-training/datasets/l2-arctic/raw/l2arctic_release_v5.0/PNV/wav/arctic_b0234.wav,And watch out for wet feet was his parting advice,1,non_native,l2_learner,arctic_b0234
l2_arctic,PNV,Vietnamese,F,train,ai-training/datasets/l2-arctic/raw/l2arctic_release_v5.0/PNV/wav/arctic_b0235.wav,Raoul yelled in order to make himself heard,1,non_native,l2_learner,arctic_b0235
l2_arctic,PNV,Vietnamese,F,train,ai-training/datasets/l2-arctic/raw/l2arctic_release_v5.0/PNV/wav/arctic_b0236.wav,Oolong was two hundred and fifty miles from the nearest land,1,non_native,l2_learner,arctic_b0236
l2_arctic,PNV,Vietnamese,F,train,ai-training/datasets/l2-arctic/raw/l2arctic_release_v5.0/PNV/wav/arctic_b0237.wav,They just lay off in the bush and plugged away,1,non_native,l2_learner,arctic_b0237
l2_arctic,PNV,Vietnamese,F,train,ai-training/datasets/l2-arctic/raw/l2arctic_release_v5.0/PNV/wav/arctic_b0238.wav,The very thought of the effort to swim over was nauseating,1,non_native,l2_learner,arctic_b0238
l2_arctic,PNV,Vietnamese,F,train,ai-training/datasets/l2-arctic/raw/l2arctic_release_v5.0/PNV/wav/arctic_b0239.wav,And there was a dog that barked,1,non_native,l2_learner,arctic_b0239
l2_arctic,PNV,Vietnamese,F,train,ai-training/datasets/l2-arctic/raw/l2arctic_release_v5.0/PNV/wav/arctic_b0240.wav,There are four all low M'Coy answered,1,non_native,l2_learner,arctic_b0240
l2_arctic,PNV,Vietnamese,F,train,ai-training/datasets/l2-arctic/raw/l2arctic_release_v5.0/PNV/wav/arctic_b0241.wav,The women they carried away with them to the Big Valley,1,non_native,l2_learner,arctic_b0241
l2_arctic,PNV,Vietnamese,F,train,ai-training/datasets/l2-arctic/raw/l2arctic_release_v5.0/PNV/wav/arctic_b0242.wav,The Japanese understood as we could never school ourselves or hope to understand,1,non_native,l2_learner,arctic_b0242
l2_arctic,PNV,Vietnamese,F,train,ai-training/datasets/l2-arctic/raw/l2arctic_release_v5.0/PNV/wav/arctic_b0243.wav,They had been on the same lay as ourselves,1,non_native,l2_learner,arctic_b0243
l2_arctic,PNV,Vietnamese,F,train,ai-training/datasets/l2-arctic/raw/l2arctic_release_v5.0/PNV/wav/arctic_b0244.wav,You are positively soulless he said savagely,1,non_native,l2_learner,arctic_b0244
l2_arctic,PNV,Vietnamese,F,train,ai-training/datasets/l2-arctic/raw/l2arctic_release_v5.0/PNV/wav/arctic_b0245.wav,Harrison is still my chauffeur,1,non_native,l2_learner,arctic_b0245
l2_arctic,PNV,Vietnamese,F,train,ai-training/datasets/l2-arctic/raw/l2arctic_release_v5.0/PNV/wav/arctic_b0246.wav,The boy grew and prospered,1,non_native,l2_learner,arctic_b0246
l2_arctic,PNV,Vietnamese,F,train,ai-training/datasets/l2-arctic/raw/l2arctic_release_v5.0/PNV/wav/arctic_b0247.wav,He wanted to give the finish to this foe already so far gone,1,non_native,l2_learner,arctic_b0247
l2_arctic,PNV,Vietnamese,F,train,ai-training/datasets/l2-arctic/raw/l2arctic_release_v5.0/PNV/wav/arctic_b0248.wav,Exciting times are the lot of the fish patrol,1,non_native,l2_learner,arctic_b0248
l2_arctic,PNV,Vietnamese,F,train,ai-training/datasets/l2-arctic/raw/l2arctic_release_v5.0/PNV/wav/arctic_b0249.wav,I know they are my oysters,1,non_native,l2_learner,arctic_b0249
l2_arctic,PNV,Vietnamese,F,train,ai-training/datasets/l2-arctic/raw/l2arctic_release_v5.0/PNV/wav/arctic_b0250.wav,By this time Charley was as enraged as the Greek,1,non_native,l2_learner,arctic_b0250
l2_arctic,PNV,Vietnamese,F,train,ai-training/datasets/l2-arctic/raw/l2arctic_release_v5.0/PNV/wav/arctic_b0251.wav,They must have been swept away by the chaotic currents,1,non_native,l2_learner,arctic_b0251
l2_arctic,PNV,Vietnamese,F,train,ai-training/datasets/l2-arctic/raw/l2arctic_release_v5.0/PNV/wav/arctic_b0252.wav,It resembled tea less than lager beer resembles champagne,1,non_native,l2_learner,arctic_b0252
l2_arctic,PNV,Vietnamese,F,train,ai-training/datasets/l2-arctic/raw/l2arctic_release_v5.0/PNV/wav/arctic_b0253.wav,The very opposite is true they are discouraged vagabonds,1,non_native,l2_learner,arctic_b0253
l2_arctic,PNV,Vietnamese,F,train,ai-training/datasets/l2-arctic/raw/l2arctic_release_v5.0/PNV/wav/arctic_b0254.wav,At the same time spears and arrows began to fall among the invaders,1,non_native,l2_learner,arctic_b0254
l2_arctic,PNV,Vietnamese,F,train,ai-training/datasets/l2-arctic/raw/l2arctic_release_v5.0/PNV/wav/arctic_b0255.wav,Then again Tudor had such an irritating way about him,1,non_native,l2_learner,arctic_b0255
l2_arctic,PNV,Vietnamese,F,train,ai-training/datasets/l2-arctic/raw/l2arctic_release_v5.0/PNV/wav/arctic_b0256.wav,Outwardly he maintained a calm and smiling aspect,1,non_native,l2_learner,arctic_b0256
l2_arctic,PNV,Vietnamese,F,train,ai-training/datasets/l2-arctic/raw/l2arctic_release_v5.0/PNV/wav/arctic_b0257.wav,Tudor surveyed him with withering disgust,1,non_native,l2_learner,arctic_b0257
l2_arctic,PNV,Vietnamese,F,train,ai-training/datasets/l2-arctic/raw/l2arctic_release_v5.0/PNV/wav/arctic_b0258.wav,You fired me out of your house in short,1,non_native,l2_learner,arctic_b0258
l2_arctic,PNV,Vietnamese,F,train,ai-training/datasets/l2-arctic/raw/l2arctic_release_v5.0/PNV/wav/arctic_b0259.wav,Her mouth opened but instead of speaking she drew a long sigh,1,non_native,l2_learner,arctic_b0259
l2_arctic,PNV,Vietnamese,F,train,ai-training/datasets/l2-arctic/raw/l2arctic_release_v5.0/PNV/wav/arctic_b0260.wav,It's worth eight dollars,1,non_native,l2_learner,arctic_b0260
l2_arctic,PNV,Vietnamese,F,train,ai-training/datasets/l2-arctic/raw/l2arctic_release_v5.0/PNV/wav/arctic_b0261.wav,And he did hurt my arm,1,non_native,l2_learner,arctic_b0261
l2_arctic,PNV,Vietnamese,F,train,ai-training/datasets/l2-arctic/raw/l2arctic_release_v5.0/PNV/wav/arctic_b0262.wav,Saxon's onto her job,1,non_native,l2_learner,arctic_b0262
l2_arctic,PNV,Vietnamese,F,train,ai-training/datasets/l2-arctic/raw/l2arctic_release_v5.0/PNV/wav/arctic_b0263.wav,Only once did I confide the strangeness of it all to another,1,non_native,l2_learner,arctic_b0263
l2_arctic,PNV,Vietnamese,F,train,ai-training/datasets/l2-arctic/raw/l2arctic_release_v5.0/PNV/wav/arctic_b0264.wav,But this time it was Saxon who rebelled,1,non_native,l2_learner,arctic_b0264
l2_arctic,PNV,Vietnamese,F,train,ai-training/datasets/l2-arctic/raw/l2arctic_release_v5.0/PNV/wav/arctic_b0265.wav,I was not to cry out in the face of fear,1,non_native,l2_learner,arctic_b0265
l2_arctic,PNV,Vietnamese,F,train,ai-training/datasets/l2-arctic/raw/l2arctic_release_v5.0/PNV/wav/arctic_b0266.wav,And now put yourself in my place for a moment,1,non_native,l2_learner,arctic_b0266
l2_arctic,PNV,Vietnamese,F,train,ai-training/datasets/l2-arctic/raw/l2arctic_release_v5.0/PNV/wav/arctic_b0267.wav,The boy threw back his head with pride,1,non_native,l2_learner,arctic_b0267
l2_arctic,PNV,Vietnamese,F,train,ai-training/datasets/l2-arctic/raw/l2arctic_release_v5.0/PNV/wav/arctic_b0268.wav,Saxon nodded and the boy frowned,1,non_native,l2_learner,arctic_b0268
l2_arctic,PNV,Vietnamese,F,train,ai-training/datasets/l2-arctic/raw/l2arctic_release_v5.0/PNV/wav/arctic_b0269.wav,Why not like any railroad station or ferry depot,1,non_native,l2_learner,arctic_b0269
l2_arctic,PNV,Vietnamese,F,train,ai-training/datasets/l2-arctic/raw/l2arctic_release_v5.0/PNV/wav/arctic_b0270.wav,We could throw stones with our feet,1,non_native,l2_learner,arctic_b0270
l2_arctic,PNV,Vietnamese,F,train,ai-training/datasets/l2-arctic/raw/l2arctic_release_v5.0/PNV/wav/arctic_b0271.wav,It was put together in a casual helter skelter sort of way,1,non_native,l2_learner,arctic_b0271
l2_arctic,PNV,Vietnamese,F,train,ai-training/datasets/l2-arctic/raw/l2arctic_release_v5.0/PNV/wav/arctic_b0272.wav,These were merely stout sticks an inch or so in diameter,1,non_native,l2_learner,arctic_b0272
l2_arctic,PNV,Vietnamese,F,train,ai-training/datasets/l2-arctic/raw/l2arctic_release_v5.0/PNV/wav/arctic_b0273.wav,Then it was that a strange thing happened,1,non_native,l2_learner,arctic_b0273
l2_arctic,PNV,Vietnamese,F,train,ai-training/datasets/l2-arctic/raw/l2arctic_release_v5.0/PNV/wav/arctic_b0274.wav,From the source of light a harsh voice said,1,non_native,l2_learner,arctic_b0274
l2_arctic,PNV,Vietnamese,F,train,ai-training/datasets/l2-arctic/raw/l2arctic_release_v5.0/PNV/wav/arctic_b0275.wav,But I did not enjoy it long,1,non_native,l2_learner,arctic_b0275
l2_arctic,PNV,Vietnamese,F,train,ai-training/datasets/l2-arctic/raw/l2arctic_release_v5.0/PNV/wav/arctic_b0276.wav,We were now good friends,1,non_native,l2_learner,arctic_b0276
l2_arctic,PNV,Vietnamese,F,train,ai-training/datasets/l2-arctic/raw/l2arctic_release_v5.0/PNV/wav/arctic_b0277.wav,Two of the Folk were already up,1,non_native,l2_learner,arctic_b0277
l2_arctic,PNV,Vietnamese,F,train,ai-training/datasets/l2-arctic/raw/l2arctic_release_v5.0/PNV/wav/arctic_b0278.wav,Now animals do not like mockery,1,non_native,l2_learner,arctic_b0278
l2_arctic,PNV,Vietnamese,F,train,ai-training/datasets/l2-arctic/raw/l2arctic_release_v5.0/PNV/wav/arctic_b0279.wav,He gave one last snarl and slid from view among the trees,1,non_native,l2_learner,arctic_b0279
l2_arctic,PNV,Vietnamese,F,train,ai-training/datasets/l2-arctic/raw/l2arctic_release_v5.0/PNV/wav/arctic_b0280.wav,Again the girls applauded and Missus Hall cried,1,non_native,l2_learner,arctic_b0280
l2_arctic,PNV,Vietnamese,F,train,ai-training/datasets/l2-arctic/raw/l2arctic_release_v5.0/PNV/wav/arctic_b0281.wav,Just the same I'd sooner be myself than have book indigestion,1,non_native,l2_learner,arctic_b0281
l2_arctic,PNV,Vietnamese,F,train,ai-training/datasets/l2-arctic/raw/l2arctic_release_v5.0/PNV/wav/arctic_b0282.wav,Some of the smaller veins had doubtless been ruptured,1,non_native,l2_learner,arctic_b0282
l2_arctic,PNV,Vietnamese,F,train,ai-training/datasets/l2-arctic/raw/l2arctic_release_v5.0/PNV/wav/arctic_b0283.wav,But we were without this momentum,1,non_native,l2_learner,arctic_b0283
l2_arctic,PNV,Vietnamese,F,train,ai-training/datasets/l2-arctic/raw/l2arctic_release_v5.0/PNV/wav/arctic_b0284.wav,There was one difficulty however,1,non_native,l2_learner,arctic_b0284
l2_arctic,PNV,Vietnamese,F,train,ai-training/datasets/l2-arctic/raw/l2arctic_release_v5.0/PNV/wav/arctic_b0285.wav,The hyena proceeded to dine,1,non_native,l2_learner,arctic_b0285
l2_arctic,PNV,Vietnamese,F,train,ai-training/datasets/l2-arctic/raw/l2arctic_release_v5.0/PNV/wav/arctic_b0286.wav,The time was considered auspicious,1,non_native,l2_learner,arctic_b0286
l2_arctic,PNV,Vietnamese,F,train,ai-training/datasets/l2-arctic/raw/l2arctic_release_v5.0/PNV/wav/arctic_b0287.wav,Or have they already devised one,1,non_native,l2_learner,arctic_b0287
l2_arctic,PNV,Vietnamese,F,train,ai-training/datasets/l2-arctic/raw/l2arctic_release_v5.0/PNV/wav/arctic_b0288.wav,We would not spend another such night,1,non_native,l2_learner,arctic_b0288
l2_arctic,PNV,Vietnamese,F,train,ai-training/datasets/l2-arctic/raw/l2arctic_release_v5.0/PNV/wav/arctic_b0289.wav,At first his progress was slow and erratic,1,non_native,l2_learner,arctic_b0289
l2_arctic,PNV,Vietnamese,F,train,ai-training/datasets/l2-arctic/raw/l2arctic_release_v5.0/PNV/wav/arctic_b0290.wav,He placed his paw on one and its movements were accelerated,1,non_native,l2_learner,arctic_b0290
l2_arctic,PNV,Vietnamese,F,train,ai-training/datasets/l2-arctic/raw/l2arctic_release_v5.0/PNV/wav/arctic_b0291.wav,The awe of man rushed over him again,1,non_native,l2_learner,arctic_b0291
l2_arctic,PNV,Vietnamese,F,train,ai-training/datasets/l2-arctic/raw/l2arctic_release_v5.0/PNV/wav/arctic_b0292.wav,The Fire Men wore animal skins around their waists and across their shoulders,1,non_native,l2_learner,arctic_b0292
l2_arctic,PNV,Vietnamese,F,train,ai-training/datasets/l2-arctic/raw/l2arctic_release_v5.0/PNV/wav/arctic_b0293.wav,Between him and all domestic animals there must be no hostilities,1,non_native,l2_learner,arctic_b0293
l2_arctic,PNV,Vietnamese,F,train,ai-training/datasets/l2-arctic/raw/l2arctic_release_v5.0/PNV/wav/arctic_b0294.wav,For a much longer time Lop Ear and I remained and watched,1,non_native,l2_learner,arctic_b0294
l2_arctic,PNV,Vietnamese,F,train,ai-training/datasets/l2-arctic/raw/l2arctic_release_v5.0/PNV/wav/arctic_b0295.wav,All right Sir replied Jock with great regret,1,non_native,l2_learner,arctic_b0295
l2_arctic,PNV,Vietnamese,F,train,ai-training/datasets/l2-arctic/raw/l2arctic_release_v5.0/PNV/wav/arctic_b0296.wav,At times I wondered where Sir Archibald got his style,1,non_native,l2_learner,arctic_b0296
l2_arctic,PNV,Vietnamese,F,train,ai-training/datasets/l2-arctic/raw/l2arctic_release_v5.0/PNV/wav/arctic_b0297.wav,Why should a fellow throw up the sponge after the first round,1,non_native,l2_learner,arctic_b0297
l2_arctic,PNV,Vietnamese,F,train,ai-training/datasets/l2-arctic/raw/l2arctic_release_v5.0/PNV/wav/arctic_b0298.wav,His hand shot out and clutched Crooked Leg by the neck,1,non_native,l2_learner,arctic_b0298
l2_arctic,PNV,Vietnamese,F,train,ai-training/datasets/l2-arctic/raw/l2arctic_release_v5.0/PNV/wav/arctic_b0299.wav,Miss Brodie's smile was slightly sarcastic,1,non_native,l2_learner,arctic_b0299
l2_arctic,PNV,Vietnamese,F,train,ai-training/datasets/l2-arctic/raw/l2arctic_release_v5.0/PNV/wav/arctic_b0300.wav,Does the old boy often go off at half cock that way,1,non_native,l2_learner,arctic_b0300
l2_arctic,PNV,Vietnamese,F,train,ai-training/datasets/l2-arctic/raw/l2arctic_release_v5.0/PNV/wav/arctic_b0301.wav,A flying arrow passed between us,1,non_native,l2_learner,arctic_b0301
l2_arctic,PNV,Vietnamese,F,train,ai-training/datasets/l2-arctic/raw/l2arctic_release_v5.0/PNV/wav/arctic_b0302.wav,I pulled suddenly with all my might,1,non_native,l2_learner,arctic_b0302
l2_arctic,PNV,Vietnamese,F,train,ai-training/datasets/l2-arctic/raw/l2arctic_release_v5.0/PNV/wav/arctic_b0303.wav,Here we allow our solicitors to look after our legal work,1,non_native,l2_learner,arctic_b0303
l2_arctic,PNV,Vietnamese,F,train,ai-training/datasets/l2-arctic/raw/l2arctic_release_v5.0/PNV/wav/arctic_b0304.wav,His previous wives had never lived long enough to bear him children,1,non_native,l2_learner,arctic_b0304
l2_arctic,PNV,Vietnamese,F,train,ai-training/datasets/l2-arctic/raw/l2arctic_release_v5.0/PNV/wav/arctic_b0305.wav,It was our river emerging like ourselves from the great swamp,1,non_native,l2_learner,arctic_b0305
l2_arctic,PNV,Vietnamese,F,train,ai-training/datasets/l2-arctic/raw/l2arctic_release_v5.0/PNV/wav/arctic_b0306.wav,Cameron looked at his hands with their long sinewy fingers,1,non_native,l2_learner,arctic_b0306
l2_arctic,PNV,Vietnamese,F,train,ai-training/datasets/l2-arctic/raw/l2arctic_release_v5.0/PNV/wav/arctic_b0307.wav,We got few vegetables and fruits and became fish eaters,1,non_native,l2_learner,arctic_b0307
l2_arctic,PNV,Vietnamese,F,train,ai-training/datasets/l2-arctic/raw/l2arctic_release_v5.0/PNV/wav/arctic_b0308.wav,We never made another migration,1,non_native,l2_learner,arctic_b0308
l2_arctic,PNV,Vietnamese,F,train,ai-training/datasets/l2-arctic/raw/l2arctic_release_v5.0/PNV/wav/arctic_b0309.wav,Nor was Elam Harnish an exception,1,non_native,l2_learner,arctic_b0309
l2_arctic,PNV,Vietnamese,F,train,ai-training/datasets/l2-arctic/raw/l2arctic_release_v5.0/PNV/wav/arctic_b0310.wav,A little treatment massage with some help from the doctor,1,non_native,l2_learner,arctic_b0310
l2_arctic,PNV,Vietnamese,F,train,ai-training/datasets/l2-arctic/raw/l2arctic_release_v5.0/PNV/wav/arctic_b0311.wav,The twenty ninth very foggy,1,non_native,l2_learner,arctic_b0311
l2_arctic,PNV,Vietnamese,F,train,ai-training/datasets/l2-arctic/raw/l2arctic_release_v5.0/PNV/wav/arctic_b0312.wav,Dig in you're sure good was Daylight's answer,1,non_native,l2_learner,arctic_b0312
l2_arctic,PNV,Vietnamese,F,train,ai-training/datasets/l2-arctic/raw/l2arctic_release_v5.0/PNV/wav/arctic_b0313.wav,The apron string loomed near and he shied like an unbroken colt,1,non_native,l2_learner,arctic_b0313
l2_arctic,PNV,Vietnamese,F,val,ai-training/datasets/l2-arctic/raw/l2arctic_release_v5.0/PNV/wav/arctic_b0314.wav,He had been born with this endowment,1,non_native,l2_learner,arctic_b0314
l2_arctic,PNV,Vietnamese,F,val,ai-training/datasets/l2-arctic/raw/l2arctic_release_v5.0/PNV/wav/arctic_b0315.wav,And this was their sole conversation throughout the meal,1,non_native,l2_learner,arctic_b0315
l2_arctic,PNV,Vietnamese,F,val,ai-training/datasets/l2-arctic/raw/l2arctic_release_v5.0/PNV/wav/arctic_b0316.wav,Though the aurora still flamed another day had begun,1,non_native,l2_learner,arctic_b0316
l2_arctic,PNV,Vietnamese,F,val,ai-training/datasets/l2-arctic/raw/l2arctic_release_v5.0/PNV/wav/arctic_b0317.wav,He did not believe in the burning of daylight for such a luxury,1,non_native,l2_learner,arctic_b0317
l2_arctic,PNV,Vietnamese,F,val,ai-training/datasets/l2-arctic/raw/l2arctic_release_v5.0/PNV/wav/arctic_b0318.wav,Again he had done the big thing,1,non_native,l2_learner,arctic_b0318
l2_arctic,PNV,Vietnamese,F,val,ai-training/datasets/l2-arctic/raw/l2arctic_release_v5.0/PNV/wav/arctic_b0319.wav,Daylight was tired profoundly tired,1,non_native,l2_learner,arctic_b0319
l2_arctic,PNV,Vietnamese,F,val,ai-training/datasets/l2-arctic/raw/l2arctic_release_v5.0/PNV/wav/arctic_b0320.wav,The regret in his voice was provocative of a second burst of laughter,1,non_native,l2_learner,arctic_b0320
l2_arctic,PNV,Vietnamese,F,val,ai-training/datasets/l2-arctic/raw/l2arctic_release_v5.0/PNV/wav/arctic_b0321.wav,Instead he arrived on the night of the second day,1,non_native,l2_learner,arctic_b0321
l2_arctic,PNV,Vietnamese,F,val,ai-training/datasets/l2-arctic/raw/l2arctic_release_v5.0/PNV/wav/arctic_b0322.wav,Their supply of grub was gone,1,non_native,l2_learner,arctic_b0322
l2_arctic,PNV,Vietnamese,F,val,ai-training/datasets/l2-arctic/raw/l2arctic_release_v5.0/PNV/wav/arctic_b0323.wav,Crickets began to chirp and more geese and ducks flew overhead,1,non_native,l2_learner,arctic_b0323
l2_arctic,PNV,Vietnamese,F,val,ai-training/datasets/l2-arctic/raw/l2arctic_release_v5.0/PNV/wav/arctic_b0324.wav,Not till the twentieth of May did the river break,1,non_native,l2_learner,arctic_b0324
l2_arctic,PNV,Vietnamese,F,val,ai-training/datasets/l2-arctic/raw/l2arctic_release_v5.0/PNV/wav/arctic_b0325.wav,It was a gigantic inadequacy,1,non_native,l2_learner,arctic_b0325
l2_arctic,PNV,Vietnamese,F,val,ai-training/datasets/l2-arctic/raw/l2arctic_release_v5.0/PNV/wav/arctic_b0326.wav,Our Mister Howison will call upon you at your hotel,1,non_native,l2_learner,arctic_b0326
l2_arctic,PNV,Vietnamese,F,val,ai-training/datasets/l2-arctic/raw/l2arctic_release_v5.0/PNV/wav/arctic_b0327.wav,He had been so easy,1,non_native,l2_learner,arctic_b0327
l2_arctic,PNV,Vietnamese,F,val,ai-training/datasets/l2-arctic/raw/l2arctic_release_v5.0/PNV/wav/arctic_b0328.wav,Change chairs Daylight commanded,1,non_native,l2_learner,arctic_b0328
l2_arctic,PNV,Vietnamese,F,val,ai-training/datasets/l2-arctic/raw/l2arctic_release_v5.0/PNV/wav/arctic_b0329.wav,I'd sooner have my chips back,1,non_native,l2_learner,arctic_b0329
l2_arctic,PNV,Vietnamese,F,val,ai-training/datasets/l2-arctic/raw/l2arctic_release_v5.0/PNV/wav/arctic_b0330.wav,They only had a little thirty thousand dollar fire,1,non_native,l2_learner,arctic_b0330
l2_arctic,PNV,Vietnamese,F,val,ai-training/datasets/l2-arctic/raw/l2arctic_release_v5.0/PNV/wav/arctic_b0331.wav,His partners had starved and died on the Stewart,1,non_native,l2_learner,arctic_b0331
l2_arctic,PNV,Vietnamese,F,val,ai-training/datasets/l2-arctic/raw/l2arctic_release_v5.0/PNV/wav/arctic_b0332.wav,As to how she dressed he had no ideas at all,1,non_native,l2_learner,arctic_b0332
l2_arctic,PNV,Vietnamese,F,val,ai-training/datasets/l2-arctic/raw/l2arctic_release_v5.0/PNV/wav/arctic_b0333.wav,It does was her audacious answer,1,non_native,l2_learner,arctic_b0333
l2_arctic,PNV,Vietnamese,F,val,ai-training/datasets/l2-arctic/raw/l2arctic_release_v5.0/PNV/wav/arctic_b0334.wav,Oh it's just a novel a love story,1,non_native,l2_learner,arctic_b0334
l2_arctic,PNV,Vietnamese,F,val,ai-training/datasets/l2-arctic/raw/l2arctic_release_v5.0/PNV/wav/arctic_b0335.wav,Whoever lived on the ranch did that,1,non_native,l2_learner,arctic_b0335
l2_arctic,PNV,Vietnamese,F,val,ai-training/datasets/l2-arctic/raw/l2arctic_release_v5.0/PNV/wav/arctic_b0336.wav,How old are you mother,1,non_native,l2_learner,arctic_b0336
l2_arctic,PNV,Vietnamese,F,val,ai-training/datasets/l2-arctic/raw/l2arctic_release_v5.0/PNV/wav/arctic_b0337.wav,Here he got a fresh thrill,1,non_native,l2_learner,arctic_b0337
l2_arctic,PNV,Vietnamese,F,val,ai-training/datasets/l2-arctic/raw/l2arctic_release_v5.0/PNV/wav/arctic_b0338.wav,It was unobtrusive yet it was there,1,non_native,l2_learner,arctic_b0338
l2_arctic,PNV,Vietnamese,F,val,ai-training/datasets/l2-arctic/raw/l2arctic_release_v5.0/PNV/wav/arctic_b0339.wav,Well I'll be plumb gosh darned,1,non_native,l2_learner,arctic_b0339
l2_arctic,PNV,Vietnamese,F,val,ai-training/datasets/l2-arctic/raw/l2arctic_release_v5.0/PNV/wav/arctic_b0340.wav,These quick little joys of hers were sources of joy to him,1,non_native,l2_learner,arctic_b0340
l2_arctic,PNV,Vietnamese,F,val,ai-training/datasets/l2-arctic/raw/l2arctic_release_v5.0/PNV/wav/arctic_b0341.wav,I play that choice wide open to win,1,non_native,l2_learner,arctic_b0341
l2_arctic,PNV,Vietnamese,F,val,ai-training/datasets/l2-arctic/raw/l2arctic_release_v5.0/PNV/wav/arctic_b0342.wav,Each improvement makes the value of everything else pump up,1,non_native,l2_learner,arctic_b0342
l2_arctic,PNV,Vietnamese,F,val,ai-training/datasets/l2-arctic/raw/l2arctic_release_v5.0/PNV/wav/arctic_b0343.wav,But how are you going to do it,1,non_native,l2_learner,arctic_b0343
l2_arctic,PNV,Vietnamese,F,val,ai-training/datasets/l2-arctic/raw/l2arctic_release_v5.0/PNV/wav/arctic_b0344.wav,Lots of men take women buggy riding,1,non_native,l2_learner,arctic_b0344
l2_arctic,PNV,Vietnamese,F,val,ai-training/datasets/l2-arctic/raw/l2arctic_release_v5.0/PNV/wav/arctic_b0345.wav,Daylight made no answer and the door closed behind him,1,non_native,l2_learner,arctic_b0345
l2_arctic,PNV,Vietnamese,F,val,ai-training/datasets/l2-arctic/raw/l2arctic_release_v5.0/PNV/wav/arctic_b0346.wav,There's not an iota of truth in it,1,non_native,l2_learner,arctic_b0346
l2_arctic,PNV,Vietnamese,F,val,ai-training/datasets/l2-arctic/raw/l2arctic_release_v5.0/PNV/wav/arctic_b0347.wav,But ever his gaze returned to that Crouched Venus on the piano,1,non_native,l2_learner,arctic_b0347
l2_arctic,PNV,Vietnamese,F,val,ai-training/datasets/l2-arctic/raw/l2arctic_release_v5.0/PNV/wav/arctic_b0348.wav,Would you be satisfied with that one hundredth part of me,1,non_native,l2_learner,arctic_b0348
l2_arctic,PNV,Vietnamese,F,val,ai-training/datasets/l2-arctic/raw/l2arctic_release_v5.0/PNV/wav/arctic_b0349.wav,In such a tumbling of values was no time to sell,1,non_native,l2_learner,arctic_b0349
l2_arctic,PNV,Vietnamese,F,val,ai-training/datasets/l2-arctic/raw/l2arctic_release_v5.0/PNV/wav/arctic_b0350.wav,Stand off butcher and baker and all the rest,1,non_native,l2_learner,arctic_b0350
l2_arctic,PNV,Vietnamese,F,val,ai-training/datasets/l2-arctic/raw/l2arctic_release_v5.0/PNV/wav/arctic_b0351.wav,Matthewson who's this bookkeeper Rogers,1,non_native,l2_learner,arctic_b0351
l2_arctic,PNV,Vietnamese,F,val,ai-training/datasets/l2-arctic/raw/l2arctic_release_v5.0/PNV/wav/arctic_b0352.wav,Now just what do you want to know,1,non_native,l2_learner,arctic_b0352
l2_arctic,PNV,Vietnamese,F,val,ai-training/datasets/l2-arctic/raw/l2arctic_release_v5.0/PNV/wav/arctic_b0353.wav,I want to know how all this is possible,1,non_native,l2_learner,arctic_b0353
l2_arctic,PNV,Vietnamese,F,val,ai-training/datasets/l2-arctic/raw/l2arctic_release_v5.0/PNV/wav/arctic_b0354.wav,It's that much junk,1,non_native,l2_learner,arctic_b0354
l2_arctic,PNV,Vietnamese,F,val,ai-training/datasets/l2-arctic/raw/l2arctic_release_v5.0/PNV/wav/arctic_b0355.wav,There was proper division of labor in the work they individually performed,1,non_native,l2_learner,arctic_b0355
l2_arctic,PNV,Vietnamese,F,val,ai-training/datasets/l2-arctic/raw/l2arctic_release_v5.0/PNV/wav/arctic_b0356.wav,He loved to play Chinese lottery,1,non_native,l2_learner,arctic_b0356
l2_arctic,PNV,Vietnamese,F,val,ai-training/datasets/l2-arctic/raw/l2arctic_release_v5.0/PNV/wav/arctic_b0357.wav,The Law of Club and Fang,1,non_native,l2_learner,arctic_b0357
l2_arctic,PNV,Vietnamese,F,val,ai-training/datasets/l2-arctic/raw/l2arctic_release_v5.0/PNV/wav/arctic_b0358.wav,The temperature dropped to fifty below zero and remained there the whole trip,1,non_native,l2_learner,arctic_b0358
l2_arctic,PNV,Vietnamese,F,val,ai-training/datasets/l2-arctic/raw/l2arctic_release_v5.0/PNV/wav/arctic_b0359.wav,And as never before he was ready to obey,1,non_native,l2_learner,arctic_b0359
l2_arctic,PNV,Vietnamese,F,val,ai-training/datasets/l2-arctic/raw/l2arctic_release_v5.0/PNV/wav/arctic_b0360.wav,This state of mind comes of an undue prominence of the ego,1,non_native,l2_learner,arctic_b0360
l2_arctic,PNV,Vietnamese,F,val,ai-training/datasets/l2-arctic/raw/l2arctic_release_v5.0/PNV/wav/arctic_b0361.wav,There are the canals of China and the Yangtse River,1,non_native,l2_learner,arctic_b0361
l2_arctic,PNV,Vietnamese,F,val,ai-training/datasets/l2-arctic/raw/l2arctic_release_v5.0/PNV/wav/arctic_b0362.wav,We threaten to be of the one mind before the voyage is completed,1,non_native,l2_learner,arctic_b0362
l2_arctic,PNV,Vietnamese,F,val,ai-training/datasets/l2-arctic/raw/l2arctic_release_v5.0/PNV/wav/arctic_b0363.wav,She was built primarily to sail,1,non_native,l2_learner,arctic_b0363
l2_arctic,PNV,Vietnamese,F,val,ai-training/datasets/l2-arctic/raw/l2arctic_release_v5.0/PNV/wav/arctic_b0364.wav,In the Bohemian Club of San Francisco there are some crack sailors,1,non_native,l2_learner,arctic_b0364
l2_arctic,PNV,Vietnamese,F,val,ai-training/datasets/l2-arctic/raw/l2arctic_release_v5.0/PNV/wav/arctic_b0365.wav,My age in years is twenty two,1,non_native,l2_learner,arctic_b0365
l2_arctic,PNV,Vietnamese,F,val,ai-training/datasets/l2-arctic/raw/l2arctic_release_v5.0/PNV/wav/arctic_b0366.wav,I forgot how easily I had taught myself from the printed page,1,non_native,l2_learner,arctic_b0366
l2_arctic,PNV,Vietnamese,F,val,ai-training/datasets/l2-arctic/raw/l2arctic_release_v5.0/PNV/wav/arctic_b0367.wav,Any average young fellow can teach himself in a week,1,non_native,l2_learner,arctic_b0367
l2_arctic,PNV,Vietnamese,F,val,ai-training/datasets/l2-arctic/raw/l2arctic_release_v5.0/PNV/wav/arctic_b0368.wav,Please do not think that I already know it all,1,non_native,l2_learner,arctic_b0368
l2_arctic,PNV,Vietnamese,F,val,ai-training/datasets/l2-arctic/raw/l2arctic_release_v5.0/PNV/wav/arctic_b0369.wav,You see we were teaching ourselves,1,non_native,l2_learner,arctic_b0369
l2_arctic,PNV,Vietnamese,F,val,ai-training/datasets/l2-arctic/raw/l2arctic_release_v5.0/PNV/wav/arctic_b0370.wav,And now behold the perversity of things,1,non_native,l2_learner,arctic_b0370
l2_arctic,PNV,Vietnamese,F,val,ai-training/datasets/l2-arctic/raw/l2arctic_release_v5.0/PNV/wav/arctic_b0371.wav,Yield yourself to the waters that are ripping and tearing at you,1,non_native,l2_learner,arctic_b0371
l2_arctic,PNV,Vietnamese,F,val,ai-training/datasets/l2-arctic/raw/l2arctic_release_v5.0/PNV/wav/arctic_b0372.wav,Mister McVeigh told me about him,1,non_native,l2_learner,arctic_b0372
l2_arctic,PNV,Vietnamese,F,val,ai-training/datasets/l2-arctic/raw/l2arctic_release_v5.0/PNV/wav/arctic_b0373.wav,Unlike Joshua he stood in no need of divine assistance,1,non_native,l2_learner,arctic_b0373
l2_arctic,PNV,Vietnamese,F,val,ai-training/datasets/l2-arctic/raw/l2arctic_release_v5.0/PNV/wav/arctic_b0374.wav,To say the least Captain Cook was a rather thorough going empiricist,1,non_native,l2_learner,arctic_b0374
l2_arctic,PNV,Vietnamese,F,val,ai-training/datasets/l2-arctic/raw/l2arctic_release_v5.0/PNV/wav/arctic_b0375.wav,Man could not conquer them,1,non_native,l2_learner,arctic_b0375
l2_arctic,PNV,Vietnamese,F,val,ai-training/datasets/l2-arctic/raw/l2arctic_release_v5.0/PNV/wav/arctic_b0376.wav,Thought I and a worthy fool he proved,1,non_native,l2_learner,arctic_b0376
l2_arctic,PNV,Vietnamese,F,val,ai-training/datasets/l2-arctic/raw/l2arctic_release_v5.0/PNV/wav/arctic_b0377.wav,A scarlet loincloth completed his costume,1,non_native,l2_learner,arctic_b0377
l2_arctic,PNV,Vietnamese,F,val,ai-training/datasets/l2-arctic/raw/l2arctic_release_v5.0/PNV/wav/arctic_b0378.wav,I like to speculate upon the glorious future of man,1,non_native,l2_learner,arctic_b0378
l2_arctic,PNV,Vietnamese,F,val,ai-training/datasets/l2-arctic/raw/l2arctic_release_v5.0/PNV/wav/arctic_b0379.wav,Christmas is an easy problem compared with a Polynesian giving feast,1,non_native,l2_learner,arctic_b0379
l2_arctic,PNV,Vietnamese,F,val,ai-training/datasets/l2-arctic/raw/l2arctic_release_v5.0/PNV/wav/arctic_b0380.wav,He had peeled off his shirt and was wildly waving it,1,non_native,l2_learner,arctic_b0380
l2_arctic,PNV,Vietnamese,F,val,ai-training/datasets/l2-arctic/raw/l2arctic_release_v5.0/PNV/wav/arctic_b0381.wav,And how would we ever find ourselves,1,non_native,l2_learner,arctic_b0381
l2_arctic,PNV,Vietnamese,F,val,ai-training/datasets/l2-arctic/raw/l2arctic_release_v5.0/PNV/wav/arctic_b0382.wav,I defy any man to get a Solomon Island sore in California,1,non_native,l2_learner,arctic_b0382
l2_arctic,PNV,Vietnamese,F,val,ai-training/datasets/l2-arctic/raw/l2arctic_release_v5.0/PNV/wav/arctic_b0383.wav,A bush chief had died a natural death,1,non_native,l2_learner,arctic_b0383
l2_arctic,PNV,Vietnamese,F,val,ai-training/datasets/l2-arctic/raw/l2arctic_release_v5.0/PNV/wav/arctic_b0384.wav,The skipper's and Na ka tas gymnastics served as a translation without words,1,non_native,l2_learner,arctic_b0384
l2_arctic,PNV,Vietnamese,F,val,ai-training/datasets/l2-arctic/raw/l2arctic_release_v5.0/PNV/wav/arctic_b0385.wav,Last night he showed all the symptoms of coming down with pneumonia,1,non_native,l2_learner,arctic_b0385
l2_arctic,PNV,Vietnamese,F,val,ai-training/datasets/l2-arctic/raw/l2arctic_release_v5.0/PNV/wav/arctic_b0386.wav,My idea was that he would have more influence over the natives,1,non_native,l2_learner,arctic_b0386
l2_arctic,PNV,Vietnamese,F,val,ai-training/datasets/l2-arctic/raw/l2arctic_release_v5.0/PNV/wav/arctic_b0387.wav,It is merely the simple superlative,1,non_native,l2_learner,arctic_b0387
l2_arctic,PNV,Vietnamese,F,val,ai-training/datasets/l2-arctic/raw/l2arctic_release_v5.0/PNV/wav/arctic_b0388.wav,I made no more overtures,1,non_native,l2_learner,arctic_b0388
l2_arctic,PNV,Vietnamese,F,val,ai-training/datasets/l2-arctic/raw/l2arctic_release_v5.0/PNV/wav/arctic_b0389.wav,Among my minor afflictions I may mention a new and mysterious one,1,non_native,l2_learner,arctic_b0389
l2_arctic,PNV,Vietnamese,F,val,ai-training/datasets/l2-arctic/raw/l2arctic_release_v5.0/PNV/wav/arctic_b0390.wav,The voyage was our idea of a good time,1,non_native,l2_learner,arctic_b0390
l2_arctic,PNV,Vietnamese,F,val,ai-training/datasets/l2-arctic/raw/l2arctic_release_v5.0/PNV/wav/arctic_b0391.wav,At sea Tuesday March seventeenth nineteen o eight,1,non_native,l2_learner,arctic_b0391
l2_arctic,PNV,Vietnamese,F,val,ai-training/datasets/l2-arctic/raw/l2arctic_release_v5.0/PNV/wav/arctic_b0392.wav,Yes sir he answered with cheerful alacrity,1,non_native,l2_learner,arctic_b0392
l2_arctic,PNV,Vietnamese,F,val,ai-training/datasets/l2-arctic/raw/l2arctic_release_v5.0/PNV/wav/arctic_b0393.wav,I was still weak from my prolonged immersion,1,non_native,l2_learner,arctic_b0393
l2_arctic,PNV,Vietnamese,F,val,ai-training/datasets/l2-arctic/raw/l2arctic_release_v5.0/PNV/wav/arctic_b0394.wav,The boy hesitated then mastered his temper,1,non_native,l2_learner,arctic_b0394
l2_arctic,PNV,Vietnamese,F,val,ai-training/datasets/l2-arctic/raw/l2arctic_release_v5.0/PNV/wav/arctic_b0395.wav,I was beneath the water suffocating and drowning,1,non_native,l2_learner,arctic_b0395
l2_arctic,PNV,Vietnamese,F,val,ai-training/datasets/l2-arctic/raw/l2arctic_release_v5.0/PNV/wav/arctic_b0396.wav,The pain from my hurt knee was agonizing,1,non_native,l2_learner,arctic_b0396
l2_arctic,PNV,Vietnamese,F,val,ai-training/datasets/l2-arctic/raw/l2arctic_release_v5.0/PNV/wav/arctic_b0397.wav,The hunters were still arguing and roaring like some semi human amphibious breed,1,non_native,l2_learner,arctic_b0397
l2_arctic,PNV,Vietnamese,F,val,ai-training/datasets/l2-arctic/raw/l2arctic_release_v5.0/PNV/wav/arctic_b0398.wav,I have been robbed sir I amended,1,non_native,l2_learner,arctic_b0398
l2_arctic,PNV,Vietnamese,F,val,ai-training/datasets/l2-arctic/raw/l2arctic_release_v5.0/PNV/wav/arctic_b0399.wav,You were looking squeamish this afternoon he began,1,non_native,l2_learner,arctic_b0399
l2_arctic,PNV,Vietnamese,F,val,ai-training/datasets/l2-arctic/raw/l2arctic_release_v5.0/PNV/wav/arctic_b0400.wav,How could I answer the question on the spur of the moment,1,non_native,l2_learner,arctic_b0400
l2_arctic,PNV,Vietnamese,F,val,ai-training/datasets/l2-arctic/raw/l2arctic_release_v5.0/PNV/wav/arctic_b0401.wav,I learned it myself in English ships,1,non_native,l2_learner,arctic_b0401
l2_arctic,PNV,Vietnamese,F,val,ai-training/datasets/l2-arctic/raw/l2arctic_release_v5.0/PNV/wav/arctic_b0402.wav,An altruistic act is an act performed for the welfare of others,1,non_native,l2_learner,arctic_b0402
l2_arctic,PNV,Vietnamese,F,val,ai-training/datasets/l2-arctic/raw/l2arctic_release_v5.0/PNV/wav/arctic_b0403.wav,Knowing him I review the old Scandinavian myths with clearer understanding,1,non_native,l2_learner,arctic_b0403
l2_arctic,PNV,Vietnamese,F,val,ai-training/datasets/l2-arctic/raw/l2arctic_release_v5.0/PNV/wav/arctic_b0404.wav,Yes and no sir was the slow reply,1,non_native,l2_learner,arctic_b0404
l2_arctic,PNV,Vietnamese,F,val,ai-training/datasets/l2-arctic/raw/l2arctic_release_v5.0/PNV/wav/arctic_b0405.wav,And each year something happened and I did not go,1,non_native,l2_learner,arctic_b0405
l2_arctic,PNV,Vietnamese,F,val,ai-training/datasets/l2-arctic/raw/l2arctic_release_v5.0/PNV/wav/arctic_b0406.wav,How in hell did he know it was you in the dark,1,non_native,l2_learner,arctic_b0406
l2_arctic,PNV,Vietnamese,F,val,ai-training/datasets/l2-arctic/raw/l2arctic_release_v5.0/PNV/wav/arctic_b0407.wav,Of course much grumbling went on and little outbursts were continually occurring,1,non_native,l2_learner,arctic_b0407
l2_arctic,PNV,Vietnamese,F,val,ai-training/datasets/l2-arctic/raw/l2arctic_release_v5.0/PNV/wav/arctic_b0408.wav,You have all the advantage,1,non_native,l2_learner,arctic_b0408
l2_arctic,PNV,Vietnamese,F,val,ai-training/datasets/l2-arctic/raw/l2arctic_release_v5.0/PNV/wav/arctic_b0409.wav,The dirk mentioned by Wolf Larsen rested in its sheath on my hip,1,non_native,l2_learner,arctic_b0409
l2_arctic,PNV,Vietnamese,F,val,ai-training/datasets/l2-arctic/raw/l2arctic_release_v5.0/PNV/wav/arctic_b0410.wav,Have you ever earned a dollar by your own labour,1,non_native,l2_learner,arctic_b0410
l2_arctic,PNV,Vietnamese,F,val,ai-training/datasets/l2-arctic/raw/l2arctic_release_v5.0/PNV/wav/arctic_b0411.wav,He gave no reason but his motive was obvious enough,1,non_native,l2_learner,arctic_b0411
l2_arctic,PNV,Vietnamese,F,val,ai-training/datasets/l2-arctic/raw/l2arctic_release_v5.0/PNV/wav/arctic_b0412.wav,Ah it was sweet in my ears,1,non_native,l2_learner,arctic_b0412
l2_arctic,PNV,Vietnamese,F,val,ai-training/datasets/l2-arctic/raw/l2arctic_release_v5.0/PNV/wav/arctic_b0413.wav,He may desire to escape pain or to enjoy pleasure,1,non_native,l2_learner,arctic_b0413
l2_arctic,PNV,Vietnamese,F,val,ai-training/datasets/l2-arctic/raw/l2arctic_release_v5.0/PNV/wav/arctic_b0414.wav,It was impossible to hoist sail and claw off that shore,1,non_native,l2_learner,arctic_b0414
l2_arctic,PNV,Vietnamese,F,val,ai-training/datasets/l2-arctic/raw/l2arctic_release_v5.0/PNV/wav/arctic_b0415.wav,There was nothing for us but the wide raw ocean,1,non_native,l2_learner,arctic_b0415
l2_arctic,PNV,Vietnamese,F,val,ai-training/datasets/l2-arctic/raw/l2arctic_release_v5.0/PNV/wav/arctic_b0416.wav,I arose obediently and went down the beach,1,non_native,l2_learner,arctic_b0416
l2_arctic,PNV,Vietnamese,F,val,ai-training/datasets/l2-arctic/raw/l2arctic_release_v5.0/PNV/wav/arctic_b0417.wav,The next thing to watch out for is bed sores,1,non_native,l2_learner,arctic_b0417
l2_arctic,PNV,Vietnamese,F,val,ai-training/datasets/l2-arctic/raw/l2arctic_release_v5.0/PNV/wav/arctic_b0418.wav,At that moment I got the impression that she was willowy,1,non_native,l2_learner,arctic_b0418
l2_arctic,PNV,Vietnamese,F,val,ai-training/datasets/l2-arctic/raw/l2arctic_release_v5.0/PNV/wav/arctic_b0419.wav,Your father's fifth command he nodded,1,non_native,l2_learner,arctic_b0419
l2_arctic,PNV,Vietnamese,F,val,ai-training/datasets/l2-arctic/raw/l2arctic_release_v5.0/PNV/wav/arctic_b0420.wav,On occasion on this traverse the Cape Verde Islands are raised,1,non_native,l2_learner,arctic_b0420
l2_arctic,PNV,Vietnamese,F,val,ai-training/datasets/l2-arctic/raw/l2arctic_release_v5.0/PNV/wav/arctic_b0421.wav,She is essentially the life giving life conserving female of the species,1,non_native,l2_learner,arctic_b0421
l2_arctic,PNV,Vietnamese,F,val,ai-training/datasets/l2-arctic/raw/l2arctic_release_v5.0/PNV/wav/arctic_b0422.wav,This was when the explosion occurred,1,non_native,l2_learner,arctic_b0422
l2_arctic,PNV,Vietnamese,F,val,ai-training/datasets/l2-arctic/raw/l2arctic_release_v5.0/PNV/wav/arctic_b0423.wav,Also at regular intervals he would mutter,1,non_native,l2_learner,arctic_b0423
l2_arctic,PNV,Vietnamese,F,val,ai-training/datasets/l2-arctic/raw/l2arctic_release_v5.0/PNV/wav/arctic_b0424.wav,It is a very tenable hypothesis and will bear looking into,1,non_native,l2_learner,arctic_b0424
l2_arctic,PNV,Vietnamese,F,val,ai-training/datasets/l2-arctic/raw/l2arctic_release_v5.0/PNV/wav/arctic_b0425.wav,There were orange green gold green and a copper green,1,non_native,l2_learner,arctic_b0425
l2_arctic,PNV,Vietnamese,F,val,ai-training/datasets/l2-arctic/raw/l2arctic_release_v5.0/PNV/wav/arctic_b0426.wav,The Gabriel voice of the Samurai rang out,1,non_native,l2_learner,arctic_b0426
l2_arctic,PNV,Vietnamese,F,test,ai-training/datasets/l2-arctic/raw/l2arctic_release_v5.0/PNV/wav/arctic_b0427.wav,The sunsets grow more bizarre and spectacular off this coast of the Argentine,1,non_native,l2_learner,arctic_b0427
l2_arctic,PNV,Vietnamese,F,test,ai-training/datasets/l2-arctic/raw/l2arctic_release_v5.0/PNV/wav/arctic_b0428.wav,The history of our westward faring race is written in it,1,non_native,l2_learner,arctic_b0428
l2_arctic,PNV,Vietnamese,F,test,ai-training/datasets/l2-arctic/raw/l2arctic_release_v5.0/PNV/wav/arctic_b0429.wav,And the Eurasian Chinese Englishman bowed himself away,1,non_native,l2_learner,arctic_b0429
l2_arctic,PNV,Vietnamese,F,test,ai-training/datasets/l2-arctic/raw/l2arctic_release_v5.0/PNV/wav/arctic_b0430.wav,They were babbling and chattering all together,1,non_native,l2_learner,arctic_b0430
l2_arctic,PNV,Vietnamese,F,test,ai-training/datasets/l2-arctic/raw/l2arctic_release_v5.0/PNV/wav/arctic_b0431.wav,Too much he told me with ominous rolling head,1,non_native,l2_learner,arctic_b0431
l2_arctic,PNV,Vietnamese,F,test,ai-training/datasets/l2-arctic/raw/l2arctic_release_v5.0/PNV/wav/arctic_b0432.wav,He is a candidate rising from the serf class to our class,1,non_native,l2_learner,arctic_b0432
l2_arctic,PNV,Vietnamese,F,test,ai-training/datasets/l2-arctic/raw/l2arctic_release_v5.0/PNV/wav/arctic_b0433.wav,We are cooking on the coal stove and on the oil burners,1,non_native,l2_learner,arctic_b0433
l2_arctic,PNV,Vietnamese,F,test,ai-training/datasets/l2-arctic/raw/l2arctic_release_v5.0/PNV/wav/arctic_b0434.wav,The steward has just tendered me a respectful bit of advice,1,non_native,l2_learner,arctic_b0434
l2_arctic,PNV,Vietnamese,F,test,ai-training/datasets/l2-arctic/raw/l2arctic_release_v5.0/PNV/wav/arctic_b0435.wav,Well did they eat,1,non_native,l2_learner,arctic_b0435
l2_arctic,PNV,Vietnamese,F,test,ai-training/datasets/l2-arctic/raw/l2arctic_release_v5.0/PNV/wav/arctic_b0436.wav,Famine had been my great ally,1,non_native,l2_learner,arctic_b0436
l2_arctic,PNV,Vietnamese,F,test,ai-training/datasets/l2-arctic/raw/l2arctic_release_v5.0/PNV/wav/arctic_b0437.wav,Nowhere in the North is the soil so prolific,1,non_native,l2_learner,arctic_b0437
l2_arctic,PNV,Vietnamese,F,test,ai-training/datasets/l2-arctic/raw/l2arctic_release_v5.0/PNV/wav/arctic_b0438.wav,They ran the canoe in and climbed the high earth bank,1,non_native,l2_learner,arctic_b0438
l2_arctic,PNV,Vietnamese,F,test,ai-training/datasets/l2-arctic/raw/l2arctic_release_v5.0/PNV/wav/arctic_b0439.wav,The land exchanged its austere robes for the garb of a smiling wanton,1,non_native,l2_learner,arctic_b0439
l2_arctic,PNV,Vietnamese,F,test,ai-training/datasets/l2-arctic/raw/l2arctic_release_v5.0/PNV/wav/arctic_b0440.wav,There were stir and bustle new faces and fresh facts,1,non_native,l2_learner,arctic_b0440
l2_arctic,PNV,Vietnamese,F,test,ai-training/datasets/l2-arctic/raw/l2arctic_release_v5.0/PNV/wav/arctic_b0441.wav,And there was Ethel Baird whom also you must remember,1,non_native,l2_learner,arctic_b0441
l2_arctic,PNV,Vietnamese,F,test,ai-training/datasets/l2-arctic/raw/l2arctic_release_v5.0/PNV/wav/arctic_b0442.wav,He had become a man very early in life,1,non_native,l2_learner,arctic_b0442
l2_arctic,PNV,Vietnamese,F,test,ai-training/datasets/l2-arctic/raw/l2arctic_release_v5.0/PNV/wav/arctic_b0443.wav,I did not think you would be so early,1,non_native,l2_learner,arctic_b0443
l2_arctic,PNV,Vietnamese,F,test,ai-training/datasets/l2-arctic/raw/l2arctic_release_v5.0/PNV/wav/arctic_b0444.wav,He did not know what went on in the minds of his superiors,1,non_native,l2_learner,arctic_b0444
l2_arctic,PNV,Vietnamese,F,test,ai-training/datasets/l2-arctic/raw/l2arctic_release_v5.0/PNV/wav/arctic_b0445.wav,Mops sir eagerly answered the sailor at the wheel,1,non_native,l2_learner,arctic_b0445
l2_arctic,PNV,Vietnamese,F,test,ai-training/datasets/l2-arctic/raw/l2arctic_release_v5.0/PNV/wav/arctic_b0446.wav,Some one had thrust a large sheath knife into his hand,1,non_native,l2_learner,arctic_b0446
l2_arctic,PNV,Vietnamese,F,test,ai-training/datasets/l2-arctic/raw/l2arctic_release_v5.0/PNV/wav/arctic_b0447.wav,O'Brien emitted a shriek that sank swiftly to a gurgling sob,1,non_native,l2_learner,arctic_b0447
l2_arctic,PNV,Vietnamese,F,test,ai-training/datasets/l2-arctic/raw/l2arctic_release_v5.0/PNV/wav/arctic_b0448.wav,Sandel would never become a world champion,1,non_native,l2_learner,arctic_b0448
l2_arctic,PNV,Vietnamese,F,test,ai-training/datasets/l2-arctic/raw/l2arctic_release_v5.0/PNV/wav/arctic_b0449.wav,Also she wouldn't walk,1,non_native,l2_learner,arctic_b0449
l2_arctic,PNV,Vietnamese,F,test,ai-training/datasets/l2-arctic/raw/l2arctic_release_v5.0/PNV/wav/arctic_b0450.wav,To my dearest and always appreciated friend I submit myself,1,non_native,l2_learner,arctic_b0450
l2_arctic,PNV,Vietnamese,F,test,ai-training/datasets/l2-arctic/raw/l2arctic_release_v5.0/PNV/wav/arctic_b0451.wav,You used to joy ride like the very devil,1,non_native,l2_learner,arctic_b0451
l2_arctic,PNV,Vietnamese,F,test,ai-training/datasets/l2-arctic/raw/l2arctic_release_v5.0/PNV/wav/arctic_b0452.wav,They saw each other for the first time in Boston,1,non_native,l2_learner,arctic_b0452
l2_arctic,PNV,Vietnamese,F,test,ai-training/datasets/l2-arctic/raw/l2arctic_release_v5.0/PNV/wav/arctic_b0453.wav,Isaac Ford the austere soldier of the Lord the old hypocrite,1,non_native,l2_learner,arctic_b0453
l2_arctic,PNV,Vietnamese,F,test,ai-training/datasets/l2-arctic/raw/l2arctic_release_v5.0/PNV/wav/arctic_b0454.wav,Eighteen he added,1,non_native,l2_learner,arctic_b0454
l2_arctic,PNV,Vietnamese,F,test,ai-training/datasets/l2-arctic/raw/l2arctic_release_v5.0/PNV/wav/arctic_b0455.wav,His reward should have been peace and repose,1,non_native,l2_learner,arctic_b0455
l2_arctic,PNV,Vietnamese,F,test,ai-training/datasets/l2-arctic/raw/l2arctic_release_v5.0/PNV/wav/arctic_b0456.wav,He was an amphibian and a mountaineer,1,non_native,l2_learner,arctic_b0456
l2_arctic,PNV,Vietnamese,F,test,ai-training/datasets/l2-arctic/raw/l2arctic_release_v5.0/PNV/wav/arctic_b0457.wav,It was sanctification and salvation,1,non_native,l2_learner,arctic_b0457
l2_arctic,PNV,Vietnamese,F,test,ai-training/datasets/l2-arctic/raw/l2arctic_release_v5.0/PNV/wav/arctic_b0458.wav,The history of the eighteenth century is written Ernest prompted,1,non_native,l2_learner,arctic_b0458
l2_arctic,PNV,Vietnamese,F,test,ai-training/datasets/l2-arctic/raw/l2arctic_release_v5.0/PNV/wav/arctic_b0459.wav,They are not biologists nor sociologists,1,non_native,l2_learner,arctic_b0459
l2_arctic,PNV,Vietnamese,F,test,ai-training/datasets/l2-arctic/raw/l2arctic_release_v5.0/PNV/wav/arctic_b0460.wav,The more his opponents grew excited the more Ernest deliberately excited them,1,non_native,l2_learner,arctic_b0460
l2_arctic,PNV,Vietnamese,F,test,ai-training/datasets/l2-arctic/raw/l2arctic_release_v5.0/PNV/wav/arctic_b0461.wav,By virtue of that power we shall remain in power,1,non_native,l2_learner,arctic_b0461
l2_arctic,PNV,Vietnamese,F,test,ai-training/datasets/l2-arctic/raw/l2arctic_release_v5.0/PNV/wav/arctic_b0462.wav,One guess will do Ernest retorted,1,non_native,l2_learner,arctic_b0462
l2_arctic,PNV,Vietnamese,F,test,ai-training/datasets/l2-arctic/raw/l2arctic_release_v5.0/PNV/wav/arctic_b0463.wav,Take my advice and accept the vacation,1,non_native,l2_learner,arctic_b0463
l2_arctic,PNV,Vietnamese,F,test,ai-training/datasets/l2-arctic/raw/l2arctic_release_v5.0/PNV/wav/arctic_b0464.wav,I could not agree with Ernest,1,non_native,l2_learner,arctic_b0464
l2_arctic,PNV,Vietnamese,F,test,ai-training/datasets/l2-arctic/raw/l2arctic_release_v5.0/PNV/wav/arctic_b0465.wav,But such divergence of opinion would constitute no menace to society,1,non_native,l2_learner,arctic_b0465
l2_arctic,PNV,Vietnamese,F,test,ai-training/datasets/l2-arctic/raw/l2arctic_release_v5.0/PNV/wav/arctic_b0466.wav,It is dog eat dog and you ate them up,1,non_native,l2_learner,arctic_b0466
l2_arctic,PNV,Vietnamese,F,test,ai-training/datasets/l2-arctic/raw/l2arctic_release_v5.0/PNV/wav/arctic_b0467.wav,Let us run them for ourselves,1,non_native,l2_learner,arctic_b0467
l2_arctic,PNV,Vietnamese,F,test,ai-training/datasets/l2-arctic/raw/l2arctic_release_v5.0/PNV/wav/arctic_b0468.wav,It was introduced by Representative Dick of Ohio,1,non_native,l2_learner,arctic_b0468
l2_arctic,PNV,Vietnamese,F,test,ai-training/datasets/l2-arctic/raw/l2arctic_release_v5.0/PNV/wav/arctic_b0469.wav,Very few people knew of the existence of this law,1,non_native,l2_learner,arctic_b0469
l2_arctic,PNV,Vietnamese,F,test,ai-training/datasets/l2-arctic/raw/l2arctic_release_v5.0/PNV/wav/arctic_b0470.wav,The very thing Ernest agreed,1,non_native,l2_learner,arctic_b0470
l2_arctic,PNV,Vietnamese,F,test,ai-training/datasets/l2-arctic/raw/l2arctic_release_v5.0/PNV/wav/arctic_b0471.wav,Also a fellow Senator Chauncey Depew said,1,non_native,l2_learner,arctic_b0471
l2_arctic,PNV,Vietnamese,F,test,ai-training/datasets/l2-arctic/raw/l2arctic_release_v5.0/PNV/wav/arctic_b0472.wav,Ernest saw in the affair the most sinister import,1,non_native,l2_learner,arctic_b0472
l2_arctic,PNV,Vietnamese,F,test,ai-training/datasets/l2-arctic/raw/l2arctic_release_v5.0/PNV/wav/arctic_b0473.wav,Then there was the campaign,1,non_native,l2_learner,arctic_b0473
l2_arctic,PNV,Vietnamese,F,test,ai-training/datasets/l2-arctic/raw/l2arctic_release_v5.0/PNV/wav/arctic_b0474.wav,He was manifestly distressed by my coming,1,non_native,l2_learner,arctic_b0474
l2_arctic,PNV,Vietnamese,F,test,ai-training/datasets/l2-arctic/raw/l2arctic_release_v5.0/PNV/wav/arctic_b0475.wav,Not a wheel moved in his empire,1,non_native,l2_learner,arctic_b0475
l2_arctic,PNV,Vietnamese,F,test,ai-training/datasets/l2-arctic/raw/l2arctic_release_v5.0/PNV/wav/arctic_b0476.wav,The reorganization of these countries took the form of revolution,1,non_native,l2_learner,arctic_b0476
l2_arctic,PNV,Vietnamese,F,test,ai-training/datasets/l2-arctic/raw/l2arctic_release_v5.0/PNV/wav/arctic_b0477.wav,You're going in for grab sharing,1,non_native,l2_learner,arctic_b0477
l2_arctic,PNV,Vietnamese,F,test,ai-training/datasets/l2-arctic/raw/l2arctic_release_v5.0/PNV/wav/arctic_b0478.wav,The Oligarchy will encourage such ambition and the consequent competition,1,non_native,l2_learner,arctic_b0478
l2_arctic,PNV,Vietnamese,F,test,ai-training/datasets/l2-arctic/raw/l2arctic_release_v5.0/PNV/wav/arctic_b0479.wav,Violation of this law was made a high misdemeanor and punished accordingly,1,non_native,l2_learner,arctic_b0479
l2_arctic,PNV,Vietnamese,F,test,ai-training/datasets/l2-arctic/raw/l2arctic_release_v5.0/PNV/wav/arctic_b0480.wav,Without discussion it was the agents provocateurs who caused the Peasant Revolt,1,non_native,l2_learner,arctic_b0480
l2_arctic,PNV,Vietnamese,F,test,ai-training/datasets/l2-arctic/raw/l2arctic_release_v5.0/PNV/wav/arctic_b0481.wav,The task we set ourselves was threefold,1,non_native,l2_learner,arctic_b0481
l2_arctic,PNV,Vietnamese,F,test,ai-training/datasets/l2-arctic/raw/l2arctic_release_v5.0/PNV/wav/arctic_b0482.wav,Many other similar disconcerting omissions will be noticed in the Manuscript,1,non_native,l2_learner,arctic_b0482
l2_arctic,PNV,Vietnamese,F,test,ai-training/datasets/l2-arctic/raw/l2arctic_release_v5.0/PNV/wav/arctic_b0483.wav,The flower of the artistic and intellectual world were revolutionists,1,non_native,l2_learner,arctic_b0483
l2_arctic,PNV,Vietnamese,F,test,ai-training/datasets/l2-arctic/raw/l2arctic_release_v5.0/PNV/wav/arctic_b0484.wav,This the Iron Heel foresaw and laid its schemes accordingly,1,non_native,l2_learner,arctic_b0484
l2_arctic,PNV,Vietnamese,F,test,ai-training/datasets/l2-arctic/raw/l2arctic_release_v5.0/PNV/wav/arctic_b0485.wav,The mob came on but it could not advance,1,non_native,l2_learner,arctic_b0485
l2_arctic,PNV,Vietnamese,F,test,ai-training/datasets/l2-arctic/raw/l2arctic_release_v5.0/PNV/wav/arctic_b0486.wav,But why continue the tirade for tirade it was,1,non_native,l2_learner,arctic_b0486
l2_arctic,PNV,Vietnamese,F,test,ai-training/datasets/l2-arctic/raw/l2arctic_release_v5.0/PNV/wav/arctic_b0487.wav,After all superfluous flesh is gone what is left is stringy and resistant,1,non_native,l2_learner,arctic_b0487
l2_arctic,PNV,Vietnamese,F,test,ai-training/datasets/l2-arctic/raw/l2arctic_release_v5.0/PNV/wav/arctic_b0488.wav,Beyond refusing to sell us food they left us to ourselves,1,non_native,l2_learner,arctic_b0488
l2_arctic,PNV,Vietnamese,F,test,ai-training/datasets/l2-arctic/raw/l2arctic_release_v5.0/PNV/wav/arctic_b0489.wav,He was a merry monarch especially so for an Asiatic,1,non_native,l2_learner,arctic_b0489
l2_arctic,PNV,Vietnamese,F,test,ai-training/datasets/l2-arctic/raw/l2arctic_release_v5.0/PNV/wav/arctic_b0490.wav,What an excited whispering and conferring took place,1,non_native,l2_learner,arctic_b0490
l2_arctic,PNV,Vietnamese,F,test,ai-training/datasets/l2-arctic/raw/l2arctic_release_v5.0/PNV/wav/arctic_b0491.wav,Jacob Brinker who was his road mate brought the news,1,non_native,l2_learner,arctic_b0491
l2_arctic,PNV,Vietnamese,F,test,ai-training/datasets/l2-arctic/raw/l2arctic_release_v5.0/PNV/wav/arctic_b0492.wav,Thus he turned the tenets and jargon of psychology back on me,1,non_native,l2_learner,arctic_b0492
l2_arctic,PNV,Vietnamese,F,test,ai-training/datasets/l2-arctic/raw/l2arctic_release_v5.0/PNV/wav/arctic_b0493.wav,You yellow giant thing of the frost,1,non_native,l2_learner,arctic_b0493
l2_arctic,PNV,Vietnamese,F,test,ai-training/datasets/l2-arctic/raw/l2arctic_release_v5.0/PNV/wav/arctic_b0494.wav,Never so strange a prophet came up to Jerusalem,1,non_native,l2_learner,arctic_b0494
l2_arctic,PNV,Vietnamese,F,test,ai-training/datasets/l2-arctic/raw/l2arctic_release_v5.0/PNV/wav/arctic_b0495.wav,We who have endured so much surely can endure a little more,1,non_native,l2_learner,arctic_b0495
l2_arctic,PNV,Vietnamese,F,test,ai-training/datasets/l2-arctic/raw/l2arctic_release_v5.0/PNV/wav/arctic_b0496.wav,I have seen myself that one man contemplated by Pascal's philosophic eye,1,non_native,l2_learner,arctic_b0496
l2_arctic,PNV,Vietnamese,F,test,ai-training/datasets/l2-arctic/raw/l2arctic_release_v5.0/PNV/wav/arctic_b0497.wav,One great drawback to farming in California is our long dry summer,1,non_native,l2_learner,arctic_b0497
l2_arctic,PNV,Vietnamese,F,test,ai-training/datasets/l2-arctic/raw/l2arctic_release_v5.0/PNV/wav/arctic_b0498.wav,I remembered the red wine of the Italian rancho and shuddered inwardly,1,non_native,l2_learner,arctic_b0498
l2_arctic,PNV,Vietnamese,F,test,ai-training/datasets/l2-arctic/raw/l2arctic_release_v5.0/PNV/wav/arctic_b0499.wav,I said and dismissed the matter as not worth thinking about,1,non_native,l2_learner,arctic_b0499
l2_arctic,PNV,Vietnamese,F,test,ai-training/datasets/l2-arctic/raw/l2arctic_release_v5.0/PNV/wav/arctic_b0500.wav,Then came my boy code,1,non_native,l2_learner,arctic_b0500
l2_arctic,PNV,Vietnamese,F,test,ai-training/datasets/l2-arctic/raw/l2arctic_release_v5.0/PNV/wav/arctic_b0501.wav,And wherever I ranged the way lay along alcohol drenched roads,1,non_native,l2_learner,arctic_b0501
l2_arctic,PNV,Vietnamese,F,test,ai-training/datasets/l2-arctic/raw/l2arctic_release_v5.0/PNV/wav/arctic_b0502.wav,And as we hurried up town Joe Goose explained,1,non_native,l2_learner,arctic_b0502
l2_arctic,PNV,Vietnamese,F,test,ai-training/datasets/l2-arctic/raw/l2arctic_release_v5.0/PNV/wav/arctic_b0503.wav,The scents of strange vegetation blew off the tropic land,1,non_native,l2_learner,arctic_b0503
l2_arctic,PNV,Vietnamese,F,test,ai-training/datasets/l2-arctic/raw/l2arctic_release_v5.0/PNV/wav/arctic_b0504.wav,The life there was healthful and athletic but too juvenile,1,non_native,l2_learner,arctic_b0504
l2_arctic,PNV,Vietnamese,F,test,ai-training/datasets/l2-arctic/raw/l2arctic_release_v5.0/PNV/wav/arctic_b0505.wav,How valiantly I went at it that first day,1,non_native,l2_learner,arctic_b0505
l2_arctic,PNV,Vietnamese,F,test,ai-training/datasets/l2-arctic/raw/l2arctic_release_v5.0/PNV/wav/arctic_b0506.wav,It would help to tide me along until I got steady employment,1,non_native,l2_learner,arctic_b0506
l2_arctic,PNV,Vietnamese,F,test,ai-training/datasets/l2-arctic/raw/l2arctic_release_v5.0/PNV/wav/arctic_b0507.wav,Did I possess too much vitality,1,non_native,l2_learner,arctic_b0507
l2_arctic,PNV,Vietnamese,F,test,ai-training/datasets/l2-arctic/raw/l2arctic_release_v5.0/PNV/wav/arctic_b0508.wav,In his anxiety and solicitude and love they did not count,1,non_native,l2_learner,arctic_b0508
l2_arctic,PNV,Vietnamese,F,test,ai-training/datasets/l2-arctic/raw/l2arctic_release_v5.0/PNV/wav/arctic_b0509.wav,He had fulfilled his duty and paid properly,1,non_native,l2_learner,arctic_b0509
l2_arctic,PNV,Vietnamese,F,test,ai-training/datasets/l2-arctic/raw/l2arctic_release_v5.0/PNV/wav/arctic_b0510.wav,He knew what taboos he was violating,1,non_native,l2_learner,arctic_b0510
l2_arctic,PNV,Vietnamese,F,test,ai-training/datasets/l2-arctic/raw/l2arctic_release_v5.0/PNV/wav/arctic_b0511.wav,Do you value your hide,1,non_native,l2_learner,arctic_b0511
l2_arctic,PNV,Vietnamese,F,test,ai-training/datasets/l2-arctic/raw/l2arctic_release_v5.0/PNV/wav/arctic_b0512.wav,You should have seen them when they heard me spitting Chinook,1,non_native,l2_learner,arctic_b0512
l2_arctic,PNV,Vietnamese,F,test,ai-training/datasets/l2-arctic/raw/l2arctic_release_v5.0/PNV/wav/arctic_b0513.wav,He plodded on for half an hour when the hallucination arose again,1,non_native,l2_learner,arctic_b0513
l2_arctic,PNV,Vietnamese,F,test,ai-training/datasets/l2-arctic/raw/l2arctic_release_v5.0/PNV/wav/arctic_b0514.wav,Tomorrow or next day it might he gone,1,non_native,l2_learner,arctic_b0514
l2_arctic,PNV,Vietnamese,F,test,ai-training/datasets/l2-arctic/raw/l2arctic_release_v5.0/PNV/wav/arctic_b0515.wav,But already he had composed himself,1,non_native,l2_learner,arctic_b0515
l2_arctic,PNV,Vietnamese,F,test,ai-training/datasets/l2-arctic/raw/l2arctic_release_v5.0/PNV/wav/arctic_b0516.wav,Zilla relaxed her sour mouth long enough to sigh her satisfaction,1,non_native,l2_learner,arctic_b0516
l2_arctic,PNV,Vietnamese,F,test,ai-training/datasets/l2-arctic/raw/l2arctic_release_v5.0/PNV/wav/arctic_b0517.wav,Eggshell is not good to eat,1,non_native,l2_learner,arctic_b0517
l2_arctic,PNV,Vietnamese,F,test,ai-training/datasets/l2-arctic/raw/l2arctic_release_v5.0/PNV/wav/arctic_b0518.wav,But there was also talk of witchcraft in the village,1,non_native,l2_learner,arctic_b0518
l2_arctic,PNV,Vietnamese,F,test,ai-training/datasets/l2-arctic/raw/l2arctic_release_v5.0/PNV/wav/arctic_b0519.wav,Yea I will tell thee,1,non_native,l2_learner,arctic_b0519
l2_arctic,PNV,Vietnamese,F,test,ai-training/datasets/l2-arctic/raw/l2arctic_release_v5.0/PNV/wav/arctic_b0520.wav,Hans hurled himself upon the prostrate man striking madly with his fists,1,non_native,l2_learner,arctic_b0520
l2_arctic,PNV,Vietnamese,F,test,ai-training/datasets/l2-arctic/raw/l2arctic_release_v5.0/PNV/wav/arctic_b0521.wav,And he thought of Oona and of her words,1,non_native,l2_learner,arctic_b0521
l2_arctic,PNV,Vietnamese,F,test,ai-training/datasets/l2-arctic/raw/l2arctic_release_v5.0/PNV/wav/arctic_b0522.wav,Nor would it thaw out his hands and feet,1,non_native,l2_learner,arctic_b0522
l2_arctic,PNV,Vietnamese,F,test,ai-training/datasets/l2-arctic/raw/l2arctic_release_v5.0/PNV/wav/arctic_b0523.wav,The Russian music player the Count was her obedient slave,1,non_native,l2_learner,arctic_b0523
l2_arctic,PNV,Vietnamese,F,test,ai-training/datasets/l2-arctic/raw/l2arctic_release_v5.0/PNV/wav/arctic_b0524.wav,So far as flags were concerned they were beyond all jurisdiction,1,non_native,l2_learner,arctic_b0524
l2_arctic,PNV,Vietnamese,F,test,ai-training/datasets/l2-arctic/raw/l2arctic_release_v5.0/PNV/wav/arctic_b0525.wav,New idea he volunteered brand new idea,1,non_native,l2_learner,arctic_b0525
l2_arctic,PNV,Vietnamese,F,test,ai-training/datasets/l2-arctic/raw/l2arctic_release_v5.0/PNV/wav/arctic_b0526.wav,Thirty pounds said the captain with finality,1,non_native,l2_learner,arctic_b0526
l2_arctic,PNV,Vietnamese,F,test,ai-training/datasets/l2-arctic/raw/l2arctic_release_v5.0/PNV/wav/arctic_b0527.wav,The very idea of it was preposterous,1,non_native,l2_learner,arctic_b0527
l2_arctic,PNV,Vietnamese,F,test,ai-training/datasets/l2-arctic/raw/l2arctic_release_v5.0/PNV/wav/arctic_b0528.wav,Captain Doane's orders were swiftly obeyed,1,non_native,l2_learner,arctic_b0528
l2_arctic,PNV,Vietnamese,F,test,ai-training/datasets/l2-arctic/raw/l2arctic_release_v5.0/PNV/wav/arctic_b0529.wav,Come on Del Mar challenged,1,non_native,l2_learner,arctic_b0529
l2_arctic,PNV,Vietnamese,F,test,ai-training/datasets/l2-arctic/raw/l2arctic_release_v5.0/PNV/wav/arctic_b0530.wav,He had a big chimpanzee that was a winner,1,non_native,l2_learner,arctic_b0530
l2_arctic,PNV,Vietnamese,F,test,ai-training/datasets/l2-arctic/raw/l2arctic_release_v5.0/PNV/wav/arctic_b0531.wav,I am sure it must have been some adventure,1,non_native,l2_learner,arctic_b0531
l2_arctic,PNV,Vietnamese,F,test,ai-training/datasets/l2-arctic/raw/l2arctic_release_v5.0/PNV/wav/arctic_b0532.wav,That Longfellow chap most likely had written countless books of poetry,1,non_native,l2_learner,arctic_b0532
l2_arctic,PNV,Vietnamese,F,test,ai-training/datasets/l2-arctic/raw/l2arctic_release_v5.0/PNV/wav/arctic_b0533.wav,His abnormal power of vision made abstractions take on concrete form,1,non_native,l2_learner,arctic_b0533
l2_arctic,PNV,Vietnamese,F,test,ai-training/datasets/l2-arctic/raw/l2arctic_release_v5.0/PNV/wav/arctic_b0534.wav,I'll tell you the librarian said with a brightening face,1,non_native,l2_learner,arctic_b0534
l2_arctic,PNV,Vietnamese,F,test,ai-training/datasets/l2-arctic/raw/l2arctic_release_v5.0/PNV/wav/arctic_b0535.wav,He read his fragments aloud,1,non_native,l2_learner,arctic_b0535
l2_arctic,PNV,Vietnamese,F,test,ai-training/datasets/l2-arctic/raw/l2arctic_release_v5.0/PNV/wav/arctic_b0536.wav,Typhoid did I tell you,1,non_native,l2_learner,arctic_b0536
l2_arctic,PNV,Vietnamese,F,test,ai-training/datasets/l2-arctic/raw/l2arctic_release_v5.0/PNV/wav/arctic_b0537.wav,But she had become an automaton,1,non_native,l2_learner,arctic_b0537
l2_arctic,PNV,Vietnamese,F,test,ai-training/datasets/l2-arctic/raw/l2arctic_release_v5.0/PNV/wav/arctic_b0538.wav,At the best they were necessary accessories,1,non_native,l2_learner,arctic_b0538
l2_arctic,PNV,Vietnamese,F,test,ai-training/datasets/l2-arctic/raw/l2arctic_release_v5.0/PNV/wav/arctic_b0539.wav,You were making them talk shop Ruth charged him,1,non_native,l2_learner,arctic_b0539
l2_arctic,THV,Vietnamese,F,train,ai-training/datasets/l2-arctic/raw/l2arctic_release_v5.0/THV/wav/arctic_a0001.wav,Author of the danger trail Philip Steels etc,1,non_native,l2_learner,arctic_a0001
l2_arctic,THV,Vietnamese,F,train,ai-training/datasets/l2-arctic/raw/l2arctic_release_v5.0/THV/wav/arctic_a0002.wav,Not at this particular case Tom apologized Whittemore,1,non_native,l2_learner,arctic_a0002
l2_arctic,THV,Vietnamese,F,train,ai-training/datasets/l2-arctic/raw/l2arctic_release_v5.0/THV/wav/arctic_a0003.wav,For the twentieth time that evening the two men shook hands,1,non_native,l2_learner,arctic_a0003
l2_arctic,THV,Vietnamese,F,train,ai-training/datasets/l2-arctic/raw/l2arctic_release_v5.0/THV/wav/arctic_a0004.wav,Lord but I'm glad to see you again Phil,1,non_native,l2_learner,arctic_a0004
l2_arctic,THV,Vietnamese,F,train,ai-training/datasets/l2-arctic/raw/l2arctic_release_v5.0/THV/wav/arctic_a0005.wav,Will we ever forget it,1,non_native,l2_learner,arctic_a0005
l2_arctic,THV,Vietnamese,F,train,ai-training/datasets/l2-arctic/raw/l2arctic_release_v5.0/THV/wav/arctic_a0006.wav,God bless 'em I hope I'll go on seeing them forever,1,non_native,l2_learner,arctic_a0006
l2_arctic,THV,Vietnamese,F,train,ai-training/datasets/l2-arctic/raw/l2arctic_release_v5.0/THV/wav/arctic_a0007.wav,And you always want to see it in the superlative degree,1,non_native,l2_learner,arctic_a0007
l2_arctic,THV,Vietnamese,F,train,ai-training/datasets/l2-arctic/raw/l2arctic_release_v5.0/THV/wav/arctic_a0008.wav,Gad your letter came just in time,1,non_native,l2_learner,arctic_a0008
l2_arctic,THV,Vietnamese,F,train,ai-training/datasets/l2-arctic/raw/l2arctic_release_v5.0/THV/wav/arctic_a0009.wav,He turned sharply and faced Gregson across the table,1,non_native,l2_learner,arctic_a0009
l2_arctic,THV,Vietnamese,F,train,ai-training/datasets/l2-arctic/raw/l2arctic_release_v5.0/THV/wav/arctic_a0010.wav,I'm playing a single hand in what looks like a losing game,1,non_native,l2_learner,arctic_a0010
l2_arctic,THV,Vietnamese,F,train,ai-training/datasets/l2-arctic/raw/l2arctic_release_v5.0/THV/wav/arctic_a0011.wav,If I ever needed a fighter in my life I need one now,1,non_native,l2_learner,arctic_a0011
l2_arctic,THV,Vietnamese,F,train,ai-training/datasets/l2-arctic/raw/l2arctic_release_v5.0/THV/wav/arctic_a0012.wav,Gregson shoved back his chair and rose to his feet,1,non_native,l2_learner,arctic_a0012
l2_arctic,THV,Vietnamese,F,train,ai-training/datasets/l2-arctic/raw/l2arctic_release_v5.0/THV/wav/arctic_a0013.wav,He was a head shorter than his companion of almost delicate physique,1,non_native,l2_learner,arctic_a0013
l2_arctic,THV,Vietnamese,F,train,ai-training/datasets/l2-arctic/raw/l2arctic_release_v5.0/THV/wav/arctic_a0014.wav,Now you're coming down to business Phil he exclaimed,1,non_native,l2_learner,arctic_a0014
l2_arctic,THV,Vietnamese,F,train,ai-training/datasets/l2-arctic/raw/l2arctic_release_v5.0/THV/wav/arctic_a0015.wav,It's the aurora borealis,1,non_native,l2_learner,arctic_a0015
l2_arctic,THV,Vietnamese,F,train,ai-training/datasets/l2-arctic/raw/l2arctic_release_v5.0/THV/wav/arctic_a0016.wav,There's Fort Churchill a rifle shot beyond the ridge asleep,1,non_native,l2_learner,arctic_a0016
l2_arctic,THV,Vietnamese,F,train,ai-training/datasets/l2-arctic/raw/l2arctic_release_v5.0/THV/wav/arctic_a0017.wav,From that moment his friendship for Belize turns to hatred and jealousy,1,non_native,l2_learner,arctic_a0017
l2_arctic,THV,Vietnamese,F,train,ai-training/datasets/l2-arctic/raw/l2arctic_release_v5.0/THV/wav/arctic_a0018.wav,There was a change now,1,non_native,l2_learner,arctic_a0018
l2_arctic,THV,Vietnamese,F,train,ai-training/datasets/l2-arctic/raw/l2arctic_release_v5.0/THV/wav/arctic_a0019.wav,I followed the line of the proposed railroad looking for chances,1,non_native,l2_learner,arctic_a0019
l2_arctic,THV,Vietnamese,F,train,ai-training/datasets/l2-arctic/raw/l2arctic_release_v5.0/THV/wav/arctic_a0020.wav,Clubs and balls and cities grew to be only memories,1,non_native,l2_learner,arctic_a0020
l2_arctic,THV,Vietnamese,F,train,ai-training/datasets/l2-arctic/raw/l2arctic_release_v5.0/THV/wav/arctic_a0021.wav,It fairly clubbed me into recognizing it,1,non_native,l2_learner,arctic_a0021
l2_arctic,THV,Vietnamese,F,train,ai-training/datasets/l2-arctic/raw/l2arctic_release_v5.0/THV/wav/arctic_a0022.wav,Hardly were our plans made public before we were met by powerful opposition,1,non_native,l2_learner,arctic_a0022
l2_arctic,THV,Vietnamese,F,train,ai-training/datasets/l2-arctic/raw/l2arctic_release_v5.0/THV/wav/arctic_a0023.wav,A combination of Canadian capital quickly organized and petitioned for the same privileges,1,non_native,l2_learner,arctic_a0023
l2_arctic,THV,Vietnamese,F,train,ai-training/datasets/l2-arctic/raw/l2arctic_release_v5.0/THV/wav/arctic_a0024.wav,It was my reports from the north which chiefly induced people to buy,1,non_native,l2_learner,arctic_a0024
l2_arctic,THV,Vietnamese,F,train,ai-training/datasets/l2-arctic/raw/l2arctic_release_v5.0/THV/wav/arctic_a0025.wav,I was about to do this when cooler judgment prevailed,1,non_native,l2_learner,arctic_a0025
l2_arctic,THV,Vietnamese,F,train,ai-training/datasets/l2-arctic/raw/l2arctic_release_v5.0/THV/wav/arctic_a0026.wav,It occurred to me that there would have to be an accounting,1,non_native,l2_learner,arctic_a0026
l2_arctic,THV,Vietnamese,F,train,ai-training/datasets/l2-arctic/raw/l2arctic_release_v5.0/THV/wav/arctic_a0027.wav,To my surprise he began to show actual enthusiasm in my favor,1,non_native,l2_learner,arctic_a0027
l2_arctic,THV,Vietnamese,F,train,ai-training/datasets/l2-arctic/raw/l2arctic_release_v5.0/THV/wav/arctic_a0028.wav,Robbery bribery fraud,1,non_native,l2_learner,arctic_a0028
l2_arctic,THV,Vietnamese,F,train,ai-training/datasets/l2-arctic/raw/l2arctic_release_v5.0/THV/wav/arctic_a0029.wav,Their forces were already moving into the north country,1,non_native,l2_learner,arctic_a0029
l2_arctic,THV,Vietnamese,F,train,ai-training/datasets/l2-arctic/raw/l2arctic_release_v5.0/THV/wav/arctic_a0030.wav,I had faith in them,1,non_native,l2_learner,arctic_a0030
l2_arctic,THV,Vietnamese,F,train,ai-training/datasets/l2-arctic/raw/l2arctic_release_v5.0/THV/wav/arctic_a0031.wav,They were three hundred yards apart,1,non_native,l2_learner,arctic_a0031
l2_arctic,THV,Vietnamese,F,train,ai-training/datasets/l2-arctic/raw/l2arctic_release_v5.0/THV/wav/arctic_a0032.wav,Since then some mysterious force has been fighting us at every step,1,non_native,l2_learner,arctic_a0032
l2_arctic,THV,Vietnamese,F,train,ai-training/datasets/l2-arctic/raw/l2arctic_release_v5.0/THV/wav/arctic_a0033.wav,He unfolded a long typewritten letter and handed it to Gregson,1,non_native,l2_learner,arctic_a0033
l2_arctic,THV,Vietnamese,F,train,ai-training/datasets/l2-arctic/raw/l2arctic_release_v5.0/THV/wav/arctic_a0034.wav,Men of Selden's stamp don't stop at women and children,1,non_native,l2_learner,arctic_a0034
l2_arctic,THV,Vietnamese,F,train,ai-training/datasets/l2-arctic/raw/l2arctic_release_v5.0/THV/wav/arctic_a0035.wav,He stopped and Philip nodded at the horrified question in his eyes,1,non_native,l2_learner,arctic_a0035
l2_arctic,THV,Vietnamese,F,train,ai-training/datasets/l2-arctic/raw/l2arctic_release_v5.0/THV/wav/arctic_a0036.wav,She turned in at the hotel,1,non_native,l2_learner,arctic_a0036
l2_arctic,THV,Vietnamese,F,train,ai-training/datasets/l2-arctic/raw/l2arctic_release_v5.0/THV/wav/arctic_a0037.wav,I was the only one who remained sitting,1,non_native,l2_learner,arctic_a0037
l2_arctic,THV,Vietnamese,F,train,ai-training/datasets/l2-arctic/raw/l2arctic_release_v5.0/THV/wav/arctic_a0038.wav,We'll have to watch our chances,1,non_native,l2_learner,arctic_a0038
l2_arctic,THV,Vietnamese,F,train,ai-training/datasets/l2-arctic/raw/l2arctic_release_v5.0/THV/wav/arctic_a0039.wav,The ship should be in within a week or ten days,1,non_native,l2_learner,arctic_a0039
l2_arctic,THV,Vietnamese,F,train,ai-training/datasets/l2-arctic/raw/l2arctic_release_v5.0/THV/wav/arctic_a0040.wav,I suppose you wonder why she is coming up here,1,non_native,l2_learner,arctic_a0040
l2_arctic,THV,Vietnamese,F,train,ai-training/datasets/l2-arctic/raw/l2arctic_release_v5.0/THV/wav/arctic_a0041.wav,Meanwhile I'll go out to breathe a spell,1,non_native,l2_learner,arctic_a0041
l2_arctic,THV,Vietnamese,F,train,ai-training/datasets/l2-arctic/raw/l2arctic_release_v5.0/THV/wav/arctic_a0042.wav,How could he explain his possession of the sketch,1,non_native,l2_learner,arctic_a0042
l2_arctic,THV,Vietnamese,F,train,ai-training/datasets/l2-arctic/raw/l2arctic_release_v5.0/THV/wav/arctic_a0043.wav,It seemed nearer to him since he had seen and talked with Gregson,1,non_native,l2_learner,arctic_a0043
l2_arctic,THV,Vietnamese,F,train,ai-training/datasets/l2-arctic/raw/l2arctic_release_v5.0/THV/wav/arctic_a0044.wav,Her own betrayal of herself was like tonic to Philip,1,non_native,l2_learner,arctic_a0044
l2_arctic,THV,Vietnamese,F,train,ai-training/datasets/l2-arctic/raw/l2arctic_release_v5.0/THV/wav/arctic_a0045.wav,He moved away as quietly as he had come,1,non_native,l2_learner,arctic_a0045
l2_arctic,THV,Vietnamese,F,train,ai-training/datasets/l2-arctic/raw/l2arctic_release_v5.0/THV/wav/arctic_a0046.wav,The girl faced him her eyes shining with sudden fear,1,non_native,l2_learner,arctic_a0046
l2_arctic,THV,Vietnamese,F,train,ai-training/datasets/l2-arctic/raw/l2arctic_release_v5.0/THV/wav/arctic_a0047.wav,Close beside him gleamed the white fangs of the wolf dog,1,non_native,l2_learner,arctic_a0047
l2_arctic,THV,Vietnamese,F,train,ai-training/datasets/l2-arctic/raw/l2arctic_release_v5.0/THV/wav/arctic_a0048.wav,He looked at the handkerchief more closely,1,non_native,l2_learner,arctic_a0048
l2_arctic,THV,Vietnamese,F,train,ai-training/datasets/l2-arctic/raw/l2arctic_release_v5.0/THV/wav/arctic_a0049.wav,Gregson was asleep when he reentered the cabin,1,non_native,l2_learner,arctic_a0049
l2_arctic,THV,Vietnamese,F,train,ai-training/datasets/l2-arctic/raw/l2arctic_release_v5.0/THV/wav/arctic_a0050.wav,In spite of their absurdity the words affected Philip curiously,1,non_native,l2_learner,arctic_a0050
l2_arctic,THV,Vietnamese,F,train,ai-training/datasets/l2-arctic/raw/l2arctic_release_v5.0/THV/wav/arctic_a0051.wav,The lace was of a delicate ivory color faintly tinted with yellow,1,non_native,l2_learner,arctic_a0051
l2_arctic,THV,Vietnamese,F,train,ai-training/datasets/l2-arctic/raw/l2arctic_release_v5.0/THV/wav/arctic_a0052.wav,It was a curious coincidence,1,non_native,l2_learner,arctic_a0052
l2_arctic,THV,Vietnamese,F,train,ai-training/datasets/l2-arctic/raw/l2arctic_release_v5.0/THV/wav/arctic_a0053.wav,Suddenly his fingers closed tightly over the handkerchief,1,non_native,l2_learner,arctic_a0053
l2_arctic,THV,Vietnamese,F,train,ai-training/datasets/l2-arctic/raw/l2arctic_release_v5.0/THV/wav/arctic_a0054.wav,There was nothing on the rock,1,non_native,l2_learner,arctic_a0054
l2_arctic,THV,Vietnamese,F,train,ai-training/datasets/l2-arctic/raw/l2arctic_release_v5.0/THV/wav/arctic_a0055.wav,Philip stood undecided his ears strained to catch the slightest sound,1,non_native,l2_learner,arctic_a0055
l2_arctic,THV,Vietnamese,F,train,ai-training/datasets/l2-arctic/raw/l2arctic_release_v5.0/THV/wav/arctic_a0056.wav,Pearce's little eyes were fixed on him shrewdly,1,non_native,l2_learner,arctic_a0056
l2_arctic,THV,Vietnamese,F,train,ai-training/datasets/l2-arctic/raw/l2arctic_release_v5.0/THV/wav/arctic_a0057.wav,I have no idea replied Philip,1,non_native,l2_learner,arctic_a0057
l2_arctic,THV,Vietnamese,F,train,ai-training/datasets/l2-arctic/raw/l2arctic_release_v5.0/THV/wav/arctic_a0058.wav,I came for information more out of curiosity than anything else,1,non_native,l2_learner,arctic_a0058
l2_arctic,THV,Vietnamese,F,train,ai-training/datasets/l2-arctic/raw/l2arctic_release_v5.0/THV/wav/arctic_a0059.wav,His immaculate appearance was gone,1,non_native,l2_learner,arctic_a0059
l2_arctic,THV,Vietnamese,F,train,ai-training/datasets/l2-arctic/raw/l2arctic_release_v5.0/THV/wav/arctic_a0060.wav,Anyway no one saw her like that,1,non_native,l2_learner,arctic_a0060
l2_arctic,THV,Vietnamese,F,train,ai-training/datasets/l2-arctic/raw/l2arctic_release_v5.0/THV/wav/arctic_a0061.wav,Philip snatched at the letter which Gregson held out to him,1,non_native,l2_learner,arctic_a0061
l2_arctic,THV,Vietnamese,F,train,ai-training/datasets/l2-arctic/raw/l2arctic_release_v5.0/THV/wav/arctic_a0062.wav,The men stared into each other's face,1,non_native,l2_learner,arctic_a0062
l2_arctic,THV,Vietnamese,F,train,ai-training/datasets/l2-arctic/raw/l2arctic_release_v5.0/THV/wav/arctic_a0063.wav,Yes it was a man who asked a stranger,1,non_native,l2_learner,arctic_a0063
l2_arctic,THV,Vietnamese,F,train,ai-training/datasets/l2-arctic/raw/l2arctic_release_v5.0/THV/wav/arctic_a0064.wav,The fourth and fifth days passed without any developments,1,non_native,l2_learner,arctic_a0064
l2_arctic,THV,Vietnamese,F,train,ai-training/datasets/l2-arctic/raw/l2arctic_release_v5.0/THV/wav/arctic_a0065.wav,They closed now until his fingers were like cords of steel,1,non_native,l2_learner,arctic_a0065
l2_arctic,THV,Vietnamese,F,train,ai-training/datasets/l2-arctic/raw/l2arctic_release_v5.0/THV/wav/arctic_a0066.wav,He saw Jeanne falter for a moment,1,non_native,l2_learner,arctic_a0066
l2_arctic,THV,Vietnamese,F,train,ai-training/datasets/l2-arctic/raw/l2arctic_release_v5.0/THV/wav/arctic_a0067.wav,Surely I will excuse you she cried,1,non_native,l2_learner,arctic_a0067
l2_arctic,THV,Vietnamese,F,train,ai-training/datasets/l2-arctic/raw/l2arctic_release_v5.0/THV/wav/arctic_a0068.wav,In a flash Philip followed its direction,1,non_native,l2_learner,arctic_a0068
l2_arctic,THV,Vietnamese,F,train,ai-training/datasets/l2-arctic/raw/l2arctic_release_v5.0/THV/wav/arctic_a0069.wav,It was his intention to return to Eileen and her father,1,non_native,l2_learner,arctic_a0069
l2_arctic,THV,Vietnamese,F,train,ai-training/datasets/l2-arctic/raw/l2arctic_release_v5.0/THV/wav/arctic_a0070.wav,He would first hunt up Gregson and begin his work there,1,non_native,l2_learner,arctic_a0070
l2_arctic,THV,Vietnamese,F,train,ai-training/datasets/l2-arctic/raw/l2arctic_release_v5.0/THV/wav/arctic_a0071.wav,What was the object of your little sensation,1,non_native,l2_learner,arctic_a0071
l2_arctic,THV,Vietnamese,F,train,ai-training/datasets/l2-arctic/raw/l2arctic_release_v5.0/THV/wav/arctic_a0072.wav,But who was Eileen's double,1,non_native,l2_learner,arctic_a0072
l2_arctic,THV,Vietnamese,F,train,ai-training/datasets/l2-arctic/raw/l2arctic_release_v5.0/THV/wav/arctic_a0073.wav,The promoter's eyes were heavy with little puffy bags under them,1,non_native,l2_learner,arctic_a0073
l2_arctic,THV,Vietnamese,F,train,ai-training/datasets/l2-arctic/raw/l2arctic_release_v5.0/THV/wav/arctic_a0074.wav,And now down there Eileen was waiting for him,1,non_native,l2_learner,arctic_a0074
l2_arctic,THV,Vietnamese,F,train,ai-training/datasets/l2-arctic/raw/l2arctic_release_v5.0/THV/wav/arctic_a0075.wav,There has been a change she interrupted him,1,non_native,l2_learner,arctic_a0075
l2_arctic,THV,Vietnamese,F,train,ai-training/datasets/l2-arctic/raw/l2arctic_release_v5.0/THV/wav/arctic_a0076.wav,The gray eyes faltered the flush deepened,1,non_native,l2_learner,arctic_a0076
l2_arctic,THV,Vietnamese,F,train,ai-training/datasets/l2-arctic/raw/l2arctic_release_v5.0/THV/wav/arctic_a0077.wav,It is the fire partly she said,1,non_native,l2_learner,arctic_a0077
l2_arctic,THV,Vietnamese,F,train,ai-training/datasets/l2-arctic/raw/l2arctic_release_v5.0/THV/wav/arctic_a0078.wav,Then and at supper he tried to fathom her,1,non_native,l2_learner,arctic_a0078
l2_arctic,THV,Vietnamese,F,train,ai-training/datasets/l2-arctic/raw/l2arctic_release_v5.0/THV/wav/arctic_a0079.wav,It was a large canoe,1,non_native,l2_learner,arctic_a0079
l2_arctic,THV,Vietnamese,F,train,ai-training/datasets/l2-arctic/raw/l2arctic_release_v5.0/THV/wav/arctic_a0080.wav,What if Jeanne failed him,1,non_native,l2_learner,arctic_a0080
l2_arctic,THV,Vietnamese,F,train,ai-training/datasets/l2-arctic/raw/l2arctic_release_v5.0/THV/wav/arctic_a0081.wav,What if she did not come to the rock,1,non_native,l2_learner,arctic_a0081
l2_arctic,THV,Vietnamese,F,train,ai-training/datasets/l2-arctic/raw/l2arctic_release_v5.0/THV/wav/arctic_a0082.wav,His face was streaming with blood,1,non_native,l2_learner,arctic_a0082
l2_arctic,THV,Vietnamese,F,train,ai-training/datasets/l2-arctic/raw/l2arctic_release_v5.0/THV/wav/arctic_a0083.wav,A shadow was creeping over Pierre's eyes,1,non_native,l2_learner,arctic_a0083
l2_arctic,THV,Vietnamese,F,train,ai-training/datasets/l2-arctic/raw/l2arctic_release_v5.0/THV/wav/arctic_a0084.wav,Scarcely had he uttered the name when Pierre's closing eyes shot open,1,non_native,l2_learner,arctic_a0084
l2_arctic,THV,Vietnamese,F,train,ai-training/datasets/l2-arctic/raw/l2arctic_release_v5.0/THV/wav/arctic_a0085.wav,A trickle of fresh blood ran over his face,1,non_native,l2_learner,arctic_a0085
l2_arctic,THV,Vietnamese,F,train,ai-training/datasets/l2-arctic/raw/l2arctic_release_v5.0/THV/wav/arctic_a0086.wav,Death had come with terrible suddenness,1,non_native,l2_learner,arctic_a0086
l2_arctic,THV,Vietnamese,F,train,ai-training/datasets/l2-arctic/raw/l2arctic_release_v5.0/THV/wav/arctic_a0087.wav,Philip bent lower and stared into the face of the dead man,1,non_native,l2_learner,arctic_a0087
l2_arctic,THV,Vietnamese,F,train,ai-training/datasets/l2-arctic/raw/l2arctic_release_v5.0/THV/wav/arctic_a0088.wav,He made sure that the magazine was loaded and resumed his paddling,1,non_native,l2_learner,arctic_a0088
l2_arctic,THV,Vietnamese,F,train,ai-training/datasets/l2-arctic/raw/l2arctic_release_v5.0/THV/wav/arctic_a0089.wav,The night glow was treacherous to shoot by,1,non_native,l2_learner,arctic_a0089
l2_arctic,THV,Vietnamese,F,train,ai-training/datasets/l2-arctic/raw/l2arctic_release_v5.0/THV/wav/arctic_a0090.wav,The singing voice approached rapidly,1,non_native,l2_learner,arctic_a0090
l2_arctic,THV,Vietnamese,F,train,ai-training/datasets/l2-arctic/raw/l2arctic_release_v5.0/THV/wav/arctic_a0091.wav,His blood grew hot with rage at the thought,1,non_native,l2_learner,arctic_a0091
l2_arctic,THV,Vietnamese,F,train,ai-training/datasets/l2-arctic/raw/l2arctic_release_v5.0/THV/wav/arctic_a0092.wav,He went down in midstream searching the shadows of both shores,1,non_native,l2_learner,arctic_a0092
l2_arctic,THV,Vietnamese,F,train,ai-training/datasets/l2-arctic/raw/l2arctic_release_v5.0/THV/wav/arctic_a0093.wav,For a full minute he crouched and listened,1,non_native,l2_learner,arctic_a0093
l2_arctic,THV,Vietnamese,F,train,ai-training/datasets/l2-arctic/raw/l2arctic_release_v5.0/THV/wav/arctic_a0094.wav,He had barely entered this when he saw the glow of a fire,1,non_native,l2_learner,arctic_a0094
l2_arctic,THV,Vietnamese,F,train,ai-training/datasets/l2-arctic/raw/l2arctic_release_v5.0/THV/wav/arctic_a0095.wav,A big canvas tent was the first thing to come within his vision,1,non_native,l2_learner,arctic_a0095
l2_arctic,THV,Vietnamese,F,train,ai-training/datasets/l2-arctic/raw/l2arctic_release_v5.0/THV/wav/arctic_a0096.wav,Perhaps she had already met her fate a little deeper in the forest,1,non_native,l2_learner,arctic_a0096
l2_arctic,THV,Vietnamese,F,train,ai-training/datasets/l2-arctic/raw/l2arctic_release_v5.0/THV/wav/arctic_a0097.wav,Then you can arrange yourself comfortably among these robes in the bow,1,non_native,l2_learner,arctic_a0097
l2_arctic,THV,Vietnamese,F,train,ai-training/datasets/l2-arctic/raw/l2arctic_release_v5.0/THV/wav/arctic_a0098.wav,Shall I carry you,1,non_native,l2_learner,arctic_a0098
l2_arctic,THV,Vietnamese,F,train,ai-training/datasets/l2-arctic/raw/l2arctic_release_v5.0/THV/wav/arctic_a0099.wav,A maddening joy pounded in his brain,1,non_native,l2_learner,arctic_a0099
l2_arctic,THV,Vietnamese,F,train,ai-training/datasets/l2-arctic/raw/l2arctic_release_v5.0/THV/wav/arctic_a0100.wav,You must sleep he urged,1,non_native,l2_learner,arctic_a0100
l2_arctic,THV,Vietnamese,F,train,ai-training/datasets/l2-arctic/raw/l2arctic_release_v5.0/THV/wav/arctic_a0101.wav,You you would not keep the truth from me,1,non_native,l2_learner,arctic_a0101
l2_arctic,THV,Vietnamese,F,train,ai-training/datasets/l2-arctic/raw/l2arctic_release_v5.0/THV/wav/arctic_a0102.wav,He will follow us soon,1,non_native,l2_learner,arctic_a0102
l2_arctic,THV,Vietnamese,F,train,ai-training/datasets/l2-arctic/raw/l2arctic_release_v5.0/THV/wav/arctic_a0103.wav,But there came no promise from the bow of the canoe,1,non_native,l2_learner,arctic_a0103
l2_arctic,THV,Vietnamese,F,train,ai-training/datasets/l2-arctic/raw/l2arctic_release_v5.0/THV/wav/arctic_a0104.wav,She was sleeping under his protection as sweetly as a child,1,non_native,l2_learner,arctic_a0104
l2_arctic,THV,Vietnamese,F,train,ai-training/datasets/l2-arctic/raw/l2arctic_release_v5.0/THV/wav/arctic_a0105.wav,Only it is so wonderful so almost impossible to believe,1,non_native,l2_learner,arctic_a0105
l2_arctic,THV,Vietnamese,F,train,ai-training/datasets/l2-arctic/raw/l2arctic_release_v5.0/THV/wav/arctic_a0106.wav,The emotion which she had suppressed burst forth now in a choking sob,1,non_native,l2_learner,arctic_a0106
l2_arctic,THV,Vietnamese,F,train,ai-training/datasets/l2-arctic/raw/l2arctic_release_v5.0/THV/wav/arctic_a0107.wav,If you only could know how I thank you,1,non_native,l2_learner,arctic_a0107
l2_arctic,THV,Vietnamese,F,train,ai-training/datasets/l2-arctic/raw/l2arctic_release_v5.0/THV/wav/arctic_a0108.wav,He waded into the edge of the water and began scrubbing himself,1,non_native,l2_learner,arctic_a0108
l2_arctic,THV,Vietnamese,F,train,ai-training/datasets/l2-arctic/raw/l2arctic_release_v5.0/THV/wav/arctic_a0109.wav,Do you know that you are shaking my confidence in you,1,non_native,l2_learner,arctic_a0109
l2_arctic,THV,Vietnamese,F,train,ai-training/datasets/l2-arctic/raw/l2arctic_release_v5.0/THV/wav/arctic_a0110.wav,Much replied Jeanne as tersely,1,non_native,l2_learner,arctic_a0110
l2_arctic,THV,Vietnamese,F,train,ai-training/datasets/l2-arctic/raw/l2arctic_release_v5.0/THV/wav/arctic_a0111.wav,Instead he joined her and they ate like two hungry children,1,non_native,l2_learner,arctic_a0111
l2_arctic,THV,Vietnamese,F,train,ai-training/datasets/l2-arctic/raw/l2arctic_release_v5.0/THV/wav/arctic_a0112.wav,He was wounded in the arm,1,non_native,l2_learner,arctic_a0112
l2_arctic,THV,Vietnamese,F,train,ai-training/datasets/l2-arctic/raw/l2arctic_release_v5.0/THV/wav/arctic_a0113.wav,I suppose you picked that lingo up among the Indians,1,non_native,l2_learner,arctic_a0113
l2_arctic,THV,Vietnamese,F,train,ai-training/datasets/l2-arctic/raw/l2arctic_release_v5.0/THV/wav/arctic_a0114.wav,Her words sent a strange chill through Philip,1,non_native,l2_learner,arctic_a0114
l2_arctic,THV,Vietnamese,F,train,ai-training/datasets/l2-arctic/raw/l2arctic_release_v5.0/THV/wav/arctic_a0115.wav,He had no excuse for the feelings which were aroused in him,1,non_native,l2_learner,arctic_a0115
l2_arctic,THV,Vietnamese,F,train,ai-training/datasets/l2-arctic/raw/l2arctic_release_v5.0/THV/wav/arctic_a0116.wav,Was it the rendezvous of those who were striving to work his ruin,1,non_native,l2_learner,arctic_a0116
l2_arctic,THV,Vietnamese,F,train,ai-training/datasets/l2-arctic/raw/l2arctic_release_v5.0/THV/wav/arctic_a0117.wav,She added with genuine sympathy in her face and voice,1,non_native,l2_learner,arctic_a0117
l2_arctic,THV,Vietnamese,F,train,ai-training/datasets/l2-arctic/raw/l2arctic_release_v5.0/THV/wav/arctic_a0118.wav,Pierre obeys me when we are together,1,non_native,l2_learner,arctic_a0118
l2_arctic,THV,Vietnamese,F,train,ai-training/datasets/l2-arctic/raw/l2arctic_release_v5.0/THV/wav/arctic_a0119.wav,Jeanne was turning the bow shoreward,1,non_native,l2_learner,arctic_a0119
l2_arctic,THV,Vietnamese,F,train,ai-training/datasets/l2-arctic/raw/l2arctic_release_v5.0/THV/wav/arctic_a0120.wav,My right foot feels like that of a Chinese debutante,1,non_native,l2_learner,arctic_a0120
l2_arctic,THV,Vietnamese,F,train,ai-training/datasets/l2-arctic/raw/l2arctic_release_v5.0/THV/wav/arctic_a0121.wav,They ate dinner at the fifth and rested for two hours,1,non_native,l2_learner,arctic_a0121
l2_arctic,THV,Vietnamese,F,train,ai-training/datasets/l2-arctic/raw/l2arctic_release_v5.0/THV/wav/arctic_a0122.wav,Two years ago I gave up civilization for this,1,non_native,l2_learner,arctic_a0122
l2_arctic,THV,Vietnamese,F,train,ai-training/datasets/l2-arctic/raw/l2arctic_release_v5.0/THV/wav/arctic_a0123.wav,She had died from cold and starvation,1,non_native,l2_learner,arctic_a0123
l2_arctic,THV,Vietnamese,F,train,ai-training/datasets/l2-arctic/raw/l2arctic_release_v5.0/THV/wav/arctic_a0124.wav,It was Jeanne singing softly over beyond the rocks,1,non_native,l2_learner,arctic_a0124
l2_arctic,THV,Vietnamese,F,train,ai-training/datasets/l2-arctic/raw/l2arctic_release_v5.0/THV/wav/arctic_a0125.wav,He was determined now to maintain a more certain hold upon himself,1,non_native,l2_learner,arctic_a0125
l2_arctic,THV,Vietnamese,F,train,ai-training/datasets/l2-arctic/raw/l2arctic_release_v5.0/THV/wav/arctic_a0126.wav,Each day she became a more vital part of him,1,non_native,l2_learner,arctic_a0126
l2_arctic,THV,Vietnamese,F,train,ai-training/datasets/l2-arctic/raw/l2arctic_release_v5.0/THV/wav/arctic_a0127.wav,It was a temptation but he resisted it,1,non_native,l2_learner,arctic_a0127
l2_arctic,THV,Vietnamese,F,train,ai-training/datasets/l2-arctic/raw/l2arctic_release_v5.0/THV/wav/arctic_a0128.wav,This one hope was destroyed as quickly as it was born,1,non_native,l2_learner,arctic_a0128
l2_arctic,THV,Vietnamese,F,train,ai-training/datasets/l2-arctic/raw/l2arctic_release_v5.0/THV/wav/arctic_a0129.wav,Her face was against his breast,1,non_native,l2_learner,arctic_a0129
l2_arctic,THV,Vietnamese,F,train,ai-training/datasets/l2-arctic/raw/l2arctic_release_v5.0/THV/wav/arctic_a0130.wav,She was his now forever,1,non_native,l2_learner,arctic_a0130
l2_arctic,THV,Vietnamese,F,train,ai-training/datasets/l2-arctic/raw/l2arctic_release_v5.0/THV/wav/arctic_a0131.wav,Providence had delivered him through the maelstrom,1,non_native,l2_learner,arctic_a0131
l2_arctic,THV,Vietnamese,F,train,ai-training/datasets/l2-arctic/raw/l2arctic_release_v5.0/THV/wav/arctic_a0132.wav,A cry of joy burst from Philip's lips,1,non_native,l2_learner,arctic_a0132
l2_arctic,THV,Vietnamese,F,train,ai-training/datasets/l2-arctic/raw/l2arctic_release_v5.0/THV/wav/arctic_a0133.wav,Philip began to feel that he had foolishly overestimated his strength,1,non_native,l2_learner,arctic_a0133
l2_arctic,THV,Vietnamese,F,train,ai-training/datasets/l2-arctic/raw/l2arctic_release_v5.0/THV/wav/arctic_a0134.wav,He obeyed the pressure of her hand,1,non_native,l2_learner,arctic_a0134
l2_arctic,THV,Vietnamese,F,train,ai-training/datasets/l2-arctic/raw/l2arctic_release_v5.0/THV/wav/arctic_a0135.wav,I am going to surprise father and you will go with Pierre,1,non_native,l2_learner,arctic_a0135
l2_arctic,THV,Vietnamese,F,train,ai-training/datasets/l2-arctic/raw/l2arctic_release_v5.0/THV/wav/arctic_a0136.wav,About him everywhere were the evidences of luxury and of age,1,non_native,l2_learner,arctic_a0136
l2_arctic,THV,Vietnamese,F,train,ai-training/datasets/l2-arctic/raw/l2arctic_release_v5.0/THV/wav/arctic_a0137.wav,Then he stepped back with a low cry of pleasure,1,non_native,l2_learner,arctic_a0137
l2_arctic,THV,Vietnamese,F,train,ai-training/datasets/l2-arctic/raw/l2arctic_release_v5.0/THV/wav/arctic_a0138.wav,In the picture he saw each moment a greater resemblance to Jeanne,1,non_native,l2_learner,arctic_a0138
l2_arctic,THV,Vietnamese,F,train,ai-training/datasets/l2-arctic/raw/l2arctic_release_v5.0/THV/wav/arctic_a0139.wav,He told himself that as he washed himself and groomed his disheveled clothes,1,non_native,l2_learner,arctic_a0139
l2_arctic,THV,Vietnamese,F,train,ai-training/datasets/l2-arctic/raw/l2arctic_release_v5.0/THV/wav/arctic_a0140.wav,Accept a father's blessing and with it this,1,non_native,l2_learner,arctic_a0140
l2_arctic,THV,Vietnamese,F,train,ai-training/datasets/l2-arctic/raw/l2arctic_release_v5.0/THV/wav/arctic_a0141.wav,It seems like a strange pointing of the hand of God,1,non_native,l2_learner,arctic_a0141
l2_arctic,THV,Vietnamese,F,train,ai-training/datasets/l2-arctic/raw/l2arctic_release_v5.0/THV/wav/arctic_a0142.wav,Such things had occurred before he told Philip,1,non_native,l2_learner,arctic_a0142
l2_arctic,THV,Vietnamese,F,train,ai-training/datasets/l2-arctic/raw/l2arctic_release_v5.0/THV/wav/arctic_a0143.wav,Ah I had forgotten he exclaimed,1,non_native,l2_learner,arctic_a0143
l2_arctic,THV,Vietnamese,F,train,ai-training/datasets/l2-arctic/raw/l2arctic_release_v5.0/THV/wav/arctic_a0144.wav,But there was something even more startling than this resemblance,1,non_native,l2_learner,arctic_a0144
l2_arctic,THV,Vietnamese,F,train,ai-training/datasets/l2-arctic/raw/l2arctic_release_v5.0/THV/wav/arctic_a0145.wav,I have to be careful of them as they tear very easily,1,non_native,l2_learner,arctic_a0145
l2_arctic,THV,Vietnamese,F,train,ai-training/datasets/l2-arctic/raw/l2arctic_release_v5.0/THV/wav/arctic_a0146.wav,Of course that is uninteresting she continued,1,non_native,l2_learner,arctic_a0146
l2_arctic,THV,Vietnamese,F,train,ai-training/datasets/l2-arctic/raw/l2arctic_release_v5.0/THV/wav/arctic_a0147.wav,A moment before he was intoxicated by a joy that was almost madness,1,non_native,l2_learner,arctic_a0147
l2_arctic,THV,Vietnamese,F,train,ai-training/datasets/l2-arctic/raw/l2arctic_release_v5.0/THV/wav/arctic_a0148.wav,Now these things had been struck dead within him,1,non_native,l2_learner,arctic_a0148
l2_arctic,THV,Vietnamese,F,train,ai-training/datasets/l2-arctic/raw/l2arctic_release_v5.0/THV/wav/arctic_a0149.wav,For an instant he saw Pierre drawn like a silhouette against the sky,1,non_native,l2_learner,arctic_a0149
l2_arctic,THV,Vietnamese,F,train,ai-training/datasets/l2-arctic/raw/l2arctic_release_v5.0/THV/wav/arctic_a0150.wav,Goodbye Pierre he shouted,1,non_native,l2_learner,arctic_a0150
l2_arctic,THV,Vietnamese,F,train,ai-training/datasets/l2-arctic/raw/l2arctic_release_v5.0/THV/wav/arctic_a0151.wav,And MacDougall was beyond the trail with three weeks to spare,1,non_native,l2_learner,arctic_a0151
l2_arctic,THV,Vietnamese,F,train,ai-training/datasets/l2-arctic/raw/l2arctic_release_v5.0/THV/wav/arctic_a0152.wav,Philip thrust himself against it and entered,1,non_native,l2_learner,arctic_a0152
l2_arctic,THV,Vietnamese,F,train,ai-training/datasets/l2-arctic/raw/l2arctic_release_v5.0/THV/wav/arctic_a0153.wav,MacDougall tapped his forehead suspiciously with a stubby forefinger,1,non_native,l2_learner,arctic_a0153
l2_arctic,THV,Vietnamese,F,train,ai-training/datasets/l2-arctic/raw/l2arctic_release_v5.0/THV/wav/arctic_a0154.wav,He was smooth shaven and his hair and eyes were black,1,non_native,l2_learner,arctic_a0154
l2_arctic,THV,Vietnamese,F,train,ai-training/datasets/l2-arctic/raw/l2arctic_release_v5.0/THV/wav/arctic_a0155.wav,Won't you draw up gentlemen,1,non_native,l2_learner,arctic_a0155
l2_arctic,THV,Vietnamese,F,train,ai-training/datasets/l2-arctic/raw/l2arctic_release_v5.0/THV/wav/arctic_a0156.wav,A strange fire burned in his eyes when Thorpe turned,1,non_native,l2_learner,arctic_a0156
l2_arctic,THV,Vietnamese,F,train,ai-training/datasets/l2-arctic/raw/l2arctic_release_v5.0/THV/wav/arctic_a0157.wav,He had worshiped her as Dante might have worshiped Beatrice,1,non_native,l2_learner,arctic_a0157
l2_arctic,THV,Vietnamese,F,train,ai-training/datasets/l2-arctic/raw/l2arctic_release_v5.0/THV/wav/arctic_a0158.wav,Does that look good,1,non_native,l2_learner,arctic_a0158
l2_arctic,THV,Vietnamese,F,train,ai-training/datasets/l2-arctic/raw/l2arctic_release_v5.0/THV/wav/arctic_a0159.wav,They look as though he had been drumming a piano all his life,1,non_native,l2_learner,arctic_a0159
l2_arctic,THV,Vietnamese,F,train,ai-training/datasets/l2-arctic/raw/l2arctic_release_v5.0/THV/wav/arctic_a0160.wav,You want to go over and see his gang throw dirt,1,non_native,l2_learner,arctic_a0160
l2_arctic,THV,Vietnamese,F,train,ai-training/datasets/l2-arctic/raw/l2arctic_release_v5.0/THV/wav/arctic_a0161.wav,Take away their foreman and they wouldn't be worth their grub,1,non_native,l2_learner,arctic_a0161
l2_arctic,THV,Vietnamese,F,train,ai-training/datasets/l2-arctic/raw/l2arctic_release_v5.0/THV/wav/arctic_a0162.wav,That's the sub foreman explained Thorpe,1,non_native,l2_learner,arctic_a0162
l2_arctic,THV,Vietnamese,F,train,ai-training/datasets/l2-arctic/raw/l2arctic_release_v5.0/THV/wav/arctic_a0163.wav,Philip made no effort to follow,1,non_native,l2_learner,arctic_a0163
l2_arctic,THV,Vietnamese,F,train,ai-training/datasets/l2-arctic/raw/l2arctic_release_v5.0/THV/wav/arctic_a0164.wav,He came first a year ago and revealed himself to Jeanne,1,non_native,l2_learner,arctic_a0164
l2_arctic,THV,Vietnamese,F,train,ai-training/datasets/l2-arctic/raw/l2arctic_release_v5.0/THV/wav/arctic_a0165.wav,They are to attack your camp tomorrow night,1,non_native,l2_learner,arctic_a0165
l2_arctic,THV,Vietnamese,F,train,ai-training/datasets/l2-arctic/raw/l2arctic_release_v5.0/THV/wav/arctic_a0166.wav,Two days ago Jeanne learned where her father's men were hiding,1,non_native,l2_learner,arctic_a0166
l2_arctic,THV,Vietnamese,F,train,ai-training/datasets/l2-arctic/raw/l2arctic_release_v5.0/THV/wav/arctic_a0167.wav,I was near the cabin and saw you,1,non_native,l2_learner,arctic_a0167
l2_arctic,THV,Vietnamese,F,train,ai-training/datasets/l2-arctic/raw/l2arctic_release_v5.0/THV/wav/arctic_a0168.wav,A low bush whipped him in the face and left no sting,1,non_native,l2_learner,arctic_a0168
l2_arctic,THV,Vietnamese,F,train,ai-training/datasets/l2-arctic/raw/l2arctic_release_v5.0/THV/wav/arctic_a0169.wav,Suddenly Jeanne stopped for an instant,1,non_native,l2_learner,arctic_a0169
l2_arctic,THV,Vietnamese,F,train,ai-training/datasets/l2-arctic/raw/l2arctic_release_v5.0/THV/wav/arctic_a0170.wav,There was none of the joy of meeting in his face,1,non_native,l2_learner,arctic_a0170
l2_arctic,THV,Vietnamese,F,train,ai-training/datasets/l2-arctic/raw/l2arctic_release_v5.0/THV/wav/arctic_a0171.wav,And when you come back in a few days bring Eileen,1,non_native,l2_learner,arctic_a0171
l2_arctic,THV,Vietnamese,F,train,ai-training/datasets/l2-arctic/raw/l2arctic_release_v5.0/THV/wav/arctic_a0172.wav,Gregson had left the outer door slightly ajar,1,non_native,l2_learner,arctic_a0172
l2_arctic,THV,Vietnamese,F,train,ai-training/datasets/l2-arctic/raw/l2arctic_release_v5.0/THV/wav/arctic_a0173.wav,The date was nearly eighteen years old,1,non_native,l2_learner,arctic_a0173
l2_arctic,THV,Vietnamese,F,train,ai-training/datasets/l2-arctic/raw/l2arctic_release_v5.0/THV/wav/arctic_a0174.wav,They were the presage of storm,1,non_native,l2_learner,arctic_a0174
l2_arctic,THV,Vietnamese,F,train,ai-training/datasets/l2-arctic/raw/l2arctic_release_v5.0/THV/wav/arctic_a0175.wav,Down there the earth was already swelling with life,1,non_native,l2_learner,arctic_a0175
l2_arctic,THV,Vietnamese,F,train,ai-training/datasets/l2-arctic/raw/l2arctic_release_v5.0/THV/wav/arctic_a0176.wav,For the first time in his life he was yearning for a scrap,1,non_native,l2_learner,arctic_a0176
l2_arctic,THV,Vietnamese,F,train,ai-training/datasets/l2-arctic/raw/l2arctic_release_v5.0/THV/wav/arctic_a0177.wav,She had been thoroughly and efficiently mauled,1,non_native,l2_learner,arctic_a0177
l2_arctic,THV,Vietnamese,F,train,ai-training/datasets/l2-arctic/raw/l2arctic_release_v5.0/THV/wav/arctic_a0178.wav,Every bone in her aged body seemed broken or dislocated,1,non_native,l2_learner,arctic_a0178
l2_arctic,THV,Vietnamese,F,train,ai-training/datasets/l2-arctic/raw/l2arctic_release_v5.0/THV/wav/arctic_a0179.wav,Tomorrow I'm going after that bear he said,1,non_native,l2_learner,arctic_a0179
l2_arctic,THV,Vietnamese,F,train,ai-training/datasets/l2-arctic/raw/l2arctic_release_v5.0/THV/wav/arctic_a0180.wav,If not let's say our prayers and go to bed,1,non_native,l2_learner,arctic_a0180
l2_arctic,THV,Vietnamese,F,train,ai-training/datasets/l2-arctic/raw/l2arctic_release_v5.0/THV/wav/arctic_a0181.wav,So cheer up and give us your paw,1,non_native,l2_learner,arctic_a0181
l2_arctic,THV,Vietnamese,F,train,ai-training/datasets/l2-arctic/raw/l2arctic_release_v5.0/THV/wav/arctic_a0182.wav,This time he did not yap for mercy,1,non_native,l2_learner,arctic_a0182
l2_arctic,THV,Vietnamese,F,train,ai-training/datasets/l2-arctic/raw/l2arctic_release_v5.0/THV/wav/arctic_a0183.wav,And the air was growing chilly,1,non_native,l2_learner,arctic_a0183
l2_arctic,THV,Vietnamese,F,train,ai-training/datasets/l2-arctic/raw/l2arctic_release_v5.0/THV/wav/arctic_a0184.wav,Don't you see I'm chewing this thing in two,1,non_native,l2_learner,arctic_a0184
l2_arctic,THV,Vietnamese,F,train,ai-training/datasets/l2-arctic/raw/l2arctic_release_v5.0/THV/wav/arctic_a0185.wav,The questions may have come vaguely in his mind,1,non_native,l2_learner,arctic_a0185
l2_arctic,THV,Vietnamese,F,train,ai-training/datasets/l2-arctic/raw/l2arctic_release_v5.0/THV/wav/arctic_a0186.wav,Like a flash he launched himself into the feathered mass of the owl,1,non_native,l2_learner,arctic_a0186
l2_arctic,THV,Vietnamese,F,train,ai-training/datasets/l2-arctic/raw/l2arctic_release_v5.0/THV/wav/arctic_a0187.wav,Ahead of them they saw a glimmer of sunshine,1,non_native,l2_learner,arctic_a0187
l2_arctic,THV,Vietnamese,F,train,ai-training/datasets/l2-arctic/raw/l2arctic_release_v5.0/THV/wav/arctic_a0188.wav,Two gigantic owls were tearing at the carcass,1,non_native,l2_learner,arctic_a0188
l2_arctic,THV,Vietnamese,F,train,ai-training/datasets/l2-arctic/raw/l2arctic_release_v5.0/THV/wav/arctic_a0189.wav,The big eyed clucking moose birds were most annoying,1,non_native,l2_learner,arctic_a0189
l2_arctic,THV,Vietnamese,F,train,ai-training/datasets/l2-arctic/raw/l2arctic_release_v5.0/THV/wav/arctic_a0190.wav,Next to them the Canada jays were most persistent,1,non_native,l2_learner,arctic_a0190
l2_arctic,THV,Vietnamese,F,train,ai-training/datasets/l2-arctic/raw/l2arctic_release_v5.0/THV/wav/arctic_a0191.wav,For a time the exciting thrill of his adventure was gone,1,non_native,l2_learner,arctic_a0191
l2_arctic,THV,Vietnamese,F,train,ai-training/datasets/l2-arctic/raw/l2arctic_release_v5.0/THV/wav/arctic_a0192.wav,He did not rush in,1,non_native,l2_learner,arctic_a0192
l2_arctic,THV,Vietnamese,F,train,ai-training/datasets/l2-arctic/raw/l2arctic_release_v5.0/THV/wav/arctic_a0193.wav,It was edged with ice,1,non_native,l2_learner,arctic_a0193
l2_arctic,THV,Vietnamese,F,train,ai-training/datasets/l2-arctic/raw/l2arctic_release_v5.0/THV/wav/arctic_a0194.wav,He drank of the water cautiously,1,non_native,l2_learner,arctic_a0194
l2_arctic,THV,Vietnamese,F,train,ai-training/datasets/l2-arctic/raw/l2arctic_release_v5.0/THV/wav/arctic_a0195.wav,But a strange thing happened,1,non_native,l2_learner,arctic_a0195
l2_arctic,THV,Vietnamese,F,train,ai-training/datasets/l2-arctic/raw/l2arctic_release_v5.0/THV/wav/arctic_a0196.wav,He began to follow the footprints of the dog,1,non_native,l2_learner,arctic_a0196
l2_arctic,THV,Vietnamese,F,train,ai-training/datasets/l2-arctic/raw/l2arctic_release_v5.0/THV/wav/arctic_a0197.wav,Such a dog the wise driver kills or turns loose,1,non_native,l2_learner,arctic_a0197
l2_arctic,THV,Vietnamese,F,train,ai-training/datasets/l2-arctic/raw/l2arctic_release_v5.0/THV/wav/arctic_a0198.wav,Sometimes her dreams were filled with visions,1,non_native,l2_learner,arctic_a0198
l2_arctic,THV,Vietnamese,F,train,ai-training/datasets/l2-arctic/raw/l2arctic_release_v5.0/THV/wav/arctic_a0199.wav,Thus had the raw wilderness prepared him for this day,1,non_native,l2_learner,arctic_a0199
l2_arctic,THV,Vietnamese,F,train,ai-training/datasets/l2-arctic/raw/l2arctic_release_v5.0/THV/wav/arctic_a0200.wav,He leapt again and the club caught him once more,1,non_native,l2_learner,arctic_a0200
l2_arctic,THV,Vietnamese,F,train,ai-training/datasets/l2-arctic/raw/l2arctic_release_v5.0/THV/wav/arctic_a0201.wav,He cried and swung the club wildly,1,non_native,l2_learner,arctic_a0201
l2_arctic,THV,Vietnamese,F,train,ai-training/datasets/l2-arctic/raw/l2arctic_release_v5.0/THV/wav/arctic_a0202.wav,She turned fearing that Jacques might see what was in her face,1,non_native,l2_learner,arctic_a0202
l2_arctic,THV,Vietnamese,F,train,ai-training/datasets/l2-arctic/raw/l2arctic_release_v5.0/THV/wav/arctic_a0203.wav,They were following the shore of a lake,1,non_native,l2_learner,arctic_a0203
l2_arctic,THV,Vietnamese,F,train,ai-training/datasets/l2-arctic/raw/l2arctic_release_v5.0/THV/wav/arctic_a0204.wav,The wolf dog thrust his gaunt muzzle toward him,1,non_native,l2_learner,arctic_a0204
l2_arctic,THV,Vietnamese,F,train,ai-training/datasets/l2-arctic/raw/l2arctic_release_v5.0/THV/wav/arctic_a0205.wav,From now on we're pals,1,non_native,l2_learner,arctic_a0205
l2_arctic,THV,Vietnamese,F,train,ai-training/datasets/l2-arctic/raw/l2arctic_release_v5.0/THV/wav/arctic_a0206.wav,He says he bought him of Jacques Le Beau,1,non_native,l2_learner,arctic_a0206
l2_arctic,THV,Vietnamese,F,train,ai-training/datasets/l2-arctic/raw/l2arctic_release_v5.0/THV/wav/arctic_a0207.wav,How much was it,1,non_native,l2_learner,arctic_a0207
l2_arctic,THV,Vietnamese,F,train,ai-training/datasets/l2-arctic/raw/l2arctic_release_v5.0/THV/wav/arctic_a0208.wav,Youth had come back to her freed from the yoke of oppression,1,non_native,l2_learner,arctic_a0208
l2_arctic,THV,Vietnamese,F,train,ai-training/datasets/l2-arctic/raw/l2arctic_release_v5.0/THV/wav/arctic_a0209.wav,It was not a large lake and almost round,1,non_native,l2_learner,arctic_a0209
l2_arctic,THV,Vietnamese,F,train,ai-training/datasets/l2-arctic/raw/l2arctic_release_v5.0/THV/wav/arctic_a0210.wav,Its diameter was not more than two hundred yards,1,non_native,l2_learner,arctic_a0210
l2_arctic,THV,Vietnamese,F,train,ai-training/datasets/l2-arctic/raw/l2arctic_release_v5.0/THV/wav/arctic_a0211.wav,It drowned all sound that brute agony and death may have made,1,non_native,l2_learner,arctic_a0211
l2_arctic,THV,Vietnamese,F,train,ai-training/datasets/l2-arctic/raw/l2arctic_release_v5.0/THV/wav/arctic_a0212.wav,Fresh cases still able to walk they clustered about the spokesman,1,non_native,l2_learner,arctic_a0212
l2_arctic,THV,Vietnamese,F,train,ai-training/datasets/l2-arctic/raw/l2arctic_release_v5.0/THV/wav/arctic_a0213.wav,Between him and the beach was the cane grass fence of the compound,1,non_native,l2_learner,arctic_a0213
l2_arctic,THV,Vietnamese,F,train,ai-training/datasets/l2-arctic/raw/l2arctic_release_v5.0/THV/wav/arctic_a0214.wav,Besides he was paid one case of tobacco per head,1,non_native,l2_learner,arctic_a0214
l2_arctic,THV,Vietnamese,F,train,ai-training/datasets/l2-arctic/raw/l2arctic_release_v5.0/THV/wav/arctic_a0215.wav,They die out of spite,1,non_native,l2_learner,arctic_a0215
l2_arctic,THV,Vietnamese,F,train,ai-training/datasets/l2-arctic/raw/l2arctic_release_v5.0/THV/wav/arctic_a0216.wav,The other felt a sudden wave of irritation rush through him,1,non_native,l2_learner,arctic_a0216
l2_arctic,THV,Vietnamese,F,train,ai-training/datasets/l2-arctic/raw/l2arctic_release_v5.0/THV/wav/arctic_a0217.wav,Oppressive as the heat had been it was now even more oppressive,1,non_native,l2_learner,arctic_a0217
l2_arctic,THV,Vietnamese,F,train,ai-training/datasets/l2-arctic/raw/l2arctic_release_v5.0/THV/wav/arctic_a0218.wav,The ringing of the big bell aroused him,1,non_native,l2_learner,arctic_a0218
l2_arctic,THV,Vietnamese,F,train,ai-training/datasets/l2-arctic/raw/l2arctic_release_v5.0/THV/wav/arctic_a0219.wav,At first he puzzled over something untoward he was sure had happened,1,non_native,l2_learner,arctic_a0219
l2_arctic,THV,Vietnamese,F,train,ai-training/datasets/l2-arctic/raw/l2arctic_release_v5.0/THV/wav/arctic_a0220.wav,A dead man is of no use on a plantation,1,non_native,l2_learner,arctic_a0220
l2_arctic,THV,Vietnamese,F,train,ai-training/datasets/l2-arctic/raw/l2arctic_release_v5.0/THV/wav/arctic_a0221.wav,I don't know why you're here at all,1,non_native,l2_learner,arctic_a0221
l2_arctic,THV,Vietnamese,F,train,ai-training/datasets/l2-arctic/raw/l2arctic_release_v5.0/THV/wav/arctic_a0222.wav,What part of the United States is your home,1,non_native,l2_learner,arctic_a0222
l2_arctic,THV,Vietnamese,F,train,ai-training/datasets/l2-arctic/raw/l2arctic_release_v5.0/THV/wav/arctic_a0223.wav,My I'm almost homesick for it already,1,non_native,l2_learner,arctic_a0223
l2_arctic,THV,Vietnamese,F,train,ai-training/datasets/l2-arctic/raw/l2arctic_release_v5.0/THV/wav/arctic_a0224.wav,She nodded and her eyes grew soft and moist,1,non_native,l2_learner,arctic_a0224
l2_arctic,THV,Vietnamese,F,train,ai-training/datasets/l2-arctic/raw/l2arctic_release_v5.0/THV/wav/arctic_a0225.wav,I was brought up the way most girls in Hawaii are brought up,1,non_native,l2_learner,arctic_a0225
l2_arctic,THV,Vietnamese,F,train,ai-training/datasets/l2-arctic/raw/l2arctic_release_v5.0/THV/wav/arctic_a0226.wav,That came before my A B C's,1,non_native,l2_learner,arctic_a0226
l2_arctic,THV,Vietnamese,F,train,ai-training/datasets/l2-arctic/raw/l2arctic_release_v5.0/THV/wav/arctic_a0227.wav,It was the same way with our revolvers and rifles,1,non_native,l2_learner,arctic_a0227
l2_arctic,THV,Vietnamese,F,train,ai-training/datasets/l2-arctic/raw/l2arctic_release_v5.0/THV/wav/arctic_a0228.wav,But it contributed to the smash,1,non_native,l2_learner,arctic_a0228
l2_arctic,THV,Vietnamese,F,train,ai-training/datasets/l2-arctic/raw/l2arctic_release_v5.0/THV/wav/arctic_a0229.wav,The last one I knew was an overseer,1,non_native,l2_learner,arctic_a0229
l2_arctic,THV,Vietnamese,F,train,ai-training/datasets/l2-arctic/raw/l2arctic_release_v5.0/THV/wav/arctic_a0230.wav,Do you know any good land around here,1,non_native,l2_learner,arctic_a0230
l2_arctic,THV,Vietnamese,F,train,ai-training/datasets/l2-arctic/raw/l2arctic_release_v5.0/THV/wav/arctic_a0231.wav,The Resident Commissioner is away in Australia,1,non_native,l2_learner,arctic_a0231
l2_arctic,THV,Vietnamese,F,train,ai-training/datasets/l2-arctic/raw/l2arctic_release_v5.0/THV/wav/arctic_a0232.wav,I cannot follow you she said,1,non_native,l2_learner,arctic_a0232
l2_arctic,THV,Vietnamese,F,train,ai-training/datasets/l2-arctic/raw/l2arctic_release_v5.0/THV/wav/arctic_a0233.wav,I never allow what can't be changed to annoy me,1,non_native,l2_learner,arctic_a0233
l2_arctic,THV,Vietnamese,F,train,ai-training/datasets/l2-arctic/raw/l2arctic_release_v5.0/THV/wav/arctic_a0234.wav,Why the average review is more nauseating than cod liver oil,1,non_native,l2_learner,arctic_a0234
l2_arctic,THV,Vietnamese,F,train,ai-training/datasets/l2-arctic/raw/l2arctic_release_v5.0/THV/wav/arctic_a0235.wav,His voice was passionately rebellious,1,non_native,l2_learner,arctic_a0235
l2_arctic,THV,Vietnamese,F,train,ai-training/datasets/l2-arctic/raw/l2arctic_release_v5.0/THV/wav/arctic_a0236.wav,Don't you see I hate you,1,non_native,l2_learner,arctic_a0236
l2_arctic,THV,Vietnamese,F,train,ai-training/datasets/l2-arctic/raw/l2arctic_release_v5.0/THV/wav/arctic_a0237.wav,So Hughie and I did the managing ourselves,1,non_native,l2_learner,arctic_a0237
l2_arctic,THV,Vietnamese,F,train,ai-training/datasets/l2-arctic/raw/l2arctic_release_v5.0/THV/wav/arctic_a0238.wav,It happened to him at the Gallina Society in Oakland one afternoon,1,non_native,l2_learner,arctic_a0238
l2_arctic,THV,Vietnamese,F,train,ai-training/datasets/l2-arctic/raw/l2arctic_release_v5.0/THV/wav/arctic_a0239.wav,He cried in such genuine dismay that she broke into hearty laughter,1,non_native,l2_learner,arctic_a0239
l2_arctic,THV,Vietnamese,F,train,ai-training/datasets/l2-arctic/raw/l2arctic_release_v5.0/THV/wav/arctic_a0240.wav,Wash your hands of me,1,non_native,l2_learner,arctic_a0240
l2_arctic,THV,Vietnamese,F,train,ai-training/datasets/l2-arctic/raw/l2arctic_release_v5.0/THV/wav/arctic_a0241.wav,I think it's much nicer to quarrel,1,non_native,l2_learner,arctic_a0241
l2_arctic,THV,Vietnamese,F,train,ai-training/datasets/l2-arctic/raw/l2arctic_release_v5.0/THV/wav/arctic_a0242.wav,I saw it when she rolled,1,non_native,l2_learner,arctic_a0242
l2_arctic,THV,Vietnamese,F,train,ai-training/datasets/l2-arctic/raw/l2arctic_release_v5.0/THV/wav/arctic_a0243.wav,I only read the quotations,1,non_native,l2_learner,arctic_a0243
l2_arctic,THV,Vietnamese,F,train,ai-training/datasets/l2-arctic/raw/l2arctic_release_v5.0/THV/wav/arctic_a0244.wav,He was the soul of devotion to his employers,1,non_native,l2_learner,arctic_a0244
l2_arctic,THV,Vietnamese,F,train,ai-training/datasets/l2-arctic/raw/l2arctic_release_v5.0/THV/wav/arctic_a0245.wav,Out of his eighteen hundred he laid aside sixteen hundred each year,1,non_native,l2_learner,arctic_a0245
l2_arctic,THV,Vietnamese,F,train,ai-training/datasets/l2-arctic/raw/l2arctic_release_v5.0/THV/wav/arctic_a0246.wav,You have heard always how he was the lover of the Princess Naomi,1,non_native,l2_learner,arctic_a0246
l2_arctic,THV,Vietnamese,F,train,ai-training/datasets/l2-arctic/raw/l2arctic_release_v5.0/THV/wav/arctic_a0247.wav,They ought to pass here some time today,1,non_native,l2_learner,arctic_a0247
l2_arctic,THV,Vietnamese,F,train,ai-training/datasets/l2-arctic/raw/l2arctic_release_v5.0/THV/wav/arctic_a0248.wav,I had been sad too long already,1,non_native,l2_learner,arctic_a0248
l2_arctic,THV,Vietnamese,F,train,ai-training/datasets/l2-arctic/raw/l2arctic_release_v5.0/THV/wav/arctic_a0249.wav,All eyes however were staring at him in certitude of expectancy,1,non_native,l2_learner,arctic_a0249
l2_arctic,THV,Vietnamese,F,train,ai-training/datasets/l2-arctic/raw/l2arctic_release_v5.0/THV/wav/arctic_a0250.wav,He had observed the business life of Hawaii and developed a vaulting ambition,1,non_native,l2_learner,arctic_a0250
l2_arctic,THV,Vietnamese,F,train,ai-training/datasets/l2-arctic/raw/l2arctic_release_v5.0/THV/wav/arctic_a0251.wav,I may manage to freight a cargo back as well,1,non_native,l2_learner,arctic_a0251
l2_arctic,THV,Vietnamese,F,train,ai-training/datasets/l2-arctic/raw/l2arctic_release_v5.0/THV/wav/arctic_a0252.wav,O'Brien had been a clean living young man with ideals,1,non_native,l2_learner,arctic_a0252
l2_arctic,THV,Vietnamese,F,train,ai-training/datasets/l2-arctic/raw/l2arctic_release_v5.0/THV/wav/arctic_a0253.wav,He it was that lived to found the family of the Patino,1,non_native,l2_learner,arctic_a0253
l2_arctic,THV,Vietnamese,F,train,ai-training/datasets/l2-arctic/raw/l2arctic_release_v5.0/THV/wav/arctic_a0254.wav,Straight out they swam their heads growing smaller and smaller,1,non_native,l2_learner,arctic_a0254
l2_arctic,THV,Vietnamese,F,train,ai-training/datasets/l2-arctic/raw/l2arctic_release_v5.0/THV/wav/arctic_a0255.wav,You won't die of malnutrition be sure of that,1,non_native,l2_learner,arctic_a0255
l2_arctic,THV,Vietnamese,F,train,ai-training/datasets/l2-arctic/raw/l2arctic_release_v5.0/THV/wav/arctic_a0256.wav,See the length of the body and that elongated neck,1,non_native,l2_learner,arctic_a0256
l2_arctic,THV,Vietnamese,F,train,ai-training/datasets/l2-arctic/raw/l2arctic_release_v5.0/THV/wav/arctic_a0257.wav,They are coming ashore whoever they are,1,non_native,l2_learner,arctic_a0257
l2_arctic,THV,Vietnamese,F,train,ai-training/datasets/l2-arctic/raw/l2arctic_release_v5.0/THV/wav/arctic_a0258.wav,Soaked in seawater they offset the heat rays,1,non_native,l2_learner,arctic_a0258
l2_arctic,THV,Vietnamese,F,train,ai-training/datasets/l2-arctic/raw/l2arctic_release_v5.0/THV/wav/arctic_a0259.wav,Think of investing in such an adventure,1,non_native,l2_learner,arctic_a0259
l2_arctic,THV,Vietnamese,F,train,ai-training/datasets/l2-arctic/raw/l2arctic_release_v5.0/THV/wav/arctic_a0260.wav,Nobody knew his history they of the Junta least of all,1,non_native,l2_learner,arctic_a0260
l2_arctic,THV,Vietnamese,F,train,ai-training/datasets/l2-arctic/raw/l2arctic_release_v5.0/THV/wav/arctic_a0261.wav,I have been doubly baptized,1,non_native,l2_learner,arctic_a0261
l2_arctic,THV,Vietnamese,F,train,ai-training/datasets/l2-arctic/raw/l2arctic_release_v5.0/THV/wav/arctic_a0262.wav,They wouldn't be sweeping a big vessel like the Martha,1,non_native,l2_learner,arctic_a0262
l2_arctic,THV,Vietnamese,F,train,ai-training/datasets/l2-arctic/raw/l2arctic_release_v5.0/THV/wav/arctic_a0263.wav,Joan looked triumphantly at Sheldon who bowed,1,non_native,l2_learner,arctic_a0263
l2_arctic,THV,Vietnamese,F,train,ai-training/datasets/l2-arctic/raw/l2arctic_release_v5.0/THV/wav/arctic_a0264.wav,And I hope you've got plenty of chain out Captain Young,1,non_native,l2_learner,arctic_a0264
l2_arctic,THV,Vietnamese,F,train,ai-training/datasets/l2-arctic/raw/l2arctic_release_v5.0/THV/wav/arctic_a0265.wav,The discovery seemed to have been made on the spur of the moment,1,non_native,l2_learner,arctic_a0265
l2_arctic,THV,Vietnamese,F,train,ai-training/datasets/l2-arctic/raw/l2arctic_release_v5.0/THV/wav/arctic_a0266.wav,They handled two men already both grub thieves,1,non_native,l2_learner,arctic_a0266
l2_arctic,THV,Vietnamese,F,train,ai-training/datasets/l2-arctic/raw/l2arctic_release_v5.0/THV/wav/arctic_a0267.wav,Eli Harding asked as Shunk started to follow,1,non_native,l2_learner,arctic_a0267
l2_arctic,THV,Vietnamese,F,train,ai-training/datasets/l2-arctic/raw/l2arctic_release_v5.0/THV/wav/arctic_a0268.wav,Now go ahead and tell me in a straightforward way what has happened,1,non_native,l2_learner,arctic_a0268
l2_arctic,THV,Vietnamese,F,train,ai-training/datasets/l2-arctic/raw/l2arctic_release_v5.0/THV/wav/arctic_a0269.wav,That's where they cut off the Scottish Chiefs and killed all hands,1,non_native,l2_learner,arctic_a0269
l2_arctic,THV,Vietnamese,F,train,ai-training/datasets/l2-arctic/raw/l2arctic_release_v5.0/THV/wav/arctic_a0270.wav,And after the bath a shave would not be bad,1,non_native,l2_learner,arctic_a0270
l2_arctic,THV,Vietnamese,F,train,ai-training/datasets/l2-arctic/raw/l2arctic_release_v5.0/THV/wav/arctic_a0271.wav,Now please give a plain statement of what occurred,1,non_native,l2_learner,arctic_a0271
l2_arctic,THV,Vietnamese,F,train,ai-training/datasets/l2-arctic/raw/l2arctic_release_v5.0/THV/wav/arctic_a0272.wav,You can take a vacation on pay,1,non_native,l2_learner,arctic_a0272
l2_arctic,THV,Vietnamese,F,train,ai-training/datasets/l2-arctic/raw/l2arctic_release_v5.0/THV/wav/arctic_a0273.wav,They are big trees and require plenty of room,1,non_native,l2_learner,arctic_a0273
l2_arctic,THV,Vietnamese,F,train,ai-training/datasets/l2-arctic/raw/l2arctic_release_v5.0/THV/wav/arctic_a0274.wav,And Raoul listened again to the tale of the house,1,non_native,l2_learner,arctic_a0274
l2_arctic,THV,Vietnamese,F,train,ai-training/datasets/l2-arctic/raw/l2arctic_release_v5.0/THV/wav/arctic_a0275.wav,There are no kiddies and half grown youths among them,1,non_native,l2_learner,arctic_a0275
l2_arctic,THV,Vietnamese,F,train,ai-training/datasets/l2-arctic/raw/l2arctic_release_v5.0/THV/wav/arctic_a0276.wav,Oolong Atoll was one hundred and forty miles in circumference,1,non_native,l2_learner,arctic_a0276
l2_arctic,THV,Vietnamese,F,train,ai-training/datasets/l2-arctic/raw/l2arctic_release_v5.0/THV/wav/arctic_a0277.wav,M'Coy found a stifling poisonous atmosphere in the pent cabin,1,non_native,l2_learner,arctic_a0277
l2_arctic,THV,Vietnamese,F,train,ai-training/datasets/l2-arctic/raw/l2arctic_release_v5.0/THV/wav/arctic_a0278.wav,It would give me nervous prostration,1,non_native,l2_learner,arctic_a0278
l2_arctic,THV,Vietnamese,F,train,ai-training/datasets/l2-arctic/raw/l2arctic_release_v5.0/THV/wav/arctic_a0279.wav,She said with chattering teeth,1,non_native,l2_learner,arctic_a0279
l2_arctic,THV,Vietnamese,F,train,ai-training/datasets/l2-arctic/raw/l2arctic_release_v5.0/THV/wav/arctic_a0280.wav,I'll be out of my head in fifteen minutes,1,non_native,l2_learner,arctic_a0280
l2_arctic,THV,Vietnamese,F,train,ai-training/datasets/l2-arctic/raw/l2arctic_release_v5.0/THV/wav/arctic_a0281.wav,I do not blame you for anything remember that,1,non_native,l2_learner,arctic_a0281
l2_arctic,THV,Vietnamese,F,train,ai-training/datasets/l2-arctic/raw/l2arctic_release_v5.0/THV/wav/arctic_a0282.wav,If you mean to insinuate Brentwood began hotly,1,non_native,l2_learner,arctic_a0282
l2_arctic,THV,Vietnamese,F,train,ai-training/datasets/l2-arctic/raw/l2arctic_release_v5.0/THV/wav/arctic_a0283.wav,The woman in you is only incidental accidental and irrelevant,1,non_native,l2_learner,arctic_a0283
l2_arctic,THV,Vietnamese,F,train,ai-training/datasets/l2-arctic/raw/l2arctic_release_v5.0/THV/wav/arctic_a0284.wav,There was no forecasting this strange girl's processes,1,non_native,l2_learner,arctic_a0284
l2_arctic,THV,Vietnamese,F,train,ai-training/datasets/l2-arctic/raw/l2arctic_release_v5.0/THV/wav/arctic_a0285.wav,But what they want with your toothbrush is more than I can imagine,1,non_native,l2_learner,arctic_a0285
l2_arctic,THV,Vietnamese,F,train,ai-training/datasets/l2-arctic/raw/l2arctic_release_v5.0/THV/wav/arctic_a0286.wav,Give them their choice between a fine or an official whipping,1,non_native,l2_learner,arctic_a0286
l2_arctic,THV,Vietnamese,F,train,ai-training/datasets/l2-arctic/raw/l2arctic_release_v5.0/THV/wav/arctic_a0287.wav,Keep an eye on him,1,non_native,l2_learner,arctic_a0287
l2_arctic,THV,Vietnamese,F,train,ai-training/datasets/l2-arctic/raw/l2arctic_release_v5.0/THV/wav/arctic_a0288.wav,Those are my oysters he said at last,1,non_native,l2_learner,arctic_a0288
l2_arctic,THV,Vietnamese,F,train,ai-training/datasets/l2-arctic/raw/l2arctic_release_v5.0/THV/wav/arctic_a0289.wav,They are not regular oyster pirates Nicholas continued,1,non_native,l2_learner,arctic_a0289
l2_arctic,THV,Vietnamese,F,train,ai-training/datasets/l2-arctic/raw/l2arctic_release_v5.0/THV/wav/arctic_a0290.wav,One by one the boys were captured,1,non_native,l2_learner,arctic_a0290
l2_arctic,THV,Vietnamese,F,train,ai-training/datasets/l2-arctic/raw/l2arctic_release_v5.0/THV/wav/arctic_a0291.wav,The weeks had gone by and no overt acts had been attempted,1,non_native,l2_learner,arctic_a0291
l2_arctic,THV,Vietnamese,F,train,ai-training/datasets/l2-arctic/raw/l2arctic_release_v5.0/THV/wav/arctic_a0292.wav,Here in the midmorning the first casualty occurred,1,non_native,l2_learner,arctic_a0292
l2_arctic,THV,Vietnamese,F,train,ai-training/datasets/l2-arctic/raw/l2arctic_release_v5.0/THV/wav/arctic_a0293.wav,They were deep in the primeval forest,1,non_native,l2_learner,arctic_a0293
l2_arctic,THV,Vietnamese,F,train,ai-training/datasets/l2-arctic/raw/l2arctic_release_v5.0/THV/wav/arctic_a0294.wav,He had been foiled in his attempt to escape,1,non_native,l2_learner,arctic_a0294
l2_arctic,THV,Vietnamese,F,train,ai-training/datasets/l2-arctic/raw/l2arctic_release_v5.0/THV/wav/arctic_a0295.wav,And twenty men could hold it with spears and arrows,1,non_native,l2_learner,arctic_a0295
l2_arctic,THV,Vietnamese,F,train,ai-training/datasets/l2-arctic/raw/l2arctic_release_v5.0/THV/wav/arctic_a0296.wav,Bassett was a fastidious man,1,non_native,l2_learner,arctic_a0296
l2_arctic,THV,Vietnamese,F,train,ai-training/datasets/l2-arctic/raw/l2arctic_release_v5.0/THV/wav/arctic_a0297.wav,There's a big English general right now whose name is Roberts,1,non_native,l2_learner,arctic_a0297
l2_arctic,THV,Vietnamese,F,train,ai-training/datasets/l2-arctic/raw/l2arctic_release_v5.0/THV/wav/arctic_a0298.wav,This tacit promise of continued acquaintance gave Saxon a little joy thrill,1,non_native,l2_learner,arctic_a0298
l2_arctic,THV,Vietnamese,F,train,ai-training/datasets/l2-arctic/raw/l2arctic_release_v5.0/THV/wav/arctic_a0299.wav,I tell you I am disgusted with this adventure tomfoolery and rot,1,non_native,l2_learner,arctic_a0299
l2_arctic,THV,Vietnamese,F,train,ai-training/datasets/l2-arctic/raw/l2arctic_release_v5.0/THV/wav/arctic_a0300.wav,From my earliest recollection my sleep was a period of terror,1,non_native,l2_learner,arctic_a0300
l2_arctic,THV,Vietnamese,F,train,ai-training/datasets/l2-arctic/raw/l2arctic_release_v5.0/THV/wav/arctic_a0301.wav,But all my dreams violated this law,1,non_native,l2_learner,arctic_a0301
l2_arctic,THV,Vietnamese,F,train,ai-training/datasets/l2-arctic/raw/l2arctic_release_v5.0/THV/wav/arctic_a0302.wav,It is very plausible to such people a most convincing hypothesis,1,non_native,l2_learner,arctic_a0302
l2_arctic,THV,Vietnamese,F,train,ai-training/datasets/l2-arctic/raw/l2arctic_release_v5.0/THV/wav/arctic_a0303.wav,But they make the mistake of ignoring their own duality,1,non_native,l2_learner,arctic_a0303
l2_arctic,THV,Vietnamese,F,train,ai-training/datasets/l2-arctic/raw/l2arctic_release_v5.0/THV/wav/arctic_a0304.wav,I graduated last of my class,1,non_native,l2_learner,arctic_a0304
l2_arctic,THV,Vietnamese,F,train,ai-training/datasets/l2-arctic/raw/l2arctic_release_v5.0/THV/wav/arctic_a0305.wav,They had no fixed values to be altered by adjectives and adverbs,1,non_native,l2_learner,arctic_a0305
l2_arctic,THV,Vietnamese,F,train,ai-training/datasets/l2-arctic/raw/l2arctic_release_v5.0/THV/wav/arctic_a0306.wav,He was pressing beyond the limits of his vocabulary,1,non_native,l2_learner,arctic_a0306
l2_arctic,THV,Vietnamese,F,train,ai-training/datasets/l2-arctic/raw/l2arctic_release_v5.0/THV/wav/arctic_a0307.wav,Very early in my life I separated from my mother,1,non_native,l2_learner,arctic_a0307
l2_arctic,THV,Vietnamese,F,train,ai-training/datasets/l2-arctic/raw/l2arctic_release_v5.0/THV/wav/arctic_a0308.wav,His infernal chattering worries me even now as I think of it,1,non_native,l2_learner,arctic_a0308
l2_arctic,THV,Vietnamese,F,train,ai-training/datasets/l2-arctic/raw/l2arctic_release_v5.0/THV/wav/arctic_a0309.wav,White Leghorns said Missus Mortimer,1,non_native,l2_learner,arctic_a0309
l2_arctic,THV,Vietnamese,F,train,ai-training/datasets/l2-arctic/raw/l2arctic_release_v5.0/THV/wav/arctic_a0310.wav,Massage under tension was the cryptic reply,1,non_native,l2_learner,arctic_a0310
l2_arctic,THV,Vietnamese,F,train,ai-training/datasets/l2-arctic/raw/l2arctic_release_v5.0/THV/wav/arctic_a0311.wav,Therefore hurrah for the game,1,non_native,l2_learner,arctic_a0311
l2_arctic,THV,Vietnamese,F,train,ai-training/datasets/l2-arctic/raw/l2arctic_release_v5.0/THV/wav/arctic_a0312.wav,It lived in perpetual apprehension of that quarter of the compass,1,non_native,l2_learner,arctic_a0312
l2_arctic,THV,Vietnamese,F,train,ai-training/datasets/l2-arctic/raw/l2arctic_release_v5.0/THV/wav/arctic_a0313.wav,Broken Tooth yelled with fright and pain,1,non_native,l2_learner,arctic_a0313
l2_arctic,THV,Vietnamese,F,train,ai-training/datasets/l2-arctic/raw/l2arctic_release_v5.0/THV/wav/arctic_a0314.wav,Thus was momentum gained in the Younger World,1,non_native,l2_learner,arctic_a0314
l2_arctic,THV,Vietnamese,F,train,ai-training/datasets/l2-arctic/raw/l2arctic_release_v5.0/THV/wav/arctic_a0315.wav,Saxon waited for she knew a fresh idea had struck Billy,1,non_native,l2_learner,arctic_a0315
l2_arctic,THV,Vietnamese,F,train,ai-training/datasets/l2-arctic/raw/l2arctic_release_v5.0/THV/wav/arctic_a0316.wav,We had been chased by them ourselves more than once,1,non_native,l2_learner,arctic_a0316
l2_arctic,THV,Vietnamese,F,train,ai-training/datasets/l2-arctic/raw/l2arctic_release_v5.0/THV/wav/arctic_a0317.wav,He was a wise hyena,1,non_native,l2_learner,arctic_a0317
l2_arctic,THV,Vietnamese,F,train,ai-training/datasets/l2-arctic/raw/l2arctic_release_v5.0/THV/wav/arctic_a0318.wav,Production is doubling and quadrupling upon itself,1,non_native,l2_learner,arctic_a0318
l2_arctic,THV,Vietnamese,F,train,ai-training/datasets/l2-arctic/raw/l2arctic_release_v5.0/THV/wav/arctic_a0319.wav,And the Edinburgh Evening News says with editorial gloom,1,non_native,l2_learner,arctic_a0319
l2_arctic,THV,Vietnamese,F,train,ai-training/datasets/l2-arctic/raw/l2arctic_release_v5.0/THV/wav/arctic_a0320.wav,With my strength I slammed it full into Red Eye's face,1,non_native,l2_learner,arctic_a0320
l2_arctic,THV,Vietnamese,F,train,ai-training/datasets/l2-arctic/raw/l2arctic_release_v5.0/THV/wav/arctic_a0321.wav,The log on which Lop Ear was lying got adrift,1,non_native,l2_learner,arctic_a0321
l2_arctic,THV,Vietnamese,F,train,ai-training/datasets/l2-arctic/raw/l2arctic_release_v5.0/THV/wav/arctic_a0322.wav,This is a common experience with all of us,1,non_native,l2_learner,arctic_a0322
l2_arctic,THV,Vietnamese,F,train,ai-training/datasets/l2-arctic/raw/l2arctic_release_v5.0/THV/wav/arctic_a0323.wav,He considered the victory already his and stepped forward to the meat,1,non_native,l2_learner,arctic_a0323
l2_arctic,THV,Vietnamese,F,train,ai-training/datasets/l2-arctic/raw/l2arctic_release_v5.0/THV/wav/arctic_a0324.wav,It was not Red Eye's way to forego revenge so easily,1,non_native,l2_learner,arctic_a0324
l2_arctic,THV,Vietnamese,F,train,ai-training/datasets/l2-arctic/raw/l2arctic_release_v5.0/THV/wav/arctic_a0325.wav,Whiz zip bang Lop Ear screamed with sudden anguish,1,non_native,l2_learner,arctic_a0325
l2_arctic,THV,Vietnamese,F,train,ai-training/datasets/l2-arctic/raw/l2arctic_release_v5.0/THV/wav/arctic_a0326.wav,Cherokee identified himself with his instinct,1,non_native,l2_learner,arctic_a0326
l2_arctic,THV,Vietnamese,F,train,ai-training/datasets/l2-arctic/raw/l2arctic_release_v5.0/THV/wav/arctic_a0327.wav,They were less stooped than we less springy in their movements,1,non_native,l2_learner,arctic_a0327
l2_arctic,THV,Vietnamese,F,train,ai-training/datasets/l2-arctic/raw/l2arctic_release_v5.0/THV/wav/arctic_a0328.wav,The Fire People like ourselves lived in caves,1,non_native,l2_learner,arctic_a0328
l2_arctic,THV,Vietnamese,F,train,ai-training/datasets/l2-arctic/raw/l2arctic_release_v5.0/THV/wav/arctic_a0329.wav,Ah indeed,1,non_native,l2_learner,arctic_a0329
l2_arctic,THV,Vietnamese,F,train,ai-training/datasets/l2-arctic/raw/l2arctic_release_v5.0/THV/wav/arctic_a0330.wav,Red Eye never committed a more outrageous deed,1,non_native,l2_learner,arctic_a0330
l2_arctic,THV,Vietnamese,F,train,ai-training/datasets/l2-arctic/raw/l2arctic_release_v5.0/THV/wav/arctic_a0331.wav,Poor little Crooked Leg was terribly scared,1,non_native,l2_learner,arctic_a0331
l2_arctic,THV,Vietnamese,F,train,ai-training/datasets/l2-arctic/raw/l2arctic_release_v5.0/THV/wav/arctic_a0332.wav,Unconsciously our yells and exclamations yielded to this rhythm,1,non_native,l2_learner,arctic_a0332
l2_arctic,THV,Vietnamese,F,train,ai-training/datasets/l2-arctic/raw/l2arctic_release_v5.0/THV/wav/arctic_a0333.wav,This is no place for you,1,non_native,l2_learner,arctic_a0333
l2_arctic,THV,Vietnamese,F,train,ai-training/datasets/l2-arctic/raw/l2arctic_release_v5.0/THV/wav/arctic_a0334.wav,He'll knock you off a few sticks in no time,1,non_native,l2_learner,arctic_a0334
l2_arctic,THV,Vietnamese,F,train,ai-training/datasets/l2-arctic/raw/l2arctic_release_v5.0/THV/wav/arctic_a0335.wav,Red Eye swung back and forth on the branch farther down,1,non_native,l2_learner,arctic_a0335
l2_arctic,THV,Vietnamese,F,train,ai-training/datasets/l2-arctic/raw/l2arctic_release_v5.0/THV/wav/arctic_a0336.wav,So unexpected was my charge that I knocked him off his feet,1,non_native,l2_learner,arctic_a0336
l2_arctic,THV,Vietnamese,F,train,ai-training/datasets/l2-arctic/raw/l2arctic_release_v5.0/THV/wav/arctic_a0337.wav,Encouraged by my conduct Big Face became a sudden ally,1,non_native,l2_learner,arctic_a0337
l2_arctic,THV,Vietnamese,F,train,ai-training/datasets/l2-arctic/raw/l2arctic_release_v5.0/THV/wav/arctic_a0338.wav,The fighting had now become intermittent,1,non_native,l2_learner,arctic_a0338
l2_arctic,THV,Vietnamese,F,train,ai-training/datasets/l2-arctic/raw/l2arctic_release_v5.0/THV/wav/arctic_a0339.wav,They obeyed him and went here and there at his commands,1,non_native,l2_learner,arctic_a0339
l2_arctic,THV,Vietnamese,F,train,ai-training/datasets/l2-arctic/raw/l2arctic_release_v5.0/THV/wav/arctic_a0340.wav,It was like the beating of hoofs,1,non_native,l2_learner,arctic_a0340
l2_arctic,THV,Vietnamese,F,train,ai-training/datasets/l2-arctic/raw/l2arctic_release_v5.0/THV/wav/arctic_a0341.wav,Why doggone you all shake again,1,non_native,l2_learner,arctic_a0341
l2_arctic,THV,Vietnamese,F,train,ai-training/datasets/l2-arctic/raw/l2arctic_release_v5.0/THV/wav/arctic_a0342.wav,Seventeen no eighteen days ago,1,non_native,l2_learner,arctic_a0342
l2_arctic,THV,Vietnamese,F,train,ai-training/datasets/l2-arctic/raw/l2arctic_release_v5.0/THV/wav/arctic_a0343.wav,You mean for this State General Alberta,1,non_native,l2_learner,arctic_a0343
l2_arctic,THV,Vietnamese,F,train,ai-training/datasets/l2-arctic/raw/l2arctic_release_v5.0/THV/wav/arctic_a0344.wav,He seemed to fill it with his tremendous vitality,1,non_native,l2_learner,arctic_a0344
l2_arctic,THV,Vietnamese,F,train,ai-training/datasets/l2-arctic/raw/l2arctic_release_v5.0/THV/wav/arctic_a0345.wav,She was trying to pass the apron string around him,1,non_native,l2_learner,arctic_a0345
l2_arctic,THV,Vietnamese,F,train,ai-training/datasets/l2-arctic/raw/l2arctic_release_v5.0/THV/wav/arctic_a0346.wav,Get down and dig in,1,non_native,l2_learner,arctic_a0346
l2_arctic,THV,Vietnamese,F,train,ai-training/datasets/l2-arctic/raw/l2arctic_release_v5.0/THV/wav/arctic_a0347.wav,They are greatly delighted with anything that is bright or giveth a sound,1,non_native,l2_learner,arctic_a0347
l2_arctic,THV,Vietnamese,F,train,ai-training/datasets/l2-arctic/raw/l2arctic_release_v5.0/THV/wav/arctic_a0348.wav,They only lifted seven hundred and fifty,1,non_native,l2_learner,arctic_a0348
l2_arctic,THV,Vietnamese,F,train,ai-training/datasets/l2-arctic/raw/l2arctic_release_v5.0/THV/wav/arctic_a0349.wav,It was simple in its way and no virtue of his,1,non_native,l2_learner,arctic_a0349
l2_arctic,THV,Vietnamese,F,train,ai-training/datasets/l2-arctic/raw/l2arctic_release_v5.0/THV/wav/arctic_a0350.wav,Is that Pat Hanrahan's mug looking hungry and willing,1,non_native,l2_learner,arctic_a0350
l2_arctic,THV,Vietnamese,F,train,ai-training/datasets/l2-arctic/raw/l2arctic_release_v5.0/THV/wav/arctic_a0351.wav,It was more like sugar,1,non_native,l2_learner,arctic_a0351
l2_arctic,THV,Vietnamese,F,train,ai-training/datasets/l2-arctic/raw/l2arctic_release_v5.0/THV/wav/arctic_a0352.wav,I'm sure going along with you all Elijah,1,non_native,l2_learner,arctic_a0352
l2_arctic,THV,Vietnamese,F,train,ai-training/datasets/l2-arctic/raw/l2arctic_release_v5.0/THV/wav/arctic_a0353.wav,Here the explosion of mirth drowned him out,1,non_native,l2_learner,arctic_a0353
l2_arctic,THV,Vietnamese,F,train,ai-training/datasets/l2-arctic/raw/l2arctic_release_v5.0/THV/wav/arctic_a0354.wav,Fresh meat they failed to obtain,1,non_native,l2_learner,arctic_a0354
l2_arctic,THV,Vietnamese,F,train,ai-training/datasets/l2-arctic/raw/l2arctic_release_v5.0/THV/wav/arctic_a0355.wav,A burst of laughter was his reward,1,non_native,l2_learner,arctic_a0355
l2_arctic,THV,Vietnamese,F,train,ai-training/datasets/l2-arctic/raw/l2arctic_release_v5.0/THV/wav/arctic_a0356.wav,You don't catch me at any such foolishness,1,non_native,l2_learner,arctic_a0356
l2_arctic,THV,Vietnamese,F,train,ai-training/datasets/l2-arctic/raw/l2arctic_release_v5.0/THV/wav/arctic_a0357.wav,A month passed by and Bonanza Creek remained quiet,1,non_native,l2_learner,arctic_a0357
l2_arctic,THV,Vietnamese,F,train,ai-training/datasets/l2-arctic/raw/l2arctic_release_v5.0/THV/wav/arctic_a0358.wav,They continued valiantly to lie but the truth continued to outrun them,1,non_native,l2_learner,arctic_a0358
l2_arctic,THV,Vietnamese,F,train,ai-training/datasets/l2-arctic/raw/l2arctic_release_v5.0/THV/wav/arctic_a0359.wav,Earth and gravel seemed to fill the pan,1,non_native,l2_learner,arctic_a0359
l2_arctic,THV,Vietnamese,F,train,ai-training/datasets/l2-arctic/raw/l2arctic_release_v5.0/THV/wav/arctic_a0360.wav,But he no longer cared quite so much for that form of diversion,1,non_native,l2_learner,arctic_a0360
l2_arctic,THV,Vietnamese,F,train,ai-training/datasets/l2-arctic/raw/l2arctic_release_v5.0/THV/wav/arctic_a0361.wav,But he did not broach it preferring to mature it carefully,1,non_native,l2_learner,arctic_a0361
l2_arctic,THV,Vietnamese,F,train,ai-training/datasets/l2-arctic/raw/l2arctic_release_v5.0/THV/wav/arctic_a0362.wav,Nope not the slightest idea,1,non_native,l2_learner,arctic_a0362
l2_arctic,THV,Vietnamese,F,train,ai-training/datasets/l2-arctic/raw/l2arctic_release_v5.0/THV/wav/arctic_a0363.wav,It is not an attempt to smash the market,1,non_native,l2_learner,arctic_a0363
l2_arctic,THV,Vietnamese,F,train,ai-training/datasets/l2-arctic/raw/l2arctic_release_v5.0/THV/wav/arctic_a0364.wav,We have plenty of capital ourselves and yet we want more,1,non_native,l2_learner,arctic_a0364
l2_arctic,THV,Vietnamese,F,train,ai-training/datasets/l2-arctic/raw/l2arctic_release_v5.0/THV/wav/arctic_a0365.wav,These rumors may even originate with us,1,non_native,l2_learner,arctic_a0365
l2_arctic,THV,Vietnamese,F,train,ai-training/datasets/l2-arctic/raw/l2arctic_release_v5.0/THV/wav/arctic_a0366.wav,A wildly exciting time was his during the week preceding Thursday the eighteenth,1,non_native,l2_learner,arctic_a0366
l2_arctic,THV,Vietnamese,F,train,ai-training/datasets/l2-arctic/raw/l2arctic_release_v5.0/THV/wav/arctic_a0367.wav,There is not an iota of truth in it certainly not,1,non_native,l2_learner,arctic_a0367
l2_arctic,THV,Vietnamese,F,train,ai-training/datasets/l2-arctic/raw/l2arctic_release_v5.0/THV/wav/arctic_a0368.wav,I just do appreciate it without being able to express my feelings,1,non_native,l2_learner,arctic_a0368
l2_arctic,THV,Vietnamese,F,train,ai-training/datasets/l2-arctic/raw/l2arctic_release_v5.0/THV/wav/arctic_a0369.wav,In partnership with Daylight the pair raided the San Jose Interurban,1,non_native,l2_learner,arctic_a0369
l2_arctic,THV,Vietnamese,F,train,ai-training/datasets/l2-arctic/raw/l2arctic_release_v5.0/THV/wav/arctic_a0370.wav,He saw all men in the business game doing this,1,non_native,l2_learner,arctic_a0370
l2_arctic,THV,Vietnamese,F,train,ai-training/datasets/l2-arctic/raw/l2arctic_release_v5.0/THV/wav/arctic_a0371.wav,It issued a rate of forty two dollars a car on charcoal,1,non_native,l2_learner,arctic_a0371
l2_arctic,THV,Vietnamese,F,train,ai-training/datasets/l2-arctic/raw/l2arctic_release_v5.0/THV/wav/arctic_a0372.wav,He saw only the effect in a general sketchy way,1,non_native,l2_learner,arctic_a0372
l2_arctic,THV,Vietnamese,F,train,ai-training/datasets/l2-arctic/raw/l2arctic_release_v5.0/THV/wav/arctic_a0373.wav,Points of view new ideas life,1,non_native,l2_learner,arctic_a0373
l2_arctic,THV,Vietnamese,F,train,ai-training/datasets/l2-arctic/raw/l2arctic_release_v5.0/THV/wav/arctic_a0374.wav,But life's worth more than cash she argued,1,non_native,l2_learner,arctic_a0374
l2_arctic,THV,Vietnamese,F,train,ai-training/datasets/l2-arctic/raw/l2arctic_release_v5.0/THV/wav/arctic_a0375.wav,The butchers and meat cutters refused to handle meat destined for unfair restaurants,1,non_native,l2_learner,arctic_a0375
l2_arctic,THV,Vietnamese,F,train,ai-training/datasets/l2-arctic/raw/l2arctic_release_v5.0/THV/wav/arctic_a0376.wav,Your price my son is just about thirty per week,1,non_native,l2_learner,arctic_a0376
l2_arctic,THV,Vietnamese,F,train,ai-training/datasets/l2-arctic/raw/l2arctic_release_v5.0/THV/wav/arctic_a0377.wav,This sound did not disturb the hush and awe of the place,1,non_native,l2_learner,arctic_a0377
l2_arctic,THV,Vietnamese,F,train,ai-training/datasets/l2-arctic/raw/l2arctic_release_v5.0/THV/wav/arctic_a0378.wav,That's why its boundaries are all gouged and jagged,1,non_native,l2_learner,arctic_a0378
l2_arctic,THV,Vietnamese,F,train,ai-training/datasets/l2-arctic/raw/l2arctic_release_v5.0/THV/wav/arctic_a0379.wav,How old are you daddy,1,non_native,l2_learner,arctic_a0379
l2_arctic,THV,Vietnamese,F,train,ai-training/datasets/l2-arctic/raw/l2arctic_release_v5.0/THV/wav/arctic_a0380.wav,But in the canyons water was plentiful and also a luxuriant forest growth,1,non_native,l2_learner,arctic_a0380
l2_arctic,THV,Vietnamese,F,train,ai-training/datasets/l2-arctic/raw/l2arctic_release_v5.0/THV/wav/arctic_a0381.wav,My name's Ferguson,1,non_native,l2_learner,arctic_a0381
l2_arctic,THV,Vietnamese,F,train,ai-training/datasets/l2-arctic/raw/l2arctic_release_v5.0/THV/wav/arctic_a0382.wav,Daylight found himself charmed and made curious by the little man,1,non_native,l2_learner,arctic_a0382
l2_arctic,THV,Vietnamese,F,train,ai-training/datasets/l2-arctic/raw/l2arctic_release_v5.0/THV/wav/arctic_a0383.wav,To his surprise her answer was flat and uncompromising,1,non_native,l2_learner,arctic_a0383
l2_arctic,THV,Vietnamese,F,train,ai-training/datasets/l2-arctic/raw/l2arctic_release_v5.0/THV/wav/arctic_a0384.wav,The farmer works the soil and produces grain,1,non_native,l2_learner,arctic_a0384
l2_arctic,THV,Vietnamese,F,train,ai-training/datasets/l2-arctic/raw/l2arctic_release_v5.0/THV/wav/arctic_a0385.wav,That's what Carnegie did,1,non_native,l2_learner,arctic_a0385
l2_arctic,THV,Vietnamese,F,train,ai-training/datasets/l2-arctic/raw/l2arctic_release_v5.0/THV/wav/arctic_a0386.wav,I can't argue with you and you know that,1,non_native,l2_learner,arctic_a0386
l2_arctic,THV,Vietnamese,F,train,ai-training/datasets/l2-arctic/raw/l2arctic_release_v5.0/THV/wav/arctic_a0387.wav,Bob growing disgusted turned back suddenly and attempted to pass Mab,1,non_native,l2_learner,arctic_a0387
l2_arctic,THV,Vietnamese,F,train,ai-training/datasets/l2-arctic/raw/l2arctic_release_v5.0/THV/wav/arctic_a0388.wav,It was my idea to a tee,1,non_native,l2_learner,arctic_a0388
l2_arctic,THV,Vietnamese,F,train,ai-training/datasets/l2-arctic/raw/l2arctic_release_v5.0/THV/wav/arctic_a0389.wav,Mab she said,1,non_native,l2_learner,arctic_a0389
l2_arctic,THV,Vietnamese,F,train,ai-training/datasets/l2-arctic/raw/l2arctic_release_v5.0/THV/wav/arctic_a0390.wav,I'll go over tomorrow afternoon,1,non_native,l2_learner,arctic_a0390
l2_arctic,THV,Vietnamese,F,train,ai-training/datasets/l2-arctic/raw/l2arctic_release_v5.0/THV/wav/arctic_a0391.wav,But he reconciled himself to it by an act of faith,1,non_native,l2_learner,arctic_a0391
l2_arctic,THV,Vietnamese,F,train,ai-training/datasets/l2-arctic/raw/l2arctic_release_v5.0/THV/wav/arctic_a0392.wav,There is that magnificent Bob eating his head off in the stable,1,non_native,l2_learner,arctic_a0392
l2_arctic,THV,Vietnamese,F,train,ai-training/datasets/l2-arctic/raw/l2arctic_release_v5.0/THV/wav/arctic_a0393.wav,Already he had begun borrowing from the banks,1,non_native,l2_learner,arctic_a0393
l2_arctic,THV,Vietnamese,F,train,ai-training/datasets/l2-arctic/raw/l2arctic_release_v5.0/THV/wav/arctic_a0394.wav,It's the strap hangers that'll keep us from going under,1,non_native,l2_learner,arctic_a0394
l2_arctic,THV,Vietnamese,F,train,ai-training/datasets/l2-arctic/raw/l2arctic_release_v5.0/THV/wav/arctic_a0395.wav,As for himself weren't the street railway earnings increasing steadily,1,non_native,l2_learner,arctic_a0395
l2_arctic,THV,Vietnamese,F,train,ai-training/datasets/l2-arctic/raw/l2arctic_release_v5.0/THV/wav/arctic_a0396.wav,A rising tide of fat had submerged them,1,non_native,l2_learner,arctic_a0396
l2_arctic,THV,Vietnamese,F,train,ai-training/datasets/l2-arctic/raw/l2arctic_release_v5.0/THV/wav/arctic_a0397.wav,Call me that again he murmured ecstatically,1,non_native,l2_learner,arctic_a0397
l2_arctic,THV,Vietnamese,F,train,ai-training/datasets/l2-arctic/raw/l2arctic_release_v5.0/THV/wav/arctic_a0398.wav,In the car were Unwin and Harrison while Jones sat with the chauffeur,1,non_native,l2_learner,arctic_a0398
l2_arctic,THV,Vietnamese,F,train,ai-training/datasets/l2-arctic/raw/l2arctic_release_v5.0/THV/wav/arctic_a0399.wav,And here's another idea,1,non_native,l2_learner,arctic_a0399
l2_arctic,THV,Vietnamese,F,train,ai-training/datasets/l2-arctic/raw/l2arctic_release_v5.0/THV/wav/arctic_a0400.wav,Manuel had one besetting sin,1,non_native,l2_learner,arctic_a0400
l2_arctic,THV,Vietnamese,F,train,ai-training/datasets/l2-arctic/raw/l2arctic_release_v5.0/THV/wav/arctic_a0401.wav,The man smiled grimly and brought a hatchet and a club,1,non_native,l2_learner,arctic_a0401
l2_arctic,THV,Vietnamese,F,train,ai-training/datasets/l2-arctic/raw/l2arctic_release_v5.0/THV/wav/arctic_a0402.wav,Curly rushed her antagonist who struck again and leaped aside,1,non_native,l2_learner,arctic_a0402
l2_arctic,THV,Vietnamese,F,train,ai-training/datasets/l2-arctic/raw/l2arctic_release_v5.0/THV/wav/arctic_a0403.wav,His newborn cunning gave him poise and control,1,non_native,l2_learner,arctic_a0403
l2_arctic,THV,Vietnamese,F,train,ai-training/datasets/l2-arctic/raw/l2arctic_release_v5.0/THV/wav/arctic_a0404.wav,Perrault found one with head buried in the grub box,1,non_native,l2_learner,arctic_a0404
l2_arctic,THV,Vietnamese,F,train,ai-training/datasets/l2-arctic/raw/l2arctic_release_v5.0/THV/wav/arctic_a0405.wav,It seemed the ordained order of things that dogs should work,1,non_native,l2_learner,arctic_a0405
l2_arctic,THV,Vietnamese,F,train,ai-training/datasets/l2-arctic/raw/l2arctic_release_v5.0/THV/wav/arctic_a0406.wav,And that was the last of Francois and Perrault,1,non_native,l2_learner,arctic_a0406
l2_arctic,THV,Vietnamese,F,train,ai-training/datasets/l2-arctic/raw/l2arctic_release_v5.0/THV/wav/arctic_a0407.wav,Mercedes screamed cried laughed and manifested the chaotic abandonment of hysteria,1,non_native,l2_learner,arctic_a0407
l2_arctic,THV,Vietnamese,F,train,ai-training/datasets/l2-arctic/raw/l2arctic_release_v5.0/THV/wav/arctic_a0408.wav,The Eldorado emptied its occupants into the street to see the test,1,non_native,l2_learner,arctic_a0408
l2_arctic,THV,Vietnamese,F,train,ai-training/datasets/l2-arctic/raw/l2arctic_release_v5.0/THV/wav/arctic_a0409.wav,He could feel a new stir in the land,1,non_native,l2_learner,arctic_a0409
l2_arctic,THV,Vietnamese,F,train,ai-training/datasets/l2-arctic/raw/l2arctic_release_v5.0/THV/wav/arctic_a0410.wav,So we have to fit the boat throughout with oil lamps as well,1,non_native,l2_learner,arctic_a0410
l2_arctic,THV,Vietnamese,F,train,ai-training/datasets/l2-arctic/raw/l2arctic_release_v5.0/THV/wav/arctic_a0411.wav,It will break our hearts and our backs to hoist anchor by hand,1,non_native,l2_learner,arctic_a0411
l2_arctic,THV,Vietnamese,F,train,ai-training/datasets/l2-arctic/raw/l2arctic_release_v5.0/THV/wav/arctic_a0412.wav,There is another virtue in these bulkheads,1,non_native,l2_learner,arctic_a0412
l2_arctic,THV,Vietnamese,F,train,ai-training/datasets/l2-arctic/raw/l2arctic_release_v5.0/THV/wav/arctic_a0413.wav,But I am at the end of my resources,1,non_native,l2_learner,arctic_a0413
l2_arctic,THV,Vietnamese,F,train,ai-training/datasets/l2-arctic/raw/l2arctic_release_v5.0/THV/wav/arctic_a0414.wav,Now our figuring was all right,1,non_native,l2_learner,arctic_a0414
l2_arctic,THV,Vietnamese,F,train,ai-training/datasets/l2-arctic/raw/l2arctic_release_v5.0/THV/wav/arctic_a0415.wav,It lasted as a deterrent for two days,1,non_native,l2_learner,arctic_a0415
l2_arctic,THV,Vietnamese,F,train,ai-training/datasets/l2-arctic/raw/l2arctic_release_v5.0/THV/wav/arctic_a0416.wav,The added weight had a velocity of fifteen miles per hour,1,non_native,l2_learner,arctic_a0416
l2_arctic,THV,Vietnamese,F,train,ai-training/datasets/l2-arctic/raw/l2arctic_release_v5.0/THV/wav/arctic_a0417.wav,It is also an insidious deceitful sun,1,non_native,l2_learner,arctic_a0417
l2_arctic,THV,Vietnamese,F,train,ai-training/datasets/l2-arctic/raw/l2arctic_release_v5.0/THV/wav/arctic_a0418.wav,The Portuguese boy crawled nearer and nearer,1,non_native,l2_learner,arctic_a0418
l2_arctic,THV,Vietnamese,F,train,ai-training/datasets/l2-arctic/raw/l2arctic_release_v5.0/THV/wav/arctic_a0419.wav,The Portuguese boy passed the Hawaiian,1,non_native,l2_learner,arctic_a0419
l2_arctic,THV,Vietnamese,F,train,ai-training/datasets/l2-arctic/raw/l2arctic_release_v5.0/THV/wav/arctic_a0420.wav,When I came to I was waving my hat and murmuring ecstatically,1,non_native,l2_learner,arctic_a0420
l2_arctic,THV,Vietnamese,F,train,ai-training/datasets/l2-arctic/raw/l2arctic_release_v5.0/THV/wav/arctic_a0421.wav,By golly the boy wins,1,non_native,l2_learner,arctic_a0421
l2_arctic,THV,Vietnamese,F,train,ai-training/datasets/l2-arctic/raw/l2arctic_release_v5.0/THV/wav/arctic_a0422.wav,Halfway around the track one donkey got into an argument with its rider,1,non_native,l2_learner,arctic_a0422
l2_arctic,THV,Vietnamese,F,train,ai-training/datasets/l2-arctic/raw/l2arctic_release_v5.0/THV/wav/arctic_a0423.wav,McVeigh when he returns from a trip to Honolulu,1,non_native,l2_learner,arctic_a0423
l2_arctic,THV,Vietnamese,F,train,ai-training/datasets/l2-arctic/raw/l2arctic_release_v5.0/THV/wav/arctic_a0424.wav,Obviously it was a disease that could be contracted by contact,1,non_native,l2_learner,arctic_a0424
l2_arctic,THV,Vietnamese,F,train,ai-training/datasets/l2-arctic/raw/l2arctic_release_v5.0/THV/wav/arctic_a0425.wav,Otherwise no restriction is put upon their seafaring,1,non_native,l2_learner,arctic_a0425
l2_arctic,THV,Vietnamese,F,train,ai-training/datasets/l2-arctic/raw/l2arctic_release_v5.0/THV/wav/arctic_a0426.wav,They do not know the length of time of incubation,1,non_native,l2_learner,arctic_a0426
l2_arctic,THV,Vietnamese,F,train,ai-training/datasets/l2-arctic/raw/l2arctic_release_v5.0/THV/wav/arctic_a0427.wav,Enters now the psychology of the situation,1,non_native,l2_learner,arctic_a0427
l2_arctic,THV,Vietnamese,F,train,ai-training/datasets/l2-arctic/raw/l2arctic_release_v5.0/THV/wav/arctic_a0428.wav,It was not exactly a deportation,1,non_native,l2_learner,arctic_a0428
l2_arctic,THV,Vietnamese,F,train,ai-training/datasets/l2-arctic/raw/l2arctic_release_v5.0/THV/wav/arctic_a0429.wav,Quick was the disappointment in his face yet smiling was the acquiescence,1,non_native,l2_learner,arctic_a0429
l2_arctic,THV,Vietnamese,F,train,ai-training/datasets/l2-arctic/raw/l2arctic_release_v5.0/THV/wav/arctic_a0430.wav,Nevertheless we found ourselves once more in the high seat of abundance,1,non_native,l2_learner,arctic_a0430
l2_arctic,THV,Vietnamese,F,train,ai-training/datasets/l2-arctic/raw/l2arctic_release_v5.0/THV/wav/arctic_a0431.wav,Wada and Na ka ta were in a bit of a funk,1,non_native,l2_learner,arctic_a0431
l2_arctic,THV,Vietnamese,F,train,ai-training/datasets/l2-arctic/raw/l2arctic_release_v5.0/THV/wav/arctic_a0432.wav,The boy at the wheel lost his head,1,non_native,l2_learner,arctic_a0432
l2_arctic,THV,Vietnamese,F,train,ai-training/datasets/l2-arctic/raw/l2arctic_release_v5.0/THV/wav/arctic_a0433.wav,To her the bridge was tambo which is the native for taboo,1,non_native,l2_learner,arctic_a0433
l2_arctic,THV,Vietnamese,F,train,ai-training/datasets/l2-arctic/raw/l2arctic_release_v5.0/THV/wav/arctic_a0434.wav,A half a case of tobacco was worth three pounds,1,non_native,l2_learner,arctic_a0434
l2_arctic,THV,Vietnamese,F,train,ai-training/datasets/l2-arctic/raw/l2arctic_release_v5.0/THV/wav/arctic_a0435.wav,What do you mean by this outrageous conduct,1,non_native,l2_learner,arctic_a0435
l2_arctic,THV,Vietnamese,F,train,ai-training/datasets/l2-arctic/raw/l2arctic_release_v5.0/THV/wav/arctic_a0436.wav,But Martin smiled a superior smile,1,non_native,l2_learner,arctic_a0436
l2_arctic,THV,Vietnamese,F,train,ai-training/datasets/l2-arctic/raw/l2arctic_release_v5.0/THV/wav/arctic_a0437.wav,By that answer my professional medical prestige stood or fell,1,non_native,l2_learner,arctic_a0437
l2_arctic,THV,Vietnamese,F,train,ai-training/datasets/l2-arctic/raw/l2arctic_release_v5.0/THV/wav/arctic_a0438.wav,At sea Monday March sixteenth nineteen o eight,1,non_native,l2_learner,arctic_a0438
l2_arctic,THV,Vietnamese,F,train,ai-training/datasets/l2-arctic/raw/l2arctic_release_v5.0/THV/wav/arctic_a0439.wav,At sea Wednesday March eighteenth nineteen o eight,1,non_native,l2_learner,arctic_a0439
l2_arctic,THV,Vietnamese,F,train,ai-training/datasets/l2-arctic/raw/l2arctic_release_v5.0/THV/wav/arctic_a0440.wav,Yes sir I corrected,1,non_native,l2_learner,arctic_a0440
l2_arctic,THV,Vietnamese,F,train,ai-training/datasets/l2-arctic/raw/l2arctic_release_v5.0/THV/wav/arctic_a0441.wav,Violent life and athletic sports had never appealed to me,1,non_native,l2_learner,arctic_a0441
l2_arctic,THV,Vietnamese,F,train,ai-training/datasets/l2-arctic/raw/l2arctic_release_v5.0/THV/wav/arctic_a0442.wav,You live on an income which your father earned,1,non_native,l2_learner,arctic_a0442
l2_arctic,THV,Vietnamese,F,train,ai-training/datasets/l2-arctic/raw/l2arctic_release_v5.0/THV/wav/arctic_a0443.wav,He was worth nothing to the world,1,non_native,l2_learner,arctic_a0443
l2_arctic,THV,Vietnamese,F,train,ai-training/datasets/l2-arctic/raw/l2arctic_release_v5.0/THV/wav/arctic_a0444.wav,Then you don't believe in altruism,1,non_native,l2_learner,arctic_a0444
l2_arctic,THV,Vietnamese,F,train,ai-training/datasets/l2-arctic/raw/l2arctic_release_v5.0/THV/wav/arctic_a0445.wav,The creative joy I murmured,1,non_native,l2_learner,arctic_a0445
l2_arctic,THV,Vietnamese,F,train,ai-training/datasets/l2-arctic/raw/l2arctic_release_v5.0/THV/wav/arctic_a0446.wav,He deluged me overwhelmed me with argument,1,non_native,l2_learner,arctic_a0446
l2_arctic,THV,Vietnamese,F,train,ai-training/datasets/l2-arctic/raw/l2arctic_release_v5.0/THV/wav/arctic_a0447.wav,Ah it is growing dark and darker,1,non_native,l2_learner,arctic_a0447
l2_arctic,THV,Vietnamese,F,train,ai-training/datasets/l2-arctic/raw/l2arctic_release_v5.0/THV/wav/arctic_a0448.wav,I was Hump cabin boy on the schooner Ghost,1,non_native,l2_learner,arctic_a0448
l2_arctic,THV,Vietnamese,F,train,ai-training/datasets/l2-arctic/raw/l2arctic_release_v5.0/THV/wav/arctic_a0449.wav,A sinewy hand dripping with water was clutching the rail,1,non_native,l2_learner,arctic_a0449
l2_arctic,THV,Vietnamese,F,train,ai-training/datasets/l2-arctic/raw/l2arctic_release_v5.0/THV/wav/arctic_a0450.wav,No man ate of the seal meat or the oil,1,non_native,l2_learner,arctic_a0450
l2_arctic,THV,Vietnamese,F,train,ai-training/datasets/l2-arctic/raw/l2arctic_release_v5.0/THV/wav/arctic_a0451.wav,I noticed blood spouting from Kerfoot left hand,1,non_native,l2_learner,arctic_a0451
l2_arctic,THV,Vietnamese,F,train,ai-training/datasets/l2-arctic/raw/l2arctic_release_v5.0/THV/wav/arctic_a0452.wav,Three oilers and a fourth engineer was his greeting,1,non_native,l2_learner,arctic_a0452
l2_arctic,THV,Vietnamese,F,train,ai-training/datasets/l2-arctic/raw/l2arctic_release_v5.0/THV/wav/arctic_a0453.wav,Eighteen hundred he calculated,1,non_native,l2_learner,arctic_a0453
l2_arctic,THV,Vietnamese,F,train,ai-training/datasets/l2-arctic/raw/l2arctic_release_v5.0/THV/wav/arctic_a0454.wav,The sharp voice of Wolf Larsen aroused me,1,non_native,l2_learner,arctic_a0454
l2_arctic,THV,Vietnamese,F,train,ai-training/datasets/l2-arctic/raw/l2arctic_release_v5.0/THV/wav/arctic_a0455.wav,I obeyed and a minute or two later they stood before him,1,non_native,l2_learner,arctic_a0455
l2_arctic,THV,Vietnamese,F,train,ai-training/datasets/l2-arctic/raw/l2arctic_release_v5.0/THV/wav/arctic_a0456.wav,But it won't continue she said with easy confidence,1,non_native,l2_learner,arctic_a0456
l2_arctic,THV,Vietnamese,F,train,ai-training/datasets/l2-arctic/raw/l2arctic_release_v5.0/THV/wav/arctic_a0457.wav,What I saw I could not at first believe,1,non_native,l2_learner,arctic_a0457
l2_arctic,THV,Vietnamese,F,train,ai-training/datasets/l2-arctic/raw/l2arctic_release_v5.0/THV/wav/arctic_a0458.wav,The stout wood was crushed like an eggshell,1,non_native,l2_learner,arctic_a0458
l2_arctic,THV,Vietnamese,F,train,ai-training/datasets/l2-arctic/raw/l2arctic_release_v5.0/THV/wav/arctic_a0459.wav,There's too much of the schoolboy in me,1,non_native,l2_learner,arctic_a0459
l2_arctic,THV,Vietnamese,F,train,ai-training/datasets/l2-arctic/raw/l2arctic_release_v5.0/THV/wav/arctic_a0460.wav,I had forgotten their existence,1,non_native,l2_learner,arctic_a0460
l2_arctic,THV,Vietnamese,F,train,ai-training/datasets/l2-arctic/raw/l2arctic_release_v5.0/THV/wav/arctic_a0461.wav,Ah we were very close together in that moment,1,non_native,l2_learner,arctic_a0461
l2_arctic,THV,Vietnamese,F,train,ai-training/datasets/l2-arctic/raw/l2arctic_release_v5.0/THV/wav/arctic_a0462.wav,But she swung obediently on her heel into the wind,1,non_native,l2_learner,arctic_a0462
l2_arctic,THV,Vietnamese,F,train,ai-training/datasets/l2-arctic/raw/l2arctic_release_v5.0/THV/wav/arctic_a0463.wav,They are his tongue by which he makes his knowledge articulate,1,non_native,l2_learner,arctic_a0463
l2_arctic,THV,Vietnamese,F,train,ai-training/datasets/l2-arctic/raw/l2arctic_release_v5.0/THV/wav/arctic_a0464.wav,Between the rush of the cascades streaks of rust showed everywhere,1,non_native,l2_learner,arctic_a0464
l2_arctic,THV,Vietnamese,F,train,ai-training/datasets/l2-arctic/raw/l2arctic_release_v5.0/THV/wav/arctic_a0465.wav,He'll never do a tap of work the whole Voyage,1,non_native,l2_learner,arctic_a0465
l2_arctic,THV,Vietnamese,F,train,ai-training/datasets/l2-arctic/raw/l2arctic_release_v5.0/THV/wav/arctic_a0466.wav,Captain West may be a Samurai but he is also human,1,non_native,l2_learner,arctic_a0466
l2_arctic,THV,Vietnamese,F,train,ai-training/datasets/l2-arctic/raw/l2arctic_release_v5.0/THV/wav/arctic_a0467.wav,And so early in the voyage too,1,non_native,l2_learner,arctic_a0467
l2_arctic,THV,Vietnamese,F,train,ai-training/datasets/l2-arctic/raw/l2arctic_release_v5.0/THV/wav/arctic_a0468.wav,In the matter of curry she is a sheer genius,1,non_native,l2_learner,arctic_a0468
l2_arctic,THV,Vietnamese,F,train,ai-training/datasets/l2-arctic/raw/l2arctic_release_v5.0/THV/wav/arctic_a0469.wav,The eastern heavens were equally spectacular,1,non_native,l2_learner,arctic_a0469
l2_arctic,THV,Vietnamese,F,train,ai-training/datasets/l2-arctic/raw/l2arctic_release_v5.0/THV/wav/arctic_a0470.wav,He spat it out like so much venom,1,non_native,l2_learner,arctic_a0470
l2_arctic,THV,Vietnamese,F,train,ai-training/datasets/l2-arctic/raw/l2arctic_release_v5.0/THV/wav/arctic_a0471.wav,I saw Mister Pike nod his head grimly and sarcastically,1,non_native,l2_learner,arctic_a0471
l2_arctic,THV,Vietnamese,F,train,ai-training/datasets/l2-arctic/raw/l2arctic_release_v5.0/THV/wav/arctic_a0472.wav,He is too keenly intelligent too sharply sensitive successfully to endure,1,non_native,l2_learner,arctic_a0472
l2_arctic,THV,Vietnamese,F,train,ai-training/datasets/l2-arctic/raw/l2arctic_release_v5.0/THV/wav/arctic_a0473.wav,The night was calm and snowy,1,non_native,l2_learner,arctic_a0473
l2_arctic,THV,Vietnamese,F,train,ai-training/datasets/l2-arctic/raw/l2arctic_release_v5.0/THV/wav/arctic_a0474.wav,I sailed third mate in the little Vampire before you were born,1,non_native,l2_learner,arctic_a0474
l2_arctic,THV,Vietnamese,F,train,ai-training/datasets/l2-arctic/raw/l2arctic_release_v5.0/THV/wav/arctic_a0475.wav,His outstretched arm dropped to his side and he paused,1,non_native,l2_learner,arctic_a0475
l2_arctic,THV,Vietnamese,F,train,ai-training/datasets/l2-arctic/raw/l2arctic_release_v5.0/THV/wav/arctic_a0476.wav,At this moment I felt a stir at my shoulder,1,non_native,l2_learner,arctic_a0476
l2_arctic,THV,Vietnamese,F,train,ai-training/datasets/l2-arctic/raw/l2arctic_release_v5.0/THV/wav/arctic_a0477.wav,Wada Louis and the steward are servants of Asiatic breed,1,non_native,l2_learner,arctic_a0477
l2_arctic,THV,Vietnamese,F,train,ai-training/datasets/l2-arctic/raw/l2arctic_release_v5.0/THV/wav/arctic_a0478.wav,Also she has forbidden them smoking their pipes in the after room,1,non_native,l2_learner,arctic_a0478
l2_arctic,THV,Vietnamese,F,train,ai-training/datasets/l2-arctic/raw/l2arctic_release_v5.0/THV/wav/arctic_a0479.wav,I tried to read George Moore last night and was dreadfully bored,1,non_native,l2_learner,arctic_a0479
l2_arctic,THV,Vietnamese,F,train,ai-training/datasets/l2-arctic/raw/l2arctic_release_v5.0/THV/wav/arctic_a0480.wav,Tom Spink has a harpoon,1,non_native,l2_learner,arctic_a0480
l2_arctic,THV,Vietnamese,F,train,ai-training/datasets/l2-arctic/raw/l2arctic_release_v5.0/THV/wav/arctic_a0481.wav,Nimrod replied with a slight manifestation of sensitiveness,1,non_native,l2_learner,arctic_a0481
l2_arctic,THV,Vietnamese,F,train,ai-training/datasets/l2-arctic/raw/l2arctic_release_v5.0/THV/wav/arctic_a0482.wav,And their chief virtue lies in that they will never wear out,1,non_native,l2_learner,arctic_a0482
l2_arctic,THV,Vietnamese,F,train,ai-training/datasets/l2-arctic/raw/l2arctic_release_v5.0/THV/wav/arctic_a0483.wav,Beyond dispute Corry Hutchinson had married Mabel Holmes,1,non_native,l2_learner,arctic_a0483
l2_arctic,THV,Vietnamese,F,train,ai-training/datasets/l2-arctic/raw/l2arctic_release_v5.0/THV/wav/arctic_a0484.wav,No sir ee,1,non_native,l2_learner,arctic_a0484
l2_arctic,THV,Vietnamese,F,train,ai-training/datasets/l2-arctic/raw/l2arctic_release_v5.0/THV/wav/arctic_a0485.wav,Each insult added to the value of the claim,1,non_native,l2_learner,arctic_a0485
l2_arctic,THV,Vietnamese,F,train,ai-training/datasets/l2-arctic/raw/l2arctic_release_v5.0/THV/wav/arctic_a0486.wav,For the rest he was a mere automaton,1,non_native,l2_learner,arctic_a0486
l2_arctic,THV,Vietnamese,F,train,ai-training/datasets/l2-arctic/raw/l2arctic_release_v5.0/THV/wav/arctic_a0487.wav,The river bared its bosom and snorting steamboats challenged the wilderness,1,non_native,l2_learner,arctic_a0487
l2_arctic,THV,Vietnamese,F,train,ai-training/datasets/l2-arctic/raw/l2arctic_release_v5.0/THV/wav/arctic_a0488.wav,Their love burned with increasing brightness,1,non_native,l2_learner,arctic_a0488
l2_arctic,THV,Vietnamese,F,train,ai-training/datasets/l2-arctic/raw/l2arctic_release_v5.0/THV/wav/arctic_a0489.wav,They were artists not biologists,1,non_native,l2_learner,arctic_a0489
l2_arctic,THV,Vietnamese,F,train,ai-training/datasets/l2-arctic/raw/l2arctic_release_v5.0/THV/wav/arctic_a0490.wav,Both Johnny and his mother shuffled their feet as they walked,1,non_native,l2_learner,arctic_a0490
l2_arctic,THV,Vietnamese,F,train,ai-training/datasets/l2-arctic/raw/l2arctic_release_v5.0/THV/wav/arctic_a0491.wav,And as in denial of guilt the one legged boy replied,1,non_native,l2_learner,arctic_a0491
l2_arctic,THV,Vietnamese,F,train,ai-training/datasets/l2-arctic/raw/l2arctic_release_v5.0/THV/wav/arctic_a0492.wav,Burnt out like the crater of a volcano,1,non_native,l2_learner,arctic_a0492
l2_arctic,THV,Vietnamese,F,train,ai-training/datasets/l2-arctic/raw/l2arctic_release_v5.0/THV/wav/arctic_a0493.wav,The boy O'Brien was specially maltreated,1,non_native,l2_learner,arctic_a0493
l2_arctic,THV,Vietnamese,F,train,ai-training/datasets/l2-arctic/raw/l2arctic_release_v5.0/THV/wav/arctic_a0494.wav,O'Brien took off his coat and bared his right arm,1,non_native,l2_learner,arctic_a0494
l2_arctic,THV,Vietnamese,F,train,ai-training/datasets/l2-arctic/raw/l2arctic_release_v5.0/THV/wav/arctic_a0495.wav,He bore no grudges and had few enemies,1,non_native,l2_learner,arctic_a0495
l2_arctic,THV,Vietnamese,F,train,ai-training/datasets/l2-arctic/raw/l2arctic_release_v5.0/THV/wav/arctic_a0496.wav,And Tom King patiently endured,1,non_native,l2_learner,arctic_a0496
l2_arctic,THV,Vietnamese,F,train,ai-training/datasets/l2-arctic/raw/l2arctic_release_v5.0/THV/wav/arctic_a0497.wav,King took every advantage he knew,1,non_native,l2_learner,arctic_a0497
l2_arctic,THV,Vietnamese,F,train,ai-training/datasets/l2-arctic/raw/l2arctic_release_v5.0/THV/wav/arctic_a0498.wav,The lines were now very taut,1,non_native,l2_learner,arctic_a0498
l2_arctic,THV,Vietnamese,F,train,ai-training/datasets/l2-arctic/raw/l2arctic_release_v5.0/THV/wav/arctic_a0499.wav,And right there I saw and knew it all,1,non_native,l2_learner,arctic_a0499
l2_arctic,THV,Vietnamese,F,train,ai-training/datasets/l2-arctic/raw/l2arctic_release_v5.0/THV/wav/arctic_a0500.wav,Who the devil gave it to you to be judge and jury,1,non_native,l2_learner,arctic_a0500
l2_arctic,THV,Vietnamese,F,train,ai-training/datasets/l2-arctic/raw/l2arctic_release_v5.0/THV/wav/arctic_a0501.wav,You're joking me sir the other managed to articulate,1,non_native,l2_learner,arctic_a0501
l2_arctic,THV,Vietnamese,F,train,ai-training/datasets/l2-arctic/raw/l2arctic_release_v5.0/THV/wav/arctic_a0502.wav,Anything unusual or abnormal was sufficient to send a fellow to Molokai,1,non_native,l2_learner,arctic_a0502
l2_arctic,THV,Vietnamese,F,train,ai-training/datasets/l2-arctic/raw/l2arctic_release_v5.0/THV/wav/arctic_a0503.wav,His beady black eyes saw bargains where other men saw bankruptcy,1,non_native,l2_learner,arctic_a0503
l2_arctic,THV,Vietnamese,F,train,ai-training/datasets/l2-arctic/raw/l2arctic_release_v5.0/THV/wav/arctic_a0504.wav,He was an athlete and a giant,1,non_native,l2_learner,arctic_a0504
l2_arctic,THV,Vietnamese,F,train,ai-training/datasets/l2-arctic/raw/l2arctic_release_v5.0/THV/wav/arctic_a0505.wav,We fished sharks on Niihau together,1,non_native,l2_learner,arctic_a0505
l2_arctic,THV,Vietnamese,F,train,ai-training/datasets/l2-arctic/raw/l2arctic_release_v5.0/THV/wav/arctic_a0506.wav,The Claudine was leaving next morning for Honolulu,1,non_native,l2_learner,arctic_a0506
l2_arctic,THV,Vietnamese,F,train,ai-training/datasets/l2-arctic/raw/l2arctic_release_v5.0/THV/wav/arctic_a0507.wav,In short my joyous individualism was dominated by the orthodox bourgeois ethics,1,non_native,l2_learner,arctic_a0507
l2_arctic,THV,Vietnamese,F,train,ai-training/datasets/l2-arctic/raw/l2arctic_release_v5.0/THV/wav/arctic_a0508.wav,Soon shall it be thrust back from off prostrate humanity,1,non_native,l2_learner,arctic_a0508
l2_arctic,THV,Vietnamese,F,train,ai-training/datasets/l2-arctic/raw/l2arctic_release_v5.0/THV/wav/arctic_a0509.wav,Yet in accordance with Ernest's test of truth it worked,1,non_native,l2_learner,arctic_a0509
l2_arctic,THV,Vietnamese,F,train,ai-training/datasets/l2-arctic/raw/l2arctic_release_v5.0/THV/wav/arctic_a0510.wav,Much more Ernest told them of themselves and of his disillusionment,1,non_native,l2_learner,arctic_a0510
l2_arctic,THV,Vietnamese,F,train,ai-training/datasets/l2-arctic/raw/l2arctic_release_v5.0/THV/wav/arctic_a0511.wav,There is more behind this than a mere university ideal,1,non_native,l2_learner,arctic_a0511
l2_arctic,THV,Vietnamese,F,train,ai-training/datasets/l2-arctic/raw/l2arctic_release_v5.0/THV/wav/arctic_a0512.wav,No it is a palace wherein there are many servants,1,non_native,l2_learner,arctic_a0512
l2_arctic,THV,Vietnamese,F,train,ai-training/datasets/l2-arctic/raw/l2arctic_release_v5.0/THV/wav/arctic_a0513.wav,We must give ourselves and not our money alone,1,non_native,l2_learner,arctic_a0513
l2_arctic,THV,Vietnamese,F,train,ai-training/datasets/l2-arctic/raw/l2arctic_release_v5.0/THV/wav/arctic_a0514.wav,We are consumed in our own flesh pots,1,non_native,l2_learner,arctic_a0514
l2_arctic,THV,Vietnamese,F,train,ai-training/datasets/l2-arctic/raw/l2arctic_release_v5.0/THV/wav/arctic_a0515.wav,But here amongst ourselves let us speak out,1,non_native,l2_learner,arctic_a0515
l2_arctic,THV,Vietnamese,F,train,ai-training/datasets/l2-arctic/raw/l2arctic_release_v5.0/THV/wav/arctic_a0516.wav,Also there was awe in their faces,1,non_native,l2_learner,arctic_a0516
l2_arctic,THV,Vietnamese,F,train,ai-training/datasets/l2-arctic/raw/l2arctic_release_v5.0/THV/wav/arctic_a0517.wav,Out of abstractions Ernest had conjured a vision and made them see it,1,non_native,l2_learner,arctic_a0517
l2_arctic,THV,Vietnamese,F,train,ai-training/datasets/l2-arctic/raw/l2arctic_release_v5.0/THV/wav/arctic_a0518.wav,Illuminating oil was becoming all profit,1,non_native,l2_learner,arctic_a0518
l2_arctic,THV,Vietnamese,F,train,ai-training/datasets/l2-arctic/raw/l2arctic_release_v5.0/THV/wav/arctic_a0519.wav,Such an act was in direct violation of the laws of the land,1,non_native,l2_learner,arctic_a0519
l2_arctic,THV,Vietnamese,F,train,ai-training/datasets/l2-arctic/raw/l2arctic_release_v5.0/THV/wav/arctic_a0520.wav,He was fond of quoting a fragment from a certain poem,1,non_native,l2_learner,arctic_a0520
l2_arctic,THV,Vietnamese,F,train,ai-training/datasets/l2-arctic/raw/l2arctic_release_v5.0/THV/wav/arctic_a0521.wav,Without them he could not run his empire,1,non_native,l2_learner,arctic_a0521
l2_arctic,THV,Vietnamese,F,train,ai-training/datasets/l2-arctic/raw/l2arctic_release_v5.0/THV/wav/arctic_a0522.wav,For such countries nothing remained but reorganization,1,non_native,l2_learner,arctic_a0522
l2_arctic,THV,Vietnamese,F,train,ai-training/datasets/l2-arctic/raw/l2arctic_release_v5.0/THV/wav/arctic_a0523.wav,They could not continue their method of producing surpluses,1,non_native,l2_learner,arctic_a0523
l2_arctic,THV,Vietnamese,F,train,ai-training/datasets/l2-arctic/raw/l2arctic_release_v5.0/THV/wav/arctic_a0524.wav,At once would be instituted a dozen cooperative commonwealth states,1,non_native,l2_learner,arctic_a0524
l2_arctic,THV,Vietnamese,F,train,ai-training/datasets/l2-arctic/raw/l2arctic_release_v5.0/THV/wav/arctic_a0525.wav,The Oligarchy wanted violence and it set its agents provocateurs to work,1,non_native,l2_learner,arctic_a0525
l2_arctic,THV,Vietnamese,F,train,ai-training/datasets/l2-arctic/raw/l2arctic_release_v5.0/THV/wav/arctic_a0526.wav,Nowhere did the raw earth appear,1,non_native,l2_learner,arctic_a0526
l2_arctic,THV,Vietnamese,F,train,ai-training/datasets/l2-arctic/raw/l2arctic_release_v5.0/THV/wav/arctic_a0527.wav,The lush vegetation of that sheltered spot make a natural shield,1,non_native,l2_learner,arctic_a0527
l2_arctic,THV,Vietnamese,F,train,ai-training/datasets/l2-arctic/raw/l2arctic_release_v5.0/THV/wav/arctic_a0528.wav,Men who endure it call it living death,1,non_native,l2_learner,arctic_a0528
l2_arctic,THV,Vietnamese,F,train,ai-training/datasets/l2-arctic/raw/l2arctic_release_v5.0/THV/wav/arctic_a0529.wav,As I say he had tapped the message very rapidly,1,non_native,l2_learner,arctic_a0529
l2_arctic,THV,Vietnamese,F,train,ai-training/datasets/l2-arctic/raw/l2arctic_release_v5.0/THV/wav/arctic_a0530.wav,Ask him I laughed then turned to Pasquini,1,non_native,l2_learner,arctic_a0530
l2_arctic,THV,Vietnamese,F,train,ai-training/datasets/l2-arctic/raw/l2arctic_release_v5.0/THV/wav/arctic_a0531.wav,In what bucolic school of fence he had been taught was beyond imagining,1,non_native,l2_learner,arctic_a0531
l2_arctic,THV,Vietnamese,F,train,ai-training/datasets/l2-arctic/raw/l2arctic_release_v5.0/THV/wav/arctic_a0532.wav,May drought destroy your crops,1,non_native,l2_learner,arctic_a0532
l2_arctic,THV,Vietnamese,F,train,ai-training/datasets/l2-arctic/raw/l2arctic_release_v5.0/THV/wav/arctic_a0533.wav,Dunham can your boy go along with Jesse,1,non_native,l2_learner,arctic_a0533
l2_arctic,THV,Vietnamese,F,train,ai-training/datasets/l2-arctic/raw/l2arctic_release_v5.0/THV/wav/arctic_a0534.wav,But Johannes could and did,1,non_native,l2_learner,arctic_a0534
l2_arctic,THV,Vietnamese,F,train,ai-training/datasets/l2-arctic/raw/l2arctic_release_v5.0/THV/wav/arctic_a0535.wav,A new preacher and a new doctrine come to Jerusalem,1,non_native,l2_learner,arctic_a0535
l2_arctic,THV,Vietnamese,F,train,ai-training/datasets/l2-arctic/raw/l2arctic_release_v5.0/THV/wav/arctic_a0536.wav,He would destroy all things that are fixed,1,non_native,l2_learner,arctic_a0536
l2_arctic,THV,Vietnamese,F,train,ai-training/datasets/l2-arctic/raw/l2arctic_release_v5.0/THV/wav/arctic_a0537.wav,He was an enthusiast and a desert dweller,1,non_native,l2_learner,arctic_a0537
l2_arctic,THV,Vietnamese,F,train,ai-training/datasets/l2-arctic/raw/l2arctic_release_v5.0/THV/wav/arctic_a0538.wav,What Pascal glimpsed with the vision of a seer I have lived,1,non_native,l2_learner,arctic_a0538
l2_arctic,THV,Vietnamese,F,train,ai-training/datasets/l2-arctic/raw/l2arctic_release_v5.0/THV/wav/arctic_a0539.wav,I should like to engage just for one whole life in that,1,non_native,l2_learner,arctic_a0539
l2_arctic,THV,Vietnamese,F,train,ai-training/datasets/l2-arctic/raw/l2arctic_release_v5.0/THV/wav/arctic_a0540.wav,Yea so are all the lesser animals of today clean,1,non_native,l2_learner,arctic_a0540
l2_arctic,THV,Vietnamese,F,train,ai-training/datasets/l2-arctic/raw/l2arctic_release_v5.0/THV/wav/arctic_a0541.wav,The Warden with a quart of champagne,1,non_native,l2_learner,arctic_a0541
l2_arctic,THV,Vietnamese,F,train,ai-training/datasets/l2-arctic/raw/l2arctic_release_v5.0/THV/wav/arctic_a0542.wav,Without a doubt some of them have dinner engagements,1,non_native,l2_learner,arctic_a0542
l2_arctic,THV,Vietnamese,F,train,ai-training/datasets/l2-arctic/raw/l2arctic_release_v5.0/THV/wav/arctic_a0543.wav,I had been born with no organic chemical predisposition toward alcohol,1,non_native,l2_learner,arctic_a0543
l2_arctic,THV,Vietnamese,F,train,ai-training/datasets/l2-arctic/raw/l2arctic_release_v5.0/THV/wav/arctic_a0544.wav,He may anticipate the day of his death,1,non_native,l2_learner,arctic_a0544
l2_arctic,THV,Vietnamese,F,train,ai-training/datasets/l2-arctic/raw/l2arctic_release_v5.0/THV/wav/arctic_a0545.wav,The Italian rancho was a bachelor establishment,1,non_native,l2_learner,arctic_a0545
l2_arctic,THV,Vietnamese,F,train,ai-training/datasets/l2-arctic/raw/l2arctic_release_v5.0/THV/wav/arctic_a0546.wav,I lost my balance and pitched head foremost into the ooze,1,non_native,l2_learner,arctic_a0546
l2_arctic,THV,Vietnamese,F,train,ai-training/datasets/l2-arctic/raw/l2arctic_release_v5.0/THV/wav/arctic_a0547.wav,Men like Joe Goose dated existence from drunk to drunk,1,non_native,l2_learner,arctic_a0547
l2_arctic,THV,Vietnamese,F,train,ai-training/datasets/l2-arctic/raw/l2arctic_release_v5.0/THV/wav/arctic_a0548.wav,Also churches and preachers I had never known,1,non_native,l2_learner,arctic_a0548
l2_arctic,THV,Vietnamese,F,train,ai-training/datasets/l2-arctic/raw/l2arctic_release_v5.0/THV/wav/arctic_a0549.wav,Do you know that we weigh every pound of coal we burn,1,non_native,l2_learner,arctic_a0549
l2_arctic,THV,Vietnamese,F,train,ai-training/datasets/l2-arctic/raw/l2arctic_release_v5.0/THV/wav/arctic_a0550.wav,This also became part of the daily schedule,1,non_native,l2_learner,arctic_a0550
l2_arctic,THV,Vietnamese,F,train,ai-training/datasets/l2-arctic/raw/l2arctic_release_v5.0/THV/wav/arctic_a0551.wav,All an appearance can know is mirage,1,non_native,l2_learner,arctic_a0551
l2_arctic,THV,Vietnamese,F,train,ai-training/datasets/l2-arctic/raw/l2arctic_release_v5.0/THV/wav/arctic_a0552.wav,Yet he dreams he is immortal I argue feebly,1,non_native,l2_learner,arctic_a0552
l2_arctic,THV,Vietnamese,F,train,ai-training/datasets/l2-arctic/raw/l2arctic_release_v5.0/THV/wav/arctic_a0553.wav,I am writing these lines in Honolulu Hawaii,1,non_native,l2_learner,arctic_a0553
l2_arctic,THV,Vietnamese,F,train,ai-training/datasets/l2-arctic/raw/l2arctic_release_v5.0/THV/wav/arctic_a0554.wav,Jack London Waikiki Beach Honolulu Oahu,1,non_native,l2_learner,arctic_a0554
l2_arctic,THV,Vietnamese,F,train,ai-training/datasets/l2-arctic/raw/l2arctic_release_v5.0/THV/wav/arctic_a0555.wav,Jerry was so secure in his nook that he did not roll away,1,non_native,l2_learner,arctic_a0555
l2_arctic,THV,Vietnamese,F,train,ai-training/datasets/l2-arctic/raw/l2arctic_release_v5.0/THV/wav/arctic_a0556.wav,Why he's bought forty pounds of goods from you already,1,non_native,l2_learner,arctic_a0556
l2_arctic,THV,Vietnamese,F,train,ai-training/datasets/l2-arctic/raw/l2arctic_release_v5.0/THV/wav/arctic_a0557.wav,The last refugee had passed,1,non_native,l2_learner,arctic_a0557
l2_arctic,THV,Vietnamese,F,train,ai-training/datasets/l2-arctic/raw/l2arctic_release_v5.0/THV/wav/arctic_a0558.wav,And the foundation stone of service in his case was obedience,1,non_native,l2_learner,arctic_a0558
l2_arctic,THV,Vietnamese,F,train,ai-training/datasets/l2-arctic/raw/l2arctic_release_v5.0/THV/wav/arctic_a0559.wav,Peace be unto you and grace before the Lord,1,non_native,l2_learner,arctic_a0559
l2_arctic,THV,Vietnamese,F,train,ai-training/datasets/l2-arctic/raw/l2arctic_release_v5.0/THV/wav/arctic_a0560.wav,His mouth opened words shaped vainly on his lips,1,non_native,l2_learner,arctic_a0560
l2_arctic,THV,Vietnamese,F,train,ai-training/datasets/l2-arctic/raw/l2arctic_release_v5.0/THV/wav/arctic_a0561.wav,Bill lingered contemplating his work with artistic appreciation,1,non_native,l2_learner,arctic_a0561
l2_arctic,THV,Vietnamese,F,train,ai-training/datasets/l2-arctic/raw/l2arctic_release_v5.0/THV/wav/arctic_a0562.wav,What the flaming,1,non_native,l2_learner,arctic_a0562
l2_arctic,THV,Vietnamese,F,train,ai-training/datasets/l2-arctic/raw/l2arctic_release_v5.0/THV/wav/arctic_a0563.wav,Missus McFee's jaws brought together with a snap,1,non_native,l2_learner,arctic_a0563
l2_arctic,THV,Vietnamese,F,train,ai-training/datasets/l2-arctic/raw/l2arctic_release_v5.0/THV/wav/arctic_a0564.wav,Then it is as I said Womble announced with finality,1,non_native,l2_learner,arctic_a0564
l2_arctic,THV,Vietnamese,F,train,ai-training/datasets/l2-arctic/raw/l2arctic_release_v5.0/THV/wav/arctic_a0565.wav,With them were Indians also three other men,1,non_native,l2_learner,arctic_a0565
l2_arctic,THV,Vietnamese,F,train,ai-training/datasets/l2-arctic/raw/l2arctic_release_v5.0/THV/wav/arctic_a0566.wav,Dennin's hands were released long enough for him to sign the document,1,non_native,l2_learner,arctic_a0566
l2_arctic,THV,Vietnamese,F,train,ai-training/datasets/l2-arctic/raw/l2arctic_release_v5.0/THV/wav/arctic_a0567.wav,Now Irvine was a man of impulse a poet,1,non_native,l2_learner,arctic_a0567
l2_arctic,THV,Vietnamese,F,train,ai-training/datasets/l2-arctic/raw/l2arctic_release_v5.0/THV/wav/arctic_a0568.wav,He was just bursting with joy joy over what,1,non_native,l2_learner,arctic_a0568
l2_arctic,THV,Vietnamese,F,train,ai-training/datasets/l2-arctic/raw/l2arctic_release_v5.0/THV/wav/arctic_a0569.wav,At Lake Linderman I had one canoe very good Peterborough canoe,1,non_native,l2_learner,arctic_a0569
l2_arctic,THV,Vietnamese,F,train,ai-training/datasets/l2-arctic/raw/l2arctic_release_v5.0/THV/wav/arctic_a0570.wav,Behind him lay the thousand years long road across all Siberia and Russia,1,non_native,l2_learner,arctic_a0570
l2_arctic,THV,Vietnamese,F,train,ai-training/datasets/l2-arctic/raw/l2arctic_release_v5.0/THV/wav/arctic_a0571.wav,He had forgotten to build a fire and thaw out,1,non_native,l2_learner,arctic_a0571
l2_arctic,THV,Vietnamese,F,train,ai-training/datasets/l2-arctic/raw/l2arctic_release_v5.0/THV/wav/arctic_a0572.wav,I never saw anything like her in my life,1,non_native,l2_learner,arctic_a0572
l2_arctic,THV,Vietnamese,F,train,ai-training/datasets/l2-arctic/raw/l2arctic_release_v5.0/THV/wav/arctic_a0573.wav,There was no law on the Yukon save what they made for themselves,1,non_native,l2_learner,arctic_a0573
l2_arctic,THV,Vietnamese,F,train,ai-training/datasets/l2-arctic/raw/l2arctic_release_v5.0/THV/wav/arctic_a0574.wav,Good business man Curly O'Brien was saying,1,non_native,l2_learner,arctic_a0574
l2_arctic,THV,Vietnamese,F,train,ai-training/datasets/l2-arctic/raw/l2arctic_release_v5.0/THV/wav/arctic_a0575.wav,There weren't any missions and he was the man to know,1,non_native,l2_learner,arctic_a0575
l2_arctic,THV,Vietnamese,F,train,ai-training/datasets/l2-arctic/raw/l2arctic_release_v5.0/THV/wav/arctic_a0576.wav,And the big Persian knew of his existence before he did of hers,1,non_native,l2_learner,arctic_a0576
l2_arctic,THV,Vietnamese,F,train,ai-training/datasets/l2-arctic/raw/l2arctic_release_v5.0/THV/wav/arctic_a0577.wav,Once the jews harp began emitting its barbaric rhythms Michael was helpless,1,non_native,l2_learner,arctic_a0577
l2_arctic,THV,Vietnamese,F,train,ai-training/datasets/l2-arctic/raw/l2arctic_release_v5.0/THV/wav/arctic_a0578.wav,But we'll just postpone this,1,non_native,l2_learner,arctic_a0578
l2_arctic,THV,Vietnamese,F,train,ai-training/datasets/l2-arctic/raw/l2arctic_release_v5.0/THV/wav/arctic_a0579.wav,There was the Emma Louisa,1,non_native,l2_learner,arctic_a0579
l2_arctic,THV,Vietnamese,F,train,ai-training/datasets/l2-arctic/raw/l2arctic_release_v5.0/THV/wav/arctic_a0580.wav,This is my fifth voyage,1,non_native,l2_learner,arctic_a0580
l2_arctic,THV,Vietnamese,F,train,ai-training/datasets/l2-arctic/raw/l2arctic_release_v5.0/THV/wav/arctic_a0581.wav,It was this proposition that started the big idea in Daughtry's mind,1,non_native,l2_learner,arctic_a0581
l2_arctic,THV,Vietnamese,F,train,ai-training/datasets/l2-arctic/raw/l2arctic_release_v5.0/THV/wav/arctic_a0582.wav,Daughtry elaborated on the counting trick by bringing Cocky along,1,non_native,l2_learner,arctic_a0582
l2_arctic,THV,Vietnamese,F,train,ai-training/datasets/l2-arctic/raw/l2arctic_release_v5.0/THV/wav/arctic_a0583.wav,Enjoy it he did but principally for Steward's sake,1,non_native,l2_learner,arctic_a0583
l2_arctic,THV,Vietnamese,F,train,ai-training/datasets/l2-arctic/raw/l2arctic_release_v5.0/THV/wav/arctic_a0584.wav,I have long noted your thirst unquenchable,1,non_native,l2_learner,arctic_a0584
l2_arctic,THV,Vietnamese,F,train,ai-training/datasets/l2-arctic/raw/l2arctic_release_v5.0/THV/wav/arctic_a0585.wav,Wonder if he's a lion dog Charles suggested,1,non_native,l2_learner,arctic_a0585
l2_arctic,THV,Vietnamese,F,train,ai-training/datasets/l2-arctic/raw/l2arctic_release_v5.0/THV/wav/arctic_a0586.wav,We don't see ourselves as foolish,1,non_native,l2_learner,arctic_a0586
l2_arctic,THV,Vietnamese,F,train,ai-training/datasets/l2-arctic/raw/l2arctic_release_v5.0/THV/wav/arctic_a0587.wav,He had comparatively no advantages at first,1,non_native,l2_learner,arctic_a0587
l2_arctic,THV,Vietnamese,F,train,ai-training/datasets/l2-arctic/raw/l2arctic_release_v5.0/THV/wav/arctic_a0588.wav,He had proved it today with his amateurish and sophomoric productions,1,non_native,l2_learner,arctic_a0588
l2_arctic,THV,Vietnamese,F,train,ai-training/datasets/l2-arctic/raw/l2arctic_release_v5.0/THV/wav/arctic_a0589.wav,I was sick once typhoid,1,non_native,l2_learner,arctic_a0589
l2_arctic,THV,Vietnamese,F,train,ai-training/datasets/l2-arctic/raw/l2arctic_release_v5.0/THV/wav/arctic_a0590.wav,In a way he is my protege,1,non_native,l2_learner,arctic_a0590
l2_arctic,THV,Vietnamese,F,train,ai-training/datasets/l2-arctic/raw/l2arctic_release_v5.0/THV/wav/arctic_a0591.wav,We are both children together,1,non_native,l2_learner,arctic_a0591
l2_arctic,THV,Vietnamese,F,train,ai-training/datasets/l2-arctic/raw/l2arctic_release_v5.0/THV/wav/arctic_a0592.wav,It's only his indigestion I find fault with,1,non_native,l2_learner,arctic_a0592
l2_arctic,THV,Vietnamese,F,train,ai-training/datasets/l2-arctic/raw/l2arctic_release_v5.0/THV/wav/arctic_a0593.wav,She'd make a good wife for the cashier,1,non_native,l2_learner,arctic_a0593
l2_arctic,THV,Vietnamese,F,train,ai-training/datasets/l2-arctic/raw/l2arctic_release_v5.0/THV/wav/arctic_b0001.wav,Gad do I remember it,1,non_native,l2_learner,arctic_b0001
l2_arctic,THV,Vietnamese,F,train,ai-training/datasets/l2-arctic/raw/l2arctic_release_v5.0/THV/wav/arctic_b0002.wav,You got out by fighting and I through a pretty girl,1,non_native,l2_learner,arctic_b0002
l2_arctic,THV,Vietnamese,F,train,ai-training/datasets/l2-arctic/raw/l2arctic_release_v5.0/THV/wav/arctic_b0003.wav,I can see that knife now,1,non_native,l2_learner,arctic_b0003
l2_arctic,THV,Vietnamese,F,train,ai-training/datasets/l2-arctic/raw/l2arctic_release_v5.0/THV/wav/arctic_b0004.wav,When I can't see beauty in woman I want to die,1,non_native,l2_learner,arctic_b0004
l2_arctic,THV,Vietnamese,F,train,ai-training/datasets/l2-arctic/raw/l2arctic_release_v5.0/THV/wav/arctic_b0005.wav,His slim fingers closed like steel about Philip's,1,non_native,l2_learner,arctic_b0005
l2_arctic,THV,Vietnamese,F,train,ai-training/datasets/l2-arctic/raw/l2arctic_release_v5.0/THV/wav/arctic_b0006.wav,He seized Gregson by the arm and led him to the door,1,non_native,l2_learner,arctic_b0006
l2_arctic,THV,Vietnamese,F,train,ai-training/datasets/l2-arctic/raw/l2arctic_release_v5.0/THV/wav/arctic_b0007.wav,Hear the Indian dogs wailing down at Churchill,1,non_native,l2_learner,arctic_b0007
l2_arctic,THV,Vietnamese,F,train,ai-training/datasets/l2-arctic/raw/l2arctic_release_v5.0/THV/wav/arctic_b0008.wav,Burke himself had criticized it because of the smile,1,non_native,l2_learner,arctic_b0008
l2_arctic,THV,Vietnamese,F,train,ai-training/datasets/l2-arctic/raw/l2arctic_release_v5.0/THV/wav/arctic_b0009.wav,I'd say there was going to be a glorious scrap,1,non_native,l2_learner,arctic_b0009
l2_arctic,THV,Vietnamese,F,train,ai-training/datasets/l2-arctic/raw/l2arctic_release_v5.0/THV/wav/arctic_b0010.wav,He turned the map to Gregson pointing with his finger,1,non_native,l2_learner,arctic_b0010
l2_arctic,THV,Vietnamese,F,train,ai-training/datasets/l2-arctic/raw/l2arctic_release_v5.0/THV/wav/arctic_b0011.wav,His eyes never took themselves for an instant from his companion's face,1,non_native,l2_learner,arctic_b0011
l2_arctic,THV,Vietnamese,F,train,ai-training/datasets/l2-arctic/raw/l2arctic_release_v5.0/THV/wav/arctic_b0012.wav,Something that Whittemore had not yet said thrilled him,1,non_native,l2_learner,arctic_b0012
l2_arctic,THV,Vietnamese,F,train,ai-training/datasets/l2-arctic/raw/l2arctic_release_v5.0/THV/wav/arctic_b0013.wav,Lakes and rivers hundreds of them thousands of them,1,non_native,l2_learner,arctic_b0013
l2_arctic,THV,Vietnamese,F,train,ai-training/datasets/l2-arctic/raw/l2arctic_release_v5.0/THV/wav/arctic_b0014.wav,Whitefish Gregson whitefish and trout,1,non_native,l2_learner,arctic_b0014
l2_arctic,THV,Vietnamese,F,train,ai-training/datasets/l2-arctic/raw/l2arctic_release_v5.0/THV/wav/arctic_b0015.wav,They robbed me a few years later,1,non_native,l2_learner,arctic_b0015
l2_arctic,THV,Vietnamese,F,train,ai-training/datasets/l2-arctic/raw/l2arctic_release_v5.0/THV/wav/arctic_b0016.wav,He chuckled as he pulled out his pipe and began filling it,1,non_native,l2_learner,arctic_b0016
l2_arctic,THV,Vietnamese,F,train,ai-training/datasets/l2-arctic/raw/l2arctic_release_v5.0/THV/wav/arctic_b0017.wav,Everything was working smoothly better than I had expected,1,non_native,l2_learner,arctic_b0017
l2_arctic,THV,Vietnamese,F,train,ai-training/datasets/l2-arctic/raw/l2arctic_release_v5.0/THV/wav/arctic_b0018.wav,I was completely lost in my work,1,non_native,l2_learner,arctic_b0018
l2_arctic,THV,Vietnamese,F,train,ai-training/datasets/l2-arctic/raw/l2arctic_release_v5.0/THV/wav/arctic_b0019.wav,His slim hands gripped the edges of the table,1,non_native,l2_learner,arctic_b0019
l2_arctic,THV,Vietnamese,F,train,ai-training/datasets/l2-arctic/raw/l2arctic_release_v5.0/THV/wav/arctic_b0020.wav,He made no reply as he waited for Whittemore to continue,1,non_native,l2_learner,arctic_b0020
l2_arctic,THV,Vietnamese,F,train,ai-training/datasets/l2-arctic/raw/l2arctic_release_v5.0/THV/wav/arctic_b0021.wav,Philip dropped back into his chair,1,non_native,l2_learner,arctic_b0021
l2_arctic,THV,Vietnamese,F,train,ai-training/datasets/l2-arctic/raw/l2arctic_release_v5.0/THV/wav/arctic_b0022.wav,If I was out of the game it would be easily made,1,non_native,l2_learner,arctic_b0022
l2_arctic,THV,Vietnamese,F,train,ai-training/datasets/l2-arctic/raw/l2arctic_release_v5.0/THV/wav/arctic_b0023.wav,MacDougall my engineer believes it,1,non_native,l2_learner,arctic_b0023
l2_arctic,THV,Vietnamese,F,train,ai-training/datasets/l2-arctic/raw/l2arctic_release_v5.0/THV/wav/arctic_b0024.wav,It is growing every day every hour,1,non_native,l2_learner,arctic_b0024
l2_arctic,THV,Vietnamese,F,train,ai-training/datasets/l2-arctic/raw/l2arctic_release_v5.0/THV/wav/arctic_b0025.wav,Now you understand,1,non_native,l2_learner,arctic_b0025
l2_arctic,THV,Vietnamese,F,train,ai-training/datasets/l2-arctic/raw/l2arctic_release_v5.0/THV/wav/arctic_b0026.wav,You have associated with some of these men,1,non_native,l2_learner,arctic_b0026
l2_arctic,THV,Vietnamese,F,train,ai-training/datasets/l2-arctic/raw/l2arctic_release_v5.0/THV/wav/arctic_b0027.wav,And there's no chivalry no quarter shown in this fight,1,non_native,l2_learner,arctic_b0027
l2_arctic,THV,Vietnamese,F,train,ai-training/datasets/l2-arctic/raw/l2arctic_release_v5.0/THV/wav/arctic_b0028.wav,Lord Fitzhugh is the key to the whole situation,1,non_native,l2_learner,arctic_b0028
l2_arctic,THV,Vietnamese,F,train,ai-training/datasets/l2-arctic/raw/l2arctic_release_v5.0/THV/wav/arctic_b0029.wav,All operations have been carried on from Montreal and Toronto,1,non_native,l2_learner,arctic_b0029
l2_arctic,THV,Vietnamese,F,train,ai-training/datasets/l2-arctic/raw/l2arctic_release_v5.0/THV/wav/arctic_b0030.wav,Gregson held a lighted match until it burnt his fingertips,1,non_native,l2_learner,arctic_b0030
l2_arctic,THV,Vietnamese,F,train,ai-training/datasets/l2-arctic/raw/l2arctic_release_v5.0/THV/wav/arctic_b0031.wav,Gregson had seated himself under the lamp and was sharpening a pencil,1,non_native,l2_learner,arctic_b0031
l2_arctic,THV,Vietnamese,F,train,ai-training/datasets/l2-arctic/raw/l2arctic_release_v5.0/THV/wav/arctic_b0032.wav,He caught himself with a jerk,1,non_native,l2_learner,arctic_b0032
l2_arctic,THV,Vietnamese,F,train,ai-training/datasets/l2-arctic/raw/l2arctic_release_v5.0/THV/wav/arctic_b0033.wav,How does your wager look now,1,non_native,l2_learner,arctic_b0033
l2_arctic,THV,Vietnamese,F,train,ai-training/datasets/l2-arctic/raw/l2arctic_release_v5.0/THV/wav/arctic_b0034.wav,He confessed that the sketch had startled him,1,non_native,l2_learner,arctic_b0034
l2_arctic,THV,Vietnamese,F,train,ai-training/datasets/l2-arctic/raw/l2arctic_release_v5.0/THV/wav/arctic_b0035.wav,After all the picture was only a resemblance,1,non_native,l2_learner,arctic_b0035
l2_arctic,THV,Vietnamese,F,train,ai-training/datasets/l2-arctic/raw/l2arctic_release_v5.0/THV/wav/arctic_b0036.wav,He wondered too where Roscoe was,1,non_native,l2_learner,arctic_b0036
l2_arctic,THV,Vietnamese,F,train,ai-training/datasets/l2-arctic/raw/l2arctic_release_v5.0/THV/wav/arctic_b0037.wav,Philip knew that she was not an Indian,1,non_native,l2_learner,arctic_b0037
l2_arctic,THV,Vietnamese,F,train,ai-training/datasets/l2-arctic/raw/l2arctic_release_v5.0/THV/wav/arctic_b0038.wav,In her haste to get away she had forgotten these things,1,non_native,l2_learner,arctic_b0038
l2_arctic,THV,Vietnamese,F,train,ai-training/datasets/l2-arctic/raw/l2arctic_release_v5.0/THV/wav/arctic_b0039.wav,Philip took a step toward Gregson half determined to awaken him,1,non_native,l2_learner,arctic_b0039
l2_arctic,THV,Vietnamese,F,train,ai-training/datasets/l2-arctic/raw/l2arctic_release_v5.0/THV/wav/arctic_b0040.wav,The thought set his blood tingling,1,non_native,l2_learner,arctic_b0040
l2_arctic,THV,Vietnamese,F,train,ai-training/datasets/l2-arctic/raw/l2arctic_release_v5.0/THV/wav/arctic_b0041.wav,But if Pierre did not return until tomorrow,1,non_native,l2_learner,arctic_b0041
l2_arctic,THV,Vietnamese,F,train,ai-training/datasets/l2-arctic/raw/l2arctic_release_v5.0/THV/wav/arctic_b0042.wav,Ten minutes had not elapsed since he had dropped the handkerchief,1,non_native,l2_learner,arctic_b0042
l2_arctic,THV,Vietnamese,F,train,ai-training/datasets/l2-arctic/raw/l2arctic_release_v5.0/THV/wav/arctic_b0043.wav,It won't be for sale,1,non_native,l2_learner,arctic_b0043
l2_arctic,THV,Vietnamese,F,train,ai-training/datasets/l2-arctic/raw/l2arctic_release_v5.0/THV/wav/arctic_b0044.wav,For a few moments he ate in silence,1,non_native,l2_learner,arctic_b0044
l2_arctic,THV,Vietnamese,F,train,ai-training/datasets/l2-arctic/raw/l2arctic_release_v5.0/THV/wav/arctic_b0045.wav,Philip did not pursue the subject,1,non_native,l2_learner,arctic_b0045
l2_arctic,THV,Vietnamese,F,train,ai-training/datasets/l2-arctic/raw/l2arctic_release_v5.0/THV/wav/arctic_b0046.wav,Philip produced a couple of cigars and took a chair opposite him,1,non_native,l2_learner,arctic_b0046
l2_arctic,THV,Vietnamese,F,train,ai-training/datasets/l2-arctic/raw/l2arctic_release_v5.0/THV/wav/arctic_b0047.wav,Suppose you saw me at work through the window,1,non_native,l2_learner,arctic_b0047
l2_arctic,THV,Vietnamese,F,train,ai-training/datasets/l2-arctic/raw/l2arctic_release_v5.0/THV/wav/arctic_b0048.wav,He looked like one who had passed through an uncomfortable hour or two,1,non_native,l2_learner,arctic_b0048
l2_arctic,THV,Vietnamese,F,train,ai-training/datasets/l2-arctic/raw/l2arctic_release_v5.0/THV/wav/arctic_b0049.wav,There was nothing more except a large ink blot under the words,1,non_native,l2_learner,arctic_b0049
l2_arctic,THV,Vietnamese,F,train,ai-training/datasets/l2-arctic/raw/l2arctic_release_v5.0/THV/wav/arctic_b0050.wav,All this day Gregson remained in the cabin,1,non_native,l2_learner,arctic_b0050
l2_arctic,THV,Vietnamese,F,train,ai-training/datasets/l2-arctic/raw/l2arctic_release_v5.0/THV/wav/arctic_b0051.wav,The sixth day he spent in the cabin with Gregson,1,non_native,l2_learner,arctic_b0051
l2_arctic,THV,Vietnamese,F,train,ai-training/datasets/l2-arctic/raw/l2arctic_release_v5.0/THV/wav/arctic_b0052.wav,The flush was gone from her face,1,non_native,l2_learner,arctic_b0052
l2_arctic,THV,Vietnamese,F,train,ai-training/datasets/l2-arctic/raw/l2arctic_release_v5.0/THV/wav/arctic_b0053.wav,That is why I am am rattled he laughed,1,non_native,l2_learner,arctic_b0053
l2_arctic,THV,Vietnamese,F,train,ai-training/datasets/l2-arctic/raw/l2arctic_release_v5.0/THV/wav/arctic_b0054.wav,He understood the meaning of the look,1,non_native,l2_learner,arctic_b0054
l2_arctic,THV,Vietnamese,F,train,ai-training/datasets/l2-arctic/raw/l2arctic_release_v5.0/THV/wav/arctic_b0055.wav,She was even more beautiful than when I saw her before,1,non_native,l2_learner,arctic_b0055
l2_arctic,THV,Vietnamese,F,train,ai-training/datasets/l2-arctic/raw/l2arctic_release_v5.0/THV/wav/arctic_b0056.wav,I'll give a thousand if you produce her retorted Gregson,1,non_native,l2_learner,arctic_b0056
l2_arctic,THV,Vietnamese,F,train,ai-training/datasets/l2-arctic/raw/l2arctic_release_v5.0/THV/wav/arctic_b0057.wav,They have won popular sentiment through the newspapers,1,non_native,l2_learner,arctic_b0057
l2_arctic,THV,Vietnamese,F,train,ai-training/datasets/l2-arctic/raw/l2arctic_release_v5.0/THV/wav/arctic_b0058.wav,We must achieve our own salvation,1,non_native,l2_learner,arctic_b0058
l2_arctic,THV,Vietnamese,F,train,ai-training/datasets/l2-arctic/raw/l2arctic_release_v5.0/THV/wav/arctic_b0059.wav,In moments of mental energy Philip was restless,1,non_native,l2_learner,arctic_b0059
l2_arctic,THV,Vietnamese,F,train,ai-training/datasets/l2-arctic/raw/l2arctic_release_v5.0/THV/wav/arctic_b0060.wav,He would keep his faith with Gregson for the promised day or two,1,non_native,l2_learner,arctic_b0060
l2_arctic,THV,Vietnamese,F,train,ai-training/datasets/l2-arctic/raw/l2arctic_release_v5.0/THV/wav/arctic_b0061.wav,Something about it seemed to fascinate him to challenge his presence,1,non_native,l2_learner,arctic_b0061
l2_arctic,THV,Vietnamese,F,train,ai-training/datasets/l2-arctic/raw/l2arctic_release_v5.0/THV/wav/arctic_b0062.wav,Now it was missing from the wall,1,non_native,l2_learner,arctic_b0062
l2_arctic,THV,Vietnamese,F,train,ai-training/datasets/l2-arctic/raw/l2arctic_release_v5.0/THV/wav/arctic_b0063.wav,He boiled himself some coffee and sat down to wait,1,non_native,l2_learner,arctic_b0063
l2_arctic,THV,Vietnamese,F,train,ai-training/datasets/l2-arctic/raw/l2arctic_release_v5.0/THV/wav/arctic_b0064.wav,I'm going down there with you and I'm going to fight,1,non_native,l2_learner,arctic_b0064
l2_arctic,THV,Vietnamese,F,train,ai-training/datasets/l2-arctic/raw/l2arctic_release_v5.0/THV/wav/arctic_b0065.wav,Now have you got anything to say against me Mister Philip,1,non_native,l2_learner,arctic_b0065
l2_arctic,THV,Vietnamese,F,train,ai-training/datasets/l2-arctic/raw/l2arctic_release_v5.0/THV/wav/arctic_b0066.wav,If I meet her again I shall apologize said Eileen,1,non_native,l2_learner,arctic_b0066
l2_arctic,THV,Vietnamese,F,train,ai-training/datasets/l2-arctic/raw/l2arctic_release_v5.0/THV/wav/arctic_b0067.wav,Below him the shadow was broken into a pool of rippling starlight,1,non_native,l2_learner,arctic_b0067
l2_arctic,THV,Vietnamese,F,train,ai-training/datasets/l2-arctic/raw/l2arctic_release_v5.0/THV/wav/arctic_b0068.wav,Only the chance sound had led him to observe them,1,non_native,l2_learner,arctic_b0068
l2_arctic,THV,Vietnamese,F,train,ai-training/datasets/l2-arctic/raw/l2arctic_release_v5.0/THV/wav/arctic_b0069.wav,Could the incident have anything to do with Jeanne and Pierre,1,non_native,l2_learner,arctic_b0069
l2_arctic,THV,Vietnamese,F,train,ai-training/datasets/l2-arctic/raw/l2arctic_release_v5.0/THV/wav/arctic_b0070.wav,There was no chance to fire without hitting him,1,non_native,l2_learner,arctic_b0070
l2_arctic,THV,Vietnamese,F,train,ai-training/datasets/l2-arctic/raw/l2arctic_release_v5.0/THV/wav/arctic_b0071.wav,There was no answer from the other side,1,non_native,l2_learner,arctic_b0071
l2_arctic,THV,Vietnamese,F,train,ai-training/datasets/l2-arctic/raw/l2arctic_release_v5.0/THV/wav/arctic_b0072.wav,Then he hastened on as Pierre had guided him,1,non_native,l2_learner,arctic_b0072
l2_arctic,THV,Vietnamese,F,train,ai-training/datasets/l2-arctic/raw/l2arctic_release_v5.0/THV/wav/arctic_b0073.wav,With these arguments he convinced himself that he should go on alone,1,non_native,l2_learner,arctic_b0073
l2_arctic,THV,Vietnamese,F,train,ai-training/datasets/l2-arctic/raw/l2arctic_release_v5.0/THV/wav/arctic_b0074.wav,Yet behind them there was another and more powerful motive,1,non_native,l2_learner,arctic_b0074
l2_arctic,THV,Vietnamese,F,train,ai-training/datasets/l2-arctic/raw/l2arctic_release_v5.0/THV/wav/arctic_b0075.wav,In that case he could not miss them if he used caution,1,non_native,l2_learner,arctic_b0075
l2_arctic,THV,Vietnamese,F,train,ai-training/datasets/l2-arctic/raw/l2arctic_release_v5.0/THV/wav/arctic_b0076.wav,Before Philip could recover himself Jeanne's startled guards were upon him,1,non_native,l2_learner,arctic_b0076
l2_arctic,THV,Vietnamese,F,train,ai-training/datasets/l2-arctic/raw/l2arctic_release_v5.0/THV/wav/arctic_b0077.wav,It is the nearest refuge,1,non_native,l2_learner,arctic_b0077
l2_arctic,THV,Vietnamese,F,train,ai-training/datasets/l2-arctic/raw/l2arctic_release_v5.0/THV/wav/arctic_b0078.wav,There was pride and strength the ring of triumph in his voice,1,non_native,l2_learner,arctic_b0078
l2_arctic,THV,Vietnamese,F,train,ai-training/datasets/l2-arctic/raw/l2arctic_release_v5.0/THV/wav/arctic_b0079.wav,The truth of it set Jeanne quivering,1,non_native,l2_learner,arctic_b0079
l2_arctic,THV,Vietnamese,F,train,ai-training/datasets/l2-arctic/raw/l2arctic_release_v5.0/THV/wav/arctic_b0080.wav,Tomorrow it will be strong enough for you to stand upon,1,non_native,l2_learner,arctic_b0080
l2_arctic,THV,Vietnamese,F,train,ai-training/datasets/l2-arctic/raw/l2arctic_release_v5.0/THV/wav/arctic_b0081.wav,You were going to leave after you saw me on the rock,1,non_native,l2_learner,arctic_b0081
l2_arctic,THV,Vietnamese,F,train,ai-training/datasets/l2-arctic/raw/l2arctic_release_v5.0/THV/wav/arctic_b0082.wav,He bit his tongue and cursed himself at this fresh break,1,non_native,l2_learner,arctic_b0082
l2_arctic,THV,Vietnamese,F,train,ai-training/datasets/l2-arctic/raw/l2arctic_release_v5.0/THV/wav/arctic_b0083.wav,In it there was something that was almost tragedy,1,non_native,l2_learner,arctic_b0083
l2_arctic,THV,Vietnamese,F,train,ai-training/datasets/l2-arctic/raw/l2arctic_release_v5.0/THV/wav/arctic_b0084.wav,Your face is red with blood,1,non_native,l2_learner,arctic_b0084
l2_arctic,THV,Vietnamese,F,train,ai-training/datasets/l2-arctic/raw/l2arctic_release_v5.0/THV/wav/arctic_b0085.wav,Her eyes smiled truth at him as he came up the bank,1,non_native,l2_learner,arctic_b0085
l2_arctic,THV,Vietnamese,F,train,ai-training/datasets/l2-arctic/raw/l2arctic_release_v5.0/THV/wav/arctic_b0086.wav,He can care for himself,1,non_native,l2_learner,arctic_b0086
l2_arctic,THV,Vietnamese,F,train,ai-training/datasets/l2-arctic/raw/l2arctic_release_v5.0/THV/wav/arctic_b0087.wav,They will search for us between their camp and Churchill,1,non_native,l2_learner,arctic_b0087
l2_arctic,THV,Vietnamese,F,train,ai-training/datasets/l2-arctic/raw/l2arctic_release_v5.0/THV/wav/arctic_b0088.wav,Until I die he exclaimed,1,non_native,l2_learner,arctic_b0088
l2_arctic,THV,Vietnamese,F,train,ai-training/datasets/l2-arctic/raw/l2arctic_release_v5.0/THV/wav/arctic_b0089.wav,Her beautiful hair was done up in shining coils,1,non_native,l2_learner,arctic_b0089
l2_arctic,THV,Vietnamese,F,train,ai-training/datasets/l2-arctic/raw/l2arctic_release_v5.0/THV/wav/arctic_b0090.wav,The Churchill narrowed and its current became swifter as they progressed,1,non_native,l2_learner,arctic_b0090
l2_arctic,THV,Vietnamese,F,train,ai-training/datasets/l2-arctic/raw/l2arctic_release_v5.0/THV/wav/arctic_b0091.wav,For a full half minute Jeanne looked at him without speaking,1,non_native,l2_learner,arctic_b0091
l2_arctic,THV,Vietnamese,F,train,ai-training/datasets/l2-arctic/raw/l2arctic_release_v5.0/THV/wav/arctic_b0092.wav,I want to die in it,1,non_native,l2_learner,arctic_b0092
l2_arctic,THV,Vietnamese,F,train,ai-training/datasets/l2-arctic/raw/l2arctic_release_v5.0/THV/wav/arctic_b0093.wav,Darkness hid him from Jeanne,1,non_native,l2_learner,arctic_b0093
l2_arctic,THV,Vietnamese,F,train,ai-training/datasets/l2-arctic/raw/l2arctic_release_v5.0/THV/wav/arctic_b0094.wav,And yet if she came he had no words to say,1,non_native,l2_learner,arctic_b0094
l2_arctic,THV,Vietnamese,F,train,ai-training/datasets/l2-arctic/raw/l2arctic_release_v5.0/THV/wav/arctic_b0095.wav,He heard a sound which brought him quickly into consciousness of day,1,non_native,l2_learner,arctic_b0095
l2_arctic,THV,Vietnamese,F,train,ai-training/datasets/l2-arctic/raw/l2arctic_release_v5.0/THV/wav/arctic_b0096.wav,Within himself he called it no longer his own,1,non_native,l2_learner,arctic_b0096
l2_arctic,THV,Vietnamese,F,train,ai-training/datasets/l2-arctic/raw/l2arctic_release_v5.0/THV/wav/arctic_b0097.wav,Besides that noise makes me deaf,1,non_native,l2_learner,arctic_b0097
l2_arctic,THV,Vietnamese,F,train,ai-training/datasets/l2-arctic/raw/l2arctic_release_v5.0/THV/wav/arctic_b0098.wav,Philip looked back from the crest and saw Jeanne leaning over the canoe,1,non_native,l2_learner,arctic_b0098
l2_arctic,THV,Vietnamese,F,train,ai-training/datasets/l2-arctic/raw/l2arctic_release_v5.0/THV/wav/arctic_b0099.wav,Fifty yards ahead of her were the first of the rocks,1,non_native,l2_learner,arctic_b0099
l2_arctic,THV,Vietnamese,F,train,ai-training/datasets/l2-arctic/raw/l2arctic_release_v5.0/THV/wav/arctic_b0100.wav,There was one chance and only one of saving Jeanne,1,non_native,l2_learner,arctic_b0100
l2_arctic,THV,Vietnamese,F,train,ai-training/datasets/l2-arctic/raw/l2arctic_release_v5.0/THV/wav/arctic_b0101.wav,You're a devil for fighting and will surely win,1,non_native,l2_learner,arctic_b0101
l2_arctic,THV,Vietnamese,F,train,ai-training/datasets/l2-arctic/raw/l2arctic_release_v5.0/THV/wav/arctic_b0102.wav,I'll only be in the way,1,non_native,l2_learner,arctic_b0102
l2_arctic,THV,Vietnamese,F,train,ai-training/datasets/l2-arctic/raw/l2arctic_release_v5.0/THV/wav/arctic_b0103.wav,He lifted his eyes and a strange cry burst from his lips,1,non_native,l2_learner,arctic_b0103
l2_arctic,THV,Vietnamese,F,train,ai-training/datasets/l2-arctic/raw/l2arctic_release_v5.0/THV/wav/arctic_b0104.wav,Shooting pains passed like flashes of electricity through his body,1,non_native,l2_learner,arctic_b0104
l2_arctic,THV,Vietnamese,F,train,ai-training/datasets/l2-arctic/raw/l2arctic_release_v5.0/THV/wav/arctic_b0105.wav,I know that you are in charge there and Jeanne knows,1,non_native,l2_learner,arctic_b0105
l2_arctic,THV,Vietnamese,F,train,ai-training/datasets/l2-arctic/raw/l2arctic_release_v5.0/THV/wav/arctic_b0106.wav,For a full minute the two men stared into each other's face,1,non_native,l2_learner,arctic_b0106
l2_arctic,THV,Vietnamese,F,train,ai-training/datasets/l2-arctic/raw/l2arctic_release_v5.0/THV/wav/arctic_b0107.wav,He was sure now of but few things,1,non_native,l2_learner,arctic_b0107
l2_arctic,THV,Vietnamese,F,train,ai-training/datasets/l2-arctic/raw/l2arctic_release_v5.0/THV/wav/arctic_b0108.wav,It was a miracle and I owe you my life,1,non_native,l2_learner,arctic_b0108
l2_arctic,THV,Vietnamese,F,train,ai-training/datasets/l2-arctic/raw/l2arctic_release_v5.0/THV/wav/arctic_b0109.wav,Philip ate lightly of the food which Pierre had ready for him,1,non_native,l2_learner,arctic_b0109
l2_arctic,THV,Vietnamese,F,train,ai-training/datasets/l2-arctic/raw/l2arctic_release_v5.0/THV/wav/arctic_b0110.wav,Such men believe when they come together,1,non_native,l2_learner,arctic_b0110
l2_arctic,THV,Vietnamese,F,train,ai-training/datasets/l2-arctic/raw/l2arctic_release_v5.0/THV/wav/arctic_b0111.wav,The journey was continued at dawn,1,non_native,l2_learner,arctic_b0111
l2_arctic,THV,Vietnamese,F,train,ai-training/datasets/l2-arctic/raw/l2arctic_release_v5.0/THV/wav/arctic_b0112.wav,Jeanne and Pierre both gazed toward the great rock,1,non_native,l2_learner,arctic_b0112
l2_arctic,THV,Vietnamese,F,train,ai-training/datasets/l2-arctic/raw/l2arctic_release_v5.0/THV/wav/arctic_b0113.wav,There was something pathetic in the girl's attitude now,1,non_native,l2_learner,arctic_b0113
l2_arctic,THV,Vietnamese,F,train,ai-training/datasets/l2-arctic/raw/l2arctic_release_v5.0/THV/wav/arctic_b0114.wav,He moved his position and the illusion was gone,1,non_native,l2_learner,arctic_b0114
l2_arctic,THV,Vietnamese,F,train,ai-training/datasets/l2-arctic/raw/l2arctic_release_v5.0/THV/wav/arctic_b0115.wav,For two hours not a word passed between them,1,non_native,l2_learner,arctic_b0115
l2_arctic,THV,Vietnamese,F,train,ai-training/datasets/l2-arctic/raw/l2arctic_release_v5.0/THV/wav/arctic_b0116.wav,I have hunted along this ridge replied Philip,1,non_native,l2_learner,arctic_b0116
l2_arctic,THV,Vietnamese,F,train,ai-training/datasets/l2-arctic/raw/l2arctic_release_v5.0/THV/wav/arctic_b0117.wav,That's Thorpe's said the young engineer,1,non_native,l2_learner,arctic_b0117
l2_arctic,THV,Vietnamese,F,train,ai-training/datasets/l2-arctic/raw/l2arctic_release_v5.0/THV/wav/arctic_b0118.wav,We saw your light and thought you wouldn't mind a call,1,non_native,l2_learner,arctic_b0118
l2_arctic,THV,Vietnamese,F,train,ai-training/datasets/l2-arctic/raw/l2arctic_release_v5.0/THV/wav/arctic_b0119.wav,Billinger may arrive in time,1,non_native,l2_learner,arctic_b0119
l2_arctic,THV,Vietnamese,F,train,ai-training/datasets/l2-arctic/raw/l2arctic_release_v5.0/THV/wav/arctic_b0120.wav,There's the hitch replied Thorpe rolling a cigarette,1,non_native,l2_learner,arctic_b0120
l2_arctic,THV,Vietnamese,F,train,ai-training/datasets/l2-arctic/raw/l2arctic_release_v5.0/THV/wav/arctic_b0121.wav,I want my men to work by themselves,1,non_native,l2_learner,arctic_b0121
l2_arctic,THV,Vietnamese,F,train,ai-training/datasets/l2-arctic/raw/l2arctic_release_v5.0/THV/wav/arctic_b0122.wav,Philip saw MacDougall soon after his short talk with Thorpe,1,non_native,l2_learner,arctic_b0122
l2_arctic,THV,Vietnamese,F,train,ai-training/datasets/l2-arctic/raw/l2arctic_release_v5.0/THV/wav/arctic_b0123.wav,Neither could they understand the growing disaffection among Thorpe's men,1,non_native,l2_learner,arctic_b0123
l2_arctic,THV,Vietnamese,F,train,ai-training/datasets/l2-arctic/raw/l2arctic_release_v5.0/THV/wav/arctic_b0124.wav,Two weeks passed and in that time Thorpe left camp three times,1,non_native,l2_learner,arctic_b0124
l2_arctic,THV,Vietnamese,F,train,ai-training/datasets/l2-arctic/raw/l2arctic_release_v5.0/THV/wav/arctic_b0125.wav,It was the third or fourth time that Philip had heard MacDougall swear,1,non_native,l2_learner,arctic_b0125
l2_arctic,THV,Vietnamese,F,train,ai-training/datasets/l2-arctic/raw/l2arctic_release_v5.0/THV/wav/arctic_b0126.wav,Blood was oozing slowly from the wounded man's right breast,1,non_native,l2_learner,arctic_b0126
l2_arctic,THV,Vietnamese,F,train,ai-training/datasets/l2-arctic/raw/l2arctic_release_v5.0/THV/wav/arctic_b0127.wav,He destroyed everything that had belonged to the woman,1,non_native,l2_learner,arctic_b0127
l2_arctic,THV,Vietnamese,F,train,ai-training/datasets/l2-arctic/raw/l2arctic_release_v5.0/THV/wav/arctic_b0128.wav,Philip bent low over Pierre,1,non_native,l2_learner,arctic_b0128
l2_arctic,THV,Vietnamese,F,train,ai-training/datasets/l2-arctic/raw/l2arctic_release_v5.0/THV/wav/arctic_b0129.wav,Did Thorpe go to see any one in Churchill,1,non_native,l2_learner,arctic_b0129
l2_arctic,THV,Vietnamese,F,train,ai-training/datasets/l2-arctic/raw/l2arctic_release_v5.0/THV/wav/arctic_b0130.wav,She saw the answer in his face,1,non_native,l2_learner,arctic_b0130
l2_arctic,THV,Vietnamese,F,train,ai-training/datasets/l2-arctic/raw/l2arctic_release_v5.0/THV/wav/arctic_b0131.wav,Thorpe and his men were to destroy this camp and kill you,1,non_native,l2_learner,arctic_b0131
l2_arctic,THV,Vietnamese,F,train,ai-training/datasets/l2-arctic/raw/l2arctic_release_v5.0/THV/wav/arctic_b0132.wav,There is no need of further detail now for you can understand,1,non_native,l2_learner,arctic_b0132
l2_arctic,THV,Vietnamese,F,train,ai-training/datasets/l2-arctic/raw/l2arctic_release_v5.0/THV/wav/arctic_b0133.wav,There followed a roar that shook the earth,1,non_native,l2_learner,arctic_b0133
l2_arctic,THV,Vietnamese,F,train,ai-training/datasets/l2-arctic/raw/l2arctic_release_v5.0/THV/wav/arctic_b0134.wav,Blind with rage he darted in,1,non_native,l2_learner,arctic_b0134
l2_arctic,THV,Vietnamese,F,train,ai-training/datasets/l2-arctic/raw/l2arctic_release_v5.0/THV/wav/arctic_b0135.wav,In it was the joy of life,1,non_native,l2_learner,arctic_b0135
l2_arctic,THV,Vietnamese,F,train,ai-training/datasets/l2-arctic/raw/l2arctic_release_v5.0/THV/wav/arctic_b0136.wav,Swiftly his eyes measured the situation,1,non_native,l2_learner,arctic_b0136
l2_arctic,THV,Vietnamese,F,train,ai-training/datasets/l2-arctic/raw/l2arctic_release_v5.0/THV/wav/arctic_b0137.wav,But this little defect did not worry him,1,non_native,l2_learner,arctic_b0137
l2_arctic,THV,Vietnamese,F,train,ai-training/datasets/l2-arctic/raw/l2arctic_release_v5.0/THV/wav/arctic_b0138.wav,And then steadily he began to chew,1,non_native,l2_learner,arctic_b0138
l2_arctic,THV,Vietnamese,F,train,ai-training/datasets/l2-arctic/raw/l2arctic_release_v5.0/THV/wav/arctic_b0139.wav,Together they ate the rabbit,1,non_native,l2_learner,arctic_b0139
l2_arctic,THV,Vietnamese,F,train,ai-training/datasets/l2-arctic/raw/l2arctic_release_v5.0/THV/wav/arctic_b0140.wav,They edged nearer and stood shoulder to shoulder facing their world,1,non_native,l2_learner,arctic_b0140
l2_arctic,THV,Vietnamese,F,train,ai-training/datasets/l2-arctic/raw/l2arctic_release_v5.0/THV/wav/arctic_b0141.wav,It was beating and waiting in the ambush of those black pits,1,non_native,l2_learner,arctic_b0141
l2_arctic,THV,Vietnamese,F,train,ai-training/datasets/l2-arctic/raw/l2arctic_release_v5.0/THV/wav/arctic_b0142.wav,Something vastly more thrilling had come into it now,1,non_native,l2_learner,arctic_b0142
l2_arctic,THV,Vietnamese,F,train,ai-training/datasets/l2-arctic/raw/l2arctic_release_v5.0/THV/wav/arctic_b0143.wav,It took him half an hour to reach the edge of it,1,non_native,l2_learner,arctic_b0143
l2_arctic,THV,Vietnamese,F,train,ai-training/datasets/l2-arctic/raw/l2arctic_release_v5.0/THV/wav/arctic_b0144.wav,But there was no longer the mother yearning in his heart,1,non_native,l2_learner,arctic_b0144
l2_arctic,THV,Vietnamese,F,train,ai-training/datasets/l2-arctic/raw/l2arctic_release_v5.0/THV/wav/arctic_b0145.wav,Besides had he not whipped the big owl in the forest,1,non_native,l2_learner,arctic_b0145
l2_arctic,THV,Vietnamese,F,train,ai-training/datasets/l2-arctic/raw/l2arctic_release_v5.0/THV/wav/arctic_b0146.wav,After all it was simply a mistake in judgment,1,non_native,l2_learner,arctic_b0146
l2_arctic,THV,Vietnamese,F,train,ai-training/datasets/l2-arctic/raw/l2arctic_release_v5.0/THV/wav/arctic_b0147.wav,Had it struck squarely it would have killed him,1,non_native,l2_learner,arctic_b0147
l2_arctic,THV,Vietnamese,F,train,ai-training/datasets/l2-arctic/raw/l2arctic_release_v5.0/THV/wav/arctic_b0148.wav,The Indian even poked his stick into the thick ground spruce,1,non_native,l2_learner,arctic_b0148
l2_arctic,THV,Vietnamese,F,train,ai-training/datasets/l2-arctic/raw/l2arctic_release_v5.0/THV/wav/arctic_b0149.wav,Pebbles and dirt flew along with hair and fur,1,non_native,l2_learner,arctic_b0149
l2_arctic,THV,Vietnamese,F,train,ai-training/datasets/l2-arctic/raw/l2arctic_release_v5.0/THV/wav/arctic_b0150.wav,And he was filled with a strange and foreboding fear,1,non_native,l2_learner,arctic_b0150
l2_arctic,THV,Vietnamese,F,train,ai-training/datasets/l2-arctic/raw/l2arctic_release_v5.0/THV/wav/arctic_b0151.wav,It was steel a fisher trap,1,non_native,l2_learner,arctic_b0151
l2_arctic,THV,Vietnamese,F,train,ai-training/datasets/l2-arctic/raw/l2arctic_release_v5.0/THV/wav/arctic_b0152.wav,OW a wild dog he growled,1,non_native,l2_learner,arctic_b0152
l2_arctic,THV,Vietnamese,F,train,ai-training/datasets/l2-arctic/raw/l2arctic_release_v5.0/THV/wav/arctic_b0153.wav,He was a pariah a wanderer without a friend or a home,1,non_native,l2_learner,arctic_b0153
l2_arctic,THV,Vietnamese,F,train,ai-training/datasets/l2-arctic/raw/l2arctic_release_v5.0/THV/wav/arctic_b0154.wav,That is the strange part of it,1,non_native,l2_learner,arctic_b0154
l2_arctic,THV,Vietnamese,F,train,ai-training/datasets/l2-arctic/raw/l2arctic_release_v5.0/THV/wav/arctic_b0155.wav,His freshly caught furs he flung to the floor,1,non_native,l2_learner,arctic_b0155
l2_arctic,THV,Vietnamese,F,train,ai-training/datasets/l2-arctic/raw/l2arctic_release_v5.0/THV/wav/arctic_b0156.wav,For that reason Le Beau had chosen him to fight the big fight,1,non_native,l2_learner,arctic_b0156
l2_arctic,THV,Vietnamese,F,train,ai-training/datasets/l2-arctic/raw/l2arctic_release_v5.0/THV/wav/arctic_b0157.wav,In the crib the baby sat up and began to prattle,1,non_native,l2_learner,arctic_b0157
l2_arctic,THV,Vietnamese,F,train,ai-training/datasets/l2-arctic/raw/l2arctic_release_v5.0/THV/wav/arctic_b0158.wav,She obeyed shrinking back with the baby in her arms,1,non_native,l2_learner,arctic_b0158
l2_arctic,THV,Vietnamese,F,train,ai-training/datasets/l2-arctic/raw/l2arctic_release_v5.0/THV/wav/arctic_b0159.wav,His teeth shut with a last click,1,non_native,l2_learner,arctic_b0159
l2_arctic,THV,Vietnamese,F,train,ai-training/datasets/l2-arctic/raw/l2arctic_release_v5.0/THV/wav/arctic_b0160.wav,It was over when he made his way through the ring of spectators,1,non_native,l2_learner,arctic_b0160
l2_arctic,THV,Vietnamese,F,train,ai-training/datasets/l2-arctic/raw/l2arctic_release_v5.0/THV/wav/arctic_b0161.wav,In a flash he was on his feet facing him,1,non_native,l2_learner,arctic_b0161
l2_arctic,THV,Vietnamese,F,train,ai-training/datasets/l2-arctic/raw/l2arctic_release_v5.0/THV/wav/arctic_b0162.wav,He thought he saw a shudder pass through the Factor's shoulders,1,non_native,l2_learner,arctic_b0162
l2_arctic,THV,Vietnamese,F,train,ai-training/datasets/l2-arctic/raw/l2arctic_release_v5.0/THV/wav/arctic_b0163.wav,The moon had already begun its westward decline,1,non_native,l2_learner,arctic_b0163
l2_arctic,THV,Vietnamese,F,train,ai-training/datasets/l2-arctic/raw/l2arctic_release_v5.0/THV/wav/arctic_b0164.wav,They laughed like two happy children,1,non_native,l2_learner,arctic_b0164
l2_arctic,THV,Vietnamese,F,train,ai-training/datasets/l2-arctic/raw/l2arctic_release_v5.0/THV/wav/arctic_b0165.wav,He pulled and the log crashed down to break his back,1,non_native,l2_learner,arctic_b0165
l2_arctic,THV,Vietnamese,F,train,ai-training/datasets/l2-arctic/raw/l2arctic_release_v5.0/THV/wav/arctic_b0166.wav,Fast but endure,1,non_native,l2_learner,arctic_b0166
l2_arctic,THV,Vietnamese,F,train,ai-training/datasets/l2-arctic/raw/l2arctic_release_v5.0/THV/wav/arctic_b0167.wav,A little before dawn of the day following the fire relief came,1,non_native,l2_learner,arctic_b0167
l2_arctic,THV,Vietnamese,F,train,ai-training/datasets/l2-arctic/raw/l2arctic_release_v5.0/THV/wav/arctic_b0168.wav,The Indian felt the worship of her warm in his heart,1,non_native,l2_learner,arctic_b0168
l2_arctic,THV,Vietnamese,F,train,ai-training/datasets/l2-arctic/raw/l2arctic_release_v5.0/THV/wav/arctic_b0169.wav,He drew in a deep breath as he looked at them,1,non_native,l2_learner,arctic_b0169
l2_arctic,THV,Vietnamese,F,train,ai-training/datasets/l2-arctic/raw/l2arctic_release_v5.0/THV/wav/arctic_b0170.wav,Then he shouted Shut up,1,non_native,l2_learner,arctic_b0170
l2_arctic,THV,Vietnamese,F,train,ai-training/datasets/l2-arctic/raw/l2arctic_release_v5.0/THV/wav/arctic_b0171.wav,He changed his seat for a steamer reclining chair,1,non_native,l2_learner,arctic_b0171
l2_arctic,THV,Vietnamese,F,train,ai-training/datasets/l2-arctic/raw/l2arctic_release_v5.0/THV/wav/arctic_b0172.wav,On the far corner of the compound fence a hawk brooded,1,non_native,l2_learner,arctic_b0172
l2_arctic,THV,Vietnamese,F,train,ai-training/datasets/l2-arctic/raw/l2arctic_release_v5.0/THV/wav/arctic_b0173.wav,To these he gave castor oil,1,non_native,l2_learner,arctic_b0173
l2_arctic,THV,Vietnamese,F,train,ai-training/datasets/l2-arctic/raw/l2arctic_release_v5.0/THV/wav/arctic_b0174.wav,Hatred and murder and lust for revenge they possessed to overflowing,1,non_native,l2_learner,arctic_b0174
l2_arctic,THV,Vietnamese,F,train,ai-training/datasets/l2-arctic/raw/l2arctic_release_v5.0/THV/wav/arctic_b0175.wav,Sheldon glanced at the thermometer,1,non_native,l2_learner,arctic_b0175
l2_arctic,THV,Vietnamese,F,train,ai-training/datasets/l2-arctic/raw/l2arctic_release_v5.0/THV/wav/arctic_b0176.wav,I'll see to poor Hughie,1,non_native,l2_learner,arctic_b0176
l2_arctic,THV,Vietnamese,F,train,ai-training/datasets/l2-arctic/raw/l2arctic_release_v5.0/THV/wav/arctic_b0177.wav,Her gray eyes were flashing and her lips were quivering,1,non_native,l2_learner,arctic_b0177
l2_arctic,THV,Vietnamese,F,train,ai-training/datasets/l2-arctic/raw/l2arctic_release_v5.0/THV/wav/arctic_b0178.wav,Also I want information,1,non_native,l2_learner,arctic_b0178
l2_arctic,THV,Vietnamese,F,train,ai-training/datasets/l2-arctic/raw/l2arctic_release_v5.0/THV/wav/arctic_b0179.wav,Let them go out and eat with my boys,1,non_native,l2_learner,arctic_b0179
l2_arctic,THV,Vietnamese,F,train,ai-training/datasets/l2-arctic/raw/l2arctic_release_v5.0/THV/wav/arctic_b0180.wav,I I beg pardon he drawled,1,non_native,l2_learner,arctic_b0180
l2_arctic,THV,Vietnamese,F,train,ai-training/datasets/l2-arctic/raw/l2arctic_release_v5.0/THV/wav/arctic_b0181.wav,And you preferred a cannibal isle and a cartridge belt,1,non_native,l2_learner,arctic_b0181
l2_arctic,THV,Vietnamese,F,train,ai-training/datasets/l2-arctic/raw/l2arctic_release_v5.0/THV/wav/arctic_b0182.wav,I was in New York when the crash came,1,non_native,l2_learner,arctic_b0182
l2_arctic,THV,Vietnamese,F,train,ai-training/datasets/l2-arctic/raw/l2arctic_release_v5.0/THV/wav/arctic_b0183.wav,No I did not fall among thieves,1,non_native,l2_learner,arctic_b0183
l2_arctic,THV,Vietnamese,F,train,ai-training/datasets/l2-arctic/raw/l2arctic_release_v5.0/THV/wav/arctic_b0184.wav,Such things in her brain were like so many oaths on her lips,1,non_native,l2_learner,arctic_b0184
l2_arctic,THV,Vietnamese,F,train,ai-training/datasets/l2-arctic/raw/l2arctic_release_v5.0/THV/wav/arctic_b0185.wav,Your being wrecked here has been a godsend to me,1,non_native,l2_learner,arctic_b0185
l2_arctic,THV,Vietnamese,F,train,ai-training/datasets/l2-arctic/raw/l2arctic_release_v5.0/THV/wav/arctic_b0186.wav,I can't go elsewhere by your own account,1,non_native,l2_learner,arctic_b0186
l2_arctic,THV,Vietnamese,F,train,ai-training/datasets/l2-arctic/raw/l2arctic_release_v5.0/THV/wav/arctic_b0187.wav,Her achievements with cocoanuts were a revelation,1,non_native,l2_learner,arctic_b0187
l2_arctic,THV,Vietnamese,F,train,ai-training/datasets/l2-arctic/raw/l2arctic_release_v5.0/THV/wav/arctic_b0188.wav,He glanced down at her helplessly and moistened his lips,1,non_native,l2_learner,arctic_b0188
l2_arctic,THV,Vietnamese,F,train,ai-training/datasets/l2-arctic/raw/l2arctic_release_v5.0/THV/wav/arctic_b0189.wav,That is what distinguishes all of us from the lower animals,1,non_native,l2_learner,arctic_b0189
l2_arctic,THV,Vietnamese,F,train,ai-training/datasets/l2-arctic/raw/l2arctic_release_v5.0/THV/wav/arctic_b0190.wav,Idealism led him to philosophic anarchy and his family threw him off,1,non_native,l2_learner,arctic_b0190
l2_arctic,THV,Vietnamese,F,train,ai-training/datasets/l2-arctic/raw/l2arctic_release_v5.0/THV/wav/arctic_b0191.wav,He also contended that better confidence was established by carrying no weapons,1,non_native,l2_learner,arctic_b0191
l2_arctic,THV,Vietnamese,F,train,ai-training/datasets/l2-arctic/raw/l2arctic_release_v5.0/THV/wav/arctic_b0192.wav,Outsiders are allowed five minute speeches the sick man urged,1,non_native,l2_learner,arctic_b0192
l2_arctic,THV,Vietnamese,F,train,ai-training/datasets/l2-arctic/raw/l2arctic_release_v5.0/THV/wav/arctic_b0193.wav,So was Packard's finish suicide,1,non_native,l2_learner,arctic_b0193
l2_arctic,THV,Vietnamese,F,train,ai-training/datasets/l2-arctic/raw/l2arctic_release_v5.0/THV/wav/arctic_b0194.wav,Joan cried with shining eyes,1,non_native,l2_learner,arctic_b0194
l2_arctic,THV,Vietnamese,F,train,ai-training/datasets/l2-arctic/raw/l2arctic_release_v5.0/THV/wav/arctic_b0195.wav,Nobody knows how the natives got them,1,non_native,l2_learner,arctic_b0195
l2_arctic,THV,Vietnamese,F,train,ai-training/datasets/l2-arctic/raw/l2arctic_release_v5.0/THV/wav/arctic_b0196.wav,How can you manage all alone Mister Young,1,non_native,l2_learner,arctic_b0196
l2_arctic,THV,Vietnamese,F,train,ai-training/datasets/l2-arctic/raw/l2arctic_release_v5.0/THV/wav/arctic_b0197.wav,The planters are already considering the matter,1,non_native,l2_learner,arctic_b0197
l2_arctic,THV,Vietnamese,F,train,ai-training/datasets/l2-arctic/raw/l2arctic_release_v5.0/THV/wav/arctic_b0198.wav,I use great trouble advisedly,1,non_native,l2_learner,arctic_b0198
l2_arctic,THV,Vietnamese,F,train,ai-training/datasets/l2-arctic/raw/l2arctic_release_v5.0/THV/wav/arctic_b0199.wav,Dear Sir Your second victim has fallen on schedule time,1,non_native,l2_learner,arctic_b0199
l2_arctic,THV,Vietnamese,F,train,ai-training/datasets/l2-arctic/raw/l2arctic_release_v5.0/THV/wav/arctic_b0200.wav,We leave the eventuality to time and law,1,non_native,l2_learner,arctic_b0200
l2_arctic,THV,Vietnamese,F,train,ai-training/datasets/l2-arctic/raw/l2arctic_release_v5.0/THV/wav/arctic_b0201.wav,I also understand that similar branch organizations have made their appearance in Europe,1,non_native,l2_learner,arctic_b0201
l2_arctic,THV,Vietnamese,F,train,ai-training/datasets/l2-arctic/raw/l2arctic_release_v5.0/THV/wav/arctic_b0202.wav,Society is shaken to its foundations,1,non_native,l2_learner,arctic_b0202
l2_arctic,THV,Vietnamese,F,train,ai-training/datasets/l2-arctic/raw/l2arctic_release_v5.0/THV/wav/arctic_b0203.wav,A month in Australia would finish me,1,non_native,l2_learner,arctic_b0203
l2_arctic,THV,Vietnamese,F,train,ai-training/datasets/l2-arctic/raw/l2arctic_release_v5.0/THV/wav/arctic_b0204.wav,Down through the perfume weighted air fluttered the snowy fluffs of the cottonwoods,1,non_native,l2_learner,arctic_b0204
l2_arctic,THV,Vietnamese,F,train,ai-training/datasets/l2-arctic/raw/l2arctic_release_v5.0/THV/wav/arctic_b0205.wav,You were destroying my life,1,non_native,l2_learner,arctic_b0205
l2_arctic,THV,Vietnamese,F,train,ai-training/datasets/l2-arctic/raw/l2arctic_release_v5.0/THV/wav/arctic_b0206.wav,Horses and rifles had been her toys camp and trail her nursery,1,non_native,l2_learner,arctic_b0206
l2_arctic,THV,Vietnamese,F,train,ai-training/datasets/l2-arctic/raw/l2arctic_release_v5.0/THV/wav/arctic_b0207.wav,I'm as good as a man she urged,1,non_native,l2_learner,arctic_b0207
l2_arctic,THV,Vietnamese,F,train,ai-training/datasets/l2-arctic/raw/l2arctic_release_v5.0/THV/wav/arctic_b0208.wav,You read the quotations in today's paper,1,non_native,l2_learner,arctic_b0208
l2_arctic,THV,Vietnamese,F,train,ai-training/datasets/l2-arctic/raw/l2arctic_release_v5.0/THV/wav/arctic_b0209.wav,He's terribly touchy about his black wards as he calls them,1,non_native,l2_learner,arctic_b0209
l2_arctic,THV,Vietnamese,F,train,ai-training/datasets/l2-arctic/raw/l2arctic_release_v5.0/THV/wav/arctic_b0210.wav,Whatever he guessed he locked away in the taboo room of Naomi,1,non_native,l2_learner,arctic_b0210
l2_arctic,THV,Vietnamese,F,train,ai-training/datasets/l2-arctic/raw/l2arctic_release_v5.0/THV/wav/arctic_b0211.wav,This is eighteen eighty,1,non_native,l2_learner,arctic_b0211
l2_arctic,THV,Vietnamese,F,train,ai-training/datasets/l2-arctic/raw/l2arctic_release_v5.0/THV/wav/arctic_b0212.wav,Death is and has been ever since old Maui died,1,non_native,l2_learner,arctic_b0212
l2_arctic,THV,Vietnamese,F,train,ai-training/datasets/l2-arctic/raw/l2arctic_release_v5.0/THV/wav/arctic_b0213.wav,Some boy she laughed acquiescence,1,non_native,l2_learner,arctic_b0213
l2_arctic,THV,Vietnamese,F,train,ai-training/datasets/l2-arctic/raw/l2arctic_release_v5.0/THV/wav/arctic_b0214.wav,Let us talk it over and find a way out,1,non_native,l2_learner,arctic_b0214
l2_arctic,THV,Vietnamese,F,train,ai-training/datasets/l2-arctic/raw/l2arctic_release_v5.0/THV/wav/arctic_b0215.wav,It is a good property and worth more than that,1,non_native,l2_learner,arctic_b0215
l2_arctic,THV,Vietnamese,F,train,ai-training/datasets/l2-arctic/raw/l2arctic_release_v5.0/THV/wav/arctic_b0216.wav,I wish you were more adaptable Joan retorted,1,non_native,l2_learner,arctic_b0216
l2_arctic,THV,Vietnamese,F,train,ai-training/datasets/l2-arctic/raw/l2arctic_release_v5.0/THV/wav/arctic_b0217.wav,Such is my passage engaged on the steamer,1,non_native,l2_learner,arctic_b0217
l2_arctic,THV,Vietnamese,F,train,ai-training/datasets/l2-arctic/raw/l2arctic_release_v5.0/THV/wav/arctic_b0218.wav,The issue was not in doubt,1,non_native,l2_learner,arctic_b0218
l2_arctic,THV,Vietnamese,F,train,ai-training/datasets/l2-arctic/raw/l2arctic_release_v5.0/THV/wav/arctic_b0219.wav,Well there are better men in Hawaii that's all,1,non_native,l2_learner,arctic_b0219
l2_arctic,THV,Vietnamese,F,train,ai-training/datasets/l2-arctic/raw/l2arctic_release_v5.0/THV/wav/arctic_b0220.wav,Harry Bancroft Dave lied,1,non_native,l2_learner,arctic_b0220
l2_arctic,THV,Vietnamese,F,train,ai-training/datasets/l2-arctic/raw/l2arctic_release_v5.0/THV/wav/arctic_b0221.wav,It's a Yankee Joan cried,1,non_native,l2_learner,arctic_b0221
l2_arctic,THV,Vietnamese,F,train,ai-training/datasets/l2-arctic/raw/l2arctic_release_v5.0/THV/wav/arctic_b0222.wav,He was the leader and Tudor was his lieutenant,1,non_native,l2_learner,arctic_b0222
l2_arctic,THV,Vietnamese,F,train,ai-training/datasets/l2-arctic/raw/l2arctic_release_v5.0/THV/wav/arctic_b0223.wav,They likewise are disinclined to being eaten,1,non_native,l2_learner,arctic_b0223
l2_arctic,THV,Vietnamese,F,train,ai-training/datasets/l2-arctic/raw/l2arctic_release_v5.0/THV/wav/arctic_b0224.wav,But to culture the Revolution thus far had exhausted the Junta,1,non_native,l2_learner,arctic_b0224
l2_arctic,THV,Vietnamese,F,train,ai-training/datasets/l2-arctic/raw/l2arctic_release_v5.0/THV/wav/arctic_b0225.wav,The President of the United States was his friend,1,non_native,l2_learner,arctic_b0225
l2_arctic,THV,Vietnamese,F,train,ai-training/datasets/l2-arctic/raw/l2arctic_release_v5.0/THV/wav/arctic_b0226.wav,Your face was the personification of duplicity,1,non_native,l2_learner,arctic_b0226
l2_arctic,THV,Vietnamese,F,train,ai-training/datasets/l2-arctic/raw/l2arctic_release_v5.0/THV/wav/arctic_b0227.wav,Shorty turned to their employers,1,non_native,l2_learner,arctic_b0227
l2_arctic,THV,Vietnamese,F,train,ai-training/datasets/l2-arctic/raw/l2arctic_release_v5.0/THV/wav/arctic_b0228.wav,You were engaged,1,non_native,l2_learner,arctic_b0228
l2_arctic,THV,Vietnamese,F,train,ai-training/datasets/l2-arctic/raw/l2arctic_release_v5.0/THV/wav/arctic_b0229.wav,I saw it all myself and it was splendid,1,non_native,l2_learner,arctic_b0229
l2_arctic,THV,Vietnamese,F,train,ai-training/datasets/l2-arctic/raw/l2arctic_release_v5.0/THV/wav/arctic_b0230.wav,Now run along and tell them to hurry,1,non_native,l2_learner,arctic_b0230
l2_arctic,THV,Vietnamese,F,train,ai-training/datasets/l2-arctic/raw/l2arctic_release_v5.0/THV/wav/arctic_b0231.wav,What's that grub thief got to do with it,1,non_native,l2_learner,arctic_b0231
l2_arctic,THV,Vietnamese,F,train,ai-training/datasets/l2-arctic/raw/l2arctic_release_v5.0/THV/wav/arctic_b0232.wav,It was a superb picture,1,non_native,l2_learner,arctic_b0232
l2_arctic,THV,Vietnamese,F,train,ai-training/datasets/l2-arctic/raw/l2arctic_release_v5.0/THV/wav/arctic_b0233.wav,So she said the irate skipper dashed on,1,non_native,l2_learner,arctic_b0233
l2_arctic,THV,Vietnamese,F,train,ai-training/datasets/l2-arctic/raw/l2arctic_release_v5.0/THV/wav/arctic_b0234.wav,And watch out for wet feet was his parting advice,1,non_native,l2_learner,arctic_b0234
l2_arctic,THV,Vietnamese,F,train,ai-training/datasets/l2-arctic/raw/l2arctic_release_v5.0/THV/wav/arctic_b0235.wav,Raoul yelled in order to make himself heard,1,non_native,l2_learner,arctic_b0235
l2_arctic,THV,Vietnamese,F,train,ai-training/datasets/l2-arctic/raw/l2arctic_release_v5.0/THV/wav/arctic_b0236.wav,Oolong was two hundred and fifty miles from the nearest land,1,non_native,l2_learner,arctic_b0236
l2_arctic,THV,Vietnamese,F,train,ai-training/datasets/l2-arctic/raw/l2arctic_release_v5.0/THV/wav/arctic_b0237.wav,They just lay off in the bush and plugged away,1,non_native,l2_learner,arctic_b0237
l2_arctic,THV,Vietnamese,F,train,ai-training/datasets/l2-arctic/raw/l2arctic_release_v5.0/THV/wav/arctic_b0238.wav,The very thought of the effort to swim over was nauseating,1,non_native,l2_learner,arctic_b0238
l2_arctic,THV,Vietnamese,F,train,ai-training/datasets/l2-arctic/raw/l2arctic_release_v5.0/THV/wav/arctic_b0239.wav,And there was a dog that barked,1,non_native,l2_learner,arctic_b0239
l2_arctic,THV,Vietnamese,F,train,ai-training/datasets/l2-arctic/raw/l2arctic_release_v5.0/THV/wav/arctic_b0240.wav,There are four all low M'Coy answered,1,non_native,l2_learner,arctic_b0240
l2_arctic,THV,Vietnamese,F,train,ai-training/datasets/l2-arctic/raw/l2arctic_release_v5.0/THV/wav/arctic_b0241.wav,The women they carried away with them to the Big Valley,1,non_native,l2_learner,arctic_b0241
l2_arctic,THV,Vietnamese,F,train,ai-training/datasets/l2-arctic/raw/l2arctic_release_v5.0/THV/wav/arctic_b0242.wav,The Japanese understood as we could never school ourselves or hope to understand,1,non_native,l2_learner,arctic_b0242
l2_arctic,THV,Vietnamese,F,train,ai-training/datasets/l2-arctic/raw/l2arctic_release_v5.0/THV/wav/arctic_b0243.wav,They had been on the same lay as ourselves,1,non_native,l2_learner,arctic_b0243
l2_arctic,THV,Vietnamese,F,train,ai-training/datasets/l2-arctic/raw/l2arctic_release_v5.0/THV/wav/arctic_b0244.wav,You are positively soulless he said savagely,1,non_native,l2_learner,arctic_b0244
l2_arctic,THV,Vietnamese,F,train,ai-training/datasets/l2-arctic/raw/l2arctic_release_v5.0/THV/wav/arctic_b0245.wav,Harrison is still my chauffeur,1,non_native,l2_learner,arctic_b0245
l2_arctic,THV,Vietnamese,F,train,ai-training/datasets/l2-arctic/raw/l2arctic_release_v5.0/THV/wav/arctic_b0246.wav,The boy grew and prospered,1,non_native,l2_learner,arctic_b0246
l2_arctic,THV,Vietnamese,F,train,ai-training/datasets/l2-arctic/raw/l2arctic_release_v5.0/THV/wav/arctic_b0247.wav,He wanted to give the finish to this foe already so far gone,1,non_native,l2_learner,arctic_b0247
l2_arctic,THV,Vietnamese,F,train,ai-training/datasets/l2-arctic/raw/l2arctic_release_v5.0/THV/wav/arctic_b0248.wav,Exciting times are the lot of the fish patrol,1,non_native,l2_learner,arctic_b0248
l2_arctic,THV,Vietnamese,F,train,ai-training/datasets/l2-arctic/raw/l2arctic_release_v5.0/THV/wav/arctic_b0249.wav,I know they are my oysters,1,non_native,l2_learner,arctic_b0249
l2_arctic,THV,Vietnamese,F,train,ai-training/datasets/l2-arctic/raw/l2arctic_release_v5.0/THV/wav/arctic_b0250.wav,By this time Charley was as enraged as the Greek,1,non_native,l2_learner,arctic_b0250
l2_arctic,THV,Vietnamese,F,train,ai-training/datasets/l2-arctic/raw/l2arctic_release_v5.0/THV/wav/arctic_b0251.wav,They must have been swept away by the chaotic currents,1,non_native,l2_learner,arctic_b0251
l2_arctic,THV,Vietnamese,F,train,ai-training/datasets/l2-arctic/raw/l2arctic_release_v5.0/THV/wav/arctic_b0252.wav,It resembled tea less than lager beer resembles champagne,1,non_native,l2_learner,arctic_b0252
l2_arctic,THV,Vietnamese,F,train,ai-training/datasets/l2-arctic/raw/l2arctic_release_v5.0/THV/wav/arctic_b0253.wav,The very opposite is true they are discouraged vagabonds,1,non_native,l2_learner,arctic_b0253
l2_arctic,THV,Vietnamese,F,train,ai-training/datasets/l2-arctic/raw/l2arctic_release_v5.0/THV/wav/arctic_b0254.wav,At the same time spears and arrows began to fall among the invaders,1,non_native,l2_learner,arctic_b0254
l2_arctic,THV,Vietnamese,F,train,ai-training/datasets/l2-arctic/raw/l2arctic_release_v5.0/THV/wav/arctic_b0255.wav,Then again Tudor had such an irritating way about him,1,non_native,l2_learner,arctic_b0255
l2_arctic,THV,Vietnamese,F,train,ai-training/datasets/l2-arctic/raw/l2arctic_release_v5.0/THV/wav/arctic_b0256.wav,Outwardly he maintained a calm and smiling aspect,1,non_native,l2_learner,arctic_b0256
l2_arctic,THV,Vietnamese,F,train,ai-training/datasets/l2-arctic/raw/l2arctic_release_v5.0/THV/wav/arctic_b0257.wav,Tudor surveyed him with withering disgust,1,non_native,l2_learner,arctic_b0257
l2_arctic,THV,Vietnamese,F,train,ai-training/datasets/l2-arctic/raw/l2arctic_release_v5.0/THV/wav/arctic_b0258.wav,You fired me out of your house in short,1,non_native,l2_learner,arctic_b0258
l2_arctic,THV,Vietnamese,F,train,ai-training/datasets/l2-arctic/raw/l2arctic_release_v5.0/THV/wav/arctic_b0259.wav,Her mouth opened but instead of speaking she drew a long sigh,1,non_native,l2_learner,arctic_b0259
l2_arctic,THV,Vietnamese,F,train,ai-training/datasets/l2-arctic/raw/l2arctic_release_v5.0/THV/wav/arctic_b0260.wav,It's worth eight dollars,1,non_native,l2_learner,arctic_b0260
l2_arctic,THV,Vietnamese,F,train,ai-training/datasets/l2-arctic/raw/l2arctic_release_v5.0/THV/wav/arctic_b0261.wav,And he did hurt my arm,1,non_native,l2_learner,arctic_b0261
l2_arctic,THV,Vietnamese,F,train,ai-training/datasets/l2-arctic/raw/l2arctic_release_v5.0/THV/wav/arctic_b0262.wav,Saxon's onto her job,1,non_native,l2_learner,arctic_b0262
l2_arctic,THV,Vietnamese,F,train,ai-training/datasets/l2-arctic/raw/l2arctic_release_v5.0/THV/wav/arctic_b0263.wav,Only once did I confide the strangeness of it all to another,1,non_native,l2_learner,arctic_b0263
l2_arctic,THV,Vietnamese,F,train,ai-training/datasets/l2-arctic/raw/l2arctic_release_v5.0/THV/wav/arctic_b0264.wav,But this time it was Saxon who rebelled,1,non_native,l2_learner,arctic_b0264
l2_arctic,THV,Vietnamese,F,train,ai-training/datasets/l2-arctic/raw/l2arctic_release_v5.0/THV/wav/arctic_b0265.wav,I was not to cry out in the face of fear,1,non_native,l2_learner,arctic_b0265
l2_arctic,THV,Vietnamese,F,train,ai-training/datasets/l2-arctic/raw/l2arctic_release_v5.0/THV/wav/arctic_b0266.wav,And now put yourself in my place for a moment,1,non_native,l2_learner,arctic_b0266
l2_arctic,THV,Vietnamese,F,train,ai-training/datasets/l2-arctic/raw/l2arctic_release_v5.0/THV/wav/arctic_b0267.wav,The boy threw back his head with pride,1,non_native,l2_learner,arctic_b0267
l2_arctic,THV,Vietnamese,F,train,ai-training/datasets/l2-arctic/raw/l2arctic_release_v5.0/THV/wav/arctic_b0268.wav,Saxon nodded and the boy frowned,1,non_native,l2_learner,arctic_b0268
l2_arctic,THV,Vietnamese,F,train,ai-training/datasets/l2-arctic/raw/l2arctic_release_v5.0/THV/wav/arctic_b0269.wav,Why not like any railroad station or ferry depot,1,non_native,l2_learner,arctic_b0269
l2_arctic,THV,Vietnamese,F,train,ai-training/datasets/l2-arctic/raw/l2arctic_release_v5.0/THV/wav/arctic_b0270.wav,We could throw stones with our feet,1,non_native,l2_learner,arctic_b0270
l2_arctic,THV,Vietnamese,F,train,ai-training/datasets/l2-arctic/raw/l2arctic_release_v5.0/THV/wav/arctic_b0271.wav,It was put together in a casual helter skelter sort of way,1,non_native,l2_learner,arctic_b0271
l2_arctic,THV,Vietnamese,F,train,ai-training/datasets/l2-arctic/raw/l2arctic_release_v5.0/THV/wav/arctic_b0272.wav,These were merely stout sticks an inch or so in diameter,1,non_native,l2_learner,arctic_b0272
l2_arctic,THV,Vietnamese,F,train,ai-training/datasets/l2-arctic/raw/l2arctic_release_v5.0/THV/wav/arctic_b0273.wav,Then it was that a strange thing happened,1,non_native,l2_learner,arctic_b0273
l2_arctic,THV,Vietnamese,F,train,ai-training/datasets/l2-arctic/raw/l2arctic_release_v5.0/THV/wav/arctic_b0274.wav,From the source of light a harsh voice said,1,non_native,l2_learner,arctic_b0274
l2_arctic,THV,Vietnamese,F,train,ai-training/datasets/l2-arctic/raw/l2arctic_release_v5.0/THV/wav/arctic_b0275.wav,But I did not enjoy it long,1,non_native,l2_learner,arctic_b0275
l2_arctic,THV,Vietnamese,F,train,ai-training/datasets/l2-arctic/raw/l2arctic_release_v5.0/THV/wav/arctic_b0276.wav,We were now good friends,1,non_native,l2_learner,arctic_b0276
l2_arctic,THV,Vietnamese,F,train,ai-training/datasets/l2-arctic/raw/l2arctic_release_v5.0/THV/wav/arctic_b0277.wav,Two of the Folk were already up,1,non_native,l2_learner,arctic_b0277
l2_arctic,THV,Vietnamese,F,train,ai-training/datasets/l2-arctic/raw/l2arctic_release_v5.0/THV/wav/arctic_b0278.wav,Now animals do not like mockery,1,non_native,l2_learner,arctic_b0278
l2_arctic,THV,Vietnamese,F,train,ai-training/datasets/l2-arctic/raw/l2arctic_release_v5.0/THV/wav/arctic_b0279.wav,He gave one last snarl and slid from view among the trees,1,non_native,l2_learner,arctic_b0279
l2_arctic,THV,Vietnamese,F,train,ai-training/datasets/l2-arctic/raw/l2arctic_release_v5.0/THV/wav/arctic_b0280.wav,Again the girls applauded and Missus Hall cried,1,non_native,l2_learner,arctic_b0280
l2_arctic,THV,Vietnamese,F,train,ai-training/datasets/l2-arctic/raw/l2arctic_release_v5.0/THV/wav/arctic_b0281.wav,Just the same I'd sooner be myself than have book indigestion,1,non_native,l2_learner,arctic_b0281
l2_arctic,THV,Vietnamese,F,train,ai-training/datasets/l2-arctic/raw/l2arctic_release_v5.0/THV/wav/arctic_b0282.wav,Some of the smaller veins had doubtless been ruptured,1,non_native,l2_learner,arctic_b0282
l2_arctic,THV,Vietnamese,F,train,ai-training/datasets/l2-arctic/raw/l2arctic_release_v5.0/THV/wav/arctic_b0283.wav,But we were without this momentum,1,non_native,l2_learner,arctic_b0283
l2_arctic,THV,Vietnamese,F,train,ai-training/datasets/l2-arctic/raw/l2arctic_release_v5.0/THV/wav/arctic_b0284.wav,There was one difficulty however,1,non_native,l2_learner,arctic_b0284
l2_arctic,THV,Vietnamese,F,train,ai-training/datasets/l2-arctic/raw/l2arctic_release_v5.0/THV/wav/arctic_b0285.wav,The hyena proceeded to dine,1,non_native,l2_learner,arctic_b0285
l2_arctic,THV,Vietnamese,F,train,ai-training/datasets/l2-arctic/raw/l2arctic_release_v5.0/THV/wav/arctic_b0286.wav,The time was considered auspicious,1,non_native,l2_learner,arctic_b0286
l2_arctic,THV,Vietnamese,F,train,ai-training/datasets/l2-arctic/raw/l2arctic_release_v5.0/THV/wav/arctic_b0287.wav,Or have they already devised one,1,non_native,l2_learner,arctic_b0287
l2_arctic,THV,Vietnamese,F,train,ai-training/datasets/l2-arctic/raw/l2arctic_release_v5.0/THV/wav/arctic_b0288.wav,We would not spend another such night,1,non_native,l2_learner,arctic_b0288
l2_arctic,THV,Vietnamese,F,train,ai-training/datasets/l2-arctic/raw/l2arctic_release_v5.0/THV/wav/arctic_b0289.wav,At first his progress was slow and erratic,1,non_native,l2_learner,arctic_b0289
l2_arctic,THV,Vietnamese,F,train,ai-training/datasets/l2-arctic/raw/l2arctic_release_v5.0/THV/wav/arctic_b0290.wav,He placed his paw on one and its movements were accelerated,1,non_native,l2_learner,arctic_b0290
l2_arctic,THV,Vietnamese,F,train,ai-training/datasets/l2-arctic/raw/l2arctic_release_v5.0/THV/wav/arctic_b0291.wav,The awe of man rushed over him again,1,non_native,l2_learner,arctic_b0291
l2_arctic,THV,Vietnamese,F,train,ai-training/datasets/l2-arctic/raw/l2arctic_release_v5.0/THV/wav/arctic_b0292.wav,The Fire Men wore animal skins around their waists and across their shoulders,1,non_native,l2_learner,arctic_b0292
l2_arctic,THV,Vietnamese,F,train,ai-training/datasets/l2-arctic/raw/l2arctic_release_v5.0/THV/wav/arctic_b0293.wav,Between him and all domestic animals there must be no hostilities,1,non_native,l2_learner,arctic_b0293
l2_arctic,THV,Vietnamese,F,train,ai-training/datasets/l2-arctic/raw/l2arctic_release_v5.0/THV/wav/arctic_b0294.wav,For a much longer time Lop Ear and I remained and watched,1,non_native,l2_learner,arctic_b0294
l2_arctic,THV,Vietnamese,F,train,ai-training/datasets/l2-arctic/raw/l2arctic_release_v5.0/THV/wav/arctic_b0295.wav,All right Sir replied Jock with great regret,1,non_native,l2_learner,arctic_b0295
l2_arctic,THV,Vietnamese,F,train,ai-training/datasets/l2-arctic/raw/l2arctic_release_v5.0/THV/wav/arctic_b0296.wav,At times I wondered where Sir Archibald got his style,1,non_native,l2_learner,arctic_b0296
l2_arctic,THV,Vietnamese,F,train,ai-training/datasets/l2-arctic/raw/l2arctic_release_v5.0/THV/wav/arctic_b0297.wav,Why should a fellow throw up the sponge after the first round,1,non_native,l2_learner,arctic_b0297
l2_arctic,THV,Vietnamese,F,train,ai-training/datasets/l2-arctic/raw/l2arctic_release_v5.0/THV/wav/arctic_b0298.wav,His hand shot out and clutched Crooked Leg by the neck,1,non_native,l2_learner,arctic_b0298
l2_arctic,THV,Vietnamese,F,train,ai-training/datasets/l2-arctic/raw/l2arctic_release_v5.0/THV/wav/arctic_b0299.wav,Miss Brodie's smile was slightly sarcastic,1,non_native,l2_learner,arctic_b0299
l2_arctic,THV,Vietnamese,F,train,ai-training/datasets/l2-arctic/raw/l2arctic_release_v5.0/THV/wav/arctic_b0300.wav,Does the old boy often go off at half cock that way,1,non_native,l2_learner,arctic_b0300
l2_arctic,THV,Vietnamese,F,train,ai-training/datasets/l2-arctic/raw/l2arctic_release_v5.0/THV/wav/arctic_b0301.wav,A flying arrow passed between us,1,non_native,l2_learner,arctic_b0301
l2_arctic,THV,Vietnamese,F,train,ai-training/datasets/l2-arctic/raw/l2arctic_release_v5.0/THV/wav/arctic_b0302.wav,I pulled suddenly with all my might,1,non_native,l2_learner,arctic_b0302
l2_arctic,THV,Vietnamese,F,train,ai-training/datasets/l2-arctic/raw/l2arctic_release_v5.0/THV/wav/arctic_b0303.wav,Here we allow our solicitors to look after our legal work,1,non_native,l2_learner,arctic_b0303
l2_arctic,THV,Vietnamese,F,train,ai-training/datasets/l2-arctic/raw/l2arctic_release_v5.0/THV/wav/arctic_b0304.wav,His previous wives had never lived long enough to bear him children,1,non_native,l2_learner,arctic_b0304
l2_arctic,THV,Vietnamese,F,train,ai-training/datasets/l2-arctic/raw/l2arctic_release_v5.0/THV/wav/arctic_b0305.wav,It was our river emerging like ourselves from the great swamp,1,non_native,l2_learner,arctic_b0305
l2_arctic,THV,Vietnamese,F,train,ai-training/datasets/l2-arctic/raw/l2arctic_release_v5.0/THV/wav/arctic_b0306.wav,Cameron looked at his hands with their long sinewy fingers,1,non_native,l2_learner,arctic_b0306
l2_arctic,THV,Vietnamese,F,train,ai-training/datasets/l2-arctic/raw/l2arctic_release_v5.0/THV/wav/arctic_b0307.wav,We got few vegetables and fruits and became fish eaters,1,non_native,l2_learner,arctic_b0307
l2_arctic,THV,Vietnamese,F,train,ai-training/datasets/l2-arctic/raw/l2arctic_release_v5.0/THV/wav/arctic_b0308.wav,We never made another migration,1,non_native,l2_learner,arctic_b0308
l2_arctic,THV,Vietnamese,F,train,ai-training/datasets/l2-arctic/raw/l2arctic_release_v5.0/THV/wav/arctic_b0309.wav,Nor was Elam Harnish an exception,1,non_native,l2_learner,arctic_b0309
l2_arctic,THV,Vietnamese,F,train,ai-training/datasets/l2-arctic/raw/l2arctic_release_v5.0/THV/wav/arctic_b0310.wav,A little treatment massage with some help from the doctor,1,non_native,l2_learner,arctic_b0310
l2_arctic,THV,Vietnamese,F,train,ai-training/datasets/l2-arctic/raw/l2arctic_release_v5.0/THV/wav/arctic_b0311.wav,The twenty ninth very foggy,1,non_native,l2_learner,arctic_b0311
l2_arctic,THV,Vietnamese,F,train,ai-training/datasets/l2-arctic/raw/l2arctic_release_v5.0/THV/wav/arctic_b0312.wav,Dig in you're sure good was Daylight's answer,1,non_native,l2_learner,arctic_b0312
l2_arctic,THV,Vietnamese,F,train,ai-training/datasets/l2-arctic/raw/l2arctic_release_v5.0/THV/wav/arctic_b0313.wav,The apron string loomed near and he shied like an unbroken colt,1,non_native,l2_learner,arctic_b0313
l2_arctic,THV,Vietnamese,F,val,ai-training/datasets/l2-arctic/raw/l2arctic_release_v5.0/THV/wav/arctic_b0314.wav,He had been born with this endowment,1,non_native,l2_learner,arctic_b0314
l2_arctic,THV,Vietnamese,F,val,ai-training/datasets/l2-arctic/raw/l2arctic_release_v5.0/THV/wav/arctic_b0315.wav,And this was their sole conversation throughout the meal,1,non_native,l2_learner,arctic_b0315
l2_arctic,THV,Vietnamese,F,val,ai-training/datasets/l2-arctic/raw/l2arctic_release_v5.0/THV/wav/arctic_b0316.wav,Though the aurora still flamed another day had begun,1,non_native,l2_learner,arctic_b0316
l2_arctic,THV,Vietnamese,F,val,ai-training/datasets/l2-arctic/raw/l2arctic_release_v5.0/THV/wav/arctic_b0317.wav,He did not believe in the burning of daylight for such a luxury,1,non_native,l2_learner,arctic_b0317
l2_arctic,THV,Vietnamese,F,val,ai-training/datasets/l2-arctic/raw/l2arctic_release_v5.0/THV/wav/arctic_b0318.wav,Again he had done the big thing,1,non_native,l2_learner,arctic_b0318
l2_arctic,THV,Vietnamese,F,val,ai-training/datasets/l2-arctic/raw/l2arctic_release_v5.0/THV/wav/arctic_b0319.wav,Daylight was tired profoundly tired,1,non_native,l2_learner,arctic_b0319
l2_arctic,THV,Vietnamese,F,val,ai-training/datasets/l2-arctic/raw/l2arctic_release_v5.0/THV/wav/arctic_b0320.wav,The regret in his voice was provocative of a second burst of laughter,1,non_native,l2_learner,arctic_b0320
l2_arctic,THV,Vietnamese,F,val,ai-training/datasets/l2-arctic/raw/l2arctic_release_v5.0/THV/wav/arctic_b0321.wav,Instead he arrived on the night of the second day,1,non_native,l2_learner,arctic_b0321
l2_arctic,THV,Vietnamese,F,val,ai-training/datasets/l2-arctic/raw/l2arctic_release_v5.0/THV/wav/arctic_b0322.wav,Their supply of grub was gone,1,non_native,l2_learner,arctic_b0322
l2_arctic,THV,Vietnamese,F,val,ai-training/datasets/l2-arctic/raw/l2arctic_release_v5.0/THV/wav/arctic_b0323.wav,Crickets began to chirp and more geese and ducks flew overhead,1,non_native,l2_learner,arctic_b0323
l2_arctic,THV,Vietnamese,F,val,ai-training/datasets/l2-arctic/raw/l2arctic_release_v5.0/THV/wav/arctic_b0324.wav,Not till the twentieth of May did the river break,1,non_native,l2_learner,arctic_b0324
l2_arctic,THV,Vietnamese,F,val,ai-training/datasets/l2-arctic/raw/l2arctic_release_v5.0/THV/wav/arctic_b0325.wav,It was a gigantic inadequacy,1,non_native,l2_learner,arctic_b0325
l2_arctic,THV,Vietnamese,F,val,ai-training/datasets/l2-arctic/raw/l2arctic_release_v5.0/THV/wav/arctic_b0326.wav,Our Mister Howison will call upon you at your hotel,1,non_native,l2_learner,arctic_b0326
l2_arctic,THV,Vietnamese,F,val,ai-training/datasets/l2-arctic/raw/l2arctic_release_v5.0/THV/wav/arctic_b0327.wav,He had been so easy,1,non_native,l2_learner,arctic_b0327
l2_arctic,THV,Vietnamese,F,val,ai-training/datasets/l2-arctic/raw/l2arctic_release_v5.0/THV/wav/arctic_b0328.wav,Change chairs Daylight commanded,1,non_native,l2_learner,arctic_b0328
l2_arctic,THV,Vietnamese,F,val,ai-training/datasets/l2-arctic/raw/l2arctic_release_v5.0/THV/wav/arctic_b0329.wav,I'd sooner have my chips back,1,non_native,l2_learner,arctic_b0329
l2_arctic,THV,Vietnamese,F,val,ai-training/datasets/l2-arctic/raw/l2arctic_release_v5.0/THV/wav/arctic_b0330.wav,They only had a little thirty thousand dollar fire,1,non_native,l2_learner,arctic_b0330
l2_arctic,THV,Vietnamese,F,val,ai-training/datasets/l2-arctic/raw/l2arctic_release_v5.0/THV/wav/arctic_b0331.wav,His partners had starved and died on the Stewart,1,non_native,l2_learner,arctic_b0331
l2_arctic,THV,Vietnamese,F,val,ai-training/datasets/l2-arctic/raw/l2arctic_release_v5.0/THV/wav/arctic_b0332.wav,As to how she dressed he had no ideas at all,1,non_native,l2_learner,arctic_b0332
l2_arctic,THV,Vietnamese,F,val,ai-training/datasets/l2-arctic/raw/l2arctic_release_v5.0/THV/wav/arctic_b0333.wav,It does was her audacious answer,1,non_native,l2_learner,arctic_b0333
l2_arctic,THV,Vietnamese,F,val,ai-training/datasets/l2-arctic/raw/l2arctic_release_v5.0/THV/wav/arctic_b0334.wav,Oh it's just a novel a love story,1,non_native,l2_learner,arctic_b0334
l2_arctic,THV,Vietnamese,F,val,ai-training/datasets/l2-arctic/raw/l2arctic_release_v5.0/THV/wav/arctic_b0335.wav,Whoever lived on the ranch did that,1,non_native,l2_learner,arctic_b0335
l2_arctic,THV,Vietnamese,F,val,ai-training/datasets/l2-arctic/raw/l2arctic_release_v5.0/THV/wav/arctic_b0336.wav,How old are you mother,1,non_native,l2_learner,arctic_b0336
l2_arctic,THV,Vietnamese,F,val,ai-training/datasets/l2-arctic/raw/l2arctic_release_v5.0/THV/wav/arctic_b0337.wav,Here he got a fresh thrill,1,non_native,l2_learner,arctic_b0337
l2_arctic,THV,Vietnamese,F,val,ai-training/datasets/l2-arctic/raw/l2arctic_release_v5.0/THV/wav/arctic_b0338.wav,It was unobtrusive yet it was there,1,non_native,l2_learner,arctic_b0338
l2_arctic,THV,Vietnamese,F,val,ai-training/datasets/l2-arctic/raw/l2arctic_release_v5.0/THV/wav/arctic_b0339.wav,Well I'll be plumb gosh darned,1,non_native,l2_learner,arctic_b0339
l2_arctic,THV,Vietnamese,F,val,ai-training/datasets/l2-arctic/raw/l2arctic_release_v5.0/THV/wav/arctic_b0340.wav,These quick little joys of hers were sources of joy to him,1,non_native,l2_learner,arctic_b0340
l2_arctic,THV,Vietnamese,F,val,ai-training/datasets/l2-arctic/raw/l2arctic_release_v5.0/THV/wav/arctic_b0341.wav,I play that choice wide open to win,1,non_native,l2_learner,arctic_b0341
l2_arctic,THV,Vietnamese,F,val,ai-training/datasets/l2-arctic/raw/l2arctic_release_v5.0/THV/wav/arctic_b0342.wav,Each improvement makes the value of everything else pump up,1,non_native,l2_learner,arctic_b0342
l2_arctic,THV,Vietnamese,F,val,ai-training/datasets/l2-arctic/raw/l2arctic_release_v5.0/THV/wav/arctic_b0343.wav,But how are you going to do it,1,non_native,l2_learner,arctic_b0343
l2_arctic,THV,Vietnamese,F,val,ai-training/datasets/l2-arctic/raw/l2arctic_release_v5.0/THV/wav/arctic_b0344.wav,Lots of men take women buggy riding,1,non_native,l2_learner,arctic_b0344
l2_arctic,THV,Vietnamese,F,val,ai-training/datasets/l2-arctic/raw/l2arctic_release_v5.0/THV/wav/arctic_b0345.wav,Daylight made no answer and the door closed behind him,1,non_native,l2_learner,arctic_b0345
l2_arctic,THV,Vietnamese,F,val,ai-training/datasets/l2-arctic/raw/l2arctic_release_v5.0/THV/wav/arctic_b0346.wav,There's not an iota of truth in it,1,non_native,l2_learner,arctic_b0346
l2_arctic,THV,Vietnamese,F,val,ai-training/datasets/l2-arctic/raw/l2arctic_release_v5.0/THV/wav/arctic_b0347.wav,But ever his gaze returned to that Crouched Venus on the piano,1,non_native,l2_learner,arctic_b0347
l2_arctic,THV,Vietnamese,F,val,ai-training/datasets/l2-arctic/raw/l2arctic_release_v5.0/THV/wav/arctic_b0348.wav,Would you be satisfied with that one hundredth part of me,1,non_native,l2_learner,arctic_b0348
l2_arctic,THV,Vietnamese,F,val,ai-training/datasets/l2-arctic/raw/l2arctic_release_v5.0/THV/wav/arctic_b0349.wav,In such a tumbling of values was no time to sell,1,non_native,l2_learner,arctic_b0349
l2_arctic,THV,Vietnamese,F,val,ai-training/datasets/l2-arctic/raw/l2arctic_release_v5.0/THV/wav/arctic_b0350.wav,Stand off butcher and baker and all the rest,1,non_native,l2_learner,arctic_b0350
l2_arctic,THV,Vietnamese,F,val,ai-training/datasets/l2-arctic/raw/l2arctic_release_v5.0/THV/wav/arctic_b0351.wav,Matthewson who's this bookkeeper Rogers,1,non_native,l2_learner,arctic_b0351
l2_arctic,THV,Vietnamese,F,val,ai-training/datasets/l2-arctic/raw/l2arctic_release_v5.0/THV/wav/arctic_b0352.wav,Now just what do you want to know,1,non_native,l2_learner,arctic_b0352
l2_arctic,THV,Vietnamese,F,val,ai-training/datasets/l2-arctic/raw/l2arctic_release_v5.0/THV/wav/arctic_b0353.wav,I want to know how all this is possible,1,non_native,l2_learner,arctic_b0353
l2_arctic,THV,Vietnamese,F,val,ai-training/datasets/l2-arctic/raw/l2arctic_release_v5.0/THV/wav/arctic_b0354.wav,It's that much junk,1,non_native,l2_learner,arctic_b0354
l2_arctic,THV,Vietnamese,F,val,ai-training/datasets/l2-arctic/raw/l2arctic_release_v5.0/THV/wav/arctic_b0355.wav,There was proper division of labor in the work they individually performed,1,non_native,l2_learner,arctic_b0355
l2_arctic,THV,Vietnamese,F,val,ai-training/datasets/l2-arctic/raw/l2arctic_release_v5.0/THV/wav/arctic_b0356.wav,He loved to play Chinese lottery,1,non_native,l2_learner,arctic_b0356
l2_arctic,THV,Vietnamese,F,val,ai-training/datasets/l2-arctic/raw/l2arctic_release_v5.0/THV/wav/arctic_b0357.wav,The Law of Club and Fang,1,non_native,l2_learner,arctic_b0357
l2_arctic,THV,Vietnamese,F,val,ai-training/datasets/l2-arctic/raw/l2arctic_release_v5.0/THV/wav/arctic_b0358.wav,The temperature dropped to fifty below zero and remained there the whole trip,1,non_native,l2_learner,arctic_b0358
l2_arctic,THV,Vietnamese,F,val,ai-training/datasets/l2-arctic/raw/l2arctic_release_v5.0/THV/wav/arctic_b0359.wav,And as never before he was ready to obey,1,non_native,l2_learner,arctic_b0359
l2_arctic,THV,Vietnamese,F,val,ai-training/datasets/l2-arctic/raw/l2arctic_release_v5.0/THV/wav/arctic_b0360.wav,This state of mind comes of an undue prominence of the ego,1,non_native,l2_learner,arctic_b0360
l2_arctic,THV,Vietnamese,F,val,ai-training/datasets/l2-arctic/raw/l2arctic_release_v5.0/THV/wav/arctic_b0361.wav,There are the canals of China and the Yangtse River,1,non_native,l2_learner,arctic_b0361
l2_arctic,THV,Vietnamese,F,val,ai-training/datasets/l2-arctic/raw/l2arctic_release_v5.0/THV/wav/arctic_b0362.wav,We threaten to be of the one mind before the voyage is completed,1,non_native,l2_learner,arctic_b0362
l2_arctic,THV,Vietnamese,F,val,ai-training/datasets/l2-arctic/raw/l2arctic_release_v5.0/THV/wav/arctic_b0363.wav,She was built primarily to sail,1,non_native,l2_learner,arctic_b0363
l2_arctic,THV,Vietnamese,F,val,ai-training/datasets/l2-arctic/raw/l2arctic_release_v5.0/THV/wav/arctic_b0364.wav,In the Bohemian Club of San Francisco there are some crack sailors,1,non_native,l2_learner,arctic_b0364
l2_arctic,THV,Vietnamese,F,val,ai-training/datasets/l2-arctic/raw/l2arctic_release_v5.0/THV/wav/arctic_b0365.wav,My age in years is twenty two,1,non_native,l2_learner,arctic_b0365
l2_arctic,THV,Vietnamese,F,val,ai-training/datasets/l2-arctic/raw/l2arctic_release_v5.0/THV/wav/arctic_b0366.wav,I forgot how easily I had taught myself from the printed page,1,non_native,l2_learner,arctic_b0366
l2_arctic,THV,Vietnamese,F,val,ai-training/datasets/l2-arctic/raw/l2arctic_release_v5.0/THV/wav/arctic_b0367.wav,Any average young fellow can teach himself in a week,1,non_native,l2_learner,arctic_b0367
l2_arctic,THV,Vietnamese,F,val,ai-training/datasets/l2-arctic/raw/l2arctic_release_v5.0/THV/wav/arctic_b0368.wav,Please do not think that I already know it all,1,non_native,l2_learner,arctic_b0368
l2_arctic,THV,Vietnamese,F,val,ai-training/datasets/l2-arctic/raw/l2arctic_release_v5.0/THV/wav/arctic_b0369.wav,You see we were teaching ourselves,1,non_native,l2_learner,arctic_b0369
l2_arctic,THV,Vietnamese,F,val,ai-training/datasets/l2-arctic/raw/l2arctic_release_v5.0/THV/wav/arctic_b0370.wav,And now behold the perversity of things,1,non_native,l2_learner,arctic_b0370
l2_arctic,THV,Vietnamese,F,val,ai-training/datasets/l2-arctic/raw/l2arctic_release_v5.0/THV/wav/arctic_b0371.wav,Yield yourself to the waters that are ripping and tearing at you,1,non_native,l2_learner,arctic_b0371
l2_arctic,THV,Vietnamese,F,val,ai-training/datasets/l2-arctic/raw/l2arctic_release_v5.0/THV/wav/arctic_b0372.wav,Mister McVeigh told me about him,1,non_native,l2_learner,arctic_b0372
l2_arctic,THV,Vietnamese,F,val,ai-training/datasets/l2-arctic/raw/l2arctic_release_v5.0/THV/wav/arctic_b0373.wav,Unlike Joshua he stood in no need of divine assistance,1,non_native,l2_learner,arctic_b0373
l2_arctic,THV,Vietnamese,F,val,ai-training/datasets/l2-arctic/raw/l2arctic_release_v5.0/THV/wav/arctic_b0374.wav,To say the least Captain Cook was a rather thorough going empiricist,1,non_native,l2_learner,arctic_b0374
l2_arctic,THV,Vietnamese,F,val,ai-training/datasets/l2-arctic/raw/l2arctic_release_v5.0/THV/wav/arctic_b0375.wav,Man could not conquer them,1,non_native,l2_learner,arctic_b0375
l2_arctic,THV,Vietnamese,F,val,ai-training/datasets/l2-arctic/raw/l2arctic_release_v5.0/THV/wav/arctic_b0376.wav,Thought I and a worthy fool he proved,1,non_native,l2_learner,arctic_b0376
l2_arctic,THV,Vietnamese,F,val,ai-training/datasets/l2-arctic/raw/l2arctic_release_v5.0/THV/wav/arctic_b0377.wav,A scarlet loincloth completed his costume,1,non_native,l2_learner,arctic_b0377
l2_arctic,THV,Vietnamese,F,val,ai-training/datasets/l2-arctic/raw/l2arctic_release_v5.0/THV/wav/arctic_b0378.wav,I like to speculate upon the glorious future of man,1,non_native,l2_learner,arctic_b0378
l2_arctic,THV,Vietnamese,F,val,ai-training/datasets/l2-arctic/raw/l2arctic_release_v5.0/THV/wav/arctic_b0379.wav,Christmas is an easy problem compared with a Polynesian giving feast,1,non_native,l2_learner,arctic_b0379
l2_arctic,THV,Vietnamese,F,val,ai-training/datasets/l2-arctic/raw/l2arctic_release_v5.0/THV/wav/arctic_b0380.wav,He had peeled off his shirt and was wildly waving it,1,non_native,l2_learner,arctic_b0380
l2_arctic,THV,Vietnamese,F,val,ai-training/datasets/l2-arctic/raw/l2arctic_release_v5.0/THV/wav/arctic_b0381.wav,And how would we ever find ourselves,1,non_native,l2_learner,arctic_b0381
l2_arctic,THV,Vietnamese,F,val,ai-training/datasets/l2-arctic/raw/l2arctic_release_v5.0/THV/wav/arctic_b0382.wav,I defy any man to get a Solomon Island sore in California,1,non_native,l2_learner,arctic_b0382
l2_arctic,THV,Vietnamese,F,val,ai-training/datasets/l2-arctic/raw/l2arctic_release_v5.0/THV/wav/arctic_b0383.wav,A bush chief had died a natural death,1,non_native,l2_learner,arctic_b0383
l2_arctic,THV,Vietnamese,F,val,ai-training/datasets/l2-arctic/raw/l2arctic_release_v5.0/THV/wav/arctic_b0384.wav,The skipper's and Na ka tas gymnastics served as a translation without words,1,non_native,l2_learner,arctic_b0384
l2_arctic,THV,Vietnamese,F,val,ai-training/datasets/l2-arctic/raw/l2arctic_release_v5.0/THV/wav/arctic_b0385.wav,Last night he showed all the symptoms of coming down with pneumonia,1,non_native,l2_learner,arctic_b0385
l2_arctic,THV,Vietnamese,F,val,ai-training/datasets/l2-arctic/raw/l2arctic_release_v5.0/THV/wav/arctic_b0386.wav,My idea was that he would have more influence over the natives,1,non_native,l2_learner,arctic_b0386
l2_arctic,THV,Vietnamese,F,val,ai-training/datasets/l2-arctic/raw/l2arctic_release_v5.0/THV/wav/arctic_b0387.wav,It is merely the simple superlative,1,non_native,l2_learner,arctic_b0387
l2_arctic,THV,Vietnamese,F,val,ai-training/datasets/l2-arctic/raw/l2arctic_release_v5.0/THV/wav/arctic_b0388.wav,I made no more overtures,1,non_native,l2_learner,arctic_b0388
l2_arctic,THV,Vietnamese,F,val,ai-training/datasets/l2-arctic/raw/l2arctic_release_v5.0/THV/wav/arctic_b0389.wav,Among my minor afflictions I may mention a new and mysterious one,1,non_native,l2_learner,arctic_b0389
l2_arctic,THV,Vietnamese,F,val,ai-training/datasets/l2-arctic/raw/l2arctic_release_v5.0/THV/wav/arctic_b0390.wav,The voyage was our idea of a good time,1,non_native,l2_learner,arctic_b0390
l2_arctic,THV,Vietnamese,F,val,ai-training/datasets/l2-arctic/raw/l2arctic_release_v5.0/THV/wav/arctic_b0391.wav,At sea Tuesday March seventeenth nineteen o eight,1,non_native,l2_learner,arctic_b0391
l2_arctic,THV,Vietnamese,F,val,ai-training/datasets/l2-arctic/raw/l2arctic_release_v5.0/THV/wav/arctic_b0392.wav,Yes sir he answered with cheerful alacrity,1,non_native,l2_learner,arctic_b0392
l2_arctic,THV,Vietnamese,F,val,ai-training/datasets/l2-arctic/raw/l2arctic_release_v5.0/THV/wav/arctic_b0393.wav,I was still weak from my prolonged immersion,1,non_native,l2_learner,arctic_b0393
l2_arctic,THV,Vietnamese,F,val,ai-training/datasets/l2-arctic/raw/l2arctic_release_v5.0/THV/wav/arctic_b0394.wav,The boy hesitated then mastered his temper,1,non_native,l2_learner,arctic_b0394
l2_arctic,THV,Vietnamese,F,val,ai-training/datasets/l2-arctic/raw/l2arctic_release_v5.0/THV/wav/arctic_b0395.wav,I was beneath the water suffocating and drowning,1,non_native,l2_learner,arctic_b0395
l2_arctic,THV,Vietnamese,F,val,ai-training/datasets/l2-arctic/raw/l2arctic_release_v5.0/THV/wav/arctic_b0396.wav,The pain from my hurt knee was agonizing,1,non_native,l2_learner,arctic_b0396
l2_arctic,THV,Vietnamese,F,val,ai-training/datasets/l2-arctic/raw/l2arctic_release_v5.0/THV/wav/arctic_b0397.wav,The hunters were still arguing and roaring like some semi human amphibious breed,1,non_native,l2_learner,arctic_b0397
l2_arctic,THV,Vietnamese,F,val,ai-training/datasets/l2-arctic/raw/l2arctic_release_v5.0/THV/wav/arctic_b0398.wav,I have been robbed sir I amended,1,non_native,l2_learner,arctic_b0398
l2_arctic,THV,Vietnamese,F,val,ai-training/datasets/l2-arctic/raw/l2arctic_release_v5.0/THV/wav/arctic_b0399.wav,You were looking squeamish this afternoon he began,1,non_native,l2_learner,arctic_b0399
l2_arctic,THV,Vietnamese,F,val,ai-training/datasets/l2-arctic/raw/l2arctic_release_v5.0/THV/wav/arctic_b0400.wav,How could I answer the question on the spur of the moment,1,non_native,l2_learner,arctic_b0400
l2_arctic,THV,Vietnamese,F,val,ai-training/datasets/l2-arctic/raw/l2arctic_release_v5.0/THV/wav/arctic_b0401.wav,I learned it myself in English ships,1,non_native,l2_learner,arctic_b0401
l2_arctic,THV,Vietnamese,F,val,ai-training/datasets/l2-arctic/raw/l2arctic_release_v5.0/THV/wav/arctic_b0402.wav,An altruistic act is an act performed for the welfare of others,1,non_native,l2_learner,arctic_b0402
l2_arctic,THV,Vietnamese,F,val,ai-training/datasets/l2-arctic/raw/l2arctic_release_v5.0/THV/wav/arctic_b0403.wav,Knowing him I review the old Scandinavian myths with clearer understanding,1,non_native,l2_learner,arctic_b0403
l2_arctic,THV,Vietnamese,F,val,ai-training/datasets/l2-arctic/raw/l2arctic_release_v5.0/THV/wav/arctic_b0404.wav,Yes and no sir was the slow reply,1,non_native,l2_learner,arctic_b0404
l2_arctic,THV,Vietnamese,F,val,ai-training/datasets/l2-arctic/raw/l2arctic_release_v5.0/THV/wav/arctic_b0405.wav,And each year something happened and I did not go,1,non_native,l2_learner,arctic_b0405
l2_arctic,THV,Vietnamese,F,val,ai-training/datasets/l2-arctic/raw/l2arctic_release_v5.0/THV/wav/arctic_b0406.wav,How in hell did he know it was you in the dark,1,non_native,l2_learner,arctic_b0406
l2_arctic,THV,Vietnamese,F,val,ai-training/datasets/l2-arctic/raw/l2arctic_release_v5.0/THV/wav/arctic_b0407.wav,Of course much grumbling went on and little outbursts were continually occurring,1,non_native,l2_learner,arctic_b0407
l2_arctic,THV,Vietnamese,F,val,ai-training/datasets/l2-arctic/raw/l2arctic_release_v5.0/THV/wav/arctic_b0408.wav,You have all the advantage,1,non_native,l2_learner,arctic_b0408
l2_arctic,THV,Vietnamese,F,val,ai-training/datasets/l2-arctic/raw/l2arctic_release_v5.0/THV/wav/arctic_b0409.wav,The dirk mentioned by Wolf Larsen rested in its sheath on my hip,1,non_native,l2_learner,arctic_b0409
l2_arctic,THV,Vietnamese,F,val,ai-training/datasets/l2-arctic/raw/l2arctic_release_v5.0/THV/wav/arctic_b0410.wav,Have you ever earned a dollar by your own labour,1,non_native,l2_learner,arctic_b0410
l2_arctic,THV,Vietnamese,F,val,ai-training/datasets/l2-arctic/raw/l2arctic_release_v5.0/THV/wav/arctic_b0411.wav,He gave no reason but his motive was obvious enough,1,non_native,l2_learner,arctic_b0411
l2_arctic,THV,Vietnamese,F,val,ai-training/datasets/l2-arctic/raw/l2arctic_release_v5.0/THV/wav/arctic_b0412.wav,Ah it was sweet in my ears,1,non_native,l2_learner,arctic_b0412
l2_arctic,THV,Vietnamese,F,val,ai-training/datasets/l2-arctic/raw/l2arctic_release_v5.0/THV/wav/arctic_b0413.wav,He may desire to escape pain or to enjoy pleasure,1,non_native,l2_learner,arctic_b0413
l2_arctic,THV,Vietnamese,F,val,ai-training/datasets/l2-arctic/raw/l2arctic_release_v5.0/THV/wav/arctic_b0414.wav,It was impossible to hoist sail and claw off that shore,1,non_native,l2_learner,arctic_b0414
l2_arctic,THV,Vietnamese,F,val,ai-training/datasets/l2-arctic/raw/l2arctic_release_v5.0/THV/wav/arctic_b0415.wav,There was nothing for us but the wide raw ocean,1,non_native,l2_learner,arctic_b0415
l2_arctic,THV,Vietnamese,F,val,ai-training/datasets/l2-arctic/raw/l2arctic_release_v5.0/THV/wav/arctic_b0416.wav,I arose obediently and went down the beach,1,non_native,l2_learner,arctic_b0416
l2_arctic,THV,Vietnamese,F,val,ai-training/datasets/l2-arctic/raw/l2arctic_release_v5.0/THV/wav/arctic_b0417.wav,The next thing to watch out for is bed sores,1,non_native,l2_learner,arctic_b0417
l2_arctic,THV,Vietnamese,F,val,ai-training/datasets/l2-arctic/raw/l2arctic_release_v5.0/THV/wav/arctic_b0418.wav,At that moment I got the impression that she was willowy,1,non_native,l2_learner,arctic_b0418
l2_arctic,THV,Vietnamese,F,val,ai-training/datasets/l2-arctic/raw/l2arctic_release_v5.0/THV/wav/arctic_b0419.wav,Your father's fifth command he nodded,1,non_native,l2_learner,arctic_b0419
l2_arctic,THV,Vietnamese,F,val,ai-training/datasets/l2-arctic/raw/l2arctic_release_v5.0/THV/wav/arctic_b0420.wav,On occasion on this traverse the Cape Verde Islands are raised,1,non_native,l2_learner,arctic_b0420
l2_arctic,THV,Vietnamese,F,val,ai-training/datasets/l2-arctic/raw/l2arctic_release_v5.0/THV/wav/arctic_b0421.wav,She is essentially the life giving life conserving female of the species,1,non_native,l2_learner,arctic_b0421
l2_arctic,THV,Vietnamese,F,val,ai-training/datasets/l2-arctic/raw/l2arctic_release_v5.0/THV/wav/arctic_b0422.wav,This was when the explosion occurred,1,non_native,l2_learner,arctic_b0422
l2_arctic,THV,Vietnamese,F,val,ai-training/datasets/l2-arctic/raw/l2arctic_release_v5.0/THV/wav/arctic_b0423.wav,Also at regular intervals he would mutter,1,non_native,l2_learner,arctic_b0423
l2_arctic,THV,Vietnamese,F,val,ai-training/datasets/l2-arctic/raw/l2arctic_release_v5.0/THV/wav/arctic_b0424.wav,It is a very tenable hypothesis and will bear looking into,1,non_native,l2_learner,arctic_b0424
l2_arctic,THV,Vietnamese,F,val,ai-training/datasets/l2-arctic/raw/l2arctic_release_v5.0/THV/wav/arctic_b0425.wav,There were orange green gold green and a copper green,1,non_native,l2_learner,arctic_b0425
l2_arctic,THV,Vietnamese,F,val,ai-training/datasets/l2-arctic/raw/l2arctic_release_v5.0/THV/wav/arctic_b0426.wav,The Gabriel voice of the Samurai rang out,1,non_native,l2_learner,arctic_b0426
l2_arctic,THV,Vietnamese,F,test,ai-training/datasets/l2-arctic/raw/l2arctic_release_v5.0/THV/wav/arctic_b0427.wav,The sunsets grow more bizarre and spectacular off this coast of the Argentine,1,non_native,l2_learner,arctic_b0427
l2_arctic,THV,Vietnamese,F,test,ai-training/datasets/l2-arctic/raw/l2arctic_release_v5.0/THV/wav/arctic_b0428.wav,The history of our westward faring race is written in it,1,non_native,l2_learner,arctic_b0428
l2_arctic,THV,Vietnamese,F,test,ai-training/datasets/l2-arctic/raw/l2arctic_release_v5.0/THV/wav/arctic_b0429.wav,And the Eurasian Chinese Englishman bowed himself away,1,non_native,l2_learner,arctic_b0429
l2_arctic,THV,Vietnamese,F,test,ai-training/datasets/l2-arctic/raw/l2arctic_release_v5.0/THV/wav/arctic_b0430.wav,They were babbling and chattering all together,1,non_native,l2_learner,arctic_b0430
l2_arctic,THV,Vietnamese,F,test,ai-training/datasets/l2-arctic/raw/l2arctic_release_v5.0/THV/wav/arctic_b0431.wav,Too much he told me with ominous rolling head,1,non_native,l2_learner,arctic_b0431
l2_arctic,THV,Vietnamese,F,test,ai-training/datasets/l2-arctic/raw/l2arctic_release_v5.0/THV/wav/arctic_b0432.wav,He is a candidate rising from the serf class to our class,1,non_native,l2_learner,arctic_b0432
l2_arctic,THV,Vietnamese,F,test,ai-training/datasets/l2-arctic/raw/l2arctic_release_v5.0/THV/wav/arctic_b0433.wav,We are cooking on the coal stove and on the oil burners,1,non_native,l2_learner,arctic_b0433
l2_arctic,THV,Vietnamese,F,test,ai-training/datasets/l2-arctic/raw/l2arctic_release_v5.0/THV/wav/arctic_b0434.wav,The steward has just tendered me a respectful bit of advice,1,non_native,l2_learner,arctic_b0434
l2_arctic,THV,Vietnamese,F,test,ai-training/datasets/l2-arctic/raw/l2arctic_release_v5.0/THV/wav/arctic_b0435.wav,Well did they eat,1,non_native,l2_learner,arctic_b0435
l2_arctic,THV,Vietnamese,F,test,ai-training/datasets/l2-arctic/raw/l2arctic_release_v5.0/THV/wav/arctic_b0436.wav,Famine had been my great ally,1,non_native,l2_learner,arctic_b0436
l2_arctic,THV,Vietnamese,F,test,ai-training/datasets/l2-arctic/raw/l2arctic_release_v5.0/THV/wav/arctic_b0437.wav,Nowhere in the North is the soil so prolific,1,non_native,l2_learner,arctic_b0437
l2_arctic,THV,Vietnamese,F,test,ai-training/datasets/l2-arctic/raw/l2arctic_release_v5.0/THV/wav/arctic_b0438.wav,They ran the canoe in and climbed the high earth bank,1,non_native,l2_learner,arctic_b0438
l2_arctic,THV,Vietnamese,F,test,ai-training/datasets/l2-arctic/raw/l2arctic_release_v5.0/THV/wav/arctic_b0439.wav,The land exchanged its austere robes for the garb of a smiling wanton,1,non_native,l2_learner,arctic_b0439
l2_arctic,THV,Vietnamese,F,test,ai-training/datasets/l2-arctic/raw/l2arctic_release_v5.0/THV/wav/arctic_b0440.wav,There were stir and bustle new faces and fresh facts,1,non_native,l2_learner,arctic_b0440
l2_arctic,THV,Vietnamese,F,test,ai-training/datasets/l2-arctic/raw/l2arctic_release_v5.0/THV/wav/arctic_b0441.wav,And there was Ethel Baird whom also you must remember,1,non_native,l2_learner,arctic_b0441
l2_arctic,THV,Vietnamese,F,test,ai-training/datasets/l2-arctic/raw/l2arctic_release_v5.0/THV/wav/arctic_b0442.wav,He had become a man very early in life,1,non_native,l2_learner,arctic_b0442
l2_arctic,THV,Vietnamese,F,test,ai-training/datasets/l2-arctic/raw/l2arctic_release_v5.0/THV/wav/arctic_b0443.wav,I did not think you would be so early,1,non_native,l2_learner,arctic_b0443
l2_arctic,THV,Vietnamese,F,test,ai-training/datasets/l2-arctic/raw/l2arctic_release_v5.0/THV/wav/arctic_b0444.wav,He did not know what went on in the minds of his superiors,1,non_native,l2_learner,arctic_b0444
l2_arctic,THV,Vietnamese,F,test,ai-training/datasets/l2-arctic/raw/l2arctic_release_v5.0/THV/wav/arctic_b0445.wav,Mops sir eagerly answered the sailor at the wheel,1,non_native,l2_learner,arctic_b0445
l2_arctic,THV,Vietnamese,F,test,ai-training/datasets/l2-arctic/raw/l2arctic_release_v5.0/THV/wav/arctic_b0446.wav,Some one had thrust a large sheath knife into his hand,1,non_native,l2_learner,arctic_b0446
l2_arctic,THV,Vietnamese,F,test,ai-training/datasets/l2-arctic/raw/l2arctic_release_v5.0/THV/wav/arctic_b0447.wav,O'Brien emitted a shriek that sank swiftly to a gurgling sob,1,non_native,l2_learner,arctic_b0447
l2_arctic,THV,Vietnamese,F,test,ai-training/datasets/l2-arctic/raw/l2arctic_release_v5.0/THV/wav/arctic_b0448.wav,Sandel would never become a world champion,1,non_native,l2_learner,arctic_b0448
l2_arctic,THV,Vietnamese,F,test,ai-training/datasets/l2-arctic/raw/l2arctic_release_v5.0/THV/wav/arctic_b0449.wav,Also she wouldn't walk,1,non_native,l2_learner,arctic_b0449
l2_arctic,THV,Vietnamese,F,test,ai-training/datasets/l2-arctic/raw/l2arctic_release_v5.0/THV/wav/arctic_b0450.wav,To my dearest and always appreciated friend I submit myself,1,non_native,l2_learner,arctic_b0450
l2_arctic,THV,Vietnamese,F,test,ai-training/datasets/l2-arctic/raw/l2arctic_release_v5.0/THV/wav/arctic_b0451.wav,You used to joy ride like the very devil,1,non_native,l2_learner,arctic_b0451
l2_arctic,THV,Vietnamese,F,test,ai-training/datasets/l2-arctic/raw/l2arctic_release_v5.0/THV/wav/arctic_b0452.wav,They saw each other for the first time in Boston,1,non_native,l2_learner,arctic_b0452
l2_arctic,THV,Vietnamese,F,test,ai-training/datasets/l2-arctic/raw/l2arctic_release_v5.0/THV/wav/arctic_b0453.wav,Isaac Ford the austere soldier of the Lord the old hypocrite,1,non_native,l2_learner,arctic_b0453
l2_arctic,THV,Vietnamese,F,test,ai-training/datasets/l2-arctic/raw/l2arctic_release_v5.0/THV/wav/arctic_b0454.wav,Eighteen he added,1,non_native,l2_learner,arctic_b0454
l2_arctic,THV,Vietnamese,F,test,ai-training/datasets/l2-arctic/raw/l2arctic_release_v5.0/THV/wav/arctic_b0455.wav,His reward should have been peace and repose,1,non_native,l2_learner,arctic_b0455
l2_arctic,THV,Vietnamese,F,test,ai-training/datasets/l2-arctic/raw/l2arctic_release_v5.0/THV/wav/arctic_b0456.wav,He was an amphibian and a mountaineer,1,non_native,l2_learner,arctic_b0456
l2_arctic,THV,Vietnamese,F,test,ai-training/datasets/l2-arctic/raw/l2arctic_release_v5.0/THV/wav/arctic_b0457.wav,It was sanctification and salvation,1,non_native,l2_learner,arctic_b0457
l2_arctic,THV,Vietnamese,F,test,ai-training/datasets/l2-arctic/raw/l2arctic_release_v5.0/THV/wav/arctic_b0458.wav,The history of the eighteenth century is written Ernest prompted,1,non_native,l2_learner,arctic_b0458
l2_arctic,THV,Vietnamese,F,test,ai-training/datasets/l2-arctic/raw/l2arctic_release_v5.0/THV/wav/arctic_b0459.wav,They are not biologists nor sociologists,1,non_native,l2_learner,arctic_b0459
l2_arctic,THV,Vietnamese,F,test,ai-training/datasets/l2-arctic/raw/l2arctic_release_v5.0/THV/wav/arctic_b0460.wav,The more his opponents grew excited the more Ernest deliberately excited them,1,non_native,l2_learner,arctic_b0460
l2_arctic,THV,Vietnamese,F,test,ai-training/datasets/l2-arctic/raw/l2arctic_release_v5.0/THV/wav/arctic_b0461.wav,By virtue of that power we shall remain in power,1,non_native,l2_learner,arctic_b0461
l2_arctic,THV,Vietnamese,F,test,ai-training/datasets/l2-arctic/raw/l2arctic_release_v5.0/THV/wav/arctic_b0462.wav,One guess will do Ernest retorted,1,non_native,l2_learner,arctic_b0462
l2_arctic,THV,Vietnamese,F,test,ai-training/datasets/l2-arctic/raw/l2arctic_release_v5.0/THV/wav/arctic_b0463.wav,Take my advice and accept the vacation,1,non_native,l2_learner,arctic_b0463
l2_arctic,THV,Vietnamese,F,test,ai-training/datasets/l2-arctic/raw/l2arctic_release_v5.0/THV/wav/arctic_b0464.wav,I could not agree with Ernest,1,non_native,l2_learner,arctic_b0464
l2_arctic,THV,Vietnamese,F,test,ai-training/datasets/l2-arctic/raw/l2arctic_release_v5.0/THV/wav/arctic_b0465.wav,But such divergence of opinion would constitute no menace to society,1,non_native,l2_learner,arctic_b0465
l2_arctic,THV,Vietnamese,F,test,ai-training/datasets/l2-arctic/raw/l2arctic_release_v5.0/THV/wav/arctic_b0466.wav,It is dog eat dog and you ate them up,1,non_native,l2_learner,arctic_b0466
l2_arctic,THV,Vietnamese,F,test,ai-training/datasets/l2-arctic/raw/l2arctic_release_v5.0/THV/wav/arctic_b0467.wav,Let us run them for ourselves,1,non_native,l2_learner,arctic_b0467
l2_arctic,THV,Vietnamese,F,test,ai-training/datasets/l2-arctic/raw/l2arctic_release_v5.0/THV/wav/arctic_b0468.wav,It was introduced by Representative Dick of Ohio,1,non_native,l2_learner,arctic_b0468
l2_arctic,THV,Vietnamese,F,test,ai-training/datasets/l2-arctic/raw/l2arctic_release_v5.0/THV/wav/arctic_b0469.wav,Very few people knew of the existence of this law,1,non_native,l2_learner,arctic_b0469
l2_arctic,THV,Vietnamese,F,test,ai-training/datasets/l2-arctic/raw/l2arctic_release_v5.0/THV/wav/arctic_b0470.wav,The very thing Ernest agreed,1,non_native,l2_learner,arctic_b0470
l2_arctic,THV,Vietnamese,F,test,ai-training/datasets/l2-arctic/raw/l2arctic_release_v5.0/THV/wav/arctic_b0471.wav,Also a fellow Senator Chauncey Depew said,1,non_native,l2_learner,arctic_b0471
l2_arctic,THV,Vietnamese,F,test,ai-training/datasets/l2-arctic/raw/l2arctic_release_v5.0/THV/wav/arctic_b0472.wav,Ernest saw in the affair the most sinister import,1,non_native,l2_learner,arctic_b0472
l2_arctic,THV,Vietnamese,F,test,ai-training/datasets/l2-arctic/raw/l2arctic_release_v5.0/THV/wav/arctic_b0473.wav,Then there was the campaign,1,non_native,l2_learner,arctic_b0473
l2_arctic,THV,Vietnamese,F,test,ai-training/datasets/l2-arctic/raw/l2arctic_release_v5.0/THV/wav/arctic_b0474.wav,He was manifestly distressed by my coming,1,non_native,l2_learner,arctic_b0474
l2_arctic,THV,Vietnamese,F,test,ai-training/datasets/l2-arctic/raw/l2arctic_release_v5.0/THV/wav/arctic_b0475.wav,Not a wheel moved in his empire,1,non_native,l2_learner,arctic_b0475
l2_arctic,THV,Vietnamese,F,test,ai-training/datasets/l2-arctic/raw/l2arctic_release_v5.0/THV/wav/arctic_b0476.wav,The reorganization of these countries took the form of revolution,1,non_native,l2_learner,arctic_b0476
l2_arctic,THV,Vietnamese,F,test,ai-training/datasets/l2-arctic/raw/l2arctic_release_v5.0/THV/wav/arctic_b0477.wav,You're going in for grab sharing,1,non_native,l2_learner,arctic_b0477
l2_arctic,THV,Vietnamese,F,test,ai-training/datasets/l2-arctic/raw/l2arctic_release_v5.0/THV/wav/arctic_b0478.wav,The Oligarchy will encourage such ambition and the consequent competition,1,non_native,l2_learner,arctic_b0478
l2_arctic,THV,Vietnamese,F,test,ai-training/datasets/l2-arctic/raw/l2arctic_release_v5.0/THV/wav/arctic_b0479.wav,Violation of this law was made a high misdemeanor and punished accordingly,1,non_native,l2_learner,arctic_b0479
l2_arctic,THV,Vietnamese,F,test,ai-training/datasets/l2-arctic/raw/l2arctic_release_v5.0/THV/wav/arctic_b0480.wav,Without discussion it was the agents provocateurs who caused the Peasant Revolt,1,non_native,l2_learner,arctic_b0480
l2_arctic,THV,Vietnamese,F,test,ai-training/datasets/l2-arctic/raw/l2arctic_release_v5.0/THV/wav/arctic_b0481.wav,The task we set ourselves was threefold,1,non_native,l2_learner,arctic_b0481
l2_arctic,THV,Vietnamese,F,test,ai-training/datasets/l2-arctic/raw/l2arctic_release_v5.0/THV/wav/arctic_b0482.wav,Many other similar disconcerting omissions will be noticed in the Manuscript,1,non_native,l2_learner,arctic_b0482
l2_arctic,THV,Vietnamese,F,test,ai-training/datasets/l2-arctic/raw/l2arctic_release_v5.0/THV/wav/arctic_b0483.wav,The flower of the artistic and intellectual world were revolutionists,1,non_native,l2_learner,arctic_b0483
l2_arctic,THV,Vietnamese,F,test,ai-training/datasets/l2-arctic/raw/l2arctic_release_v5.0/THV/wav/arctic_b0484.wav,This the Iron Heel foresaw and laid its schemes accordingly,1,non_native,l2_learner,arctic_b0484
l2_arctic,THV,Vietnamese,F,test,ai-training/datasets/l2-arctic/raw/l2arctic_release_v5.0/THV/wav/arctic_b0485.wav,The mob came on but it could not advance,1,non_native,l2_learner,arctic_b0485
l2_arctic,THV,Vietnamese,F,test,ai-training/datasets/l2-arctic/raw/l2arctic_release_v5.0/THV/wav/arctic_b0486.wav,But why continue the tirade for tirade it was,1,non_native,l2_learner,arctic_b0486
l2_arctic,THV,Vietnamese,F,test,ai-training/datasets/l2-arctic/raw/l2arctic_release_v5.0/THV/wav/arctic_b0487.wav,After all superfluous flesh is gone what is left is stringy and resistant,1,non_native,l2_learner,arctic_b0487
l2_arctic,THV,Vietnamese,F,test,ai-training/datasets/l2-arctic/raw/l2arctic_release_v5.0/THV/wav/arctic_b0488.wav,Beyond refusing to sell us food they left us to ourselves,1,non_native,l2_learner,arctic_b0488
l2_arctic,THV,Vietnamese,F,test,ai-training/datasets/l2-arctic/raw/l2arctic_release_v5.0/THV/wav/arctic_b0489.wav,He was a merry monarch especially so for an Asiatic,1,non_native,l2_learner,arctic_b0489
l2_arctic,THV,Vietnamese,F,test,ai-training/datasets/l2-arctic/raw/l2arctic_release_v5.0/THV/wav/arctic_b0490.wav,What an excited whispering and conferring took place,1,non_native,l2_learner,arctic_b0490
l2_arctic,THV,Vietnamese,F,test,ai-training/datasets/l2-arctic/raw/l2arctic_release_v5.0/THV/wav/arctic_b0491.wav,Jacob Brinker who was his road mate brought the news,1,non_native,l2_learner,arctic_b0491
l2_arctic,THV,Vietnamese,F,test,ai-training/datasets/l2-arctic/raw/l2arctic_release_v5.0/THV/wav/arctic_b0492.wav,Thus he turned the tenets and jargon of psychology back on me,1,non_native,l2_learner,arctic_b0492
l2_arctic,THV,Vietnamese,F,test,ai-training/datasets/l2-arctic/raw/l2arctic_release_v5.0/THV/wav/arctic_b0493.wav,You yellow giant thing of the frost,1,non_native,l2_learner,arctic_b0493
l2_arctic,THV,Vietnamese,F,test,ai-training/datasets/l2-arctic/raw/l2arctic_release_v5.0/THV/wav/arctic_b0494.wav,Never so strange a prophet came up to Jerusalem,1,non_native,l2_learner,arctic_b0494
l2_arctic,THV,Vietnamese,F,test,ai-training/datasets/l2-arctic/raw/l2arctic_release_v5.0/THV/wav/arctic_b0495.wav,We who have endured so much surely can endure a little more,1,non_native,l2_learner,arctic_b0495
l2_arctic,THV,Vietnamese,F,test,ai-training/datasets/l2-arctic/raw/l2arctic_release_v5.0/THV/wav/arctic_b0496.wav,I have seen myself that one man contemplated by Pascal's philosophic eye,1,non_native,l2_learner,arctic_b0496
l2_arctic,THV,Vietnamese,F,test,ai-training/datasets/l2-arctic/raw/l2arctic_release_v5.0/THV/wav/arctic_b0497.wav,One great drawback to farming in California is our long dry summer,1,non_native,l2_learner,arctic_b0497
l2_arctic,THV,Vietnamese,F,test,ai-training/datasets/l2-arctic/raw/l2arctic_release_v5.0/THV/wav/arctic_b0498.wav,I remembered the red wine of the Italian rancho and shuddered inwardly,1,non_native,l2_learner,arctic_b0498
l2_arctic,THV,Vietnamese,F,test,ai-training/datasets/l2-arctic/raw/l2arctic_release_v5.0/THV/wav/arctic_b0499.wav,I said and dismissed the matter as not worth thinking about,1,non_native,l2_learner,arctic_b0499
l2_arctic,THV,Vietnamese,F,test,ai-training/datasets/l2-arctic/raw/l2arctic_release_v5.0/THV/wav/arctic_b0500.wav,Then came my boy code,1,non_native,l2_learner,arctic_b0500
l2_arctic,THV,Vietnamese,F,test,ai-training/datasets/l2-arctic/raw/l2arctic_release_v5.0/THV/wav/arctic_b0501.wav,And wherever I ranged the way lay along alcohol drenched roads,1,non_native,l2_learner,arctic_b0501
l2_arctic,THV,Vietnamese,F,test,ai-training/datasets/l2-arctic/raw/l2arctic_release_v5.0/THV/wav/arctic_b0502.wav,And as we hurried up town Joe Goose explained,1,non_native,l2_learner,arctic_b0502
l2_arctic,THV,Vietnamese,F,test,ai-training/datasets/l2-arctic/raw/l2arctic_release_v5.0/THV/wav/arctic_b0503.wav,The scents of strange vegetation blew off the tropic land,1,non_native,l2_learner,arctic_b0503
l2_arctic,THV,Vietnamese,F,test,ai-training/datasets/l2-arctic/raw/l2arctic_release_v5.0/THV/wav/arctic_b0504.wav,The life there was healthful and athletic but too juvenile,1,non_native,l2_learner,arctic_b0504
l2_arctic,THV,Vietnamese,F,test,ai-training/datasets/l2-arctic/raw/l2arctic_release_v5.0/THV/wav/arctic_b0505.wav,How valiantly I went at it that first day,1,non_native,l2_learner,arctic_b0505
l2_arctic,THV,Vietnamese,F,test,ai-training/datasets/l2-arctic/raw/l2arctic_release_v5.0/THV/wav/arctic_b0506.wav,It would help to tide me along until I got steady employment,1,non_native,l2_learner,arctic_b0506
l2_arctic,THV,Vietnamese,F,test,ai-training/datasets/l2-arctic/raw/l2arctic_release_v5.0/THV/wav/arctic_b0507.wav,Did I possess too much vitality,1,non_native,l2_learner,arctic_b0507
l2_arctic,THV,Vietnamese,F,test,ai-training/datasets/l2-arctic/raw/l2arctic_release_v5.0/THV/wav/arctic_b0508.wav,In his anxiety and solicitude and love they did not count,1,non_native,l2_learner,arctic_b0508
l2_arctic,THV,Vietnamese,F,test,ai-training/datasets/l2-arctic/raw/l2arctic_release_v5.0/THV/wav/arctic_b0509.wav,He had fulfilled his duty and paid properly,1,non_native,l2_learner,arctic_b0509
l2_arctic,THV,Vietnamese,F,test,ai-training/datasets/l2-arctic/raw/l2arctic_release_v5.0/THV/wav/arctic_b0510.wav,He knew what taboos he was violating,1,non_native,l2_learner,arctic_b0510
l2_arctic,THV,Vietnamese,F,test,ai-training/datasets/l2-arctic/raw/l2arctic_release_v5.0/THV/wav/arctic_b0511.wav,Do you value your hide,1,non_native,l2_learner,arctic_b0511
l2_arctic,THV,Vietnamese,F,test,ai-training/datasets/l2-arctic/raw/l2arctic_release_v5.0/THV/wav/arctic_b0512.wav,You should have seen them when they heard me spitting Chinook,1,non_native,l2_learner,arctic_b0512
l2_arctic,THV,Vietnamese,F,test,ai-training/datasets/l2-arctic/raw/l2arctic_release_v5.0/THV/wav/arctic_b0513.wav,He plodded on for half an hour when the hallucination arose again,1,non_native,l2_learner,arctic_b0513
l2_arctic,THV,Vietnamese,F,test,ai-training/datasets/l2-arctic/raw/l2arctic_release_v5.0/THV/wav/arctic_b0514.wav,Tomorrow or next day it might he gone,1,non_native,l2_learner,arctic_b0514
l2_arctic,THV,Vietnamese,F,test,ai-training/datasets/l2-arctic/raw/l2arctic_release_v5.0/THV/wav/arctic_b0515.wav,But already he had composed himself,1,non_native,l2_learner,arctic_b0515
l2_arctic,THV,Vietnamese,F,test,ai-training/datasets/l2-arctic/raw/l2arctic_release_v5.0/THV/wav/arctic_b0516.wav,Zilla relaxed her sour mouth long enough to sigh her satisfaction,1,non_native,l2_learner,arctic_b0516
l2_arctic,THV,Vietnamese,F,test,ai-training/datasets/l2-arctic/raw/l2arctic_release_v5.0/THV/wav/arctic_b0517.wav,Eggshell is not good to eat,1,non_native,l2_learner,arctic_b0517
l2_arctic,THV,Vietnamese,F,test,ai-training/datasets/l2-arctic/raw/l2arctic_release_v5.0/THV/wav/arctic_b0518.wav,But there was also talk of witchcraft in the village,1,non_native,l2_learner,arctic_b0518
l2_arctic,THV,Vietnamese,F,test,ai-training/datasets/l2-arctic/raw/l2arctic_release_v5.0/THV/wav/arctic_b0519.wav,Yea I will tell thee,1,non_native,l2_learner,arctic_b0519
l2_arctic,THV,Vietnamese,F,test,ai-training/datasets/l2-arctic/raw/l2arctic_release_v5.0/THV/wav/arctic_b0520.wav,Hans hurled himself upon the prostrate man striking madly with his fists,1,non_native,l2_learner,arctic_b0520
l2_arctic,THV,Vietnamese,F,test,ai-training/datasets/l2-arctic/raw/l2arctic_release_v5.0/THV/wav/arctic_b0521.wav,And he thought of Oona and of her words,1,non_native,l2_learner,arctic_b0521
l2_arctic,THV,Vietnamese,F,test,ai-training/datasets/l2-arctic/raw/l2arctic_release_v5.0/THV/wav/arctic_b0522.wav,Nor would it thaw out his hands and feet,1,non_native,l2_learner,arctic_b0522
l2_arctic,THV,Vietnamese,F,test,ai-training/datasets/l2-arctic/raw/l2arctic_release_v5.0/THV/wav/arctic_b0523.wav,The Russian music player the Count was her obedient slave,1,non_native,l2_learner,arctic_b0523
l2_arctic,THV,Vietnamese,F,test,ai-training/datasets/l2-arctic/raw/l2arctic_release_v5.0/THV/wav/arctic_b0524.wav,So far as flags were concerned they were beyond all jurisdiction,1,non_native,l2_learner,arctic_b0524
l2_arctic,THV,Vietnamese,F,test,ai-training/datasets/l2-arctic/raw/l2arctic_release_v5.0/THV/wav/arctic_b0525.wav,New idea he volunteered brand new idea,1,non_native,l2_learner,arctic_b0525
l2_arctic,THV,Vietnamese,F,test,ai-training/datasets/l2-arctic/raw/l2arctic_release_v5.0/THV/wav/arctic_b0526.wav,Thirty pounds said the captain with finality,1,non_native,l2_learner,arctic_b0526
l2_arctic,THV,Vietnamese,F,test,ai-training/datasets/l2-arctic/raw/l2arctic_release_v5.0/THV/wav/arctic_b0527.wav,The very idea of it was preposterous,1,non_native,l2_learner,arctic_b0527
l2_arctic,THV,Vietnamese,F,test,ai-training/datasets/l2-arctic/raw/l2arctic_release_v5.0/THV/wav/arctic_b0528.wav,Captain Doane's orders were swiftly obeyed,1,non_native,l2_learner,arctic_b0528
l2_arctic,THV,Vietnamese,F,test,ai-training/datasets/l2-arctic/raw/l2arctic_release_v5.0/THV/wav/arctic_b0529.wav,Come on Del Mar challenged,1,non_native,l2_learner,arctic_b0529
l2_arctic,THV,Vietnamese,F,test,ai-training/datasets/l2-arctic/raw/l2arctic_release_v5.0/THV/wav/arctic_b0530.wav,He had a big chimpanzee that was a winner,1,non_native,l2_learner,arctic_b0530
l2_arctic,THV,Vietnamese,F,test,ai-training/datasets/l2-arctic/raw/l2arctic_release_v5.0/THV/wav/arctic_b0531.wav,I am sure it must have been some adventure,1,non_native,l2_learner,arctic_b0531
l2_arctic,THV,Vietnamese,F,test,ai-training/datasets/l2-arctic/raw/l2arctic_release_v5.0/THV/wav/arctic_b0532.wav,That Longfellow chap most likely had written countless books of poetry,1,non_native,l2_learner,arctic_b0532
l2_arctic,THV,Vietnamese,F,test,ai-training/datasets/l2-arctic/raw/l2arctic_release_v5.0/THV/wav/arctic_b0533.wav,His abnormal power of vision made abstractions take on concrete form,1,non_native,l2_learner,arctic_b0533
l2_arctic,THV,Vietnamese,F,test,ai-training/datasets/l2-arctic/raw/l2arctic_release_v5.0/THV/wav/arctic_b0534.wav,I'll tell you the librarian said with a brightening face,1,non_native,l2_learner,arctic_b0534
l2_arctic,THV,Vietnamese,F,test,ai-training/datasets/l2-arctic/raw/l2arctic_release_v5.0/THV/wav/arctic_b0535.wav,He read his fragments aloud,1,non_native,l2_learner,arctic_b0535
l2_arctic,THV,Vietnamese,F,test,ai-training/datasets/l2-arctic/raw/l2arctic_release_v5.0/THV/wav/arctic_b0536.wav,Typhoid did I tell you,1,non_native,l2_learner,arctic_b0536
l2_arctic,THV,Vietnamese,F,test,ai-training/datasets/l2-arctic/raw/l2arctic_release_v5.0/THV/wav/arctic_b0537.wav,But she had become an automaton,1,non_native,l2_learner,arctic_b0537
l2_arctic,THV,Vietnamese,F,test,ai-training/datasets/l2-arctic/raw/l2arctic_release_v5.0/THV/wav/arctic_b0538.wav,At the best they were necessary accessories,1,non_native,l2_learner,arctic_b0538
l2_arctic,THV,Vietnamese,F,test,ai-training/datasets/l2-arctic/raw/l2arctic_release_v5.0/THV/wav/arctic_b0539.wav,You were making them talk shop Ruth charged him,1,non_native,l2_learner,arctic_b0539
l2_arctic,TLV,Vietnamese,M,train,ai-training/datasets/l2-arctic/raw/l2arctic_release_v5.0/TLV/wav/arctic_a0001.wav,Author of the danger trail Philip Steels etc,1,non_native,l2_learner,arctic_a0001
l2_arctic,TLV,Vietnamese,M,train,ai-training/datasets/l2-arctic/raw/l2arctic_release_v5.0/TLV/wav/arctic_a0002.wav,Not at this particular case Tom apologized Whittemore,1,non_native,l2_learner,arctic_a0002
l2_arctic,TLV,Vietnamese,M,train,ai-training/datasets/l2-arctic/raw/l2arctic_release_v5.0/TLV/wav/arctic_a0003.wav,For the twentieth time that evening the two men shook hands,1,non_native,l2_learner,arctic_a0003
l2_arctic,TLV,Vietnamese,M,train,ai-training/datasets/l2-arctic/raw/l2arctic_release_v5.0/TLV/wav/arctic_a0004.wav,Lord but I'm glad to see you again Phil,1,non_native,l2_learner,arctic_a0004
l2_arctic,TLV,Vietnamese,M,train,ai-training/datasets/l2-arctic/raw/l2arctic_release_v5.0/TLV/wav/arctic_a0005.wav,Will we ever forget it,1,non_native,l2_learner,arctic_a0005
l2_arctic,TLV,Vietnamese,M,train,ai-training/datasets/l2-arctic/raw/l2arctic_release_v5.0/TLV/wav/arctic_a0006.wav,God bless 'em I hope I will go on seeing them forever,1,non_native,l2_learner,arctic_a0006
l2_arctic,TLV,Vietnamese,M,train,ai-training/datasets/l2-arctic/raw/l2arctic_release_v5.0/TLV/wav/arctic_a0007.wav,And you always want to see it in the superlative degree,1,non_native,l2_learner,arctic_a0007
l2_arctic,TLV,Vietnamese,M,train,ai-training/datasets/l2-arctic/raw/l2arctic_release_v5.0/TLV/wav/arctic_a0008.wav,Gad your letter came just in time,1,non_native,l2_learner,arctic_a0008
l2_arctic,TLV,Vietnamese,M,train,ai-training/datasets/l2-arctic/raw/l2arctic_release_v5.0/TLV/wav/arctic_a0009.wav,He turned sharply and faced Gregson across the table,1,non_native,l2_learner,arctic_a0009
l2_arctic,TLV,Vietnamese,M,train,ai-training/datasets/l2-arctic/raw/l2arctic_release_v5.0/TLV/wav/arctic_a0010.wav,I'm playing a single hand in what looks like a losing game,1,non_native,l2_learner,arctic_a0010
l2_arctic,TLV,Vietnamese,M,train,ai-training/datasets/l2-arctic/raw/l2arctic_release_v5.0/TLV/wav/arctic_a0011.wav,If I ever needed a fighter in my life I need one now,1,non_native,l2_learner,arctic_a0011
l2_arctic,TLV,Vietnamese,M,train,ai-training/datasets/l2-arctic/raw/l2arctic_release_v5.0/TLV/wav/arctic_a0012.wav,Gregson shoved back his chair and rose to his feet,1,non_native,l2_learner,arctic_a0012
l2_arctic,TLV,Vietnamese,M,train,ai-training/datasets/l2-arctic/raw/l2arctic_release_v5.0/TLV/wav/arctic_a0013.wav,He was a head shorter than his companion of almost delicate physique,1,non_native,l2_learner,arctic_a0013
l2_arctic,TLV,Vietnamese,M,train,ai-training/datasets/l2-arctic/raw/l2arctic_release_v5.0/TLV/wav/arctic_a0014.wav,Now you're coming down to business Phil he exclaimed,1,non_native,l2_learner,arctic_a0014
l2_arctic,TLV,Vietnamese,M,train,ai-training/datasets/l2-arctic/raw/l2arctic_release_v5.0/TLV/wav/arctic_a0015.wav,It's the aurora borealis,1,non_native,l2_learner,arctic_a0015
l2_arctic,TLV,Vietnamese,M,train,ai-training/datasets/l2-arctic/raw/l2arctic_release_v5.0/TLV/wav/arctic_a0016.wav,There's Fort Churchill a rifle shot beyond the ridge asleep,1,non_native,l2_learner,arctic_a0016
l2_arctic,TLV,Vietnamese,M,train,ai-training/datasets/l2-arctic/raw/l2arctic_release_v5.0/TLV/wav/arctic_a0017.wav,From that moment his friendship for Belize turns to hatred and jealousy,1,non_native,l2_learner,arctic_a0017
l2_arctic,TLV,Vietnamese,M,train,ai-training/datasets/l2-arctic/raw/l2arctic_release_v5.0/TLV/wav/arctic_a0018.wav,There was a change now,1,non_native,l2_learner,arctic_a0018
l2_arctic,TLV,Vietnamese,M,train,ai-training/datasets/l2-arctic/raw/l2arctic_release_v5.0/TLV/wav/arctic_a0019.wav,I followed the line of the proposed railroad looking for chances,1,non_native,l2_learner,arctic_a0019
l2_arctic,TLV,Vietnamese,M,train,ai-training/datasets/l2-arctic/raw/l2arctic_release_v5.0/TLV/wav/arctic_a0020.wav,Clubs and balls and cities grew to be only memories,1,non_native,l2_learner,arctic_a0020
l2_arctic,TLV,Vietnamese,M,train,ai-training/datasets/l2-arctic/raw/l2arctic_release_v5.0/TLV/wav/arctic_a0021.wav,It fairly clubbed me into recognizing it,1,non_native,l2_learner,arctic_a0021
l2_arctic,TLV,Vietnamese,M,train,ai-training/datasets/l2-arctic/raw/l2arctic_release_v5.0/TLV/wav/arctic_a0022.wav,Hardly were our plans made public before we were met by powerful opposition,1,non_native,l2_learner,arctic_a0022
l2_arctic,TLV,Vietnamese,M,train,ai-training/datasets/l2-arctic/raw/l2arctic_release_v5.0/TLV/wav/arctic_a0023.wav,A combination of Canadian capital quickly organized and petitioned for the same privileges,1,non_native,l2_learner,arctic_a0023
l2_arctic,TLV,Vietnamese,M,train,ai-training/datasets/l2-arctic/raw/l2arctic_release_v5.0/TLV/wav/arctic_a0024.wav,It was my reports from the north which chiefly induced people to buy,1,non_native,l2_learner,arctic_a0024
l2_arctic,TLV,Vietnamese,M,train,ai-training/datasets/l2-arctic/raw/l2arctic_release_v5.0/TLV/wav/arctic_a0025.wav,I was about to do this when cooler judgment prevailed,1,non_native,l2_learner,arctic_a0025
l2_arctic,TLV,Vietnamese,M,train,ai-training/datasets/l2-arctic/raw/l2arctic_release_v5.0/TLV/wav/arctic_a0026.wav,It occurred to me that there would have to be an accounting,1,non_native,l2_learner,arctic_a0026
l2_arctic,TLV,Vietnamese,M,train,ai-training/datasets/l2-arctic/raw/l2arctic_release_v5.0/TLV/wav/arctic_a0027.wav,To my surprise he began to show actual enthusiasm in my favor,1,non_native,l2_learner,arctic_a0027
l2_arctic,TLV,Vietnamese,M,train,ai-training/datasets/l2-arctic/raw/l2arctic_release_v5.0/TLV/wav/arctic_a0028.wav,Robbery bribery fraud,1,non_native,l2_learner,arctic_a0028
l2_arctic,TLV,Vietnamese,M,train,ai-training/datasets/l2-arctic/raw/l2arctic_release_v5.0/TLV/wav/arctic_a0029.wav,Their forces were already moving into the north country,1,non_native,l2_learner,arctic_a0029
l2_arctic,TLV,Vietnamese,M,train,ai-training/datasets/l2-arctic/raw/l2arctic_release_v5.0/TLV/wav/arctic_a0030.wav,I had faith in them,1,non_native,l2_learner,arctic_a0030
l2_arctic,TLV,Vietnamese,M,train,ai-training/datasets/l2-arctic/raw/l2arctic_release_v5.0/TLV/wav/arctic_a0031.wav,They were three hundred yards apart,1,non_native,l2_learner,arctic_a0031
l2_arctic,TLV,Vietnamese,M,train,ai-training/datasets/l2-arctic/raw/l2arctic_release_v5.0/TLV/wav/arctic_a0032.wav,Since then some mysterious force has been fighting us at every step,1,non_native,l2_learner,arctic_a0032
l2_arctic,TLV,Vietnamese,M,train,ai-training/datasets/l2-arctic/raw/l2arctic_release_v5.0/TLV/wav/arctic_a0033.wav,He unfolded a long typewritten letter and handed it to Gregson,1,non_native,l2_learner,arctic_a0033
l2_arctic,TLV,Vietnamese,M,train,ai-training/datasets/l2-arctic/raw/l2arctic_release_v5.0/TLV/wav/arctic_a0034.wav,Men of Selden's stamp don't stop at women and children,1,non_native,l2_learner,arctic_a0034
l2_arctic,TLV,Vietnamese,M,train,ai-training/datasets/l2-arctic/raw/l2arctic_release_v5.0/TLV/wav/arctic_a0035.wav,He stopped and Philip nodded at the horrified question in his eyes,1,non_native,l2_learner,arctic_a0035
l2_arctic,TLV,Vietnamese,M,train,ai-training/datasets/l2-arctic/raw/l2arctic_release_v5.0/TLV/wav/arctic_a0036.wav,She turned in at the hotel,1,non_native,l2_learner,arctic_a0036
l2_arctic,TLV,Vietnamese,M,train,ai-training/datasets/l2-arctic/raw/l2arctic_release_v5.0/TLV/wav/arctic_a0037.wav,I was the only one who remained sitting,1,non_native,l2_learner,arctic_a0037
l2_arctic,TLV,Vietnamese,M,train,ai-training/datasets/l2-arctic/raw/l2arctic_release_v5.0/TLV/wav/arctic_a0038.wav,We'll have to watch our chances,1,non_native,l2_learner,arctic_a0038
l2_arctic,TLV,Vietnamese,M,train,ai-training/datasets/l2-arctic/raw/l2arctic_release_v5.0/TLV/wav/arctic_a0039.wav,The ship should be in within a week or ten days,1,non_native,l2_learner,arctic_a0039
l2_arctic,TLV,Vietnamese,M,train,ai-training/datasets/l2-arctic/raw/l2arctic_release_v5.0/TLV/wav/arctic_a0040.wav,I suppose you wonder why she is coming up here,1,non_native,l2_learner,arctic_a0040
l2_arctic,TLV,Vietnamese,M,train,ai-training/datasets/l2-arctic/raw/l2arctic_release_v5.0/TLV/wav/arctic_a0041.wav,Meanwhile I'll go out to breathe a spell,1,non_native,l2_learner,arctic_a0041
l2_arctic,TLV,Vietnamese,M,train,ai-training/datasets/l2-arctic/raw/l2arctic_release_v5.0/TLV/wav/arctic_a0042.wav,How could he explain his possession of the sketch,1,non_native,l2_learner,arctic_a0042
l2_arctic,TLV,Vietnamese,M,train,ai-training/datasets/l2-arctic/raw/l2arctic_release_v5.0/TLV/wav/arctic_a0043.wav,It seemed nearer to him since he had seen and talked with Gregson,1,non_native,l2_learner,arctic_a0043
l2_arctic,TLV,Vietnamese,M,train,ai-training/datasets/l2-arctic/raw/l2arctic_release_v5.0/TLV/wav/arctic_a0044.wav,Her own betrayal of herself was like tonic to Philip,1,non_native,l2_learner,arctic_a0044
l2_arctic,TLV,Vietnamese,M,train,ai-training/datasets/l2-arctic/raw/l2arctic_release_v5.0/TLV/wav/arctic_a0045.wav,He moved away as quietly as he had come,1,non_native,l2_learner,arctic_a0045
l2_arctic,TLV,Vietnamese,M,train,ai-training/datasets/l2-arctic/raw/l2arctic_release_v5.0/TLV/wav/arctic_a0046.wav,The girl faced him her eyes shining with sudden fear,1,non_native,l2_learner,arctic_a0046
l2_arctic,TLV,Vietnamese,M,train,ai-training/datasets/l2-arctic/raw/l2arctic_release_v5.0/TLV/wav/arctic_a0047.wav,Close beside him gleamed the white fangs of the wolf dog,1,non_native,l2_learner,arctic_a0047
l2_arctic,TLV,Vietnamese,M,train,ai-training/datasets/l2-arctic/raw/l2arctic_release_v5.0/TLV/wav/arctic_a0048.wav,He looked at the handkerchief more closely,1,non_native,l2_learner,arctic_a0048
l2_arctic,TLV,Vietnamese,M,train,ai-training/datasets/l2-arctic/raw/l2arctic_release_v5.0/TLV/wav/arctic_a0049.wav,Gregson was asleep when he reentered the cabin,1,non_native,l2_learner,arctic_a0049
l2_arctic,TLV,Vietnamese,M,train,ai-training/datasets/l2-arctic/raw/l2arctic_release_v5.0/TLV/wav/arctic_a0050.wav,In spite of their absurdity the words affected Philip curiously,1,non_native,l2_learner,arctic_a0050
l2_arctic,TLV,Vietnamese,M,train,ai-training/datasets/l2-arctic/raw/l2arctic_release_v5.0/TLV/wav/arctic_a0051.wav,The lace was of a delicate ivory color faintly tinted with yellow,1,non_native,l2_learner,arctic_a0051
l2_arctic,TLV,Vietnamese,M,train,ai-training/datasets/l2-arctic/raw/l2arctic_release_v5.0/TLV/wav/arctic_a0052.wav,It was a curious coincidence,1,non_native,l2_learner,arctic_a0052
l2_arctic,TLV,Vietnamese,M,train,ai-training/datasets/l2-arctic/raw/l2arctic_release_v5.0/TLV/wav/arctic_a0053.wav,Suddenly his fingers closed tightly over the handkerchief,1,non_native,l2_learner,arctic_a0053
l2_arctic,TLV,Vietnamese,M,train,ai-training/datasets/l2-arctic/raw/l2arctic_release_v5.0/TLV/wav/arctic_a0054.wav,There was nothing on the rock,1,non_native,l2_learner,arctic_a0054
l2_arctic,TLV,Vietnamese,M,train,ai-training/datasets/l2-arctic/raw/l2arctic_release_v5.0/TLV/wav/arctic_a0055.wav,Philip stood undecided his ears strained to catch the slightest sound,1,non_native,l2_learner,arctic_a0055
l2_arctic,TLV,Vietnamese,M,train,ai-training/datasets/l2-arctic/raw/l2arctic_release_v5.0/TLV/wav/arctic_a0056.wav,Pearce's little eyes were fixed on him shrewdly,1,non_native,l2_learner,arctic_a0056
l2_arctic,TLV,Vietnamese,M,train,ai-training/datasets/l2-arctic/raw/l2arctic_release_v5.0/TLV/wav/arctic_a0057.wav,I have no idea replied Philip,1,non_native,l2_learner,arctic_a0057
l2_arctic,TLV,Vietnamese,M,train,ai-training/datasets/l2-arctic/raw/l2arctic_release_v5.0/TLV/wav/arctic_a0058.wav,I came for information more out of curiosity than anything else,1,non_native,l2_learner,arctic_a0058
l2_arctic,TLV,Vietnamese,M,train,ai-training/datasets/l2-arctic/raw/l2arctic_release_v5.0/TLV/wav/arctic_a0059.wav,His immaculate appearance was gone,1,non_native,l2_learner,arctic_a0059
l2_arctic,TLV,Vietnamese,M,train,ai-training/datasets/l2-arctic/raw/l2arctic_release_v5.0/TLV/wav/arctic_a0060.wav,Anyway no one saw her like that,1,non_native,l2_learner,arctic_a0060
l2_arctic,TLV,Vietnamese,M,train,ai-training/datasets/l2-arctic/raw/l2arctic_release_v5.0/TLV/wav/arctic_a0061.wav,Philip snatched at the letter which Gregson held out to him,1,non_native,l2_learner,arctic_a0061
l2_arctic,TLV,Vietnamese,M,train,ai-training/datasets/l2-arctic/raw/l2arctic_release_v5.0/TLV/wav/arctic_a0062.wav,The men stared into each other's face,1,non_native,l2_learner,arctic_a0062
l2_arctic,TLV,Vietnamese,M,train,ai-training/datasets/l2-arctic/raw/l2arctic_release_v5.0/TLV/wav/arctic_a0063.wav,Yes it was a man who asked a stranger,1,non_native,l2_learner,arctic_a0063
l2_arctic,TLV,Vietnamese,M,train,ai-training/datasets/l2-arctic/raw/l2arctic_release_v5.0/TLV/wav/arctic_a0064.wav,The fourth and fifth days passed without any developments,1,non_native,l2_learner,arctic_a0064
l2_arctic,TLV,Vietnamese,M,train,ai-training/datasets/l2-arctic/raw/l2arctic_release_v5.0/TLV/wav/arctic_a0065.wav,They closed now until his fingers were like cords of steel,1,non_native,l2_learner,arctic_a0065
l2_arctic,TLV,Vietnamese,M,train,ai-training/datasets/l2-arctic/raw/l2arctic_release_v5.0/TLV/wav/arctic_a0066.wav,He saw Jeanne falter for a moment,1,non_native,l2_learner,arctic_a0066
l2_arctic,TLV,Vietnamese,M,train,ai-training/datasets/l2-arctic/raw/l2arctic_release_v5.0/TLV/wav/arctic_a0067.wav,Surely I will excuse you she cried,1,non_native,l2_learner,arctic_a0067
l2_arctic,TLV,Vietnamese,M,train,ai-training/datasets/l2-arctic/raw/l2arctic_release_v5.0/TLV/wav/arctic_a0068.wav,In a flash Philip followed its direction,1,non_native,l2_learner,arctic_a0068
l2_arctic,TLV,Vietnamese,M,train,ai-training/datasets/l2-arctic/raw/l2arctic_release_v5.0/TLV/wav/arctic_a0069.wav,It was his intention to return to Eileen and her father,1,non_native,l2_learner,arctic_a0069
l2_arctic,TLV,Vietnamese,M,train,ai-training/datasets/l2-arctic/raw/l2arctic_release_v5.0/TLV/wav/arctic_a0070.wav,He would first hunt up Gregson and begin his work there,1,non_native,l2_learner,arctic_a0070
l2_arctic,TLV,Vietnamese,M,train,ai-training/datasets/l2-arctic/raw/l2arctic_release_v5.0/TLV/wav/arctic_a0071.wav,What was the object of your little sensation,1,non_native,l2_learner,arctic_a0071
l2_arctic,TLV,Vietnamese,M,train,ai-training/datasets/l2-arctic/raw/l2arctic_release_v5.0/TLV/wav/arctic_a0072.wav,But who was Eileen's double,1,non_native,l2_learner,arctic_a0072
l2_arctic,TLV,Vietnamese,M,train,ai-training/datasets/l2-arctic/raw/l2arctic_release_v5.0/TLV/wav/arctic_a0073.wav,The promoter's eyes were heavy with little puffy bags under them,1,non_native,l2_learner,arctic_a0073
l2_arctic,TLV,Vietnamese,M,train,ai-training/datasets/l2-arctic/raw/l2arctic_release_v5.0/TLV/wav/arctic_a0074.wav,And now down there Eileen was waiting for him,1,non_native,l2_learner,arctic_a0074
l2_arctic,TLV,Vietnamese,M,train,ai-training/datasets/l2-arctic/raw/l2arctic_release_v5.0/TLV/wav/arctic_a0075.wav,There has been a change she interrupted him,1,non_native,l2_learner,arctic_a0075
l2_arctic,TLV,Vietnamese,M,train,ai-training/datasets/l2-arctic/raw/l2arctic_release_v5.0/TLV/wav/arctic_a0076.wav,The gray eyes faltered the flush deepened,1,non_native,l2_learner,arctic_a0076
l2_arctic,TLV,Vietnamese,M,train,ai-training/datasets/l2-arctic/raw/l2arctic_release_v5.0/TLV/wav/arctic_a0077.wav,It is the fire partly she said,1,non_native,l2_learner,arctic_a0077
l2_arctic,TLV,Vietnamese,M,train,ai-training/datasets/l2-arctic/raw/l2arctic_release_v5.0/TLV/wav/arctic_a0078.wav,Then and at supper he tried to fathom her,1,non_native,l2_learner,arctic_a0078
l2_arctic,TLV,Vietnamese,M,train,ai-training/datasets/l2-arctic/raw/l2arctic_release_v5.0/TLV/wav/arctic_a0079.wav,It was a large canoe,1,non_native,l2_learner,arctic_a0079
l2_arctic,TLV,Vietnamese,M,train,ai-training/datasets/l2-arctic/raw/l2arctic_release_v5.0/TLV/wav/arctic_a0080.wav,What if Jeanne failed him,1,non_native,l2_learner,arctic_a0080
l2_arctic,TLV,Vietnamese,M,train,ai-training/datasets/l2-arctic/raw/l2arctic_release_v5.0/TLV/wav/arctic_a0081.wav,What if she did not come to the rock,1,non_native,l2_learner,arctic_a0081
l2_arctic,TLV,Vietnamese,M,train,ai-training/datasets/l2-arctic/raw/l2arctic_release_v5.0/TLV/wav/arctic_a0082.wav,His face was streaming with blood,1,non_native,l2_learner,arctic_a0082
l2_arctic,TLV,Vietnamese,M,train,ai-training/datasets/l2-arctic/raw/l2arctic_release_v5.0/TLV/wav/arctic_a0083.wav,A shadow was creeping over Pierre's eyes,1,non_native,l2_learner,arctic_a0083
l2_arctic,TLV,Vietnamese,M,train,ai-training/datasets/l2-arctic/raw/l2arctic_release_v5.0/TLV/wav/arctic_a0084.wav,Scarcely had he uttered the name when Pierre's closing eyes shot open,1,non_native,l2_learner,arctic_a0084
l2_arctic,TLV,Vietnamese,M,train,ai-training/datasets/l2-arctic/raw/l2arctic_release_v5.0/TLV/wav/arctic_a0085.wav,A trickle of fresh blood ran over his face,1,non_native,l2_learner,arctic_a0085
l2_arctic,TLV,Vietnamese,M,train,ai-training/datasets/l2-arctic/raw/l2arctic_release_v5.0/TLV/wav/arctic_a0086.wav,Death had come with terrible suddenness,1,non_native,l2_learner,arctic_a0086
l2_arctic,TLV,Vietnamese,M,train,ai-training/datasets/l2-arctic/raw/l2arctic_release_v5.0/TLV/wav/arctic_a0087.wav,Philip bent lower and stared into the face of the dead man,1,non_native,l2_learner,arctic_a0087
l2_arctic,TLV,Vietnamese,M,train,ai-training/datasets/l2-arctic/raw/l2arctic_release_v5.0/TLV/wav/arctic_a0088.wav,He made sure that the magazine was loaded and resumed his paddling,1,non_native,l2_learner,arctic_a0088
l2_arctic,TLV,Vietnamese,M,train,ai-training/datasets/l2-arctic/raw/l2arctic_release_v5.0/TLV/wav/arctic_a0089.wav,The night glow was treacherous to shoot by,1,non_native,l2_learner,arctic_a0089
l2_arctic,TLV,Vietnamese,M,train,ai-training/datasets/l2-arctic/raw/l2arctic_release_v5.0/TLV/wav/arctic_a0090.wav,The singing voice approached rapidly,1,non_native,l2_learner,arctic_a0090
l2_arctic,TLV,Vietnamese,M,train,ai-training/datasets/l2-arctic/raw/l2arctic_release_v5.0/TLV/wav/arctic_a0091.wav,His blood grew hot with rage at the thought,1,non_native,l2_learner,arctic_a0091
l2_arctic,TLV,Vietnamese,M,train,ai-training/datasets/l2-arctic/raw/l2arctic_release_v5.0/TLV/wav/arctic_a0092.wav,He went down in midstream searching the shadows of both shores,1,non_native,l2_learner,arctic_a0092
l2_arctic,TLV,Vietnamese,M,train,ai-training/datasets/l2-arctic/raw/l2arctic_release_v5.0/TLV/wav/arctic_a0093.wav,For a full minute he crouched and listened,1,non_native,l2_learner,arctic_a0093
l2_arctic,TLV,Vietnamese,M,train,ai-training/datasets/l2-arctic/raw/l2arctic_release_v5.0/TLV/wav/arctic_a0094.wav,He had barely entered this when he saw the glow of a fire,1,non_native,l2_learner,arctic_a0094
l2_arctic,TLV,Vietnamese,M,train,ai-training/datasets/l2-arctic/raw/l2arctic_release_v5.0/TLV/wav/arctic_a0095.wav,A big canvas tent was the first thing to come within his vision,1,non_native,l2_learner,arctic_a0095
l2_arctic,TLV,Vietnamese,M,train,ai-training/datasets/l2-arctic/raw/l2arctic_release_v5.0/TLV/wav/arctic_a0096.wav,Perhaps she had already met her fate a little deeper in the forest,1,non_native,l2_learner,arctic_a0096
l2_arctic,TLV,Vietnamese,M,train,ai-training/datasets/l2-arctic/raw/l2arctic_release_v5.0/TLV/wav/arctic_a0097.wav,Then you can arrange yourself comfortably among these robes in the bow,1,non_native,l2_learner,arctic_a0097
l2_arctic,TLV,Vietnamese,M,train,ai-training/datasets/l2-arctic/raw/l2arctic_release_v5.0/TLV/wav/arctic_a0098.wav,Shall I carry you,1,non_native,l2_learner,arctic_a0098
l2_arctic,TLV,Vietnamese,M,train,ai-training/datasets/l2-arctic/raw/l2arctic_release_v5.0/TLV/wav/arctic_a0099.wav,A maddening joy pounded in his brain,1,non_native,l2_learner,arctic_a0099
l2_arctic,TLV,Vietnamese,M,train,ai-training/datasets/l2-arctic/raw/l2arctic_release_v5.0/TLV/wav/arctic_a0100.wav,You must sleep he urged,1,non_native,l2_learner,arctic_a0100
l2_arctic,TLV,Vietnamese,M,train,ai-training/datasets/l2-arctic/raw/l2arctic_release_v5.0/TLV/wav/arctic_a0101.wav,You you would not keep the truth from me,1,non_native,l2_learner,arctic_a0101
l2_arctic,TLV,Vietnamese,M,train,ai-training/datasets/l2-arctic/raw/l2arctic_release_v5.0/TLV/wav/arctic_a0102.wav,He will follow us soon,1,non_native,l2_learner,arctic_a0102
l2_arctic,TLV,Vietnamese,M,train,ai-training/datasets/l2-arctic/raw/l2arctic_release_v5.0/TLV/wav/arctic_a0103.wav,But there came no promise from the bow of the canoe,1,non_native,l2_learner,arctic_a0103
l2_arctic,TLV,Vietnamese,M,train,ai-training/datasets/l2-arctic/raw/l2arctic_release_v5.0/TLV/wav/arctic_a0104.wav,She was sleeping under his protection as sweetly as a child,1,non_native,l2_learner,arctic_a0104
l2_arctic,TLV,Vietnamese,M,train,ai-training/datasets/l2-arctic/raw/l2arctic_release_v5.0/TLV/wav/arctic_a0105.wav,Only it is so wonderful so almost impossible to believe,1,non_native,l2_learner,arctic_a0105
l2_arctic,TLV,Vietnamese,M,train,ai-training/datasets/l2-arctic/raw/l2arctic_release_v5.0/TLV/wav/arctic_a0106.wav,The emotion which she had suppressed burst forth now in a choking sob,1,non_native,l2_learner,arctic_a0106
l2_arctic,TLV,Vietnamese,M,train,ai-training/datasets/l2-arctic/raw/l2arctic_release_v5.0/TLV/wav/arctic_a0107.wav,If you only could know how I thank you,1,non_native,l2_learner,arctic_a0107
l2_arctic,TLV,Vietnamese,M,train,ai-training/datasets/l2-arctic/raw/l2arctic_release_v5.0/TLV/wav/arctic_a0108.wav,He waded into the edge of the water and began scrubbing himself,1,non_native,l2_learner,arctic_a0108
l2_arctic,TLV,Vietnamese,M,train,ai-training/datasets/l2-arctic/raw/l2arctic_release_v5.0/TLV/wav/arctic_a0109.wav,Do you know that you are shaking my confidence in you,1,non_native,l2_learner,arctic_a0109
l2_arctic,TLV,Vietnamese,M,train,ai-training/datasets/l2-arctic/raw/l2arctic_release_v5.0/TLV/wav/arctic_a0110.wav,Much replied Jeanne as tersely,1,non_native,l2_learner,arctic_a0110
l2_arctic,TLV,Vietnamese,M,train,ai-training/datasets/l2-arctic/raw/l2arctic_release_v5.0/TLV/wav/arctic_a0111.wav,Instead he joined her and they ate like two hungry children,1,non_native,l2_learner,arctic_a0111
l2_arctic,TLV,Vietnamese,M,train,ai-training/datasets/l2-arctic/raw/l2arctic_release_v5.0/TLV/wav/arctic_a0112.wav,He was wounded in the arm,1,non_native,l2_learner,arctic_a0112
l2_arctic,TLV,Vietnamese,M,train,ai-training/datasets/l2-arctic/raw/l2arctic_release_v5.0/TLV/wav/arctic_a0113.wav,I suppose you picked that lingo up among the Indians,1,non_native,l2_learner,arctic_a0113
l2_arctic,TLV,Vietnamese,M,train,ai-training/datasets/l2-arctic/raw/l2arctic_release_v5.0/TLV/wav/arctic_a0114.wav,Her words sent a strange chill through Philip,1,non_native,l2_learner,arctic_a0114
l2_arctic,TLV,Vietnamese,M,train,ai-training/datasets/l2-arctic/raw/l2arctic_release_v5.0/TLV/wav/arctic_a0115.wav,He had no excuse for the feelings which were aroused in him,1,non_native,l2_learner,arctic_a0115
l2_arctic,TLV,Vietnamese,M,train,ai-training/datasets/l2-arctic/raw/l2arctic_release_v5.0/TLV/wav/arctic_a0116.wav,Was it the rendezvous of those who were striving to work his ruin,1,non_native,l2_learner,arctic_a0116
l2_arctic,TLV,Vietnamese,M,train,ai-training/datasets/l2-arctic/raw/l2arctic_release_v5.0/TLV/wav/arctic_a0117.wav,She added with genuine sympathy in her face and voice,1,non_native,l2_learner,arctic_a0117
l2_arctic,TLV,Vietnamese,M,train,ai-training/datasets/l2-arctic/raw/l2arctic_release_v5.0/TLV/wav/arctic_a0118.wav,Pierre obeys me when we are together,1,non_native,l2_learner,arctic_a0118
l2_arctic,TLV,Vietnamese,M,train,ai-training/datasets/l2-arctic/raw/l2arctic_release_v5.0/TLV/wav/arctic_a0119.wav,Jeanne was turning the bow shoreward,1,non_native,l2_learner,arctic_a0119
l2_arctic,TLV,Vietnamese,M,train,ai-training/datasets/l2-arctic/raw/l2arctic_release_v5.0/TLV/wav/arctic_a0120.wav,My right foot feels like that of a Chinese debutante,1,non_native,l2_learner,arctic_a0120
l2_arctic,TLV,Vietnamese,M,train,ai-training/datasets/l2-arctic/raw/l2arctic_release_v5.0/TLV/wav/arctic_a0121.wav,They ate dinner at the fifth and rested for two hours,1,non_native,l2_learner,arctic_a0121
l2_arctic,TLV,Vietnamese,M,train,ai-training/datasets/l2-arctic/raw/l2arctic_release_v5.0/TLV/wav/arctic_a0122.wav,Two years ago I gave up civilization for this,1,non_native,l2_learner,arctic_a0122
l2_arctic,TLV,Vietnamese,M,train,ai-training/datasets/l2-arctic/raw/l2arctic_release_v5.0/TLV/wav/arctic_a0123.wav,She had died from cold and starvation,1,non_native,l2_learner,arctic_a0123
l2_arctic,TLV,Vietnamese,M,train,ai-training/datasets/l2-arctic/raw/l2arctic_release_v5.0/TLV/wav/arctic_a0124.wav,It was Jeanne singing softly over beyond the rocks,1,non_native,l2_learner,arctic_a0124
l2_arctic,TLV,Vietnamese,M,train,ai-training/datasets/l2-arctic/raw/l2arctic_release_v5.0/TLV/wav/arctic_a0125.wav,He was determined now to maintain a more certain hold upon himself,1,non_native,l2_learner,arctic_a0125
l2_arctic,TLV,Vietnamese,M,train,ai-training/datasets/l2-arctic/raw/l2arctic_release_v5.0/TLV/wav/arctic_a0126.wav,Each day she became a more vital part of him,1,non_native,l2_learner,arctic_a0126
l2_arctic,TLV,Vietnamese,M,train,ai-training/datasets/l2-arctic/raw/l2arctic_release_v5.0/TLV/wav/arctic_a0127.wav,It was a temptation but he resisted it,1,non_native,l2_learner,arctic_a0127
l2_arctic,TLV,Vietnamese,M,train,ai-training/datasets/l2-arctic/raw/l2arctic_release_v5.0/TLV/wav/arctic_a0128.wav,This one hope was destroyed as quickly as it was born,1,non_native,l2_learner,arctic_a0128
l2_arctic,TLV,Vietnamese,M,train,ai-training/datasets/l2-arctic/raw/l2arctic_release_v5.0/TLV/wav/arctic_a0129.wav,Her face was against his breast,1,non_native,l2_learner,arctic_a0129
l2_arctic,TLV,Vietnamese,M,train,ai-training/datasets/l2-arctic/raw/l2arctic_release_v5.0/TLV/wav/arctic_a0130.wav,She was his now forever,1,non_native,l2_learner,arctic_a0130
l2_arctic,TLV,Vietnamese,M,train,ai-training/datasets/l2-arctic/raw/l2arctic_release_v5.0/TLV/wav/arctic_a0131.wav,Providence had delivered him through the maelstrom,1,non_native,l2_learner,arctic_a0131
l2_arctic,TLV,Vietnamese,M,train,ai-training/datasets/l2-arctic/raw/l2arctic_release_v5.0/TLV/wav/arctic_a0132.wav,A cry of joy burst from Philip's lips,1,non_native,l2_learner,arctic_a0132
l2_arctic,TLV,Vietnamese,M,train,ai-training/datasets/l2-arctic/raw/l2arctic_release_v5.0/TLV/wav/arctic_a0133.wav,Philip began to feel that he had foolishly overestimated his strength,1,non_native,l2_learner,arctic_a0133
l2_arctic,TLV,Vietnamese,M,train,ai-training/datasets/l2-arctic/raw/l2arctic_release_v5.0/TLV/wav/arctic_a0134.wav,He obeyed the pressure of her hand,1,non_native,l2_learner,arctic_a0134
l2_arctic,TLV,Vietnamese,M,train,ai-training/datasets/l2-arctic/raw/l2arctic_release_v5.0/TLV/wav/arctic_a0135.wav,I am going to surprise father and you will go with Pierre,1,non_native,l2_learner,arctic_a0135
l2_arctic,TLV,Vietnamese,M,train,ai-training/datasets/l2-arctic/raw/l2arctic_release_v5.0/TLV/wav/arctic_a0136.wav,About him everywhere were the evidences of luxury and of age,1,non_native,l2_learner,arctic_a0136
l2_arctic,TLV,Vietnamese,M,train,ai-training/datasets/l2-arctic/raw/l2arctic_release_v5.0/TLV/wav/arctic_a0137.wav,Then he stepped back with a low cry of pleasure,1,non_native,l2_learner,arctic_a0137
l2_arctic,TLV,Vietnamese,M,train,ai-training/datasets/l2-arctic/raw/l2arctic_release_v5.0/TLV/wav/arctic_a0138.wav,In the picture he saw each moment a greater resemblance to Jeanne,1,non_native,l2_learner,arctic_a0138
l2_arctic,TLV,Vietnamese,M,train,ai-training/datasets/l2-arctic/raw/l2arctic_release_v5.0/TLV/wav/arctic_a0139.wav,He told himself that as he washed himself and groomed his disheveled clothes,1,non_native,l2_learner,arctic_a0139
l2_arctic,TLV,Vietnamese,M,train,ai-training/datasets/l2-arctic/raw/l2arctic_release_v5.0/TLV/wav/arctic_a0140.wav,Accept a father's blessing and with it this,1,non_native,l2_learner,arctic_a0140
l2_arctic,TLV,Vietnamese,M,train,ai-training/datasets/l2-arctic/raw/l2arctic_release_v5.0/TLV/wav/arctic_a0141.wav,It seems like a strange pointing of the hand of God,1,non_native,l2_learner,arctic_a0141
l2_arctic,TLV,Vietnamese,M,train,ai-training/datasets/l2-arctic/raw/l2arctic_release_v5.0/TLV/wav/arctic_a0142.wav,Such things had occurred before he told Philip,1,non_native,l2_learner,arctic_a0142
l2_arctic,TLV,Vietnamese,M,train,ai-training/datasets/l2-arctic/raw/l2arctic_release_v5.0/TLV/wav/arctic_a0143.wav,Ah I had forgotten he exclaimed,1,non_native,l2_learner,arctic_a0143
l2_arctic,TLV,Vietnamese,M,train,ai-training/datasets/l2-arctic/raw/l2arctic_release_v5.0/TLV/wav/arctic_a0144.wav,But there was something even more startling than this resemblance,1,non_native,l2_learner,arctic_a0144
l2_arctic,TLV,Vietnamese,M,train,ai-training/datasets/l2-arctic/raw/l2arctic_release_v5.0/TLV/wav/arctic_a0145.wav,I have to be careful of them as they tear very easily,1,non_native,l2_learner,arctic_a0145
l2_arctic,TLV,Vietnamese,M,train,ai-training/datasets/l2-arctic/raw/l2arctic_release_v5.0/TLV/wav/arctic_a0146.wav,Of course that is uninteresting she continued,1,non_native,l2_learner,arctic_a0146
l2_arctic,TLV,Vietnamese,M,train,ai-training/datasets/l2-arctic/raw/l2arctic_release_v5.0/TLV/wav/arctic_a0147.wav,A moment before he was intoxicated by a joy that was almost madness,1,non_native,l2_learner,arctic_a0147
l2_arctic,TLV,Vietnamese,M,train,ai-training/datasets/l2-arctic/raw/l2arctic_release_v5.0/TLV/wav/arctic_a0148.wav,Now these things had been struck dead within him,1,non_native,l2_learner,arctic_a0148
l2_arctic,TLV,Vietnamese,M,train,ai-training/datasets/l2-arctic/raw/l2arctic_release_v5.0/TLV/wav/arctic_a0149.wav,For an instant he saw Pierre drawn like a silhouette against the sky,1,non_native,l2_learner,arctic_a0149
l2_arctic,TLV,Vietnamese,M,train,ai-training/datasets/l2-arctic/raw/l2arctic_release_v5.0/TLV/wav/arctic_a0150.wav,Goodbye Pierre he shouted,1,non_native,l2_learner,arctic_a0150
l2_arctic,TLV,Vietnamese,M,train,ai-training/datasets/l2-arctic/raw/l2arctic_release_v5.0/TLV/wav/arctic_a0151.wav,And MacDougall was beyond the trail with three weeks to spare,1,non_native,l2_learner,arctic_a0151
l2_arctic,TLV,Vietnamese,M,train,ai-training/datasets/l2-arctic/raw/l2arctic_release_v5.0/TLV/wav/arctic_a0152.wav,Philip thrust himself against it and entered,1,non_native,l2_learner,arctic_a0152
l2_arctic,TLV,Vietnamese,M,train,ai-training/datasets/l2-arctic/raw/l2arctic_release_v5.0/TLV/wav/arctic_a0153.wav,MacDougall tapped his forehead suspiciously with a stubby forefinger,1,non_native,l2_learner,arctic_a0153
l2_arctic,TLV,Vietnamese,M,train,ai-training/datasets/l2-arctic/raw/l2arctic_release_v5.0/TLV/wav/arctic_a0154.wav,He was smooth shaven and his hair and eyes were black,1,non_native,l2_learner,arctic_a0154
l2_arctic,TLV,Vietnamese,M,train,ai-training/datasets/l2-arctic/raw/l2arctic_release_v5.0/TLV/wav/arctic_a0155.wav,Won't you draw up gentlemen,1,non_native,l2_learner,arctic_a0155
l2_arctic,TLV,Vietnamese,M,train,ai-training/datasets/l2-arctic/raw/l2arctic_release_v5.0/TLV/wav/arctic_a0156.wav,A strange fire burned in his eyes when Thorpe turned,1,non_native,l2_learner,arctic_a0156
l2_arctic,TLV,Vietnamese,M,train,ai-training/datasets/l2-arctic/raw/l2arctic_release_v5.0/TLV/wav/arctic_a0157.wav,He had worshiped her as Dante might have worshiped Beatrice,1,non_native,l2_learner,arctic_a0157
l2_arctic,TLV,Vietnamese,M,train,ai-training/datasets/l2-arctic/raw/l2arctic_release_v5.0/TLV/wav/arctic_a0158.wav,Does that look good,1,non_native,l2_learner,arctic_a0158
l2_arctic,TLV,Vietnamese,M,train,ai-training/datasets/l2-arctic/raw/l2arctic_release_v5.0/TLV/wav/arctic_a0159.wav,They look as though he had been drumming a piano all his life,1,non_native,l2_learner,arctic_a0159
l2_arctic,TLV,Vietnamese,M,train,ai-training/datasets/l2-arctic/raw/l2arctic_release_v5.0/TLV/wav/arctic_a0160.wav,You want to go over and see his gang throw dirt,1,non_native,l2_learner,arctic_a0160
l2_arctic,TLV,Vietnamese,M,train,ai-training/datasets/l2-arctic/raw/l2arctic_release_v5.0/TLV/wav/arctic_a0161.wav,Take away their foreman and they wouldn't be worth their grub,1,non_native,l2_learner,arctic_a0161
l2_arctic,TLV,Vietnamese,M,train,ai-training/datasets/l2-arctic/raw/l2arctic_release_v5.0/TLV/wav/arctic_a0162.wav,That's the sub foreman explained Thorpe,1,non_native,l2_learner,arctic_a0162
l2_arctic,TLV,Vietnamese,M,train,ai-training/datasets/l2-arctic/raw/l2arctic_release_v5.0/TLV/wav/arctic_a0163.wav,Philip made no effort to follow,1,non_native,l2_learner,arctic_a0163
l2_arctic,TLV,Vietnamese,M,train,ai-training/datasets/l2-arctic/raw/l2arctic_release_v5.0/TLV/wav/arctic_a0164.wav,He came first a year ago and revealed himself to Jeanne,1,non_native,l2_learner,arctic_a0164
l2_arctic,TLV,Vietnamese,M,train,ai-training/datasets/l2-arctic/raw/l2arctic_release_v5.0/TLV/wav/arctic_a0165.wav,They are to attack your camp tomorrow night,1,non_native,l2_learner,arctic_a0165
l2_arctic,TLV,Vietnamese,M,train,ai-training/datasets/l2-arctic/raw/l2arctic_release_v5.0/TLV/wav/arctic_a0166.wav,Two days ago Jeanne learned where her father's men were hiding,1,non_native,l2_learner,arctic_a0166
l2_arctic,TLV,Vietnamese,M,train,ai-training/datasets/l2-arctic/raw/l2arctic_release_v5.0/TLV/wav/arctic_a0167.wav,I was near the cabin and saw you,1,non_native,l2_learner,arctic_a0167
l2_arctic,TLV,Vietnamese,M,train,ai-training/datasets/l2-arctic/raw/l2arctic_release_v5.0/TLV/wav/arctic_a0168.wav,A low bush whipped him in the face and left no sting,1,non_native,l2_learner,arctic_a0168
l2_arctic,TLV,Vietnamese,M,train,ai-training/datasets/l2-arctic/raw/l2arctic_release_v5.0/TLV/wav/arctic_a0169.wav,Suddenly Jeanne stopped for an instant,1,non_native,l2_learner,arctic_a0169
l2_arctic,TLV,Vietnamese,M,train,ai-training/datasets/l2-arctic/raw/l2arctic_release_v5.0/TLV/wav/arctic_a0170.wav,There was none of the joy of meeting in his face,1,non_native,l2_learner,arctic_a0170
l2_arctic,TLV,Vietnamese,M,train,ai-training/datasets/l2-arctic/raw/l2arctic_release_v5.0/TLV/wav/arctic_a0171.wav,And when you come back in a few days bring Eileen,1,non_native,l2_learner,arctic_a0171
l2_arctic,TLV,Vietnamese,M,train,ai-training/datasets/l2-arctic/raw/l2arctic_release_v5.0/TLV/wav/arctic_a0172.wav,Gregson had left the outer door slightly ajar,1,non_native,l2_learner,arctic_a0172
l2_arctic,TLV,Vietnamese,M,train,ai-training/datasets/l2-arctic/raw/l2arctic_release_v5.0/TLV/wav/arctic_a0173.wav,The date was nearly eighteen years old,1,non_native,l2_learner,arctic_a0173
l2_arctic,TLV,Vietnamese,M,train,ai-training/datasets/l2-arctic/raw/l2arctic_release_v5.0/TLV/wav/arctic_a0174.wav,They were the presage of storm,1,non_native,l2_learner,arctic_a0174
l2_arctic,TLV,Vietnamese,M,train,ai-training/datasets/l2-arctic/raw/l2arctic_release_v5.0/TLV/wav/arctic_a0175.wav,Down there the earth was already swelling with life,1,non_native,l2_learner,arctic_a0175
l2_arctic,TLV,Vietnamese,M,train,ai-training/datasets/l2-arctic/raw/l2arctic_release_v5.0/TLV/wav/arctic_a0176.wav,For the first time in his life he was yearning for a scrap,1,non_native,l2_learner,arctic_a0176
l2_arctic,TLV,Vietnamese,M,train,ai-training/datasets/l2-arctic/raw/l2arctic_release_v5.0/TLV/wav/arctic_a0177.wav,She had been thoroughly and efficiently mauled,1,non_native,l2_learner,arctic_a0177
l2_arctic,TLV,Vietnamese,M,train,ai-training/datasets/l2-arctic/raw/l2arctic_release_v5.0/TLV/wav/arctic_a0178.wav,Every bone in her aged body seemed broken or dislocated,1,non_native,l2_learner,arctic_a0178
l2_arctic,TLV,Vietnamese,M,train,ai-training/datasets/l2-arctic/raw/l2arctic_release_v5.0/TLV/wav/arctic_a0179.wav,Tomorrow I'm going after that bear he said,1,non_native,l2_learner,arctic_a0179
l2_arctic,TLV,Vietnamese,M,train,ai-training/datasets/l2-arctic/raw/l2arctic_release_v5.0/TLV/wav/arctic_a0180.wav,If not let's say our prayers and go to bed,1,non_native,l2_learner,arctic_a0180
l2_arctic,TLV,Vietnamese,M,train,ai-training/datasets/l2-arctic/raw/l2arctic_release_v5.0/TLV/wav/arctic_a0181.wav,So cheer up and give us your paw,1,non_native,l2_learner,arctic_a0181
l2_arctic,TLV,Vietnamese,M,train,ai-training/datasets/l2-arctic/raw/l2arctic_release_v5.0/TLV/wav/arctic_a0182.wav,This time he did not yap for mercy,1,non_native,l2_learner,arctic_a0182
l2_arctic,TLV,Vietnamese,M,train,ai-training/datasets/l2-arctic/raw/l2arctic_release_v5.0/TLV/wav/arctic_a0183.wav,And the air was growing chilly,1,non_native,l2_learner,arctic_a0183
l2_arctic,TLV,Vietnamese,M,train,ai-training/datasets/l2-arctic/raw/l2arctic_release_v5.0/TLV/wav/arctic_a0184.wav,Don't you see I'm chewing this thing in two,1,non_native,l2_learner,arctic_a0184
l2_arctic,TLV,Vietnamese,M,train,ai-training/datasets/l2-arctic/raw/l2arctic_release_v5.0/TLV/wav/arctic_a0185.wav,The questions may have come vaguely in his mind,1,non_native,l2_learner,arctic_a0185
l2_arctic,TLV,Vietnamese,M,train,ai-training/datasets/l2-arctic/raw/l2arctic_release_v5.0/TLV/wav/arctic_a0186.wav,Like a flash he launched himself into the feathered mass of the owl,1,non_native,l2_learner,arctic_a0186
l2_arctic,TLV,Vietnamese,M,train,ai-training/datasets/l2-arctic/raw/l2arctic_release_v5.0/TLV/wav/arctic_a0187.wav,Ahead of them they saw a glimmer of sunshine,1,non_native,l2_learner,arctic_a0187
l2_arctic,TLV,Vietnamese,M,train,ai-training/datasets/l2-arctic/raw/l2arctic_release_v5.0/TLV/wav/arctic_a0188.wav,Two gigantic owls were tearing at the carcass,1,non_native,l2_learner,arctic_a0188
l2_arctic,TLV,Vietnamese,M,train,ai-training/datasets/l2-arctic/raw/l2arctic_release_v5.0/TLV/wav/arctic_a0189.wav,The big eyed clucking moose birds were most annoying,1,non_native,l2_learner,arctic_a0189
l2_arctic,TLV,Vietnamese,M,train,ai-training/datasets/l2-arctic/raw/l2arctic_release_v5.0/TLV/wav/arctic_a0190.wav,Next to them the Canada jays were most persistent,1,non_native,l2_learner,arctic_a0190
l2_arctic,TLV,Vietnamese,M,train,ai-training/datasets/l2-arctic/raw/l2arctic_release_v5.0/TLV/wav/arctic_a0191.wav,For a time the exciting thrill of his adventure was gone,1,non_native,l2_learner,arctic_a0191
l2_arctic,TLV,Vietnamese,M,train,ai-training/datasets/l2-arctic/raw/l2arctic_release_v5.0/TLV/wav/arctic_a0192.wav,He did not rush in,1,non_native,l2_learner,arctic_a0192
l2_arctic,TLV,Vietnamese,M,train,ai-training/datasets/l2-arctic/raw/l2arctic_release_v5.0/TLV/wav/arctic_a0193.wav,It was edged with ice,1,non_native,l2_learner,arctic_a0193
l2_arctic,TLV,Vietnamese,M,train,ai-training/datasets/l2-arctic/raw/l2arctic_release_v5.0/TLV/wav/arctic_a0194.wav,He drank of the water cautiously,1,non_native,l2_learner,arctic_a0194
l2_arctic,TLV,Vietnamese,M,train,ai-training/datasets/l2-arctic/raw/l2arctic_release_v5.0/TLV/wav/arctic_a0195.wav,But a strange thing happened,1,non_native,l2_learner,arctic_a0195
l2_arctic,TLV,Vietnamese,M,train,ai-training/datasets/l2-arctic/raw/l2arctic_release_v5.0/TLV/wav/arctic_a0196.wav,He began to follow the footprints of the dog,1,non_native,l2_learner,arctic_a0196
l2_arctic,TLV,Vietnamese,M,train,ai-training/datasets/l2-arctic/raw/l2arctic_release_v5.0/TLV/wav/arctic_a0197.wav,Such a dog the wise driver kills or turns loose,1,non_native,l2_learner,arctic_a0197
l2_arctic,TLV,Vietnamese,M,train,ai-training/datasets/l2-arctic/raw/l2arctic_release_v5.0/TLV/wav/arctic_a0198.wav,Sometimes her dreams were filled with visions,1,non_native,l2_learner,arctic_a0198
l2_arctic,TLV,Vietnamese,M,train,ai-training/datasets/l2-arctic/raw/l2arctic_release_v5.0/TLV/wav/arctic_a0199.wav,Thus had the raw wilderness prepared him for this day,1,non_native,l2_learner,arctic_a0199
l2_arctic,TLV,Vietnamese,M,train,ai-training/datasets/l2-arctic/raw/l2arctic_release_v5.0/TLV/wav/arctic_a0200.wav,He leapt again and the club caught him once more,1,non_native,l2_learner,arctic_a0200
l2_arctic,TLV,Vietnamese,M,train,ai-training/datasets/l2-arctic/raw/l2arctic_release_v5.0/TLV/wav/arctic_a0201.wav,He cried and swung the club wildly,1,non_native,l2_learner,arctic_a0201
l2_arctic,TLV,Vietnamese,M,train,ai-training/datasets/l2-arctic/raw/l2arctic_release_v5.0/TLV/wav/arctic_a0202.wav,She turned fearing that Jacques might see what was in her face,1,non_native,l2_learner,arctic_a0202
l2_arctic,TLV,Vietnamese,M,train,ai-training/datasets/l2-arctic/raw/l2arctic_release_v5.0/TLV/wav/arctic_a0203.wav,They were following the shore of a lake,1,non_native,l2_learner,arctic_a0203
l2_arctic,TLV,Vietnamese,M,train,ai-training/datasets/l2-arctic/raw/l2arctic_release_v5.0/TLV/wav/arctic_a0204.wav,The wolf dog thrust his gaunt muzzle toward him,1,non_native,l2_learner,arctic_a0204
l2_arctic,TLV,Vietnamese,M,train,ai-training/datasets/l2-arctic/raw/l2arctic_release_v5.0/TLV/wav/arctic_a0205.wav,From now on we're pals,1,non_native,l2_learner,arctic_a0205
l2_arctic,TLV,Vietnamese,M,train,ai-training/datasets/l2-arctic/raw/l2arctic_release_v5.0/TLV/wav/arctic_a0206.wav,He says he bought him of Jacques Le Beau,1,non_native,l2_learner,arctic_a0206
l2_arctic,TLV,Vietnamese,M,train,ai-training/datasets/l2-arctic/raw/l2arctic_release_v5.0/TLV/wav/arctic_a0207.wav,How much was it,1,non_native,l2_learner,arctic_a0207
l2_arctic,TLV,Vietnamese,M,train,ai-training/datasets/l2-arctic/raw/l2arctic_release_v5.0/TLV/wav/arctic_a0208.wav,Youth had come back to her freed from the yoke of oppression,1,non_native,l2_learner,arctic_a0208
l2_arctic,TLV,Vietnamese,M,train,ai-training/datasets/l2-arctic/raw/l2arctic_release_v5.0/TLV/wav/arctic_a0209.wav,It was not a large lake and almost round,1,non_native,l2_learner,arctic_a0209
l2_arctic,TLV,Vietnamese,M,train,ai-training/datasets/l2-arctic/raw/l2arctic_release_v5.0/TLV/wav/arctic_a0210.wav,Its diameter was not more than two hundred yards,1,non_native,l2_learner,arctic_a0210
l2_arctic,TLV,Vietnamese,M,train,ai-training/datasets/l2-arctic/raw/l2arctic_release_v5.0/TLV/wav/arctic_a0211.wav,It drowned all sound that brute agony and death may have made,1,non_native,l2_learner,arctic_a0211
l2_arctic,TLV,Vietnamese,M,train,ai-training/datasets/l2-arctic/raw/l2arctic_release_v5.0/TLV/wav/arctic_a0212.wav,Fresh cases still able to walk they clustered about the spokesman,1,non_native,l2_learner,arctic_a0212
l2_arctic,TLV,Vietnamese,M,train,ai-training/datasets/l2-arctic/raw/l2arctic_release_v5.0/TLV/wav/arctic_a0213.wav,Between him and the beach was the cane grass fence of the compound,1,non_native,l2_learner,arctic_a0213
l2_arctic,TLV,Vietnamese,M,train,ai-training/datasets/l2-arctic/raw/l2arctic_release_v5.0/TLV/wav/arctic_a0214.wav,Besides he was paid one case of tobacco per head,1,non_native,l2_learner,arctic_a0214
l2_arctic,TLV,Vietnamese,M,train,ai-training/datasets/l2-arctic/raw/l2arctic_release_v5.0/TLV/wav/arctic_a0215.wav,They die out of spite,1,non_native,l2_learner,arctic_a0215
l2_arctic,TLV,Vietnamese,M,train,ai-training/datasets/l2-arctic/raw/l2arctic_release_v5.0/TLV/wav/arctic_a0216.wav,The other felt a sudden wave of irritation rush through him,1,non_native,l2_learner,arctic_a0216
l2_arctic,TLV,Vietnamese,M,train,ai-training/datasets/l2-arctic/raw/l2arctic_release_v5.0/TLV/wav/arctic_a0217.wav,Oppressive as the heat had been it was now even more oppressive,1,non_native,l2_learner,arctic_a0217
l2_arctic,TLV,Vietnamese,M,train,ai-training/datasets/l2-arctic/raw/l2arctic_release_v5.0/TLV/wav/arctic_a0218.wav,The ringing of the big bell aroused him,1,non_native,l2_learner,arctic_a0218
l2_arctic,TLV,Vietnamese,M,train,ai-training/datasets/l2-arctic/raw/l2arctic_release_v5.0/TLV/wav/arctic_a0219.wav,At first he puzzled over something untoward he was sure had happened,1,non_native,l2_learner,arctic_a0219
l2_arctic,TLV,Vietnamese,M,train,ai-training/datasets/l2-arctic/raw/l2arctic_release_v5.0/TLV/wav/arctic_a0220.wav,A dead man is of no use on a plantation,1,non_native,l2_learner,arctic_a0220
l2_arctic,TLV,Vietnamese,M,train,ai-training/datasets/l2-arctic/raw/l2arctic_release_v5.0/TLV/wav/arctic_a0221.wav,I don't know why you're here at all,1,non_native,l2_learner,arctic_a0221
l2_arctic,TLV,Vietnamese,M,train,ai-training/datasets/l2-arctic/raw/l2arctic_release_v5.0/TLV/wav/arctic_a0222.wav,What part of the United States is your home,1,non_native,l2_learner,arctic_a0222
l2_arctic,TLV,Vietnamese,M,train,ai-training/datasets/l2-arctic/raw/l2arctic_release_v5.0/TLV/wav/arctic_a0223.wav,My I'm almost homesick for it already,1,non_native,l2_learner,arctic_a0223
l2_arctic,TLV,Vietnamese,M,train,ai-training/datasets/l2-arctic/raw/l2arctic_release_v5.0/TLV/wav/arctic_a0224.wav,She nodded and her eyes grew soft and moist,1,non_native,l2_learner,arctic_a0224
l2_arctic,TLV,Vietnamese,M,train,ai-training/datasets/l2-arctic/raw/l2arctic_release_v5.0/TLV/wav/arctic_a0225.wav,I was brought up the way most girls in Hawaii are brought up,1,non_native,l2_learner,arctic_a0225
l2_arctic,TLV,Vietnamese,M,train,ai-training/datasets/l2-arctic/raw/l2arctic_release_v5.0/TLV/wav/arctic_a0226.wav,That came before my A B C's,1,non_native,l2_learner,arctic_a0226
l2_arctic,TLV,Vietnamese,M,train,ai-training/datasets/l2-arctic/raw/l2arctic_release_v5.0/TLV/wav/arctic_a0227.wav,It was the same way with our revolvers and rifles,1,non_native,l2_learner,arctic_a0227
l2_arctic,TLV,Vietnamese,M,train,ai-training/datasets/l2-arctic/raw/l2arctic_release_v5.0/TLV/wav/arctic_a0228.wav,But it contributed to the smash,1,non_native,l2_learner,arctic_a0228
l2_arctic,TLV,Vietnamese,M,train,ai-training/datasets/l2-arctic/raw/l2arctic_release_v5.0/TLV/wav/arctic_a0229.wav,The last one I knew was an overseer,1,non_native,l2_learner,arctic_a0229
l2_arctic,TLV,Vietnamese,M,train,ai-training/datasets/l2-arctic/raw/l2arctic_release_v5.0/TLV/wav/arctic_a0230.wav,Do you know any good land around here,1,non_native,l2_learner,arctic_a0230
l2_arctic,TLV,Vietnamese,M,train,ai-training/datasets/l2-arctic/raw/l2arctic_release_v5.0/TLV/wav/arctic_a0231.wav,The Resident Commissioner is away in Australia,1,non_native,l2_learner,arctic_a0231
l2_arctic,TLV,Vietnamese,M,train,ai-training/datasets/l2-arctic/raw/l2arctic_release_v5.0/TLV/wav/arctic_a0232.wav,I cannot follow you she said,1,non_native,l2_learner,arctic_a0232
l2_arctic,TLV,Vietnamese,M,train,ai-training/datasets/l2-arctic/raw/l2arctic_release_v5.0/TLV/wav/arctic_a0233.wav,I never allow what can't be changed to annoy me,1,non_native,l2_learner,arctic_a0233
l2_arctic,TLV,Vietnamese,M,train,ai-training/datasets/l2-arctic/raw/l2arctic_release_v5.0/TLV/wav/arctic_a0234.wav,Why the average review is more nauseating than cod liver oil,1,non_native,l2_learner,arctic_a0234
l2_arctic,TLV,Vietnamese,M,train,ai-training/datasets/l2-arctic/raw/l2arctic_release_v5.0/TLV/wav/arctic_a0235.wav,His voice was passionately rebellious,1,non_native,l2_learner,arctic_a0235
l2_arctic,TLV,Vietnamese,M,train,ai-training/datasets/l2-arctic/raw/l2arctic_release_v5.0/TLV/wav/arctic_a0236.wav,Don't you see I hate you,1,non_native,l2_learner,arctic_a0236
l2_arctic,TLV,Vietnamese,M,train,ai-training/datasets/l2-arctic/raw/l2arctic_release_v5.0/TLV/wav/arctic_a0237.wav,So Hughie and I did the managing ourselves,1,non_native,l2_learner,arctic_a0237
l2_arctic,TLV,Vietnamese,M,train,ai-training/datasets/l2-arctic/raw/l2arctic_release_v5.0/TLV/wav/arctic_a0238.wav,It happened to him at the Gallina Society in Oakland one afternoon,1,non_native,l2_learner,arctic_a0238
l2_arctic,TLV,Vietnamese,M,train,ai-training/datasets/l2-arctic/raw/l2arctic_release_v5.0/TLV/wav/arctic_a0239.wav,He cried in such genuine dismay that she broke into hearty laughter,1,non_native,l2_learner,arctic_a0239
l2_arctic,TLV,Vietnamese,M,train,ai-training/datasets/l2-arctic/raw/l2arctic_release_v5.0/TLV/wav/arctic_a0240.wav,Wash your hands of me,1,non_native,l2_learner,arctic_a0240
l2_arctic,TLV,Vietnamese,M,train,ai-training/datasets/l2-arctic/raw/l2arctic_release_v5.0/TLV/wav/arctic_a0241.wav,I think it's much nicer to quarrel,1,non_native,l2_learner,arctic_a0241
l2_arctic,TLV,Vietnamese,M,train,ai-training/datasets/l2-arctic/raw/l2arctic_release_v5.0/TLV/wav/arctic_a0242.wav,I saw it when she rolled,1,non_native,l2_learner,arctic_a0242
l2_arctic,TLV,Vietnamese,M,train,ai-training/datasets/l2-arctic/raw/l2arctic_release_v5.0/TLV/wav/arctic_a0243.wav,I only read the quotations,1,non_native,l2_learner,arctic_a0243
l2_arctic,TLV,Vietnamese,M,train,ai-training/datasets/l2-arctic/raw/l2arctic_release_v5.0/TLV/wav/arctic_a0244.wav,He was the soul of devotion to his employers,1,non_native,l2_learner,arctic_a0244
l2_arctic,TLV,Vietnamese,M,train,ai-training/datasets/l2-arctic/raw/l2arctic_release_v5.0/TLV/wav/arctic_a0245.wav,Out of his eighteen hundred he laid aside sixteen hundred each year,1,non_native,l2_learner,arctic_a0245
l2_arctic,TLV,Vietnamese,M,train,ai-training/datasets/l2-arctic/raw/l2arctic_release_v5.0/TLV/wav/arctic_a0246.wav,You have heard always how he was the lover of the Princess Naomi,1,non_native,l2_learner,arctic_a0246
l2_arctic,TLV,Vietnamese,M,train,ai-training/datasets/l2-arctic/raw/l2arctic_release_v5.0/TLV/wav/arctic_a0247.wav,They ought to pass here some time today,1,non_native,l2_learner,arctic_a0247
l2_arctic,TLV,Vietnamese,M,train,ai-training/datasets/l2-arctic/raw/l2arctic_release_v5.0/TLV/wav/arctic_a0248.wav,I had been sad too long already,1,non_native,l2_learner,arctic_a0248
l2_arctic,TLV,Vietnamese,M,train,ai-training/datasets/l2-arctic/raw/l2arctic_release_v5.0/TLV/wav/arctic_a0249.wav,All eyes however were staring at him in certitude of expectancy,1,non_native,l2_learner,arctic_a0249
l2_arctic,TLV,Vietnamese,M,train,ai-training/datasets/l2-arctic/raw/l2arctic_release_v5.0/TLV/wav/arctic_a0250.wav,He had observed the business life of Hawaii and developed a vaulting ambition,1,non_native,l2_learner,arctic_a0250
l2_arctic,TLV,Vietnamese,M,train,ai-training/datasets/l2-arctic/raw/l2arctic_release_v5.0/TLV/wav/arctic_a0251.wav,I may manage to freight a cargo back as well,1,non_native,l2_learner,arctic_a0251
l2_arctic,TLV,Vietnamese,M,train,ai-training/datasets/l2-arctic/raw/l2arctic_release_v5.0/TLV/wav/arctic_a0252.wav,O'Brien had been a clean living young man with ideals,1,non_native,l2_learner,arctic_a0252
l2_arctic,TLV,Vietnamese,M,train,ai-training/datasets/l2-arctic/raw/l2arctic_release_v5.0/TLV/wav/arctic_a0253.wav,He it was that lived to found the family of the Patino,1,non_native,l2_learner,arctic_a0253
l2_arctic,TLV,Vietnamese,M,train,ai-training/datasets/l2-arctic/raw/l2arctic_release_v5.0/TLV/wav/arctic_a0254.wav,Straight out they swam their heads growing smaller and smaller,1,non_native,l2_learner,arctic_a0254
l2_arctic,TLV,Vietnamese,M,train,ai-training/datasets/l2-arctic/raw/l2arctic_release_v5.0/TLV/wav/arctic_a0255.wav,You won't die of malnutrition be sure of that,1,non_native,l2_learner,arctic_a0255
l2_arctic,TLV,Vietnamese,M,train,ai-training/datasets/l2-arctic/raw/l2arctic_release_v5.0/TLV/wav/arctic_a0256.wav,See the length of the body and that elongated neck,1,non_native,l2_learner,arctic_a0256
l2_arctic,TLV,Vietnamese,M,train,ai-training/datasets/l2-arctic/raw/l2arctic_release_v5.0/TLV/wav/arctic_a0257.wav,They are coming ashore whoever they are,1,non_native,l2_learner,arctic_a0257
l2_arctic,TLV,Vietnamese,M,train,ai-training/datasets/l2-arctic/raw/l2arctic_release_v5.0/TLV/wav/arctic_a0258.wav,Soaked in seawater they offset the heat rays,1,non_native,l2_learner,arctic_a0258
l2_arctic,TLV,Vietnamese,M,train,ai-training/datasets/l2-arctic/raw/l2arctic_release_v5.0/TLV/wav/arctic_a0259.wav,Think of investing in such an adventure,1,non_native,l2_learner,arctic_a0259
l2_arctic,TLV,Vietnamese,M,train,ai-training/datasets/l2-arctic/raw/l2arctic_release_v5.0/TLV/wav/arctic_a0260.wav,Nobody knew his history they of the Junta least of all,1,non_native,l2_learner,arctic_a0260
l2_arctic,TLV,Vietnamese,M,train,ai-training/datasets/l2-arctic/raw/l2arctic_release_v5.0/TLV/wav/arctic_a0261.wav,I have been doubly baptized,1,non_native,l2_learner,arctic_a0261
l2_arctic,TLV,Vietnamese,M,train,ai-training/datasets/l2-arctic/raw/l2arctic_release_v5.0/TLV/wav/arctic_a0262.wav,They wouldn't be sweeping a big vessel like the Martha,1,non_native,l2_learner,arctic_a0262
l2_arctic,TLV,Vietnamese,M,train,ai-training/datasets/l2-arctic/raw/l2arctic_release_v5.0/TLV/wav/arctic_a0263.wav,Joan looked triumphantly at Sheldon who bowed,1,non_native,l2_learner,arctic_a0263
l2_arctic,TLV,Vietnamese,M,train,ai-training/datasets/l2-arctic/raw/l2arctic_release_v5.0/TLV/wav/arctic_a0264.wav,And I hope you've got plenty of chain out Captain Young,1,non_native,l2_learner,arctic_a0264
l2_arctic,TLV,Vietnamese,M,train,ai-training/datasets/l2-arctic/raw/l2arctic_release_v5.0/TLV/wav/arctic_a0265.wav,The discovery seemed to have been made on the spur of the moment,1,non_native,l2_learner,arctic_a0265
l2_arctic,TLV,Vietnamese,M,train,ai-training/datasets/l2-arctic/raw/l2arctic_release_v5.0/TLV/wav/arctic_a0266.wav,They handled two men already both grub thieves,1,non_native,l2_learner,arctic_a0266
l2_arctic,TLV,Vietnamese,M,train,ai-training/datasets/l2-arctic/raw/l2arctic_release_v5.0/TLV/wav/arctic_a0267.wav,Eli Harding asked as Shunk started to follow,1,non_native,l2_learner,arctic_a0267
l2_arctic,TLV,Vietnamese,M,train,ai-training/datasets/l2-arctic/raw/l2arctic_release_v5.0/TLV/wav/arctic_a0268.wav,Now go ahead and tell me in a straightforward way what has happened,1,non_native,l2_learner,arctic_a0268
l2_arctic,TLV,Vietnamese,M,train,ai-training/datasets/l2-arctic/raw/l2arctic_release_v5.0/TLV/wav/arctic_a0269.wav,That's where they cut off the Scottish Chiefs and killed all hands,1,non_native,l2_learner,arctic_a0269
l2_arctic,TLV,Vietnamese,M,train,ai-training/datasets/l2-arctic/raw/l2arctic_release_v5.0/TLV/wav/arctic_a0270.wav,And after the bath a shave would not be bad,1,non_native,l2_learner,arctic_a0270
l2_arctic,TLV,Vietnamese,M,train,ai-training/datasets/l2-arctic/raw/l2arctic_release_v5.0/TLV/wav/arctic_a0271.wav,Now please give a plain statement of what occurred,1,non_native,l2_learner,arctic_a0271
l2_arctic,TLV,Vietnamese,M,train,ai-training/datasets/l2-arctic/raw/l2arctic_release_v5.0/TLV/wav/arctic_a0272.wav,You can take a vacation on pay,1,non_native,l2_learner,arctic_a0272
l2_arctic,TLV,Vietnamese,M,train,ai-training/datasets/l2-arctic/raw/l2arctic_release_v5.0/TLV/wav/arctic_a0273.wav,They are big trees and require plenty of room,1,non_native,l2_learner,arctic_a0273
l2_arctic,TLV,Vietnamese,M,train,ai-training/datasets/l2-arctic/raw/l2arctic_release_v5.0/TLV/wav/arctic_a0274.wav,And Raoul listened again to the tale of the house,1,non_native,l2_learner,arctic_a0274
l2_arctic,TLV,Vietnamese,M,train,ai-training/datasets/l2-arctic/raw/l2arctic_release_v5.0/TLV/wav/arctic_a0275.wav,There are no kiddies and half grown youths among them,1,non_native,l2_learner,arctic_a0275
l2_arctic,TLV,Vietnamese,M,train,ai-training/datasets/l2-arctic/raw/l2arctic_release_v5.0/TLV/wav/arctic_a0276.wav,Oolong Atoll was one hundred and forty miles in circumference,1,non_native,l2_learner,arctic_a0276
l2_arctic,TLV,Vietnamese,M,train,ai-training/datasets/l2-arctic/raw/l2arctic_release_v5.0/TLV/wav/arctic_a0277.wav,M'Coy found a stifling poisonous atmosphere in the pent cabin,1,non_native,l2_learner,arctic_a0277
l2_arctic,TLV,Vietnamese,M,train,ai-training/datasets/l2-arctic/raw/l2arctic_release_v5.0/TLV/wav/arctic_a0278.wav,It would give me nervous prostration,1,non_native,l2_learner,arctic_a0278
l2_arctic,TLV,Vietnamese,M,train,ai-training/datasets/l2-arctic/raw/l2arctic_release_v5.0/TLV/wav/arctic_a0279.wav,She said with chattering teeth,1,non_native,l2_learner,arctic_a0279
l2_arctic,TLV,Vietnamese,M,train,ai-training/datasets/l2-arctic/raw/l2arctic_release_v5.0/TLV/wav/arctic_a0280.wav,I'll be out of my head in fifteen minutes,1,non_native,l2_learner,arctic_a0280
l2_arctic,TLV,Vietnamese,M,train,ai-training/datasets/l2-arctic/raw/l2arctic_release_v5.0/TLV/wav/arctic_a0281.wav,I do not blame you for anything remember that,1,non_native,l2_learner,arctic_a0281
l2_arctic,TLV,Vietnamese,M,train,ai-training/datasets/l2-arctic/raw/l2arctic_release_v5.0/TLV/wav/arctic_a0282.wav,If you mean to insinuate Brentwood began hotly,1,non_native,l2_learner,arctic_a0282
l2_arctic,TLV,Vietnamese,M,train,ai-training/datasets/l2-arctic/raw/l2arctic_release_v5.0/TLV/wav/arctic_a0283.wav,The woman in you is only incidental accidental and irrelevant,1,non_native,l2_learner,arctic_a0283
l2_arctic,TLV,Vietnamese,M,train,ai-training/datasets/l2-arctic/raw/l2arctic_release_v5.0/TLV/wav/arctic_a0284.wav,There was no forecasting this strange girl's processes,1,non_native,l2_learner,arctic_a0284
l2_arctic,TLV,Vietnamese,M,train,ai-training/datasets/l2-arctic/raw/l2arctic_release_v5.0/TLV/wav/arctic_a0285.wav,But what they want with your toothbrush is more than I can imagine,1,non_native,l2_learner,arctic_a0285
l2_arctic,TLV,Vietnamese,M,train,ai-training/datasets/l2-arctic/raw/l2arctic_release_v5.0/TLV/wav/arctic_a0286.wav,Give them their choice between a fine or an official whipping,1,non_native,l2_learner,arctic_a0286
l2_arctic,TLV,Vietnamese,M,train,ai-training/datasets/l2-arctic/raw/l2arctic_release_v5.0/TLV/wav/arctic_a0287.wav,Keep an eye on him,1,non_native,l2_learner,arctic_a0287
l2_arctic,TLV,Vietnamese,M,train,ai-training/datasets/l2-arctic/raw/l2arctic_release_v5.0/TLV/wav/arctic_a0288.wav,Those are my oysters he said at last,1,non_native,l2_learner,arctic_a0288
l2_arctic,TLV,Vietnamese,M,train,ai-training/datasets/l2-arctic/raw/l2arctic_release_v5.0/TLV/wav/arctic_a0289.wav,They are not regular oyster pirates Nicholas continued,1,non_native,l2_learner,arctic_a0289
l2_arctic,TLV,Vietnamese,M,train,ai-training/datasets/l2-arctic/raw/l2arctic_release_v5.0/TLV/wav/arctic_a0290.wav,One by one the boys were captured,1,non_native,l2_learner,arctic_a0290
l2_arctic,TLV,Vietnamese,M,train,ai-training/datasets/l2-arctic/raw/l2arctic_release_v5.0/TLV/wav/arctic_a0291.wav,The weeks had gone by and no overt acts had been attempted,1,non_native,l2_learner,arctic_a0291
l2_arctic,TLV,Vietnamese,M,train,ai-training/datasets/l2-arctic/raw/l2arctic_release_v5.0/TLV/wav/arctic_a0292.wav,Here in the midmorning the first casualty occurred,1,non_native,l2_learner,arctic_a0292
l2_arctic,TLV,Vietnamese,M,train,ai-training/datasets/l2-arctic/raw/l2arctic_release_v5.0/TLV/wav/arctic_a0293.wav,They were deep in the primeval forest,1,non_native,l2_learner,arctic_a0293
l2_arctic,TLV,Vietnamese,M,train,ai-training/datasets/l2-arctic/raw/l2arctic_release_v5.0/TLV/wav/arctic_a0294.wav,He had been foiled in his attempt to escape,1,non_native,l2_learner,arctic_a0294
l2_arctic,TLV,Vietnamese,M,train,ai-training/datasets/l2-arctic/raw/l2arctic_release_v5.0/TLV/wav/arctic_a0295.wav,And twenty men could hold it with spears and arrows,1,non_native,l2_learner,arctic_a0295
l2_arctic,TLV,Vietnamese,M,train,ai-training/datasets/l2-arctic/raw/l2arctic_release_v5.0/TLV/wav/arctic_a0296.wav,Bassett was a fastidious man,1,non_native,l2_learner,arctic_a0296
l2_arctic,TLV,Vietnamese,M,train,ai-training/datasets/l2-arctic/raw/l2arctic_release_v5.0/TLV/wav/arctic_a0297.wav,There's a big English general right now whose name is Roberts,1,non_native,l2_learner,arctic_a0297
l2_arctic,TLV,Vietnamese,M,train,ai-training/datasets/l2-arctic/raw/l2arctic_release_v5.0/TLV/wav/arctic_a0298.wav,This tacit promise of continued acquaintance gave Saxon a little joy thrill,1,non_native,l2_learner,arctic_a0298
l2_arctic,TLV,Vietnamese,M,train,ai-training/datasets/l2-arctic/raw/l2arctic_release_v5.0/TLV/wav/arctic_a0299.wav,I tell you I am disgusted with this adventure tomfoolery and rot,1,non_native,l2_learner,arctic_a0299
l2_arctic,TLV,Vietnamese,M,train,ai-training/datasets/l2-arctic/raw/l2arctic_release_v5.0/TLV/wav/arctic_a0300.wav,From my earliest recollection my sleep was a period of terror,1,non_native,l2_learner,arctic_a0300
l2_arctic,TLV,Vietnamese,M,train,ai-training/datasets/l2-arctic/raw/l2arctic_release_v5.0/TLV/wav/arctic_a0301.wav,But all my dreams violated this law,1,non_native,l2_learner,arctic_a0301
l2_arctic,TLV,Vietnamese,M,train,ai-training/datasets/l2-arctic/raw/l2arctic_release_v5.0/TLV/wav/arctic_a0302.wav,It is very plausible to such people a most convincing hypothesis,1,non_native,l2_learner,arctic_a0302
l2_arctic,TLV,Vietnamese,M,train,ai-training/datasets/l2-arctic/raw/l2arctic_release_v5.0/TLV/wav/arctic_a0303.wav,But they make the mistake of ignoring their own duality,1,non_native,l2_learner,arctic_a0303
l2_arctic,TLV,Vietnamese,M,train,ai-training/datasets/l2-arctic/raw/l2arctic_release_v5.0/TLV/wav/arctic_a0304.wav,I graduated last of my class,1,non_native,l2_learner,arctic_a0304
l2_arctic,TLV,Vietnamese,M,train,ai-training/datasets/l2-arctic/raw/l2arctic_release_v5.0/TLV/wav/arctic_a0305.wav,They had no fixed values to be altered by adjectives and adverbs,1,non_native,l2_learner,arctic_a0305
l2_arctic,TLV,Vietnamese,M,train,ai-training/datasets/l2-arctic/raw/l2arctic_release_v5.0/TLV/wav/arctic_a0306.wav,He was pressing beyond the limits of his vocabulary,1,non_native,l2_learner,arctic_a0306
l2_arctic,TLV,Vietnamese,M,train,ai-training/datasets/l2-arctic/raw/l2arctic_release_v5.0/TLV/wav/arctic_a0307.wav,Very early in my life I separated from my mother,1,non_native,l2_learner,arctic_a0307
l2_arctic,TLV,Vietnamese,M,train,ai-training/datasets/l2-arctic/raw/l2arctic_release_v5.0/TLV/wav/arctic_a0308.wav,His infernal chattering worries me even now as I think of it,1,non_native,l2_learner,arctic_a0308
l2_arctic,TLV,Vietnamese,M,train,ai-training/datasets/l2-arctic/raw/l2arctic_release_v5.0/TLV/wav/arctic_a0309.wav,White Leghorns said Missus Mortimer,1,non_native,l2_learner,arctic_a0309
l2_arctic,TLV,Vietnamese,M,train,ai-training/datasets/l2-arctic/raw/l2arctic_release_v5.0/TLV/wav/arctic_a0310.wav,Massage under tension was the cryptic reply,1,non_native,l2_learner,arctic_a0310
l2_arctic,TLV,Vietnamese,M,train,ai-training/datasets/l2-arctic/raw/l2arctic_release_v5.0/TLV/wav/arctic_a0311.wav,Therefore hurrah for the game,1,non_native,l2_learner,arctic_a0311
l2_arctic,TLV,Vietnamese,M,train,ai-training/datasets/l2-arctic/raw/l2arctic_release_v5.0/TLV/wav/arctic_a0312.wav,It lived in perpetual apprehension of that quarter of the compass,1,non_native,l2_learner,arctic_a0312
l2_arctic,TLV,Vietnamese,M,train,ai-training/datasets/l2-arctic/raw/l2arctic_release_v5.0/TLV/wav/arctic_a0313.wav,Broken Tooth yelled with fright and pain,1,non_native,l2_learner,arctic_a0313
l2_arctic,TLV,Vietnamese,M,train,ai-training/datasets/l2-arctic/raw/l2arctic_release_v5.0/TLV/wav/arctic_a0314.wav,Thus was momentum gained in the Younger World,1,non_native,l2_learner,arctic_a0314
l2_arctic,TLV,Vietnamese,M,train,ai-training/datasets/l2-arctic/raw/l2arctic_release_v5.0/TLV/wav/arctic_a0315.wav,Saxon waited for she knew a fresh idea had struck Billy,1,non_native,l2_learner,arctic_a0315
l2_arctic,TLV,Vietnamese,M,train,ai-training/datasets/l2-arctic/raw/l2arctic_release_v5.0/TLV/wav/arctic_a0316.wav,We had been chased by them ourselves more than once,1,non_native,l2_learner,arctic_a0316
l2_arctic,TLV,Vietnamese,M,train,ai-training/datasets/l2-arctic/raw/l2arctic_release_v5.0/TLV/wav/arctic_a0317.wav,He was a wise hyena,1,non_native,l2_learner,arctic_a0317
l2_arctic,TLV,Vietnamese,M,train,ai-training/datasets/l2-arctic/raw/l2arctic_release_v5.0/TLV/wav/arctic_a0318.wav,Production is doubling and quadrupling upon itself,1,non_native,l2_learner,arctic_a0318
l2_arctic,TLV,Vietnamese,M,train,ai-training/datasets/l2-arctic/raw/l2arctic_release_v5.0/TLV/wav/arctic_a0319.wav,And the Edinburgh Evening News says with editorial gloom,1,non_native,l2_learner,arctic_a0319
l2_arctic,TLV,Vietnamese,M,train,ai-training/datasets/l2-arctic/raw/l2arctic_release_v5.0/TLV/wav/arctic_a0320.wav,With my strength I slammed it full into Red Eye's face,1,non_native,l2_learner,arctic_a0320
l2_arctic,TLV,Vietnamese,M,train,ai-training/datasets/l2-arctic/raw/l2arctic_release_v5.0/TLV/wav/arctic_a0321.wav,The log on which Lop Ear was lying got adrift,1,non_native,l2_learner,arctic_a0321
l2_arctic,TLV,Vietnamese,M,train,ai-training/datasets/l2-arctic/raw/l2arctic_release_v5.0/TLV/wav/arctic_a0322.wav,This is a common experience with all of us,1,non_native,l2_learner,arctic_a0322
l2_arctic,TLV,Vietnamese,M,train,ai-training/datasets/l2-arctic/raw/l2arctic_release_v5.0/TLV/wav/arctic_a0323.wav,He considered the victory already his and stepped forward to the meat,1,non_native,l2_learner,arctic_a0323
l2_arctic,TLV,Vietnamese,M,train,ai-training/datasets/l2-arctic/raw/l2arctic_release_v5.0/TLV/wav/arctic_a0324.wav,It was not Red Eye's way to forego revenge so easily,1,non_native,l2_learner,arctic_a0324
l2_arctic,TLV,Vietnamese,M,train,ai-training/datasets/l2-arctic/raw/l2arctic_release_v5.0/TLV/wav/arctic_a0325.wav,Whiz zip bang Lop Ear screamed with sudden anguish,1,non_native,l2_learner,arctic_a0325
l2_arctic,TLV,Vietnamese,M,train,ai-training/datasets/l2-arctic/raw/l2arctic_release_v5.0/TLV/wav/arctic_a0326.wav,Cherokee identified himself with his instinct,1,non_native,l2_learner,arctic_a0326
l2_arctic,TLV,Vietnamese,M,train,ai-training/datasets/l2-arctic/raw/l2arctic_release_v5.0/TLV/wav/arctic_a0327.wav,They were less stooped than we less springy in their movements,1,non_native,l2_learner,arctic_a0327
l2_arctic,TLV,Vietnamese,M,train,ai-training/datasets/l2-arctic/raw/l2arctic_release_v5.0/TLV/wav/arctic_a0328.wav,The Fire People like ourselves lived in caves,1,non_native,l2_learner,arctic_a0328
l2_arctic,TLV,Vietnamese,M,train,ai-training/datasets/l2-arctic/raw/l2arctic_release_v5.0/TLV/wav/arctic_a0329.wav,Ah indeed,1,non_native,l2_learner,arctic_a0329
l2_arctic,TLV,Vietnamese,M,train,ai-training/datasets/l2-arctic/raw/l2arctic_release_v5.0/TLV/wav/arctic_a0330.wav,Red Eye never committed a more outrageous deed,1,non_native,l2_learner,arctic_a0330
l2_arctic,TLV,Vietnamese,M,train,ai-training/datasets/l2-arctic/raw/l2arctic_release_v5.0/TLV/wav/arctic_a0331.wav,Poor little Crooked Leg was terribly scared,1,non_native,l2_learner,arctic_a0331
l2_arctic,TLV,Vietnamese,M,train,ai-training/datasets/l2-arctic/raw/l2arctic_release_v5.0/TLV/wav/arctic_a0332.wav,Unconsciously our yells and exclamations yielded to this rhythm,1,non_native,l2_learner,arctic_a0332
l2_arctic,TLV,Vietnamese,M,train,ai-training/datasets/l2-arctic/raw/l2arctic_release_v5.0/TLV/wav/arctic_a0333.wav,This is no place for you,1,non_native,l2_learner,arctic_a0333
l2_arctic,TLV,Vietnamese,M,train,ai-training/datasets/l2-arctic/raw/l2arctic_release_v5.0/TLV/wav/arctic_a0334.wav,He'll knock you off a few sticks in no time,1,non_native,l2_learner,arctic_a0334
l2_arctic,TLV,Vietnamese,M,train,ai-training/datasets/l2-arctic/raw/l2arctic_release_v5.0/TLV/wav/arctic_a0335.wav,Red Eye swung back and forth on the branch farther down,1,non_native,l2_learner,arctic_a0335
l2_arctic,TLV,Vietnamese,M,train,ai-training/datasets/l2-arctic/raw/l2arctic_release_v5.0/TLV/wav/arctic_a0336.wav,So unexpected was my charge that I knocked him off his feet,1,non_native,l2_learner,arctic_a0336
l2_arctic,TLV,Vietnamese,M,train,ai-training/datasets/l2-arctic/raw/l2arctic_release_v5.0/TLV/wav/arctic_a0337.wav,Encouraged by my conduct Big Face became a sudden ally,1,non_native,l2_learner,arctic_a0337
l2_arctic,TLV,Vietnamese,M,train,ai-training/datasets/l2-arctic/raw/l2arctic_release_v5.0/TLV/wav/arctic_a0338.wav,The fighting had now become intermittent,1,non_native,l2_learner,arctic_a0338
l2_arctic,TLV,Vietnamese,M,train,ai-training/datasets/l2-arctic/raw/l2arctic_release_v5.0/TLV/wav/arctic_a0339.wav,They obeyed him and went here and there at his commands,1,non_native,l2_learner,arctic_a0339
l2_arctic,TLV,Vietnamese,M,train,ai-training/datasets/l2-arctic/raw/l2arctic_release_v5.0/TLV/wav/arctic_a0340.wav,It was like the beating of hoofs,1,non_native,l2_learner,arctic_a0340
l2_arctic,TLV,Vietnamese,M,train,ai-training/datasets/l2-arctic/raw/l2arctic_release_v5.0/TLV/wav/arctic_a0341.wav,Why doggone you all shake again,1,non_native,l2_learner,arctic_a0341
l2_arctic,TLV,Vietnamese,M,train,ai-training/datasets/l2-arctic/raw/l2arctic_release_v5.0/TLV/wav/arctic_a0342.wav,Seventeen no eighteen days ago,1,non_native,l2_learner,arctic_a0342
l2_arctic,TLV,Vietnamese,M,train,ai-training/datasets/l2-arctic/raw/l2arctic_release_v5.0/TLV/wav/arctic_a0343.wav,You mean for this State General Alberta,1,non_native,l2_learner,arctic_a0343
l2_arctic,TLV,Vietnamese,M,train,ai-training/datasets/l2-arctic/raw/l2arctic_release_v5.0/TLV/wav/arctic_a0344.wav,He seemed to fill it with his tremendous vitality,1,non_native,l2_learner,arctic_a0344
l2_arctic,TLV,Vietnamese,M,train,ai-training/datasets/l2-arctic/raw/l2arctic_release_v5.0/TLV/wav/arctic_a0345.wav,She was trying to pass the apron string around him,1,non_native,l2_learner,arctic_a0345
l2_arctic,TLV,Vietnamese,M,train,ai-training/datasets/l2-arctic/raw/l2arctic_release_v5.0/TLV/wav/arctic_a0346.wav,Get down and dig in,1,non_native,l2_learner,arctic_a0346
l2_arctic,TLV,Vietnamese,M,train,ai-training/datasets/l2-arctic/raw/l2arctic_release_v5.0/TLV/wav/arctic_a0347.wav,They are greatly delighted with anything that is bright or giveth a sound,1,non_native,l2_learner,arctic_a0347
l2_arctic,TLV,Vietnamese,M,train,ai-training/datasets/l2-arctic/raw/l2arctic_release_v5.0/TLV/wav/arctic_a0348.wav,They only lifted seven hundred and fifty,1,non_native,l2_learner,arctic_a0348
l2_arctic,TLV,Vietnamese,M,train,ai-training/datasets/l2-arctic/raw/l2arctic_release_v5.0/TLV/wav/arctic_a0349.wav,It was simple in its way and no virtue of his,1,non_native,l2_learner,arctic_a0349
l2_arctic,TLV,Vietnamese,M,train,ai-training/datasets/l2-arctic/raw/l2arctic_release_v5.0/TLV/wav/arctic_a0350.wav,Is that Pat Hanrahan's mug looking hungry and willing,1,non_native,l2_learner,arctic_a0350
l2_arctic,TLV,Vietnamese,M,train,ai-training/datasets/l2-arctic/raw/l2arctic_release_v5.0/TLV/wav/arctic_a0351.wav,It was more like sugar,1,non_native,l2_learner,arctic_a0351
l2_arctic,TLV,Vietnamese,M,train,ai-training/datasets/l2-arctic/raw/l2arctic_release_v5.0/TLV/wav/arctic_a0352.wav,I'm sure going along with you all Elijah,1,non_native,l2_learner,arctic_a0352
l2_arctic,TLV,Vietnamese,M,train,ai-training/datasets/l2-arctic/raw/l2arctic_release_v5.0/TLV/wav/arctic_a0353.wav,Here the explosion of mirth drowned him out,1,non_native,l2_learner,arctic_a0353
l2_arctic,TLV,Vietnamese,M,train,ai-training/datasets/l2-arctic/raw/l2arctic_release_v5.0/TLV/wav/arctic_a0354.wav,Fresh meat they failed to obtain,1,non_native,l2_learner,arctic_a0354
l2_arctic,TLV,Vietnamese,M,train,ai-training/datasets/l2-arctic/raw/l2arctic_release_v5.0/TLV/wav/arctic_a0355.wav,A burst of laughter was his reward,1,non_native,l2_learner,arctic_a0355
l2_arctic,TLV,Vietnamese,M,train,ai-training/datasets/l2-arctic/raw/l2arctic_release_v5.0/TLV/wav/arctic_a0356.wav,You don't catch me at any such foolishness,1,non_native,l2_learner,arctic_a0356
l2_arctic,TLV,Vietnamese,M,train,ai-training/datasets/l2-arctic/raw/l2arctic_release_v5.0/TLV/wav/arctic_a0357.wav,A month passed by and Bonanza Creek remained quiet,1,non_native,l2_learner,arctic_a0357
l2_arctic,TLV,Vietnamese,M,train,ai-training/datasets/l2-arctic/raw/l2arctic_release_v5.0/TLV/wav/arctic_a0358.wav,They continued valiantly to lie but the truth continued to outrun them,1,non_native,l2_learner,arctic_a0358
l2_arctic,TLV,Vietnamese,M,train,ai-training/datasets/l2-arctic/raw/l2arctic_release_v5.0/TLV/wav/arctic_a0359.wav,Earth and gravel seemed to fill the pan,1,non_native,l2_learner,arctic_a0359
l2_arctic,TLV,Vietnamese,M,train,ai-training/datasets/l2-arctic/raw/l2arctic_release_v5.0/TLV/wav/arctic_a0360.wav,But he no longer cared quite so much for that form of diversion,1,non_native,l2_learner,arctic_a0360
l2_arctic,TLV,Vietnamese,M,train,ai-training/datasets/l2-arctic/raw/l2arctic_release_v5.0/TLV/wav/arctic_a0361.wav,But he did not broach it preferring to mature it carefully,1,non_native,l2_learner,arctic_a0361
l2_arctic,TLV,Vietnamese,M,train,ai-training/datasets/l2-arctic/raw/l2arctic_release_v5.0/TLV/wav/arctic_a0362.wav,Nope not the slightest idea,1,non_native,l2_learner,arctic_a0362
l2_arctic,TLV,Vietnamese,M,train,ai-training/datasets/l2-arctic/raw/l2arctic_release_v5.0/TLV/wav/arctic_a0363.wav,It is not an attempt to smash the market,1,non_native,l2_learner,arctic_a0363
l2_arctic,TLV,Vietnamese,M,train,ai-training/datasets/l2-arctic/raw/l2arctic_release_v5.0/TLV/wav/arctic_a0364.wav,We have plenty of capital ourselves and yet we want more,1,non_native,l2_learner,arctic_a0364
l2_arctic,TLV,Vietnamese,M,train,ai-training/datasets/l2-arctic/raw/l2arctic_release_v5.0/TLV/wav/arctic_a0365.wav,These rumors may even originate with us,1,non_native,l2_learner,arctic_a0365
l2_arctic,TLV,Vietnamese,M,train,ai-training/datasets/l2-arctic/raw/l2arctic_release_v5.0/TLV/wav/arctic_a0366.wav,A wildly exciting time was his during the week preceding Thursday the eighteenth,1,non_native,l2_learner,arctic_a0366
l2_arctic,TLV,Vietnamese,M,train,ai-training/datasets/l2-arctic/raw/l2arctic_release_v5.0/TLV/wav/arctic_a0367.wav,There is not an iota of truth in it certainly not,1,non_native,l2_learner,arctic_a0367
l2_arctic,TLV,Vietnamese,M,train,ai-training/datasets/l2-arctic/raw/l2arctic_release_v5.0/TLV/wav/arctic_a0368.wav,I just do appreciate it without being able to express my feelings,1,non_native,l2_learner,arctic_a0368
l2_arctic,TLV,Vietnamese,M,train,ai-training/datasets/l2-arctic/raw/l2arctic_release_v5.0/TLV/wav/arctic_a0369.wav,In partnership with Daylight the pair raided the San Jose Interurban,1,non_native,l2_learner,arctic_a0369
l2_arctic,TLV,Vietnamese,M,train,ai-training/datasets/l2-arctic/raw/l2arctic_release_v5.0/TLV/wav/arctic_a0370.wav,He saw all men in the business game doing this,1,non_native,l2_learner,arctic_a0370
l2_arctic,TLV,Vietnamese,M,train,ai-training/datasets/l2-arctic/raw/l2arctic_release_v5.0/TLV/wav/arctic_a0371.wav,It issued a rate of forty two dollars a car on charcoal,1,non_native,l2_learner,arctic_a0371
l2_arctic,TLV,Vietnamese,M,train,ai-training/datasets/l2-arctic/raw/l2arctic_release_v5.0/TLV/wav/arctic_a0372.wav,He saw only the effect in a general sketchy way,1,non_native,l2_learner,arctic_a0372
l2_arctic,TLV,Vietnamese,M,train,ai-training/datasets/l2-arctic/raw/l2arctic_release_v5.0/TLV/wav/arctic_a0373.wav,Points of view new ideas life,1,non_native,l2_learner,arctic_a0373
l2_arctic,TLV,Vietnamese,M,train,ai-training/datasets/l2-arctic/raw/l2arctic_release_v5.0/TLV/wav/arctic_a0374.wav,But life's worth more than cash she argued,1,non_native,l2_learner,arctic_a0374
l2_arctic,TLV,Vietnamese,M,train,ai-training/datasets/l2-arctic/raw/l2arctic_release_v5.0/TLV/wav/arctic_a0375.wav,The butchers and meat cutters refused to handle meat destined for unfair restaurants,1,non_native,l2_learner,arctic_a0375
l2_arctic,TLV,Vietnamese,M,train,ai-training/datasets/l2-arctic/raw/l2arctic_release_v5.0/TLV/wav/arctic_a0376.wav,Your price my son is just about thirty per week,1,non_native,l2_learner,arctic_a0376
l2_arctic,TLV,Vietnamese,M,train,ai-training/datasets/l2-arctic/raw/l2arctic_release_v5.0/TLV/wav/arctic_a0377.wav,This sound did not disturb the hush and awe of the place,1,non_native,l2_learner,arctic_a0377
l2_arctic,TLV,Vietnamese,M,train,ai-training/datasets/l2-arctic/raw/l2arctic_release_v5.0/TLV/wav/arctic_a0378.wav,That's why its boundaries are all gouged and jagged,1,non_native,l2_learner,arctic_a0378
l2_arctic,TLV,Vietnamese,M,train,ai-training/datasets/l2-arctic/raw/l2arctic_release_v5.0/TLV/wav/arctic_a0379.wav,How old are you daddy,1,non_native,l2_learner,arctic_a0379
l2_arctic,TLV,Vietnamese,M,train,ai-training/datasets/l2-arctic/raw/l2arctic_release_v5.0/TLV/wav/arctic_a0380.wav,But in the canyons water was plentiful and also a luxuriant forest growth,1,non_native,l2_learner,arctic_a0380
l2_arctic,TLV,Vietnamese,M,train,ai-training/datasets/l2-arctic/raw/l2arctic_release_v5.0/TLV/wav/arctic_a0381.wav,My name's Ferguson,1,non_native,l2_learner,arctic_a0381
l2_arctic,TLV,Vietnamese,M,train,ai-training/datasets/l2-arctic/raw/l2arctic_release_v5.0/TLV/wav/arctic_a0382.wav,Daylight found himself charmed and made curious by the little man,1,non_native,l2_learner,arctic_a0382
l2_arctic,TLV,Vietnamese,M,train,ai-training/datasets/l2-arctic/raw/l2arctic_release_v5.0/TLV/wav/arctic_a0383.wav,To his surprise her answer was flat and uncompromising,1,non_native,l2_learner,arctic_a0383
l2_arctic,TLV,Vietnamese,M,train,ai-training/datasets/l2-arctic/raw/l2arctic_release_v5.0/TLV/wav/arctic_a0384.wav,The farmer works the soil and produces grain,1,non_native,l2_learner,arctic_a0384
l2_arctic,TLV,Vietnamese,M,train,ai-training/datasets/l2-arctic/raw/l2arctic_release_v5.0/TLV/wav/arctic_a0385.wav,That's what Carnegie did,1,non_native,l2_learner,arctic_a0385
l2_arctic,TLV,Vietnamese,M,train,ai-training/datasets/l2-arctic/raw/l2arctic_release_v5.0/TLV/wav/arctic_a0386.wav,I can't argue with you and you know that,1,non_native,l2_learner,arctic_a0386
l2_arctic,TLV,Vietnamese,M,train,ai-training/datasets/l2-arctic/raw/l2arctic_release_v5.0/TLV/wav/arctic_a0387.wav,Bob growing disgusted turned back suddenly and attempted to pass Mab,1,non_native,l2_learner,arctic_a0387
l2_arctic,TLV,Vietnamese,M,train,ai-training/datasets/l2-arctic/raw/l2arctic_release_v5.0/TLV/wav/arctic_a0388.wav,It was my idea to a tee,1,non_native,l2_learner,arctic_a0388
l2_arctic,TLV,Vietnamese,M,train,ai-training/datasets/l2-arctic/raw/l2arctic_release_v5.0/TLV/wav/arctic_a0389.wav,Mab she said,1,non_native,l2_learner,arctic_a0389
l2_arctic,TLV,Vietnamese,M,train,ai-training/datasets/l2-arctic/raw/l2arctic_release_v5.0/TLV/wav/arctic_a0390.wav,I'll go over tomorrow afternoon,1,non_native,l2_learner,arctic_a0390
l2_arctic,TLV,Vietnamese,M,train,ai-training/datasets/l2-arctic/raw/l2arctic_release_v5.0/TLV/wav/arctic_a0391.wav,But he reconciled himself to it by an act of faith,1,non_native,l2_learner,arctic_a0391
l2_arctic,TLV,Vietnamese,M,train,ai-training/datasets/l2-arctic/raw/l2arctic_release_v5.0/TLV/wav/arctic_a0392.wav,There is that magnificent Bob eating his head off in the stable,1,non_native,l2_learner,arctic_a0392
l2_arctic,TLV,Vietnamese,M,train,ai-training/datasets/l2-arctic/raw/l2arctic_release_v5.0/TLV/wav/arctic_a0393.wav,Already he had begun borrowing from the banks,1,non_native,l2_learner,arctic_a0393
l2_arctic,TLV,Vietnamese,M,train,ai-training/datasets/l2-arctic/raw/l2arctic_release_v5.0/TLV/wav/arctic_a0394.wav,It's the strap hangers that'll keep us from going under,1,non_native,l2_learner,arctic_a0394
l2_arctic,TLV,Vietnamese,M,train,ai-training/datasets/l2-arctic/raw/l2arctic_release_v5.0/TLV/wav/arctic_a0395.wav,As for himself weren't the street railway earnings increasing steadily,1,non_native,l2_learner,arctic_a0395
l2_arctic,TLV,Vietnamese,M,train,ai-training/datasets/l2-arctic/raw/l2arctic_release_v5.0/TLV/wav/arctic_a0396.wav,A rising tide of fat had submerged them,1,non_native,l2_learner,arctic_a0396
l2_arctic,TLV,Vietnamese,M,train,ai-training/datasets/l2-arctic/raw/l2arctic_release_v5.0/TLV/wav/arctic_a0397.wav,Call me that again he murmured ecstatically,1,non_native,l2_learner,arctic_a0397
l2_arctic,TLV,Vietnamese,M,train,ai-training/datasets/l2-arctic/raw/l2arctic_release_v5.0/TLV/wav/arctic_a0398.wav,In the car were Unwin and Harrison while Jones sat with the chauffeur,1,non_native,l2_learner,arctic_a0398
l2_arctic,TLV,Vietnamese,M,train,ai-training/datasets/l2-arctic/raw/l2arctic_release_v5.0/TLV/wav/arctic_a0399.wav,And here's another idea,1,non_native,l2_learner,arctic_a0399
l2_arctic,TLV,Vietnamese,M,train,ai-training/datasets/l2-arctic/raw/l2arctic_release_v5.0/TLV/wav/arctic_a0400.wav,Manuel had one besetting sin,1,non_native,l2_learner,arctic_a0400
l2_arctic,TLV,Vietnamese,M,train,ai-training/datasets/l2-arctic/raw/l2arctic_release_v5.0/TLV/wav/arctic_a0401.wav,The man smiled grimly and brought a hatchet and a club,1,non_native,l2_learner,arctic_a0401
l2_arctic,TLV,Vietnamese,M,train,ai-training/datasets/l2-arctic/raw/l2arctic_release_v5.0/TLV/wav/arctic_a0402.wav,Curly rushed her antagonist who struck again and leaped aside,1,non_native,l2_learner,arctic_a0402
l2_arctic,TLV,Vietnamese,M,train,ai-training/datasets/l2-arctic/raw/l2arctic_release_v5.0/TLV/wav/arctic_a0403.wav,His newborn cunning gave him poise and control,1,non_native,l2_learner,arctic_a0403
l2_arctic,TLV,Vietnamese,M,train,ai-training/datasets/l2-arctic/raw/l2arctic_release_v5.0/TLV/wav/arctic_a0404.wav,Perrault found one with head buried in the grub box,1,non_native,l2_learner,arctic_a0404
l2_arctic,TLV,Vietnamese,M,train,ai-training/datasets/l2-arctic/raw/l2arctic_release_v5.0/TLV/wav/arctic_a0405.wav,It seemed the ordained order of things that dogs should work,1,non_native,l2_learner,arctic_a0405
l2_arctic,TLV,Vietnamese,M,train,ai-training/datasets/l2-arctic/raw/l2arctic_release_v5.0/TLV/wav/arctic_a0406.wav,And that was the last of Francois and Perrault,1,non_native,l2_learner,arctic_a0406
l2_arctic,TLV,Vietnamese,M,train,ai-training/datasets/l2-arctic/raw/l2arctic_release_v5.0/TLV/wav/arctic_a0407.wav,Mercedes screamed cried laughed and manifested the chaotic abandonment of hysteria,1,non_native,l2_learner,arctic_a0407
l2_arctic,TLV,Vietnamese,M,train,ai-training/datasets/l2-arctic/raw/l2arctic_release_v5.0/TLV/wav/arctic_a0408.wav,The Eldorado emptied its occupants into the street to see the test,1,non_native,l2_learner,arctic_a0408
l2_arctic,TLV,Vietnamese,M,train,ai-training/datasets/l2-arctic/raw/l2arctic_release_v5.0/TLV/wav/arctic_a0409.wav,He could feel a new stir in the land,1,non_native,l2_learner,arctic_a0409
l2_arctic,TLV,Vietnamese,M,train,ai-training/datasets/l2-arctic/raw/l2arctic_release_v5.0/TLV/wav/arctic_a0410.wav,So we have to fit the boat throughout with oil lamps as well,1,non_native,l2_learner,arctic_a0410
l2_arctic,TLV,Vietnamese,M,train,ai-training/datasets/l2-arctic/raw/l2arctic_release_v5.0/TLV/wav/arctic_a0411.wav,It will break our hearts and our backs to hoist anchor by hand,1,non_native,l2_learner,arctic_a0411
l2_arctic,TLV,Vietnamese,M,train,ai-training/datasets/l2-arctic/raw/l2arctic_release_v5.0/TLV/wav/arctic_a0412.wav,There is another virtue in these bulkheads,1,non_native,l2_learner,arctic_a0412
l2_arctic,TLV,Vietnamese,M,train,ai-training/datasets/l2-arctic/raw/l2arctic_release_v5.0/TLV/wav/arctic_a0413.wav,But I am at the end of my resources,1,non_native,l2_learner,arctic_a0413
l2_arctic,TLV,Vietnamese,M,train,ai-training/datasets/l2-arctic/raw/l2arctic_release_v5.0/TLV/wav/arctic_a0414.wav,Now our figuring was all right,1,non_native,l2_learner,arctic_a0414
l2_arctic,TLV,Vietnamese,M,train,ai-training/datasets/l2-arctic/raw/l2arctic_release_v5.0/TLV/wav/arctic_a0415.wav,It lasted as a deterrent for two days,1,non_native,l2_learner,arctic_a0415
l2_arctic,TLV,Vietnamese,M,train,ai-training/datasets/l2-arctic/raw/l2arctic_release_v5.0/TLV/wav/arctic_a0416.wav,The added weight had a velocity of fifteen miles per hour,1,non_native,l2_learner,arctic_a0416
l2_arctic,TLV,Vietnamese,M,train,ai-training/datasets/l2-arctic/raw/l2arctic_release_v5.0/TLV/wav/arctic_a0417.wav,It is also an insidious deceitful sun,1,non_native,l2_learner,arctic_a0417
l2_arctic,TLV,Vietnamese,M,train,ai-training/datasets/l2-arctic/raw/l2arctic_release_v5.0/TLV/wav/arctic_a0418.wav,The Portuguese boy crawled nearer and nearer,1,non_native,l2_learner,arctic_a0418
l2_arctic,TLV,Vietnamese,M,train,ai-training/datasets/l2-arctic/raw/l2arctic_release_v5.0/TLV/wav/arctic_a0419.wav,The Portuguese boy passed the Hawaiian,1,non_native,l2_learner,arctic_a0419
l2_arctic,TLV,Vietnamese,M,train,ai-training/datasets/l2-arctic/raw/l2arctic_release_v5.0/TLV/wav/arctic_a0420.wav,When I came to I was waving my hat and murmuring ecstatically,1,non_native,l2_learner,arctic_a0420
l2_arctic,TLV,Vietnamese,M,train,ai-training/datasets/l2-arctic/raw/l2arctic_release_v5.0/TLV/wav/arctic_a0421.wav,By golly the boy wins,1,non_native,l2_learner,arctic_a0421
l2_arctic,TLV,Vietnamese,M,train,ai-training/datasets/l2-arctic/raw/l2arctic_release_v5.0/TLV/wav/arctic_a0422.wav,Halfway around the track one donkey got into an argument with its rider,1,non_native,l2_learner,arctic_a0422
l2_arctic,TLV,Vietnamese,M,train,ai-training/datasets/l2-arctic/raw/l2arctic_release_v5.0/TLV/wav/arctic_a0423.wav,McVeigh when he returns from a trip to Honolulu,1,non_native,l2_learner,arctic_a0423
l2_arctic,TLV,Vietnamese,M,train,ai-training/datasets/l2-arctic/raw/l2arctic_release_v5.0/TLV/wav/arctic_a0424.wav,Obviously it was a disease that could be contracted by contact,1,non_native,l2_learner,arctic_a0424
l2_arctic,TLV,Vietnamese,M,train,ai-training/datasets/l2-arctic/raw/l2arctic_release_v5.0/TLV/wav/arctic_a0425.wav,Otherwise no restriction is put upon their seafaring,1,non_native,l2_learner,arctic_a0425
l2_arctic,TLV,Vietnamese,M,train,ai-training/datasets/l2-arctic/raw/l2arctic_release_v5.0/TLV/wav/arctic_a0426.wav,They do not know the length of time of incubation,1,non_native,l2_learner,arctic_a0426
l2_arctic,TLV,Vietnamese,M,train,ai-training/datasets/l2-arctic/raw/l2arctic_release_v5.0/TLV/wav/arctic_a0427.wav,Enters now the psychology of the situation,1,non_native,l2_learner,arctic_a0427
l2_arctic,TLV,Vietnamese,M,train,ai-training/datasets/l2-arctic/raw/l2arctic_release_v5.0/TLV/wav/arctic_a0428.wav,It was not exactly a deportation,1,non_native,l2_learner,arctic_a0428
l2_arctic,TLV,Vietnamese,M,train,ai-training/datasets/l2-arctic/raw/l2arctic_release_v5.0/TLV/wav/arctic_a0429.wav,Quick was the disappointment in his face yet smiling was the acquiescence,1,non_native,l2_learner,arctic_a0429
l2_arctic,TLV,Vietnamese,M,train,ai-training/datasets/l2-arctic/raw/l2arctic_release_v5.0/TLV/wav/arctic_a0430.wav,Nevertheless we found ourselves once more in the high seat of abundance,1,non_native,l2_learner,arctic_a0430
l2_arctic,TLV,Vietnamese,M,train,ai-training/datasets/l2-arctic/raw/l2arctic_release_v5.0/TLV/wav/arctic_a0431.wav,Wada and Na ka ta were in a bit of a funk,1,non_native,l2_learner,arctic_a0431
l2_arctic,TLV,Vietnamese,M,train,ai-training/datasets/l2-arctic/raw/l2arctic_release_v5.0/TLV/wav/arctic_a0432.wav,The boy at the wheel lost his head,1,non_native,l2_learner,arctic_a0432
l2_arctic,TLV,Vietnamese,M,train,ai-training/datasets/l2-arctic/raw/l2arctic_release_v5.0/TLV/wav/arctic_a0433.wav,To her the bridge was tambo which is the native for taboo,1,non_native,l2_learner,arctic_a0433
l2_arctic,TLV,Vietnamese,M,train,ai-training/datasets/l2-arctic/raw/l2arctic_release_v5.0/TLV/wav/arctic_a0434.wav,A half a case of tobacco was worth three pounds,1,non_native,l2_learner,arctic_a0434
l2_arctic,TLV,Vietnamese,M,train,ai-training/datasets/l2-arctic/raw/l2arctic_release_v5.0/TLV/wav/arctic_a0435.wav,What do you mean by this outrageous conduct,1,non_native,l2_learner,arctic_a0435
l2_arctic,TLV,Vietnamese,M,train,ai-training/datasets/l2-arctic/raw/l2arctic_release_v5.0/TLV/wav/arctic_a0436.wav,But Martin smiled a superior smile,1,non_native,l2_learner,arctic_a0436
l2_arctic,TLV,Vietnamese,M,train,ai-training/datasets/l2-arctic/raw/l2arctic_release_v5.0/TLV/wav/arctic_a0437.wav,By that answer my professional medical prestige stood or fell,1,non_native,l2_learner,arctic_a0437
l2_arctic,TLV,Vietnamese,M,train,ai-training/datasets/l2-arctic/raw/l2arctic_release_v5.0/TLV/wav/arctic_a0438.wav,At sea Monday March sixteenth nineteen o eight,1,non_native,l2_learner,arctic_a0438
l2_arctic,TLV,Vietnamese,M,train,ai-training/datasets/l2-arctic/raw/l2arctic_release_v5.0/TLV/wav/arctic_a0439.wav,At sea Wednesday March eighteenth nineteen o eight,1,non_native,l2_learner,arctic_a0439
l2_arctic,TLV,Vietnamese,M,train,ai-training/datasets/l2-arctic/raw/l2arctic_release_v5.0/TLV/wav/arctic_a0440.wav,Yes sir I corrected,1,non_native,l2_learner,arctic_a0440
l2_arctic,TLV,Vietnamese,M,train,ai-training/datasets/l2-arctic/raw/l2arctic_release_v5.0/TLV/wav/arctic_a0441.wav,Violent life and athletic sports had never appealed to me,1,non_native,l2_learner,arctic_a0441
l2_arctic,TLV,Vietnamese,M,train,ai-training/datasets/l2-arctic/raw/l2arctic_release_v5.0/TLV/wav/arctic_a0442.wav,You live on an income which your father earned,1,non_native,l2_learner,arctic_a0442
l2_arctic,TLV,Vietnamese,M,train,ai-training/datasets/l2-arctic/raw/l2arctic_release_v5.0/TLV/wav/arctic_a0443.wav,He was worth nothing to the world,1,non_native,l2_learner,arctic_a0443
l2_arctic,TLV,Vietnamese,M,train,ai-training/datasets/l2-arctic/raw/l2arctic_release_v5.0/TLV/wav/arctic_a0444.wav,Then you don't believe in altruism,1,non_native,l2_learner,arctic_a0444
l2_arctic,TLV,Vietnamese,M,train,ai-training/datasets/l2-arctic/raw/l2arctic_release_v5.0/TLV/wav/arctic_a0445.wav,The creative joy I murmured,1,non_native,l2_learner,arctic_a0445
l2_arctic,TLV,Vietnamese,M,train,ai-training/datasets/l2-arctic/raw/l2arctic_release_v5.0/TLV/wav/arctic_a0446.wav,He deluged me overwhelmed me with argument,1,non_native,l2_learner,arctic_a0446
l2_arctic,TLV,Vietnamese,M,train,ai-training/datasets/l2-arctic/raw/l2arctic_release_v5.0/TLV/wav/arctic_a0447.wav,Ah it is growing dark and darker,1,non_native,l2_learner,arctic_a0447
l2_arctic,TLV,Vietnamese,M,train,ai-training/datasets/l2-arctic/raw/l2arctic_release_v5.0/TLV/wav/arctic_a0448.wav,I was Hump cabin boy on the schooner Ghost,1,non_native,l2_learner,arctic_a0448
l2_arctic,TLV,Vietnamese,M,train,ai-training/datasets/l2-arctic/raw/l2arctic_release_v5.0/TLV/wav/arctic_a0449.wav,A sinewy hand dripping with water was clutching the rail,1,non_native,l2_learner,arctic_a0449
l2_arctic,TLV,Vietnamese,M,train,ai-training/datasets/l2-arctic/raw/l2arctic_release_v5.0/TLV/wav/arctic_a0450.wav,No man ate of the seal meat or the oil,1,non_native,l2_learner,arctic_a0450
l2_arctic,TLV,Vietnamese,M,train,ai-training/datasets/l2-arctic/raw/l2arctic_release_v5.0/TLV/wav/arctic_a0451.wav,I noticed blood spouting from Kerfoot left hand,1,non_native,l2_learner,arctic_a0451
l2_arctic,TLV,Vietnamese,M,train,ai-training/datasets/l2-arctic/raw/l2arctic_release_v5.0/TLV/wav/arctic_a0452.wav,Three oilers and a fourth engineer was his greeting,1,non_native,l2_learner,arctic_a0452
l2_arctic,TLV,Vietnamese,M,train,ai-training/datasets/l2-arctic/raw/l2arctic_release_v5.0/TLV/wav/arctic_a0453.wav,Eighteen hundred he calculated,1,non_native,l2_learner,arctic_a0453
l2_arctic,TLV,Vietnamese,M,train,ai-training/datasets/l2-arctic/raw/l2arctic_release_v5.0/TLV/wav/arctic_a0454.wav,The sharp voice of Wolf Larsen aroused me,1,non_native,l2_learner,arctic_a0454
l2_arctic,TLV,Vietnamese,M,train,ai-training/datasets/l2-arctic/raw/l2arctic_release_v5.0/TLV/wav/arctic_a0455.wav,I obeyed and a minute or two later they stood before him,1,non_native,l2_learner,arctic_a0455
l2_arctic,TLV,Vietnamese,M,train,ai-training/datasets/l2-arctic/raw/l2arctic_release_v5.0/TLV/wav/arctic_a0456.wav,But it won't continue she said with easy confidence,1,non_native,l2_learner,arctic_a0456
l2_arctic,TLV,Vietnamese,M,train,ai-training/datasets/l2-arctic/raw/l2arctic_release_v5.0/TLV/wav/arctic_a0457.wav,What I saw I could not at first believe,1,non_native,l2_learner,arctic_a0457
l2_arctic,TLV,Vietnamese,M,train,ai-training/datasets/l2-arctic/raw/l2arctic_release_v5.0/TLV/wav/arctic_a0458.wav,The stout wood was crushed like an eggshell,1,non_native,l2_learner,arctic_a0458
l2_arctic,TLV,Vietnamese,M,train,ai-training/datasets/l2-arctic/raw/l2arctic_release_v5.0/TLV/wav/arctic_a0459.wav,There's too much of the schoolboy in me,1,non_native,l2_learner,arctic_a0459
l2_arctic,TLV,Vietnamese,M,train,ai-training/datasets/l2-arctic/raw/l2arctic_release_v5.0/TLV/wav/arctic_a0460.wav,I had forgotten their existence,1,non_native,l2_learner,arctic_a0460
l2_arctic,TLV,Vietnamese,M,train,ai-training/datasets/l2-arctic/raw/l2arctic_release_v5.0/TLV/wav/arctic_a0461.wav,Ah we were very close together in that moment,1,non_native,l2_learner,arctic_a0461
l2_arctic,TLV,Vietnamese,M,train,ai-training/datasets/l2-arctic/raw/l2arctic_release_v5.0/TLV/wav/arctic_a0462.wav,But she swung obediently on her heel into the wind,1,non_native,l2_learner,arctic_a0462
l2_arctic,TLV,Vietnamese,M,train,ai-training/datasets/l2-arctic/raw/l2arctic_release_v5.0/TLV/wav/arctic_a0463.wav,They are his tongue by which he makes his knowledge articulate,1,non_native,l2_learner,arctic_a0463
l2_arctic,TLV,Vietnamese,M,train,ai-training/datasets/l2-arctic/raw/l2arctic_release_v5.0/TLV/wav/arctic_a0464.wav,Between the rush of the cascades streaks of rust showed everywhere,1,non_native,l2_learner,arctic_a0464
l2_arctic,TLV,Vietnamese,M,train,ai-training/datasets/l2-arctic/raw/l2arctic_release_v5.0/TLV/wav/arctic_a0465.wav,He'll never do a tap of work the whole Voyage,1,non_native,l2_learner,arctic_a0465
l2_arctic,TLV,Vietnamese,M,train,ai-training/datasets/l2-arctic/raw/l2arctic_release_v5.0/TLV/wav/arctic_a0466.wav,Captain West may be a Samurai but he is also human,1,non_native,l2_learner,arctic_a0466
l2_arctic,TLV,Vietnamese,M,train,ai-training/datasets/l2-arctic/raw/l2arctic_release_v5.0/TLV/wav/arctic_a0467.wav,And so early in the voyage too,1,non_native,l2_learner,arctic_a0467
l2_arctic,TLV,Vietnamese,M,train,ai-training/datasets/l2-arctic/raw/l2arctic_release_v5.0/TLV/wav/arctic_a0468.wav,In the matter of curry she is a sheer genius,1,non_native,l2_learner,arctic_a0468
l2_arctic,TLV,Vietnamese,M,train,ai-training/datasets/l2-arctic/raw/l2arctic_release_v5.0/TLV/wav/arctic_a0469.wav,The eastern heavens were equally spectacular,1,non_native,l2_learner,arctic_a0469
l2_arctic,TLV,Vietnamese,M,train,ai-training/datasets/l2-arctic/raw/l2arctic_release_v5.0/TLV/wav/arctic_a0470.wav,He spat it out like so much venom,1,non_native,l2_learner,arctic_a0470
l2_arctic,TLV,Vietnamese,M,train,ai-training/datasets/l2-arctic/raw/l2arctic_release_v5.0/TLV/wav/arctic_a0471.wav,I saw Mister Pike nod his head grimly and sarcastically,1,non_native,l2_learner,arctic_a0471
l2_arctic,TLV,Vietnamese,M,train,ai-training/datasets/l2-arctic/raw/l2arctic_release_v5.0/TLV/wav/arctic_a0472.wav,He is too keenly intelligent too sharply sensitive successfully to endure,1,non_native,l2_learner,arctic_a0472
l2_arctic,TLV,Vietnamese,M,train,ai-training/datasets/l2-arctic/raw/l2arctic_release_v5.0/TLV/wav/arctic_a0473.wav,The night was calm and snowy,1,non_native,l2_learner,arctic_a0473
l2_arctic,TLV,Vietnamese,M,train,ai-training/datasets/l2-arctic/raw/l2arctic_release_v5.0/TLV/wav/arctic_a0474.wav,I sailed third mate in the little Vampire before you were born,1,non_native,l2_learner,arctic_a0474
l2_arctic,TLV,Vietnamese,M,train,ai-training/datasets/l2-arctic/raw/l2arctic_release_v5.0/TLV/wav/arctic_a0475.wav,His outstretched arm dropped to his side and he paused,1,non_native,l2_learner,arctic_a0475
l2_arctic,TLV,Vietnamese,M,train,ai-training/datasets/l2-arctic/raw/l2arctic_release_v5.0/TLV/wav/arctic_a0476.wav,At this moment I felt a stir at my shoulder,1,non_native,l2_learner,arctic_a0476
l2_arctic,TLV,Vietnamese,M,train,ai-training/datasets/l2-arctic/raw/l2arctic_release_v5.0/TLV/wav/arctic_a0477.wav,Wada Louis and the steward are servants of Asiatic breed,1,non_native,l2_learner,arctic_a0477
l2_arctic,TLV,Vietnamese,M,train,ai-training/datasets/l2-arctic/raw/l2arctic_release_v5.0/TLV/wav/arctic_a0478.wav,Also she has forbidden them smoking their pipes in the after room,1,non_native,l2_learner,arctic_a0478
l2_arctic,TLV,Vietnamese,M,train,ai-training/datasets/l2-arctic/raw/l2arctic_release_v5.0/TLV/wav/arctic_a0479.wav,I tried to read George Moore last night and was dreadfully bored,1,non_native,l2_learner,arctic_a0479
l2_arctic,TLV,Vietnamese,M,train,ai-training/datasets/l2-arctic/raw/l2arctic_release_v5.0/TLV/wav/arctic_a0480.wav,Tom Spink has a harpoon,1,non_native,l2_learner,arctic_a0480
l2_arctic,TLV,Vietnamese,M,train,ai-training/datasets/l2-arctic/raw/l2arctic_release_v5.0/TLV/wav/arctic_a0481.wav,Nimrod replied with a slight manifestation of sensitiveness,1,non_native,l2_learner,arctic_a0481
l2_arctic,TLV,Vietnamese,M,train,ai-training/datasets/l2-arctic/raw/l2arctic_release_v5.0/TLV/wav/arctic_a0482.wav,And their chief virtue lies in that they will never wear out,1,non_native,l2_learner,arctic_a0482
l2_arctic,TLV,Vietnamese,M,train,ai-training/datasets/l2-arctic/raw/l2arctic_release_v5.0/TLV/wav/arctic_a0483.wav,Beyond dispute Corry Hutchinson had married Mabel Holmes,1,non_native,l2_learner,arctic_a0483
l2_arctic,TLV,Vietnamese,M,train,ai-training/datasets/l2-arctic/raw/l2arctic_release_v5.0/TLV/wav/arctic_a0484.wav,No sir ee,1,non_native,l2_learner,arctic_a0484
l2_arctic,TLV,Vietnamese,M,train,ai-training/datasets/l2-arctic/raw/l2arctic_release_v5.0/TLV/wav/arctic_a0485.wav,Each insult added to the value of the claim,1,non_native,l2_learner,arctic_a0485
l2_arctic,TLV,Vietnamese,M,train,ai-training/datasets/l2-arctic/raw/l2arctic_release_v5.0/TLV/wav/arctic_a0486.wav,For the rest he was a mere automaton,1,non_native,l2_learner,arctic_a0486
l2_arctic,TLV,Vietnamese,M,train,ai-training/datasets/l2-arctic/raw/l2arctic_release_v5.0/TLV/wav/arctic_a0487.wav,The river bared its bosom and snorting steamboats challenged the wilderness,1,non_native,l2_learner,arctic_a0487
l2_arctic,TLV,Vietnamese,M,train,ai-training/datasets/l2-arctic/raw/l2arctic_release_v5.0/TLV/wav/arctic_a0488.wav,Their love burned with increasing brightness,1,non_native,l2_learner,arctic_a0488
l2_arctic,TLV,Vietnamese,M,train,ai-training/datasets/l2-arctic/raw/l2arctic_release_v5.0/TLV/wav/arctic_a0489.wav,They were artists not biologists,1,non_native,l2_learner,arctic_a0489
l2_arctic,TLV,Vietnamese,M,train,ai-training/datasets/l2-arctic/raw/l2arctic_release_v5.0/TLV/wav/arctic_a0490.wav,Both Johnny and his mother shuffled their feet as they walked,1,non_native,l2_learner,arctic_a0490
l2_arctic,TLV,Vietnamese,M,train,ai-training/datasets/l2-arctic/raw/l2arctic_release_v5.0/TLV/wav/arctic_a0491.wav,And as in denial of guilt the one legged boy replied,1,non_native,l2_learner,arctic_a0491
l2_arctic,TLV,Vietnamese,M,train,ai-training/datasets/l2-arctic/raw/l2arctic_release_v5.0/TLV/wav/arctic_a0492.wav,Burnt out like the crater of a volcano,1,non_native,l2_learner,arctic_a0492
l2_arctic,TLV,Vietnamese,M,train,ai-training/datasets/l2-arctic/raw/l2arctic_release_v5.0/TLV/wav/arctic_a0493.wav,The boy O'Brien was specially maltreated,1,non_native,l2_learner,arctic_a0493
l2_arctic,TLV,Vietnamese,M,train,ai-training/datasets/l2-arctic/raw/l2arctic_release_v5.0/TLV/wav/arctic_a0494.wav,O'Brien took off his coat and bared his right arm,1,non_native,l2_learner,arctic_a0494
l2_arctic,TLV,Vietnamese,M,train,ai-training/datasets/l2-arctic/raw/l2arctic_release_v5.0/TLV/wav/arctic_a0495.wav,He bore no grudges and had few enemies,1,non_native,l2_learner,arctic_a0495
l2_arctic,TLV,Vietnamese,M,train,ai-training/datasets/l2-arctic/raw/l2arctic_release_v5.0/TLV/wav/arctic_a0496.wav,And Tom King patiently endured,1,non_native,l2_learner,arctic_a0496
l2_arctic,TLV,Vietnamese,M,train,ai-training/datasets/l2-arctic/raw/l2arctic_release_v5.0/TLV/wav/arctic_a0497.wav,King took every advantage he knew,1,non_native,l2_learner,arctic_a0497
l2_arctic,TLV,Vietnamese,M,train,ai-training/datasets/l2-arctic/raw/l2arctic_release_v5.0/TLV/wav/arctic_a0498.wav,The lines were now very taut,1,non_native,l2_learner,arctic_a0498
l2_arctic,TLV,Vietnamese,M,train,ai-training/datasets/l2-arctic/raw/l2arctic_release_v5.0/TLV/wav/arctic_a0499.wav,And right there I saw and knew it all,1,non_native,l2_learner,arctic_a0499
l2_arctic,TLV,Vietnamese,M,train,ai-training/datasets/l2-arctic/raw/l2arctic_release_v5.0/TLV/wav/arctic_a0500.wav,Who the devil gave it to you to be judge and jury,1,non_native,l2_learner,arctic_a0500
l2_arctic,TLV,Vietnamese,M,train,ai-training/datasets/l2-arctic/raw/l2arctic_release_v5.0/TLV/wav/arctic_a0501.wav,You're joking me sir the other managed to articulate,1,non_native,l2_learner,arctic_a0501
l2_arctic,TLV,Vietnamese,M,train,ai-training/datasets/l2-arctic/raw/l2arctic_release_v5.0/TLV/wav/arctic_a0502.wav,Anything unusual or abnormal was sufficient to send a fellow to Molokai,1,non_native,l2_learner,arctic_a0502
l2_arctic,TLV,Vietnamese,M,train,ai-training/datasets/l2-arctic/raw/l2arctic_release_v5.0/TLV/wav/arctic_a0503.wav,His beady black eyes saw bargains where other men saw bankruptcy,1,non_native,l2_learner,arctic_a0503
l2_arctic,TLV,Vietnamese,M,train,ai-training/datasets/l2-arctic/raw/l2arctic_release_v5.0/TLV/wav/arctic_a0504.wav,He was an athlete and a giant,1,non_native,l2_learner,arctic_a0504
l2_arctic,TLV,Vietnamese,M,train,ai-training/datasets/l2-arctic/raw/l2arctic_release_v5.0/TLV/wav/arctic_a0505.wav,We fished sharks on Niihau together,1,non_native,l2_learner,arctic_a0505
l2_arctic,TLV,Vietnamese,M,train,ai-training/datasets/l2-arctic/raw/l2arctic_release_v5.0/TLV/wav/arctic_a0506.wav,The Claudine was leaving next morning for Honolulu,1,non_native,l2_learner,arctic_a0506
l2_arctic,TLV,Vietnamese,M,train,ai-training/datasets/l2-arctic/raw/l2arctic_release_v5.0/TLV/wav/arctic_a0507.wav,In short my joyous individualism was dominated by the orthodox bourgeois ethics,1,non_native,l2_learner,arctic_a0507
l2_arctic,TLV,Vietnamese,M,train,ai-training/datasets/l2-arctic/raw/l2arctic_release_v5.0/TLV/wav/arctic_a0508.wav,Soon shall it be thrust back from off prostrate humanity,1,non_native,l2_learner,arctic_a0508
l2_arctic,TLV,Vietnamese,M,train,ai-training/datasets/l2-arctic/raw/l2arctic_release_v5.0/TLV/wav/arctic_a0509.wav,Yet in accordance with Ernest's test of truth it worked,1,non_native,l2_learner,arctic_a0509
l2_arctic,TLV,Vietnamese,M,train,ai-training/datasets/l2-arctic/raw/l2arctic_release_v5.0/TLV/wav/arctic_a0510.wav,Much more Ernest told them of themselves and of his disillusionment,1,non_native,l2_learner,arctic_a0510
l2_arctic,TLV,Vietnamese,M,train,ai-training/datasets/l2-arctic/raw/l2arctic_release_v5.0/TLV/wav/arctic_a0511.wav,There is more behind this than a mere university ideal,1,non_native,l2_learner,arctic_a0511
l2_arctic,TLV,Vietnamese,M,train,ai-training/datasets/l2-arctic/raw/l2arctic_release_v5.0/TLV/wav/arctic_a0512.wav,No it is a palace wherein there are many servants,1,non_native,l2_learner,arctic_a0512
l2_arctic,TLV,Vietnamese,M,train,ai-training/datasets/l2-arctic/raw/l2arctic_release_v5.0/TLV/wav/arctic_a0513.wav,We must give ourselves and not our money alone,1,non_native,l2_learner,arctic_a0513
l2_arctic,TLV,Vietnamese,M,train,ai-training/datasets/l2-arctic/raw/l2arctic_release_v5.0/TLV/wav/arctic_a0514.wav,We are consumed in our own flesh pots,1,non_native,l2_learner,arctic_a0514
l2_arctic,TLV,Vietnamese,M,train,ai-training/datasets/l2-arctic/raw/l2arctic_release_v5.0/TLV/wav/arctic_a0515.wav,But here amongst ourselves let us speak out,1,non_native,l2_learner,arctic_a0515
l2_arctic,TLV,Vietnamese,M,train,ai-training/datasets/l2-arctic/raw/l2arctic_release_v5.0/TLV/wav/arctic_a0516.wav,Also there was awe in their faces,1,non_native,l2_learner,arctic_a0516
l2_arctic,TLV,Vietnamese,M,train,ai-training/datasets/l2-arctic/raw/l2arctic_release_v5.0/TLV/wav/arctic_a0517.wav,Out of abstractions Ernest had conjured a vision and made them see it,1,non_native,l2_learner,arctic_a0517
l2_arctic,TLV,Vietnamese,M,train,ai-training/datasets/l2-arctic/raw/l2arctic_release_v5.0/TLV/wav/arctic_a0518.wav,Illuminating oil was becoming all profit,1,non_native,l2_learner,arctic_a0518
l2_arctic,TLV,Vietnamese,M,train,ai-training/datasets/l2-arctic/raw/l2arctic_release_v5.0/TLV/wav/arctic_a0519.wav,Such an act was in direct violation of the laws of the land,1,non_native,l2_learner,arctic_a0519
l2_arctic,TLV,Vietnamese,M,train,ai-training/datasets/l2-arctic/raw/l2arctic_release_v5.0/TLV/wav/arctic_a0520.wav,He was fond of quoting a fragment from a certain poem,1,non_native,l2_learner,arctic_a0520
l2_arctic,TLV,Vietnamese,M,train,ai-training/datasets/l2-arctic/raw/l2arctic_release_v5.0/TLV/wav/arctic_a0521.wav,Without them he could not run his empire,1,non_native,l2_learner,arctic_a0521
l2_arctic,TLV,Vietnamese,M,train,ai-training/datasets/l2-arctic/raw/l2arctic_release_v5.0/TLV/wav/arctic_a0522.wav,For such countries nothing remained but reorganization,1,non_native,l2_learner,arctic_a0522
l2_arctic,TLV,Vietnamese,M,train,ai-training/datasets/l2-arctic/raw/l2arctic_release_v5.0/TLV/wav/arctic_a0523.wav,They could not continue their method of producing surpluses,1,non_native,l2_learner,arctic_a0523
l2_arctic,TLV,Vietnamese,M,train,ai-training/datasets/l2-arctic/raw/l2arctic_release_v5.0/TLV/wav/arctic_a0524.wav,At once would be instituted a dozen cooperative commonwealth states,1,non_native,l2_learner,arctic_a0524
l2_arctic,TLV,Vietnamese,M,train,ai-training/datasets/l2-arctic/raw/l2arctic_release_v5.0/TLV/wav/arctic_a0525.wav,The Oligarchy wanted violence and it set its agents provocateurs to work,1,non_native,l2_learner,arctic_a0525
l2_arctic,TLV,Vietnamese,M,train,ai-training/datasets/l2-arctic/raw/l2arctic_release_v5.0/TLV/wav/arctic_a0526.wav,Nowhere did the raw earth appear,1,non_native,l2_learner,arctic_a0526
l2_arctic,TLV,Vietnamese,M,train,ai-training/datasets/l2-arctic/raw/l2arctic_release_v5.0/TLV/wav/arctic_a0527.wav,The lush vegetation of that sheltered spot make a natural shield,1,non_native,l2_learner,arctic_a0527
l2_arctic,TLV,Vietnamese,M,train,ai-training/datasets/l2-arctic/raw/l2arctic_release_v5.0/TLV/wav/arctic_a0528.wav,Men who endure it call it living death,1,non_native,l2_learner,arctic_a0528
l2_arctic,TLV,Vietnamese,M,train,ai-training/datasets/l2-arctic/raw/l2arctic_release_v5.0/TLV/wav/arctic_a0529.wav,As I say he had tapped the message very rapidly,1,non_native,l2_learner,arctic_a0529
l2_arctic,TLV,Vietnamese,M,train,ai-training/datasets/l2-arctic/raw/l2arctic_release_v5.0/TLV/wav/arctic_a0530.wav,Ask him I laughed then turned to Pasquini,1,non_native,l2_learner,arctic_a0530
l2_arctic,TLV,Vietnamese,M,train,ai-training/datasets/l2-arctic/raw/l2arctic_release_v5.0/TLV/wav/arctic_a0531.wav,In what bucolic school of fence he had been taught was beyond imagining,1,non_native,l2_learner,arctic_a0531
l2_arctic,TLV,Vietnamese,M,train,ai-training/datasets/l2-arctic/raw/l2arctic_release_v5.0/TLV/wav/arctic_a0532.wav,May drought destroy your crops,1,non_native,l2_learner,arctic_a0532
l2_arctic,TLV,Vietnamese,M,train,ai-training/datasets/l2-arctic/raw/l2arctic_release_v5.0/TLV/wav/arctic_a0533.wav,Dunham can your boy go along with Jesse,1,non_native,l2_learner,arctic_a0533
l2_arctic,TLV,Vietnamese,M,train,ai-training/datasets/l2-arctic/raw/l2arctic_release_v5.0/TLV/wav/arctic_a0534.wav,But Johannes could and did,1,non_native,l2_learner,arctic_a0534
l2_arctic,TLV,Vietnamese,M,train,ai-training/datasets/l2-arctic/raw/l2arctic_release_v5.0/TLV/wav/arctic_a0535.wav,A new preacher and a new doctrine come to Jerusalem,1,non_native,l2_learner,arctic_a0535
l2_arctic,TLV,Vietnamese,M,train,ai-training/datasets/l2-arctic/raw/l2arctic_release_v5.0/TLV/wav/arctic_a0536.wav,He would destroy all things that are fixed,1,non_native,l2_learner,arctic_a0536
l2_arctic,TLV,Vietnamese,M,train,ai-training/datasets/l2-arctic/raw/l2arctic_release_v5.0/TLV/wav/arctic_a0537.wav,He was an enthusiast and a desert dweller,1,non_native,l2_learner,arctic_a0537
l2_arctic,TLV,Vietnamese,M,train,ai-training/datasets/l2-arctic/raw/l2arctic_release_v5.0/TLV/wav/arctic_a0538.wav,What Pascal glimpsed with the vision of a seer I have lived,1,non_native,l2_learner,arctic_a0538
l2_arctic,TLV,Vietnamese,M,train,ai-training/datasets/l2-arctic/raw/l2arctic_release_v5.0/TLV/wav/arctic_a0539.wav,I should like to engage just for one whole life in that,1,non_native,l2_learner,arctic_a0539
l2_arctic,TLV,Vietnamese,M,train,ai-training/datasets/l2-arctic/raw/l2arctic_release_v5.0/TLV/wav/arctic_a0540.wav,Yea so are all the lesser animals of today clean,1,non_native,l2_learner,arctic_a0540
l2_arctic,TLV,Vietnamese,M,train,ai-training/datasets/l2-arctic/raw/l2arctic_release_v5.0/TLV/wav/arctic_a0541.wav,The Warden with a quart of champagne,1,non_native,l2_learner,arctic_a0541
l2_arctic,TLV,Vietnamese,M,train,ai-training/datasets/l2-arctic/raw/l2arctic_release_v5.0/TLV/wav/arctic_a0542.wav,Without a doubt some of them have dinner engagements,1,non_native,l2_learner,arctic_a0542
l2_arctic,TLV,Vietnamese,M,train,ai-training/datasets/l2-arctic/raw/l2arctic_release_v5.0/TLV/wav/arctic_a0543.wav,I had been born with no organic chemical predisposition toward alcohol,1,non_native,l2_learner,arctic_a0543
l2_arctic,TLV,Vietnamese,M,train,ai-training/datasets/l2-arctic/raw/l2arctic_release_v5.0/TLV/wav/arctic_a0544.wav,He may anticipate the day of his death,1,non_native,l2_learner,arctic_a0544
l2_arctic,TLV,Vietnamese,M,train,ai-training/datasets/l2-arctic/raw/l2arctic_release_v5.0/TLV/wav/arctic_a0545.wav,The Italian rancho was a bachelor establishment,1,non_native,l2_learner,arctic_a0545
l2_arctic,TLV,Vietnamese,M,train,ai-training/datasets/l2-arctic/raw/l2arctic_release_v5.0/TLV/wav/arctic_a0546.wav,I lost my balance and pitched head foremost into the ooze,1,non_native,l2_learner,arctic_a0546
l2_arctic,TLV,Vietnamese,M,train,ai-training/datasets/l2-arctic/raw/l2arctic_release_v5.0/TLV/wav/arctic_a0547.wav,Men like Joe Goose dated existence from drunk to drunk,1,non_native,l2_learner,arctic_a0547
l2_arctic,TLV,Vietnamese,M,train,ai-training/datasets/l2-arctic/raw/l2arctic_release_v5.0/TLV/wav/arctic_a0548.wav,Also churches and preachers I had never known,1,non_native,l2_learner,arctic_a0548
l2_arctic,TLV,Vietnamese,M,train,ai-training/datasets/l2-arctic/raw/l2arctic_release_v5.0/TLV/wav/arctic_a0549.wav,Do you know that we weigh every pound of coal we burn,1,non_native,l2_learner,arctic_a0549
l2_arctic,TLV,Vietnamese,M,train,ai-training/datasets/l2-arctic/raw/l2arctic_release_v5.0/TLV/wav/arctic_a0550.wav,This also became part of the daily schedule,1,non_native,l2_learner,arctic_a0550
l2_arctic,TLV,Vietnamese,M,train,ai-training/datasets/l2-arctic/raw/l2arctic_release_v5.0/TLV/wav/arctic_a0551.wav,All an appearance can know is mirage,1,non_native,l2_learner,arctic_a0551
l2_arctic,TLV,Vietnamese,M,train,ai-training/datasets/l2-arctic/raw/l2arctic_release_v5.0/TLV/wav/arctic_a0552.wav,Yet he dreams he is immortal I argue feebly,1,non_native,l2_learner,arctic_a0552
l2_arctic,TLV,Vietnamese,M,train,ai-training/datasets/l2-arctic/raw/l2arctic_release_v5.0/TLV/wav/arctic_a0553.wav,I am writing these lines in Honolulu Hawaii,1,non_native,l2_learner,arctic_a0553
l2_arctic,TLV,Vietnamese,M,train,ai-training/datasets/l2-arctic/raw/l2arctic_release_v5.0/TLV/wav/arctic_a0554.wav,Jack London Waikiki Beach Honolulu Oahu,1,non_native,l2_learner,arctic_a0554
l2_arctic,TLV,Vietnamese,M,train,ai-training/datasets/l2-arctic/raw/l2arctic_release_v5.0/TLV/wav/arctic_a0555.wav,Jerry was so secure in his nook that he did not roll away,1,non_native,l2_learner,arctic_a0555
l2_arctic,TLV,Vietnamese,M,train,ai-training/datasets/l2-arctic/raw/l2arctic_release_v5.0/TLV/wav/arctic_a0556.wav,Why he's bought forty pounds of goods from you already,1,non_native,l2_learner,arctic_a0556
l2_arctic,TLV,Vietnamese,M,train,ai-training/datasets/l2-arctic/raw/l2arctic_release_v5.0/TLV/wav/arctic_a0557.wav,The last refugee had passed,1,non_native,l2_learner,arctic_a0557
l2_arctic,TLV,Vietnamese,M,train,ai-training/datasets/l2-arctic/raw/l2arctic_release_v5.0/TLV/wav/arctic_a0558.wav,And the foundation stone of service in his case was obedience,1,non_native,l2_learner,arctic_a0558
l2_arctic,TLV,Vietnamese,M,train,ai-training/datasets/l2-arctic/raw/l2arctic_release_v5.0/TLV/wav/arctic_a0559.wav,Peace be unto you and grace before the Lord,1,non_native,l2_learner,arctic_a0559
l2_arctic,TLV,Vietnamese,M,train,ai-training/datasets/l2-arctic/raw/l2arctic_release_v5.0/TLV/wav/arctic_a0560.wav,His mouth opened words shaped vainly on his lips,1,non_native,l2_learner,arctic_a0560
l2_arctic,TLV,Vietnamese,M,train,ai-training/datasets/l2-arctic/raw/l2arctic_release_v5.0/TLV/wav/arctic_a0561.wav,Bill lingered contemplating his work with artistic appreciation,1,non_native,l2_learner,arctic_a0561
l2_arctic,TLV,Vietnamese,M,train,ai-training/datasets/l2-arctic/raw/l2arctic_release_v5.0/TLV/wav/arctic_a0562.wav,What the flaming,1,non_native,l2_learner,arctic_a0562
l2_arctic,TLV,Vietnamese,M,train,ai-training/datasets/l2-arctic/raw/l2arctic_release_v5.0/TLV/wav/arctic_a0563.wav,Missus McFee's jaws brought together with a snap,1,non_native,l2_learner,arctic_a0563
l2_arctic,TLV,Vietnamese,M,train,ai-training/datasets/l2-arctic/raw/l2arctic_release_v5.0/TLV/wav/arctic_a0564.wav,Then it is as I said Womble announced with finality,1,non_native,l2_learner,arctic_a0564
l2_arctic,TLV,Vietnamese,M,train,ai-training/datasets/l2-arctic/raw/l2arctic_release_v5.0/TLV/wav/arctic_a0565.wav,With them were Indians also three other men,1,non_native,l2_learner,arctic_a0565
l2_arctic,TLV,Vietnamese,M,train,ai-training/datasets/l2-arctic/raw/l2arctic_release_v5.0/TLV/wav/arctic_a0566.wav,Dennin's hands were released long enough for him to sign the document,1,non_native,l2_learner,arctic_a0566
l2_arctic,TLV,Vietnamese,M,train,ai-training/datasets/l2-arctic/raw/l2arctic_release_v5.0/TLV/wav/arctic_a0567.wav,Now Irvine was a man of impulse a poet,1,non_native,l2_learner,arctic_a0567
l2_arctic,TLV,Vietnamese,M,train,ai-training/datasets/l2-arctic/raw/l2arctic_release_v5.0/TLV/wav/arctic_a0568.wav,He was just bursting with joy joy over what,1,non_native,l2_learner,arctic_a0568
l2_arctic,TLV,Vietnamese,M,train,ai-training/datasets/l2-arctic/raw/l2arctic_release_v5.0/TLV/wav/arctic_a0569.wav,At Lake Linderman I had one canoe very good Peterborough canoe,1,non_native,l2_learner,arctic_a0569
l2_arctic,TLV,Vietnamese,M,train,ai-training/datasets/l2-arctic/raw/l2arctic_release_v5.0/TLV/wav/arctic_a0570.wav,Behind him lay the thousand years long road across all Siberia and Russia,1,non_native,l2_learner,arctic_a0570
l2_arctic,TLV,Vietnamese,M,train,ai-training/datasets/l2-arctic/raw/l2arctic_release_v5.0/TLV/wav/arctic_a0571.wav,He had forgotten to build a fire and thaw out,1,non_native,l2_learner,arctic_a0571
l2_arctic,TLV,Vietnamese,M,train,ai-training/datasets/l2-arctic/raw/l2arctic_release_v5.0/TLV/wav/arctic_a0572.wav,I never saw anything like her in my life,1,non_native,l2_learner,arctic_a0572
l2_arctic,TLV,Vietnamese,M,train,ai-training/datasets/l2-arctic/raw/l2arctic_release_v5.0/TLV/wav/arctic_a0573.wav,There was no law on the Yukon save what they made for themselves,1,non_native,l2_learner,arctic_a0573
l2_arctic,TLV,Vietnamese,M,train,ai-training/datasets/l2-arctic/raw/l2arctic_release_v5.0/TLV/wav/arctic_a0574.wav,Good business man Curly O'Brien was saying,1,non_native,l2_learner,arctic_a0574
l2_arctic,TLV,Vietnamese,M,train,ai-training/datasets/l2-arctic/raw/l2arctic_release_v5.0/TLV/wav/arctic_a0575.wav,There weren't any missions and he was the man to know,1,non_native,l2_learner,arctic_a0575
l2_arctic,TLV,Vietnamese,M,train,ai-training/datasets/l2-arctic/raw/l2arctic_release_v5.0/TLV/wav/arctic_a0576.wav,And the big Persian knew of his existence before he did of hers,1,non_native,l2_learner,arctic_a0576
l2_arctic,TLV,Vietnamese,M,train,ai-training/datasets/l2-arctic/raw/l2arctic_release_v5.0/TLV/wav/arctic_a0577.wav,Once the jews harp began emitting its barbaric rhythms Michael was helpless,1,non_native,l2_learner,arctic_a0577
l2_arctic,TLV,Vietnamese,M,train,ai-training/datasets/l2-arctic/raw/l2arctic_release_v5.0/TLV/wav/arctic_a0578.wav,But we'll just postpone this,1,non_native,l2_learner,arctic_a0578
l2_arctic,TLV,Vietnamese,M,train,ai-training/datasets/l2-arctic/raw/l2arctic_release_v5.0/TLV/wav/arctic_a0579.wav,There was the Emma Louisa,1,non_native,l2_learner,arctic_a0579
l2_arctic,TLV,Vietnamese,M,train,ai-training/datasets/l2-arctic/raw/l2arctic_release_v5.0/TLV/wav/arctic_a0580.wav,This is my fifth voyage,1,non_native,l2_learner,arctic_a0580
l2_arctic,TLV,Vietnamese,M,train,ai-training/datasets/l2-arctic/raw/l2arctic_release_v5.0/TLV/wav/arctic_a0581.wav,It was this proposition that started the big idea in Daughtry's mind,1,non_native,l2_learner,arctic_a0581
l2_arctic,TLV,Vietnamese,M,train,ai-training/datasets/l2-arctic/raw/l2arctic_release_v5.0/TLV/wav/arctic_a0582.wav,Daughtry elaborated on the counting trick by bringing Cocky along,1,non_native,l2_learner,arctic_a0582
l2_arctic,TLV,Vietnamese,M,train,ai-training/datasets/l2-arctic/raw/l2arctic_release_v5.0/TLV/wav/arctic_a0583.wav,Enjoy it he did but principally for Steward's sake,1,non_native,l2_learner,arctic_a0583
l2_arctic,TLV,Vietnamese,M,train,ai-training/datasets/l2-arctic/raw/l2arctic_release_v5.0/TLV/wav/arctic_a0584.wav,I have long noted your thirst unquenchable,1,non_native,l2_learner,arctic_a0584
l2_arctic,TLV,Vietnamese,M,train,ai-training/datasets/l2-arctic/raw/l2arctic_release_v5.0/TLV/wav/arctic_a0585.wav,Wonder if he's a lion dog Charles suggested,1,non_native,l2_learner,arctic_a0585
l2_arctic,TLV,Vietnamese,M,train,ai-training/datasets/l2-arctic/raw/l2arctic_release_v5.0/TLV/wav/arctic_a0586.wav,We don't see ourselves as foolish,1,non_native,l2_learner,arctic_a0586
l2_arctic,TLV,Vietnamese,M,train,ai-training/datasets/l2-arctic/raw/l2arctic_release_v5.0/TLV/wav/arctic_a0587.wav,He had comparatively no advantages at first,1,non_native,l2_learner,arctic_a0587
l2_arctic,TLV,Vietnamese,M,train,ai-training/datasets/l2-arctic/raw/l2arctic_release_v5.0/TLV/wav/arctic_a0588.wav,He had proved it today with his amateurish and sophomoric productions,1,non_native,l2_learner,arctic_a0588
l2_arctic,TLV,Vietnamese,M,train,ai-training/datasets/l2-arctic/raw/l2arctic_release_v5.0/TLV/wav/arctic_a0589.wav,I was sick once typhoid,1,non_native,l2_learner,arctic_a0589
l2_arctic,TLV,Vietnamese,M,train,ai-training/datasets/l2-arctic/raw/l2arctic_release_v5.0/TLV/wav/arctic_a0590.wav,In a way he is my protege,1,non_native,l2_learner,arctic_a0590
l2_arctic,TLV,Vietnamese,M,train,ai-training/datasets/l2-arctic/raw/l2arctic_release_v5.0/TLV/wav/arctic_a0591.wav,We are both children together,1,non_native,l2_learner,arctic_a0591
l2_arctic,TLV,Vietnamese,M,train,ai-training/datasets/l2-arctic/raw/l2arctic_release_v5.0/TLV/wav/arctic_a0592.wav,It's only his indigestion I find fault with,1,non_native,l2_learner,arctic_a0592
l2_arctic,TLV,Vietnamese,M,train,ai-training/datasets/l2-arctic/raw/l2arctic_release_v5.0/TLV/wav/arctic_a0593.wav,She'd make a good wife for the cashier,1,non_native,l2_learner,arctic_a0593
l2_arctic,TLV,Vietnamese,M,train,ai-training/datasets/l2-arctic/raw/l2arctic_release_v5.0/TLV/wav/arctic_b0001.wav,Gad do I remember it,1,non_native,l2_learner,arctic_b0001
l2_arctic,TLV,Vietnamese,M,train,ai-training/datasets/l2-arctic/raw/l2arctic_release_v5.0/TLV/wav/arctic_b0002.wav,You got out by fighting and I through a pretty girl,1,non_native,l2_learner,arctic_b0002
l2_arctic,TLV,Vietnamese,M,train,ai-training/datasets/l2-arctic/raw/l2arctic_release_v5.0/TLV/wav/arctic_b0003.wav,I can see that knife now,1,non_native,l2_learner,arctic_b0003
l2_arctic,TLV,Vietnamese,M,train,ai-training/datasets/l2-arctic/raw/l2arctic_release_v5.0/TLV/wav/arctic_b0004.wav,When I can't see beauty in woman I want to die,1,non_native,l2_learner,arctic_b0004
l2_arctic,TLV,Vietnamese,M,train,ai-training/datasets/l2-arctic/raw/l2arctic_release_v5.0/TLV/wav/arctic_b0005.wav,His slim fingers closed like steel about Philip's,1,non_native,l2_learner,arctic_b0005
l2_arctic,TLV,Vietnamese,M,train,ai-training/datasets/l2-arctic/raw/l2arctic_release_v5.0/TLV/wav/arctic_b0006.wav,He seized Gregson by the arm and led him to the door,1,non_native,l2_learner,arctic_b0006
l2_arctic,TLV,Vietnamese,M,train,ai-training/datasets/l2-arctic/raw/l2arctic_release_v5.0/TLV/wav/arctic_b0007.wav,Hear the Indian dogs wailing down at Churchill,1,non_native,l2_learner,arctic_b0007
l2_arctic,TLV,Vietnamese,M,train,ai-training/datasets/l2-arctic/raw/l2arctic_release_v5.0/TLV/wav/arctic_b0008.wav,Burke himself had criticized it because of the smile,1,non_native,l2_learner,arctic_b0008
l2_arctic,TLV,Vietnamese,M,train,ai-training/datasets/l2-arctic/raw/l2arctic_release_v5.0/TLV/wav/arctic_b0009.wav,I'd say there was going to be a glorious scrap,1,non_native,l2_learner,arctic_b0009
l2_arctic,TLV,Vietnamese,M,train,ai-training/datasets/l2-arctic/raw/l2arctic_release_v5.0/TLV/wav/arctic_b0010.wav,He turned the map to Gregson pointing with his finger,1,non_native,l2_learner,arctic_b0010
l2_arctic,TLV,Vietnamese,M,train,ai-training/datasets/l2-arctic/raw/l2arctic_release_v5.0/TLV/wav/arctic_b0011.wav,His eyes never took themselves for an instant from his companion's face,1,non_native,l2_learner,arctic_b0011
l2_arctic,TLV,Vietnamese,M,train,ai-training/datasets/l2-arctic/raw/l2arctic_release_v5.0/TLV/wav/arctic_b0012.wav,Something that Whittemore had not yet said thrilled him,1,non_native,l2_learner,arctic_b0012
l2_arctic,TLV,Vietnamese,M,train,ai-training/datasets/l2-arctic/raw/l2arctic_release_v5.0/TLV/wav/arctic_b0013.wav,Lakes and rivers hundreds of them thousands of them,1,non_native,l2_learner,arctic_b0013
l2_arctic,TLV,Vietnamese,M,train,ai-training/datasets/l2-arctic/raw/l2arctic_release_v5.0/TLV/wav/arctic_b0014.wav,Whitefish Gregson whitefish and trout,1,non_native,l2_learner,arctic_b0014
l2_arctic,TLV,Vietnamese,M,train,ai-training/datasets/l2-arctic/raw/l2arctic_release_v5.0/TLV/wav/arctic_b0015.wav,They robbed me a few years later,1,non_native,l2_learner,arctic_b0015
l2_arctic,TLV,Vietnamese,M,train,ai-training/datasets/l2-arctic/raw/l2arctic_release_v5.0/TLV/wav/arctic_b0016.wav,He chuckled as he pulled out his pipe and began filling it,1,non_native,l2_learner,arctic_b0016
l2_arctic,TLV,Vietnamese,M,train,ai-training/datasets/l2-arctic/raw/l2arctic_release_v5.0/TLV/wav/arctic_b0017.wav,Everything was working smoothly better than I had expected,1,non_native,l2_learner,arctic_b0017
l2_arctic,TLV,Vietnamese,M,train,ai-training/datasets/l2-arctic/raw/l2arctic_release_v5.0/TLV/wav/arctic_b0018.wav,I was completely lost in my work,1,non_native,l2_learner,arctic_b0018
l2_arctic,TLV,Vietnamese,M,train,ai-training/datasets/l2-arctic/raw/l2arctic_release_v5.0/TLV/wav/arctic_b0019.wav,His slim hands gripped the edges of the table,1,non_native,l2_learner,arctic_b0019
l2_arctic,TLV,Vietnamese,M,train,ai-training/datasets/l2-arctic/raw/l2arctic_release_v5.0/TLV/wav/arctic_b0020.wav,He made no reply as he waited for Whittemore to continue,1,non_native,l2_learner,arctic_b0020
l2_arctic,TLV,Vietnamese,M,train,ai-training/datasets/l2-arctic/raw/l2arctic_release_v5.0/TLV/wav/arctic_b0021.wav,Philip dropped back into his chair,1,non_native,l2_learner,arctic_b0021
l2_arctic,TLV,Vietnamese,M,train,ai-training/datasets/l2-arctic/raw/l2arctic_release_v5.0/TLV/wav/arctic_b0022.wav,If I was out of the game it would be easily made,1,non_native,l2_learner,arctic_b0022
l2_arctic,TLV,Vietnamese,M,train,ai-training/datasets/l2-arctic/raw/l2arctic_release_v5.0/TLV/wav/arctic_b0023.wav,MacDougall my engineer believes it,1,non_native,l2_learner,arctic_b0023
l2_arctic,TLV,Vietnamese,M,train,ai-training/datasets/l2-arctic/raw/l2arctic_release_v5.0/TLV/wav/arctic_b0024.wav,It is growing every day every hour,1,non_native,l2_learner,arctic_b0024
l2_arctic,TLV,Vietnamese,M,train,ai-training/datasets/l2-arctic/raw/l2arctic_release_v5.0/TLV/wav/arctic_b0025.wav,Now you understand,1,non_native,l2_learner,arctic_b0025
l2_arctic,TLV,Vietnamese,M,train,ai-training/datasets/l2-arctic/raw/l2arctic_release_v5.0/TLV/wav/arctic_b0026.wav,You have associated with some of these men,1,non_native,l2_learner,arctic_b0026
l2_arctic,TLV,Vietnamese,M,train,ai-training/datasets/l2-arctic/raw/l2arctic_release_v5.0/TLV/wav/arctic_b0027.wav,And there's no chivalry no quarter shown in this fight,1,non_native,l2_learner,arctic_b0027
l2_arctic,TLV,Vietnamese,M,train,ai-training/datasets/l2-arctic/raw/l2arctic_release_v5.0/TLV/wav/arctic_b0028.wav,Lord Fitzhugh is the key to the whole situation,1,non_native,l2_learner,arctic_b0028
l2_arctic,TLV,Vietnamese,M,train,ai-training/datasets/l2-arctic/raw/l2arctic_release_v5.0/TLV/wav/arctic_b0029.wav,All operations have been carried on from Montreal and Toronto,1,non_native,l2_learner,arctic_b0029
l2_arctic,TLV,Vietnamese,M,train,ai-training/datasets/l2-arctic/raw/l2arctic_release_v5.0/TLV/wav/arctic_b0030.wav,Gregson held a lighted match until it burnt his fingertips,1,non_native,l2_learner,arctic_b0030
l2_arctic,TLV,Vietnamese,M,train,ai-training/datasets/l2-arctic/raw/l2arctic_release_v5.0/TLV/wav/arctic_b0031.wav,Gregson had seated himself under the lamp and was sharpening a pencil,1,non_native,l2_learner,arctic_b0031
l2_arctic,TLV,Vietnamese,M,train,ai-training/datasets/l2-arctic/raw/l2arctic_release_v5.0/TLV/wav/arctic_b0032.wav,He caught himself with a jerk,1,non_native,l2_learner,arctic_b0032
l2_arctic,TLV,Vietnamese,M,train,ai-training/datasets/l2-arctic/raw/l2arctic_release_v5.0/TLV/wav/arctic_b0033.wav,How does your wager look now,1,non_native,l2_learner,arctic_b0033
l2_arctic,TLV,Vietnamese,M,train,ai-training/datasets/l2-arctic/raw/l2arctic_release_v5.0/TLV/wav/arctic_b0034.wav,He confessed that the sketch had startled him,1,non_native,l2_learner,arctic_b0034
l2_arctic,TLV,Vietnamese,M,train,ai-training/datasets/l2-arctic/raw/l2arctic_release_v5.0/TLV/wav/arctic_b0035.wav,After all the picture was only a resemblance,1,non_native,l2_learner,arctic_b0035
l2_arctic,TLV,Vietnamese,M,train,ai-training/datasets/l2-arctic/raw/l2arctic_release_v5.0/TLV/wav/arctic_b0036.wav,He wondered too where Roscoe was,1,non_native,l2_learner,arctic_b0036
l2_arctic,TLV,Vietnamese,M,train,ai-training/datasets/l2-arctic/raw/l2arctic_release_v5.0/TLV/wav/arctic_b0037.wav,Philip knew that she was not an Indian,1,non_native,l2_learner,arctic_b0037
l2_arctic,TLV,Vietnamese,M,train,ai-training/datasets/l2-arctic/raw/l2arctic_release_v5.0/TLV/wav/arctic_b0038.wav,In her haste to get away she had forgotten these things,1,non_native,l2_learner,arctic_b0038
l2_arctic,TLV,Vietnamese,M,train,ai-training/datasets/l2-arctic/raw/l2arctic_release_v5.0/TLV/wav/arctic_b0039.wav,Philip took a step toward Gregson half determined to awaken him,1,non_native,l2_learner,arctic_b0039
l2_arctic,TLV,Vietnamese,M,train,ai-training/datasets/l2-arctic/raw/l2arctic_release_v5.0/TLV/wav/arctic_b0040.wav,The thought set his blood tingling,1,non_native,l2_learner,arctic_b0040
l2_arctic,TLV,Vietnamese,M,train,ai-training/datasets/l2-arctic/raw/l2arctic_release_v5.0/TLV/wav/arctic_b0041.wav,But if Pierre did not return until tomorrow,1,non_native,l2_learner,arctic_b0041
l2_arctic,TLV,Vietnamese,M,train,ai-training/datasets/l2-arctic/raw/l2arctic_release_v5.0/TLV/wav/arctic_b0042.wav,Ten minutes had not elapsed since he had dropped the handkerchief,1,non_native,l2_learner,arctic_b0042
l2_arctic,TLV,Vietnamese,M,train,ai-training/datasets/l2-arctic/raw/l2arctic_release_v5.0/TLV/wav/arctic_b0043.wav,It won't be for sale,1,non_native,l2_learner,arctic_b0043
l2_arctic,TLV,Vietnamese,M,train,ai-training/datasets/l2-arctic/raw/l2arctic_release_v5.0/TLV/wav/arctic_b0044.wav,For a few moments he ate in silence,1,non_native,l2_learner,arctic_b0044
l2_arctic,TLV,Vietnamese,M,train,ai-training/datasets/l2-arctic/raw/l2arctic_release_v5.0/TLV/wav/arctic_b0045.wav,Philip did not pursue the subject,1,non_native,l2_learner,arctic_b0045
l2_arctic,TLV,Vietnamese,M,train,ai-training/datasets/l2-arctic/raw/l2arctic_release_v5.0/TLV/wav/arctic_b0046.wav,Philip produced a couple of cigars and took a chair opposite him,1,non_native,l2_learner,arctic_b0046
l2_arctic,TLV,Vietnamese,M,train,ai-training/datasets/l2-arctic/raw/l2arctic_release_v5.0/TLV/wav/arctic_b0047.wav,Suppose you saw me at work through the window,1,non_native,l2_learner,arctic_b0047
l2_arctic,TLV,Vietnamese,M,train,ai-training/datasets/l2-arctic/raw/l2arctic_release_v5.0/TLV/wav/arctic_b0048.wav,He looked like one who had passed through an uncomfortable hour or two,1,non_native,l2_learner,arctic_b0048
l2_arctic,TLV,Vietnamese,M,train,ai-training/datasets/l2-arctic/raw/l2arctic_release_v5.0/TLV/wav/arctic_b0049.wav,There was nothing more except a large ink blot under the words,1,non_native,l2_learner,arctic_b0049
l2_arctic,TLV,Vietnamese,M,train,ai-training/datasets/l2-arctic/raw/l2arctic_release_v5.0/TLV/wav/arctic_b0050.wav,All this day Gregson remained in the cabin,1,non_native,l2_learner,arctic_b0050
l2_arctic,TLV,Vietnamese,M,train,ai-training/datasets/l2-arctic/raw/l2arctic_release_v5.0/TLV/wav/arctic_b0051.wav,The sixth day he spent in the cabin with Gregson,1,non_native,l2_learner,arctic_b0051
l2_arctic,TLV,Vietnamese,M,train,ai-training/datasets/l2-arctic/raw/l2arctic_release_v5.0/TLV/wav/arctic_b0052.wav,The flush was gone from her face,1,non_native,l2_learner,arctic_b0052
l2_arctic,TLV,Vietnamese,M,train,ai-training/datasets/l2-arctic/raw/l2arctic_release_v5.0/TLV/wav/arctic_b0053.wav,That is why I am am rattled he laughed,1,non_native,l2_learner,arctic_b0053
l2_arctic,TLV,Vietnamese,M,train,ai-training/datasets/l2-arctic/raw/l2arctic_release_v5.0/TLV/wav/arctic_b0054.wav,He understood the meaning of the look,1,non_native,l2_learner,arctic_b0054
l2_arctic,TLV,Vietnamese,M,train,ai-training/datasets/l2-arctic/raw/l2arctic_release_v5.0/TLV/wav/arctic_b0055.wav,She was even more beautiful than when I saw her before,1,non_native,l2_learner,arctic_b0055
l2_arctic,TLV,Vietnamese,M,train,ai-training/datasets/l2-arctic/raw/l2arctic_release_v5.0/TLV/wav/arctic_b0056.wav,I'll give a thousand if you produce her retorted Gregson,1,non_native,l2_learner,arctic_b0056
l2_arctic,TLV,Vietnamese,M,train,ai-training/datasets/l2-arctic/raw/l2arctic_release_v5.0/TLV/wav/arctic_b0057.wav,They have won popular sentiment through the newspapers,1,non_native,l2_learner,arctic_b0057
l2_arctic,TLV,Vietnamese,M,train,ai-training/datasets/l2-arctic/raw/l2arctic_release_v5.0/TLV/wav/arctic_b0058.wav,We must achieve our own salvation,1,non_native,l2_learner,arctic_b0058
l2_arctic,TLV,Vietnamese,M,train,ai-training/datasets/l2-arctic/raw/l2arctic_release_v5.0/TLV/wav/arctic_b0059.wav,In moments of mental energy Philip was restless,1,non_native,l2_learner,arctic_b0059
l2_arctic,TLV,Vietnamese,M,train,ai-training/datasets/l2-arctic/raw/l2arctic_release_v5.0/TLV/wav/arctic_b0060.wav,He would keep his faith with Gregson for the promised day or two,1,non_native,l2_learner,arctic_b0060
l2_arctic,TLV,Vietnamese,M,train,ai-training/datasets/l2-arctic/raw/l2arctic_release_v5.0/TLV/wav/arctic_b0061.wav,Something about it seemed to fascinate him to challenge his presence,1,non_native,l2_learner,arctic_b0061
l2_arctic,TLV,Vietnamese,M,train,ai-training/datasets/l2-arctic/raw/l2arctic_release_v5.0/TLV/wav/arctic_b0062.wav,Now it was missing from the wall,1,non_native,l2_learner,arctic_b0062
l2_arctic,TLV,Vietnamese,M,train,ai-training/datasets/l2-arctic/raw/l2arctic_release_v5.0/TLV/wav/arctic_b0063.wav,He boiled himself some coffee and sat down to wait,1,non_native,l2_learner,arctic_b0063
l2_arctic,TLV,Vietnamese,M,train,ai-training/datasets/l2-arctic/raw/l2arctic_release_v5.0/TLV/wav/arctic_b0064.wav,I'm going down there with you and I'm going to fight,1,non_native,l2_learner,arctic_b0064
l2_arctic,TLV,Vietnamese,M,train,ai-training/datasets/l2-arctic/raw/l2arctic_release_v5.0/TLV/wav/arctic_b0065.wav,Now have you got anything to say against me Mister Philip,1,non_native,l2_learner,arctic_b0065
l2_arctic,TLV,Vietnamese,M,train,ai-training/datasets/l2-arctic/raw/l2arctic_release_v5.0/TLV/wav/arctic_b0066.wav,If I meet her again I shall apologize said Eileen,1,non_native,l2_learner,arctic_b0066
l2_arctic,TLV,Vietnamese,M,train,ai-training/datasets/l2-arctic/raw/l2arctic_release_v5.0/TLV/wav/arctic_b0067.wav,Below him the shadow was broken into a pool of rippling starlight,1,non_native,l2_learner,arctic_b0067
l2_arctic,TLV,Vietnamese,M,train,ai-training/datasets/l2-arctic/raw/l2arctic_release_v5.0/TLV/wav/arctic_b0068.wav,Only the chance sound had led him to observe them,1,non_native,l2_learner,arctic_b0068
l2_arctic,TLV,Vietnamese,M,train,ai-training/datasets/l2-arctic/raw/l2arctic_release_v5.0/TLV/wav/arctic_b0069.wav,Could the incident have anything to do with Jeanne and Pierre,1,non_native,l2_learner,arctic_b0069
l2_arctic,TLV,Vietnamese,M,train,ai-training/datasets/l2-arctic/raw/l2arctic_release_v5.0/TLV/wav/arctic_b0070.wav,There was no chance to fire without hitting him,1,non_native,l2_learner,arctic_b0070
l2_arctic,TLV,Vietnamese,M,train,ai-training/datasets/l2-arctic/raw/l2arctic_release_v5.0/TLV/wav/arctic_b0071.wav,There was no answer from the other side,1,non_native,l2_learner,arctic_b0071
l2_arctic,TLV,Vietnamese,M,train,ai-training/datasets/l2-arctic/raw/l2arctic_release_v5.0/TLV/wav/arctic_b0072.wav,Then he hastened on as Pierre had guided him,1,non_native,l2_learner,arctic_b0072
l2_arctic,TLV,Vietnamese,M,train,ai-training/datasets/l2-arctic/raw/l2arctic_release_v5.0/TLV/wav/arctic_b0073.wav,With these arguments he convinced himself that he should go on alone,1,non_native,l2_learner,arctic_b0073
l2_arctic,TLV,Vietnamese,M,train,ai-training/datasets/l2-arctic/raw/l2arctic_release_v5.0/TLV/wav/arctic_b0074.wav,Yet behind them there was another and more powerful motive,1,non_native,l2_learner,arctic_b0074
l2_arctic,TLV,Vietnamese,M,train,ai-training/datasets/l2-arctic/raw/l2arctic_release_v5.0/TLV/wav/arctic_b0075.wav,In that case he could not miss them if he used caution,1,non_native,l2_learner,arctic_b0075
l2_arctic,TLV,Vietnamese,M,train,ai-training/datasets/l2-arctic/raw/l2arctic_release_v5.0/TLV/wav/arctic_b0076.wav,Before Philip could recover himself Jeanne's startled guards were upon him,1,non_native,l2_learner,arctic_b0076
l2_arctic,TLV,Vietnamese,M,train,ai-training/datasets/l2-arctic/raw/l2arctic_release_v5.0/TLV/wav/arctic_b0077.wav,It is the nearest refuge,1,non_native,l2_learner,arctic_b0077
l2_arctic,TLV,Vietnamese,M,train,ai-training/datasets/l2-arctic/raw/l2arctic_release_v5.0/TLV/wav/arctic_b0078.wav,There was pride and strength the ring of triumph in his voice,1,non_native,l2_learner,arctic_b0078
l2_arctic,TLV,Vietnamese,M,train,ai-training/datasets/l2-arctic/raw/l2arctic_release_v5.0/TLV/wav/arctic_b0079.wav,The truth of it set Jeanne quivering,1,non_native,l2_learner,arctic_b0079
l2_arctic,TLV,Vietnamese,M,train,ai-training/datasets/l2-arctic/raw/l2arctic_release_v5.0/TLV/wav/arctic_b0080.wav,Tomorrow it will be strong enough for you to stand upon,1,non_native,l2_learner,arctic_b0080
l2_arctic,TLV,Vietnamese,M,train,ai-training/datasets/l2-arctic/raw/l2arctic_release_v5.0/TLV/wav/arctic_b0081.wav,You were going to leave after you saw me on the rock,1,non_native,l2_learner,arctic_b0081
l2_arctic,TLV,Vietnamese,M,train,ai-training/datasets/l2-arctic/raw/l2arctic_release_v5.0/TLV/wav/arctic_b0082.wav,He bit his tongue and cursed himself at this fresh break,1,non_native,l2_learner,arctic_b0082
l2_arctic,TLV,Vietnamese,M,train,ai-training/datasets/l2-arctic/raw/l2arctic_release_v5.0/TLV/wav/arctic_b0083.wav,In it there was something that was almost tragedy,1,non_native,l2_learner,arctic_b0083
l2_arctic,TLV,Vietnamese,M,train,ai-training/datasets/l2-arctic/raw/l2arctic_release_v5.0/TLV/wav/arctic_b0084.wav,Your face is red with blood,1,non_native,l2_learner,arctic_b0084
l2_arctic,TLV,Vietnamese,M,train,ai-training/datasets/l2-arctic/raw/l2arctic_release_v5.0/TLV/wav/arctic_b0085.wav,Her eyes smiled truth at him as he came up the bank,1,non_native,l2_learner,arctic_b0085
l2_arctic,TLV,Vietnamese,M,train,ai-training/datasets/l2-arctic/raw/l2arctic_release_v5.0/TLV/wav/arctic_b0086.wav,He can care for himself,1,non_native,l2_learner,arctic_b0086
l2_arctic,TLV,Vietnamese,M,train,ai-training/datasets/l2-arctic/raw/l2arctic_release_v5.0/TLV/wav/arctic_b0087.wav,They will search for us between their camp and Churchill,1,non_native,l2_learner,arctic_b0087
l2_arctic,TLV,Vietnamese,M,train,ai-training/datasets/l2-arctic/raw/l2arctic_release_v5.0/TLV/wav/arctic_b0088.wav,Until I die he exclaimed,1,non_native,l2_learner,arctic_b0088
l2_arctic,TLV,Vietnamese,M,train,ai-training/datasets/l2-arctic/raw/l2arctic_release_v5.0/TLV/wav/arctic_b0089.wav,Her beautiful hair was done up in shining coils,1,non_native,l2_learner,arctic_b0089
l2_arctic,TLV,Vietnamese,M,train,ai-training/datasets/l2-arctic/raw/l2arctic_release_v5.0/TLV/wav/arctic_b0090.wav,The Churchill narrowed and its current became swifter as they progressed,1,non_native,l2_learner,arctic_b0090
l2_arctic,TLV,Vietnamese,M,train,ai-training/datasets/l2-arctic/raw/l2arctic_release_v5.0/TLV/wav/arctic_b0091.wav,For a full half minute Jeanne looked at him without speaking,1,non_native,l2_learner,arctic_b0091
l2_arctic,TLV,Vietnamese,M,train,ai-training/datasets/l2-arctic/raw/l2arctic_release_v5.0/TLV/wav/arctic_b0092.wav,I want to die in it,1,non_native,l2_learner,arctic_b0092
l2_arctic,TLV,Vietnamese,M,train,ai-training/datasets/l2-arctic/raw/l2arctic_release_v5.0/TLV/wav/arctic_b0093.wav,Darkness hid him from Jeanne,1,non_native,l2_learner,arctic_b0093
l2_arctic,TLV,Vietnamese,M,train,ai-training/datasets/l2-arctic/raw/l2arctic_release_v5.0/TLV/wav/arctic_b0094.wav,And yet if she came he had no words to say,1,non_native,l2_learner,arctic_b0094
l2_arctic,TLV,Vietnamese,M,train,ai-training/datasets/l2-arctic/raw/l2arctic_release_v5.0/TLV/wav/arctic_b0095.wav,He heard a sound which brought him quickly into consciousness of day,1,non_native,l2_learner,arctic_b0095
l2_arctic,TLV,Vietnamese,M,train,ai-training/datasets/l2-arctic/raw/l2arctic_release_v5.0/TLV/wav/arctic_b0096.wav,Within himself he called it no longer his own,1,non_native,l2_learner,arctic_b0096
l2_arctic,TLV,Vietnamese,M,train,ai-training/datasets/l2-arctic/raw/l2arctic_release_v5.0/TLV/wav/arctic_b0097.wav,Besides that noise makes me deaf,1,non_native,l2_learner,arctic_b0097
l2_arctic,TLV,Vietnamese,M,train,ai-training/datasets/l2-arctic/raw/l2arctic_release_v5.0/TLV/wav/arctic_b0098.wav,Philip looked back from the crest and saw Jeanne leaning over the canoe,1,non_native,l2_learner,arctic_b0098
l2_arctic,TLV,Vietnamese,M,train,ai-training/datasets/l2-arctic/raw/l2arctic_release_v5.0/TLV/wav/arctic_b0099.wav,Fifty yards ahead of her were the first of the rocks,1,non_native,l2_learner,arctic_b0099
l2_arctic,TLV,Vietnamese,M,train,ai-training/datasets/l2-arctic/raw/l2arctic_release_v5.0/TLV/wav/arctic_b0100.wav,There was one chance and only one of saving Jeanne,1,non_native,l2_learner,arctic_b0100
l2_arctic,TLV,Vietnamese,M,train,ai-training/datasets/l2-arctic/raw/l2arctic_release_v5.0/TLV/wav/arctic_b0101.wav,You're a devil for fighting and will surely win,1,non_native,l2_learner,arctic_b0101
l2_arctic,TLV,Vietnamese,M,train,ai-training/datasets/l2-arctic/raw/l2arctic_release_v5.0/TLV/wav/arctic_b0102.wav,I'll only be in the way,1,non_native,l2_learner,arctic_b0102
l2_arctic,TLV,Vietnamese,M,train,ai-training/datasets/l2-arctic/raw/l2arctic_release_v5.0/TLV/wav/arctic_b0103.wav,He lifted his eyes and a strange cry burst from his lips,1,non_native,l2_learner,arctic_b0103
l2_arctic,TLV,Vietnamese,M,train,ai-training/datasets/l2-arctic/raw/l2arctic_release_v5.0/TLV/wav/arctic_b0104.wav,Shooting pains passed like flashes of electricity through his body,1,non_native,l2_learner,arctic_b0104
l2_arctic,TLV,Vietnamese,M,train,ai-training/datasets/l2-arctic/raw/l2arctic_release_v5.0/TLV/wav/arctic_b0105.wav,I know that you are in charge there and Jeanne knows,1,non_native,l2_learner,arctic_b0105
l2_arctic,TLV,Vietnamese,M,train,ai-training/datasets/l2-arctic/raw/l2arctic_release_v5.0/TLV/wav/arctic_b0106.wav,For a full minute the two men stared into each other's face,1,non_native,l2_learner,arctic_b0106
l2_arctic,TLV,Vietnamese,M,train,ai-training/datasets/l2-arctic/raw/l2arctic_release_v5.0/TLV/wav/arctic_b0107.wav,He was sure now of but few things,1,non_native,l2_learner,arctic_b0107
l2_arctic,TLV,Vietnamese,M,train,ai-training/datasets/l2-arctic/raw/l2arctic_release_v5.0/TLV/wav/arctic_b0108.wav,It was a miracle and I owe you my life,1,non_native,l2_learner,arctic_b0108
l2_arctic,TLV,Vietnamese,M,train,ai-training/datasets/l2-arctic/raw/l2arctic_release_v5.0/TLV/wav/arctic_b0109.wav,Philip ate lightly of the food which Pierre had ready for him,1,non_native,l2_learner,arctic_b0109
l2_arctic,TLV,Vietnamese,M,train,ai-training/datasets/l2-arctic/raw/l2arctic_release_v5.0/TLV/wav/arctic_b0110.wav,Such men believe when they come together,1,non_native,l2_learner,arctic_b0110
l2_arctic,TLV,Vietnamese,M,train,ai-training/datasets/l2-arctic/raw/l2arctic_release_v5.0/TLV/wav/arctic_b0111.wav,The journey was continued at dawn,1,non_native,l2_learner,arctic_b0111
l2_arctic,TLV,Vietnamese,M,train,ai-training/datasets/l2-arctic/raw/l2arctic_release_v5.0/TLV/wav/arctic_b0112.wav,Jeanne and Pierre both gazed toward the great rock,1,non_native,l2_learner,arctic_b0112
l2_arctic,TLV,Vietnamese,M,train,ai-training/datasets/l2-arctic/raw/l2arctic_release_v5.0/TLV/wav/arctic_b0113.wav,There was something pathetic in the girl's attitude now,1,non_native,l2_learner,arctic_b0113
l2_arctic,TLV,Vietnamese,M,train,ai-training/datasets/l2-arctic/raw/l2arctic_release_v5.0/TLV/wav/arctic_b0114.wav,He moved his position and the illusion was gone,1,non_native,l2_learner,arctic_b0114
l2_arctic,TLV,Vietnamese,M,train,ai-training/datasets/l2-arctic/raw/l2arctic_release_v5.0/TLV/wav/arctic_b0115.wav,For two hours not a word passed between them,1,non_native,l2_learner,arctic_b0115
l2_arctic,TLV,Vietnamese,M,train,ai-training/datasets/l2-arctic/raw/l2arctic_release_v5.0/TLV/wav/arctic_b0116.wav,I have hunted along this ridge replied Philip,1,non_native,l2_learner,arctic_b0116
l2_arctic,TLV,Vietnamese,M,train,ai-training/datasets/l2-arctic/raw/l2arctic_release_v5.0/TLV/wav/arctic_b0117.wav,That's Thorpe's said the young engineer,1,non_native,l2_learner,arctic_b0117
l2_arctic,TLV,Vietnamese,M,train,ai-training/datasets/l2-arctic/raw/l2arctic_release_v5.0/TLV/wav/arctic_b0118.wav,We saw your light and thought you wouldn't mind a call,1,non_native,l2_learner,arctic_b0118
l2_arctic,TLV,Vietnamese,M,train,ai-training/datasets/l2-arctic/raw/l2arctic_release_v5.0/TLV/wav/arctic_b0119.wav,Billinger may arrive in time,1,non_native,l2_learner,arctic_b0119
l2_arctic,TLV,Vietnamese,M,train,ai-training/datasets/l2-arctic/raw/l2arctic_release_v5.0/TLV/wav/arctic_b0120.wav,There's the hitch replied Thorpe rolling a cigarette,1,non_native,l2_learner,arctic_b0120
l2_arctic,TLV,Vietnamese,M,train,ai-training/datasets/l2-arctic/raw/l2arctic_release_v5.0/TLV/wav/arctic_b0121.wav,I want my men to work by themselves,1,non_native,l2_learner,arctic_b0121
l2_arctic,TLV,Vietnamese,M,train,ai-training/datasets/l2-arctic/raw/l2arctic_release_v5.0/TLV/wav/arctic_b0122.wav,Philip saw MacDougall soon after his short talk with Thorpe,1,non_native,l2_learner,arctic_b0122
l2_arctic,TLV,Vietnamese,M,train,ai-training/datasets/l2-arctic/raw/l2arctic_release_v5.0/TLV/wav/arctic_b0123.wav,Neither could they understand the growing disaffection among Thorpe's men,1,non_native,l2_learner,arctic_b0123
l2_arctic,TLV,Vietnamese,M,train,ai-training/datasets/l2-arctic/raw/l2arctic_release_v5.0/TLV/wav/arctic_b0124.wav,Two weeks passed and in that time Thorpe left camp three times,1,non_native,l2_learner,arctic_b0124
l2_arctic,TLV,Vietnamese,M,train,ai-training/datasets/l2-arctic/raw/l2arctic_release_v5.0/TLV/wav/arctic_b0125.wav,It was the third or fourth time that Philip had heard MacDougall swear,1,non_native,l2_learner,arctic_b0125
l2_arctic,TLV,Vietnamese,M,train,ai-training/datasets/l2-arctic/raw/l2arctic_release_v5.0/TLV/wav/arctic_b0126.wav,Blood was oozing slowly from the wounded man's right breast,1,non_native,l2_learner,arctic_b0126
l2_arctic,TLV,Vietnamese,M,train,ai-training/datasets/l2-arctic/raw/l2arctic_release_v5.0/TLV/wav/arctic_b0127.wav,He destroyed everything that had belonged to the woman,1,non_native,l2_learner,arctic_b0127
l2_arctic,TLV,Vietnamese,M,train,ai-training/datasets/l2-arctic/raw/l2arctic_release_v5.0/TLV/wav/arctic_b0128.wav,Philip bent low over Pierre,1,non_native,l2_learner,arctic_b0128
l2_arctic,TLV,Vietnamese,M,train,ai-training/datasets/l2-arctic/raw/l2arctic_release_v5.0/TLV/wav/arctic_b0129.wav,Did Thorpe go to see any one in Churchill,1,non_native,l2_learner,arctic_b0129
l2_arctic,TLV,Vietnamese,M,train,ai-training/datasets/l2-arctic/raw/l2arctic_release_v5.0/TLV/wav/arctic_b0130.wav,She saw the answer in his face,1,non_native,l2_learner,arctic_b0130
l2_arctic,TLV,Vietnamese,M,train,ai-training/datasets/l2-arctic/raw/l2arctic_release_v5.0/TLV/wav/arctic_b0131.wav,Thorpe and his men were to destroy this camp and kill you,1,non_native,l2_learner,arctic_b0131
l2_arctic,TLV,Vietnamese,M,train,ai-training/datasets/l2-arctic/raw/l2arctic_release_v5.0/TLV/wav/arctic_b0132.wav,There is no need of further detail now for you can understand,1,non_native,l2_learner,arctic_b0132
l2_arctic,TLV,Vietnamese,M,train,ai-training/datasets/l2-arctic/raw/l2arctic_release_v5.0/TLV/wav/arctic_b0133.wav,There followed a roar that shook the earth,1,non_native,l2_learner,arctic_b0133
l2_arctic,TLV,Vietnamese,M,train,ai-training/datasets/l2-arctic/raw/l2arctic_release_v5.0/TLV/wav/arctic_b0134.wav,Blind with rage he darted in,1,non_native,l2_learner,arctic_b0134
l2_arctic,TLV,Vietnamese,M,train,ai-training/datasets/l2-arctic/raw/l2arctic_release_v5.0/TLV/wav/arctic_b0135.wav,In it was the joy of life,1,non_native,l2_learner,arctic_b0135
l2_arctic,TLV,Vietnamese,M,train,ai-training/datasets/l2-arctic/raw/l2arctic_release_v5.0/TLV/wav/arctic_b0136.wav,Swiftly his eyes measured the situation,1,non_native,l2_learner,arctic_b0136
l2_arctic,TLV,Vietnamese,M,train,ai-training/datasets/l2-arctic/raw/l2arctic_release_v5.0/TLV/wav/arctic_b0137.wav,But this little defect did not worry him,1,non_native,l2_learner,arctic_b0137
l2_arctic,TLV,Vietnamese,M,train,ai-training/datasets/l2-arctic/raw/l2arctic_release_v5.0/TLV/wav/arctic_b0138.wav,And then steadily he began to chew,1,non_native,l2_learner,arctic_b0138
l2_arctic,TLV,Vietnamese,M,train,ai-training/datasets/l2-arctic/raw/l2arctic_release_v5.0/TLV/wav/arctic_b0139.wav,Together they ate the rabbit,1,non_native,l2_learner,arctic_b0139
l2_arctic,TLV,Vietnamese,M,train,ai-training/datasets/l2-arctic/raw/l2arctic_release_v5.0/TLV/wav/arctic_b0140.wav,They edged nearer and stood shoulder to shoulder facing their world,1,non_native,l2_learner,arctic_b0140
l2_arctic,TLV,Vietnamese,M,train,ai-training/datasets/l2-arctic/raw/l2arctic_release_v5.0/TLV/wav/arctic_b0141.wav,It was beating and waiting in the ambush of those black pits,1,non_native,l2_learner,arctic_b0141
l2_arctic,TLV,Vietnamese,M,train,ai-training/datasets/l2-arctic/raw/l2arctic_release_v5.0/TLV/wav/arctic_b0142.wav,Something vastly more thrilling had come into it now,1,non_native,l2_learner,arctic_b0142
l2_arctic,TLV,Vietnamese,M,train,ai-training/datasets/l2-arctic/raw/l2arctic_release_v5.0/TLV/wav/arctic_b0143.wav,It took him half an hour to reach the edge of it,1,non_native,l2_learner,arctic_b0143
l2_arctic,TLV,Vietnamese,M,train,ai-training/datasets/l2-arctic/raw/l2arctic_release_v5.0/TLV/wav/arctic_b0144.wav,But there was no longer the mother yearning in his heart,1,non_native,l2_learner,arctic_b0144
l2_arctic,TLV,Vietnamese,M,train,ai-training/datasets/l2-arctic/raw/l2arctic_release_v5.0/TLV/wav/arctic_b0145.wav,Besides had he not whipped the big owl in the forest,1,non_native,l2_learner,arctic_b0145
l2_arctic,TLV,Vietnamese,M,train,ai-training/datasets/l2-arctic/raw/l2arctic_release_v5.0/TLV/wav/arctic_b0146.wav,After all it was simply a mistake in judgment,1,non_native,l2_learner,arctic_b0146
l2_arctic,TLV,Vietnamese,M,train,ai-training/datasets/l2-arctic/raw/l2arctic_release_v5.0/TLV/wav/arctic_b0147.wav,Had it struck squarely it would have killed him,1,non_native,l2_learner,arctic_b0147
l2_arctic,TLV,Vietnamese,M,train,ai-training/datasets/l2-arctic/raw/l2arctic_release_v5.0/TLV/wav/arctic_b0148.wav,The Indian even poked his stick into the thick ground spruce,1,non_native,l2_learner,arctic_b0148
l2_arctic,TLV,Vietnamese,M,train,ai-training/datasets/l2-arctic/raw/l2arctic_release_v5.0/TLV/wav/arctic_b0149.wav,Pebbles and dirt flew along with hair and fur,1,non_native,l2_learner,arctic_b0149
l2_arctic,TLV,Vietnamese,M,train,ai-training/datasets/l2-arctic/raw/l2arctic_release_v5.0/TLV/wav/arctic_b0150.wav,And he was filled with a strange and foreboding fear,1,non_native,l2_learner,arctic_b0150
l2_arctic,TLV,Vietnamese,M,train,ai-training/datasets/l2-arctic/raw/l2arctic_release_v5.0/TLV/wav/arctic_b0151.wav,It was steel a fisher trap,1,non_native,l2_learner,arctic_b0151
l2_arctic,TLV,Vietnamese,M,train,ai-training/datasets/l2-arctic/raw/l2arctic_release_v5.0/TLV/wav/arctic_b0152.wav,OW a wild dog he growled,1,non_native,l2_learner,arctic_b0152
l2_arctic,TLV,Vietnamese,M,train,ai-training/datasets/l2-arctic/raw/l2arctic_release_v5.0/TLV/wav/arctic_b0153.wav,He was a pariah a wanderer without a friend or a home,1,non_native,l2_learner,arctic_b0153
l2_arctic,TLV,Vietnamese,M,train,ai-training/datasets/l2-arctic/raw/l2arctic_release_v5.0/TLV/wav/arctic_b0154.wav,That is the strange part of it,1,non_native,l2_learner,arctic_b0154
l2_arctic,TLV,Vietnamese,M,train,ai-training/datasets/l2-arctic/raw/l2arctic_release_v5.0/TLV/wav/arctic_b0155.wav,His freshly caught furs he flung to the floor,1,non_native,l2_learner,arctic_b0155
l2_arctic,TLV,Vietnamese,M,train,ai-training/datasets/l2-arctic/raw/l2arctic_release_v5.0/TLV/wav/arctic_b0156.wav,For that reason Le Beau had chosen him to fight the big fight,1,non_native,l2_learner,arctic_b0156
l2_arctic,TLV,Vietnamese,M,train,ai-training/datasets/l2-arctic/raw/l2arctic_release_v5.0/TLV/wav/arctic_b0157.wav,In the crib the baby sat up and began to prattle,1,non_native,l2_learner,arctic_b0157
l2_arctic,TLV,Vietnamese,M,train,ai-training/datasets/l2-arctic/raw/l2arctic_release_v5.0/TLV/wav/arctic_b0158.wav,She obeyed shrinking back with the baby in her arms,1,non_native,l2_learner,arctic_b0158
l2_arctic,TLV,Vietnamese,M,train,ai-training/datasets/l2-arctic/raw/l2arctic_release_v5.0/TLV/wav/arctic_b0159.wav,His teeth shut with a last click,1,non_native,l2_learner,arctic_b0159
l2_arctic,TLV,Vietnamese,M,train,ai-training/datasets/l2-arctic/raw/l2arctic_release_v5.0/TLV/wav/arctic_b0160.wav,It was over when he made his way through the ring of spectators,1,non_native,l2_learner,arctic_b0160
l2_arctic,TLV,Vietnamese,M,train,ai-training/datasets/l2-arctic/raw/l2arctic_release_v5.0/TLV/wav/arctic_b0161.wav,In a flash he was on his feet facing him,1,non_native,l2_learner,arctic_b0161
l2_arctic,TLV,Vietnamese,M,train,ai-training/datasets/l2-arctic/raw/l2arctic_release_v5.0/TLV/wav/arctic_b0162.wav,He thought he saw a shudder pass through the Factor's shoulders,1,non_native,l2_learner,arctic_b0162
l2_arctic,TLV,Vietnamese,M,train,ai-training/datasets/l2-arctic/raw/l2arctic_release_v5.0/TLV/wav/arctic_b0163.wav,The moon had already begun its westward decline,1,non_native,l2_learner,arctic_b0163
l2_arctic,TLV,Vietnamese,M,train,ai-training/datasets/l2-arctic/raw/l2arctic_release_v5.0/TLV/wav/arctic_b0164.wav,They laughed like two happy children,1,non_native,l2_learner,arctic_b0164
l2_arctic,TLV,Vietnamese,M,train,ai-training/datasets/l2-arctic/raw/l2arctic_release_v5.0/TLV/wav/arctic_b0165.wav,He pulled and the log crashed down to break his back,1,non_native,l2_learner,arctic_b0165
l2_arctic,TLV,Vietnamese,M,train,ai-training/datasets/l2-arctic/raw/l2arctic_release_v5.0/TLV/wav/arctic_b0166.wav,Fast but endure,1,non_native,l2_learner,arctic_b0166
l2_arctic,TLV,Vietnamese,M,train,ai-training/datasets/l2-arctic/raw/l2arctic_release_v5.0/TLV/wav/arctic_b0167.wav,A little before dawn of the day following the fire relief came,1,non_native,l2_learner,arctic_b0167
l2_arctic,TLV,Vietnamese,M,train,ai-training/datasets/l2-arctic/raw/l2arctic_release_v5.0/TLV/wav/arctic_b0168.wav,The Indian felt the worship of her warm in his heart,1,non_native,l2_learner,arctic_b0168
l2_arctic,TLV,Vietnamese,M,train,ai-training/datasets/l2-arctic/raw/l2arctic_release_v5.0/TLV/wav/arctic_b0169.wav,He drew in a deep breath as he looked at them,1,non_native,l2_learner,arctic_b0169
l2_arctic,TLV,Vietnamese,M,train,ai-training/datasets/l2-arctic/raw/l2arctic_release_v5.0/TLV/wav/arctic_b0170.wav,Then he shouted Shut up,1,non_native,l2_learner,arctic_b0170
l2_arctic,TLV,Vietnamese,M,train,ai-training/datasets/l2-arctic/raw/l2arctic_release_v5.0/TLV/wav/arctic_b0171.wav,He changed his seat for a steamer reclining chair,1,non_native,l2_learner,arctic_b0171
l2_arctic,TLV,Vietnamese,M,train,ai-training/datasets/l2-arctic/raw/l2arctic_release_v5.0/TLV/wav/arctic_b0172.wav,On the far corner of the compound fence a hawk brooded,1,non_native,l2_learner,arctic_b0172
l2_arctic,TLV,Vietnamese,M,train,ai-training/datasets/l2-arctic/raw/l2arctic_release_v5.0/TLV/wav/arctic_b0173.wav,To these he gave castor oil,1,non_native,l2_learner,arctic_b0173
l2_arctic,TLV,Vietnamese,M,train,ai-training/datasets/l2-arctic/raw/l2arctic_release_v5.0/TLV/wav/arctic_b0174.wav,Hatred and murder and lust for revenge they possessed to overflowing,1,non_native,l2_learner,arctic_b0174
l2_arctic,TLV,Vietnamese,M,train,ai-training/datasets/l2-arctic/raw/l2arctic_release_v5.0/TLV/wav/arctic_b0175.wav,Sheldon glanced at the thermometer,1,non_native,l2_learner,arctic_b0175
l2_arctic,TLV,Vietnamese,M,train,ai-training/datasets/l2-arctic/raw/l2arctic_release_v5.0/TLV/wav/arctic_b0176.wav,I'll see to poor Hughie,1,non_native,l2_learner,arctic_b0176
l2_arctic,TLV,Vietnamese,M,train,ai-training/datasets/l2-arctic/raw/l2arctic_release_v5.0/TLV/wav/arctic_b0177.wav,Her gray eyes were flashing and her lips were quivering,1,non_native,l2_learner,arctic_b0177
l2_arctic,TLV,Vietnamese,M,train,ai-training/datasets/l2-arctic/raw/l2arctic_release_v5.0/TLV/wav/arctic_b0178.wav,Also I want information,1,non_native,l2_learner,arctic_b0178
l2_arctic,TLV,Vietnamese,M,train,ai-training/datasets/l2-arctic/raw/l2arctic_release_v5.0/TLV/wav/arctic_b0179.wav,Let them go out and eat with my boys,1,non_native,l2_learner,arctic_b0179
l2_arctic,TLV,Vietnamese,M,train,ai-training/datasets/l2-arctic/raw/l2arctic_release_v5.0/TLV/wav/arctic_b0180.wav,I I beg pardon he drawled,1,non_native,l2_learner,arctic_b0180
l2_arctic,TLV,Vietnamese,M,train,ai-training/datasets/l2-arctic/raw/l2arctic_release_v5.0/TLV/wav/arctic_b0181.wav,And you preferred a cannibal isle and a cartridge belt,1,non_native,l2_learner,arctic_b0181
l2_arctic,TLV,Vietnamese,M,train,ai-training/datasets/l2-arctic/raw/l2arctic_release_v5.0/TLV/wav/arctic_b0182.wav,I was in New York when the crash came,1,non_native,l2_learner,arctic_b0182
l2_arctic,TLV,Vietnamese,M,train,ai-training/datasets/l2-arctic/raw/l2arctic_release_v5.0/TLV/wav/arctic_b0183.wav,No I did not fall among thieves,1,non_native,l2_learner,arctic_b0183
l2_arctic,TLV,Vietnamese,M,train,ai-training/datasets/l2-arctic/raw/l2arctic_release_v5.0/TLV/wav/arctic_b0184.wav,Such things in her brain were like so many oaths on her lips,1,non_native,l2_learner,arctic_b0184
l2_arctic,TLV,Vietnamese,M,train,ai-training/datasets/l2-arctic/raw/l2arctic_release_v5.0/TLV/wav/arctic_b0185.wav,Your being wrecked here has been a godsend to me,1,non_native,l2_learner,arctic_b0185
l2_arctic,TLV,Vietnamese,M,train,ai-training/datasets/l2-arctic/raw/l2arctic_release_v5.0/TLV/wav/arctic_b0186.wav,I can't go elsewhere by your own account,1,non_native,l2_learner,arctic_b0186
l2_arctic,TLV,Vietnamese,M,train,ai-training/datasets/l2-arctic/raw/l2arctic_release_v5.0/TLV/wav/arctic_b0187.wav,Her achievements with cocoanuts were a revelation,1,non_native,l2_learner,arctic_b0187
l2_arctic,TLV,Vietnamese,M,train,ai-training/datasets/l2-arctic/raw/l2arctic_release_v5.0/TLV/wav/arctic_b0188.wav,He glanced down at her helplessly and moistened his lips,1,non_native,l2_learner,arctic_b0188
l2_arctic,TLV,Vietnamese,M,train,ai-training/datasets/l2-arctic/raw/l2arctic_release_v5.0/TLV/wav/arctic_b0189.wav,That is what distinguishes all of us from the lower animals,1,non_native,l2_learner,arctic_b0189
l2_arctic,TLV,Vietnamese,M,train,ai-training/datasets/l2-arctic/raw/l2arctic_release_v5.0/TLV/wav/arctic_b0190.wav,Idealism led him to philosophic anarchy and his family threw him off,1,non_native,l2_learner,arctic_b0190
l2_arctic,TLV,Vietnamese,M,train,ai-training/datasets/l2-arctic/raw/l2arctic_release_v5.0/TLV/wav/arctic_b0191.wav,He also contended that better confidence was established by carrying no weapons,1,non_native,l2_learner,arctic_b0191
l2_arctic,TLV,Vietnamese,M,train,ai-training/datasets/l2-arctic/raw/l2arctic_release_v5.0/TLV/wav/arctic_b0192.wav,Outsiders are allowed five minute speeches the sick man urged,1,non_native,l2_learner,arctic_b0192
l2_arctic,TLV,Vietnamese,M,train,ai-training/datasets/l2-arctic/raw/l2arctic_release_v5.0/TLV/wav/arctic_b0193.wav,So was Packard's finish suicide,1,non_native,l2_learner,arctic_b0193
l2_arctic,TLV,Vietnamese,M,train,ai-training/datasets/l2-arctic/raw/l2arctic_release_v5.0/TLV/wav/arctic_b0194.wav,Joan cried with shining eyes,1,non_native,l2_learner,arctic_b0194
l2_arctic,TLV,Vietnamese,M,train,ai-training/datasets/l2-arctic/raw/l2arctic_release_v5.0/TLV/wav/arctic_b0195.wav,Nobody knows how the natives got them,1,non_native,l2_learner,arctic_b0195
l2_arctic,TLV,Vietnamese,M,train,ai-training/datasets/l2-arctic/raw/l2arctic_release_v5.0/TLV/wav/arctic_b0196.wav,How can you manage all alone Mister Young,1,non_native,l2_learner,arctic_b0196
l2_arctic,TLV,Vietnamese,M,train,ai-training/datasets/l2-arctic/raw/l2arctic_release_v5.0/TLV/wav/arctic_b0197.wav,The planters are already considering the matter,1,non_native,l2_learner,arctic_b0197
l2_arctic,TLV,Vietnamese,M,train,ai-training/datasets/l2-arctic/raw/l2arctic_release_v5.0/TLV/wav/arctic_b0198.wav,I use great trouble advisedly,1,non_native,l2_learner,arctic_b0198
l2_arctic,TLV,Vietnamese,M,train,ai-training/datasets/l2-arctic/raw/l2arctic_release_v5.0/TLV/wav/arctic_b0199.wav,Dear Sir Your second victim has fallen on schedule time,1,non_native,l2_learner,arctic_b0199
l2_arctic,TLV,Vietnamese,M,train,ai-training/datasets/l2-arctic/raw/l2arctic_release_v5.0/TLV/wav/arctic_b0200.wav,We leave the eventuality to time and law,1,non_native,l2_learner,arctic_b0200
l2_arctic,TLV,Vietnamese,M,train,ai-training/datasets/l2-arctic/raw/l2arctic_release_v5.0/TLV/wav/arctic_b0201.wav,I also understand that similar branch organizations have made their appearance in Europe,1,non_native,l2_learner,arctic_b0201
l2_arctic,TLV,Vietnamese,M,train,ai-training/datasets/l2-arctic/raw/l2arctic_release_v5.0/TLV/wav/arctic_b0202.wav,Society is shaken to its foundations,1,non_native,l2_learner,arctic_b0202
l2_arctic,TLV,Vietnamese,M,train,ai-training/datasets/l2-arctic/raw/l2arctic_release_v5.0/TLV/wav/arctic_b0203.wav,A month in Australia would finish me,1,non_native,l2_learner,arctic_b0203
l2_arctic,TLV,Vietnamese,M,train,ai-training/datasets/l2-arctic/raw/l2arctic_release_v5.0/TLV/wav/arctic_b0204.wav,Down through the perfume weighted air fluttered the snowy fluffs of the cottonwoods,1,non_native,l2_learner,arctic_b0204
l2_arctic,TLV,Vietnamese,M,train,ai-training/datasets/l2-arctic/raw/l2arctic_release_v5.0/TLV/wav/arctic_b0205.wav,You were destroying my life,1,non_native,l2_learner,arctic_b0205
l2_arctic,TLV,Vietnamese,M,train,ai-training/datasets/l2-arctic/raw/l2arctic_release_v5.0/TLV/wav/arctic_b0206.wav,Horses and rifles had been her toys camp and trail her nursery,1,non_native,l2_learner,arctic_b0206
l2_arctic,TLV,Vietnamese,M,train,ai-training/datasets/l2-arctic/raw/l2arctic_release_v5.0/TLV/wav/arctic_b0207.wav,I'm as good as a man she urged,1,non_native,l2_learner,arctic_b0207
l2_arctic,TLV,Vietnamese,M,train,ai-training/datasets/l2-arctic/raw/l2arctic_release_v5.0/TLV/wav/arctic_b0208.wav,You read the quotations in today's paper,1,non_native,l2_learner,arctic_b0208
l2_arctic,TLV,Vietnamese,M,train,ai-training/datasets/l2-arctic/raw/l2arctic_release_v5.0/TLV/wav/arctic_b0209.wav,He's terribly touchy about his black wards as he calls them,1,non_native,l2_learner,arctic_b0209
l2_arctic,TLV,Vietnamese,M,train,ai-training/datasets/l2-arctic/raw/l2arctic_release_v5.0/TLV/wav/arctic_b0210.wav,Whatever he guessed he locked away in the taboo room of Naomi,1,non_native,l2_learner,arctic_b0210
l2_arctic,TLV,Vietnamese,M,train,ai-training/datasets/l2-arctic/raw/l2arctic_release_v5.0/TLV/wav/arctic_b0211.wav,This is eighteen eighty,1,non_native,l2_learner,arctic_b0211
l2_arctic,TLV,Vietnamese,M,train,ai-training/datasets/l2-arctic/raw/l2arctic_release_v5.0/TLV/wav/arctic_b0212.wav,Death is and has been ever since old Maui died,1,non_native,l2_learner,arctic_b0212
l2_arctic,TLV,Vietnamese,M,train,ai-training/datasets/l2-arctic/raw/l2arctic_release_v5.0/TLV/wav/arctic_b0213.wav,Some boy she laughed acquiescence,1,non_native,l2_learner,arctic_b0213
l2_arctic,TLV,Vietnamese,M,train,ai-training/datasets/l2-arctic/raw/l2arctic_release_v5.0/TLV/wav/arctic_b0214.wav,Let us talk it over and find a way out,1,non_native,l2_learner,arctic_b0214
l2_arctic,TLV,Vietnamese,M,train,ai-training/datasets/l2-arctic/raw/l2arctic_release_v5.0/TLV/wav/arctic_b0215.wav,It is a good property and worth more than that,1,non_native,l2_learner,arctic_b0215
l2_arctic,TLV,Vietnamese,M,train,ai-training/datasets/l2-arctic/raw/l2arctic_release_v5.0/TLV/wav/arctic_b0216.wav,I wish you were more adaptable Joan retorted,1,non_native,l2_learner,arctic_b0216
l2_arctic,TLV,Vietnamese,M,train,ai-training/datasets/l2-arctic/raw/l2arctic_release_v5.0/TLV/wav/arctic_b0217.wav,Such is my passage engaged on the steamer,1,non_native,l2_learner,arctic_b0217
l2_arctic,TLV,Vietnamese,M,train,ai-training/datasets/l2-arctic/raw/l2arctic_release_v5.0/TLV/wav/arctic_b0218.wav,The issue was not in doubt,1,non_native,l2_learner,arctic_b0218
l2_arctic,TLV,Vietnamese,M,train,ai-training/datasets/l2-arctic/raw/l2arctic_release_v5.0/TLV/wav/arctic_b0219.wav,Well there are better men in Hawaii that's all,1,non_native,l2_learner,arctic_b0219
l2_arctic,TLV,Vietnamese,M,train,ai-training/datasets/l2-arctic/raw/l2arctic_release_v5.0/TLV/wav/arctic_b0220.wav,Harry Bancroft Dave lied,1,non_native,l2_learner,arctic_b0220
l2_arctic,TLV,Vietnamese,M,train,ai-training/datasets/l2-arctic/raw/l2arctic_release_v5.0/TLV/wav/arctic_b0221.wav,It's a Yankee Joan cried,1,non_native,l2_learner,arctic_b0221
l2_arctic,TLV,Vietnamese,M,train,ai-training/datasets/l2-arctic/raw/l2arctic_release_v5.0/TLV/wav/arctic_b0222.wav,He was the leader and Tudor was his lieutenant,1,non_native,l2_learner,arctic_b0222
l2_arctic,TLV,Vietnamese,M,train,ai-training/datasets/l2-arctic/raw/l2arctic_release_v5.0/TLV/wav/arctic_b0223.wav,They likewise are disinclined to being eaten,1,non_native,l2_learner,arctic_b0223
l2_arctic,TLV,Vietnamese,M,train,ai-training/datasets/l2-arctic/raw/l2arctic_release_v5.0/TLV/wav/arctic_b0224.wav,But to culture the Revolution thus far had exhausted the Junta,1,non_native,l2_learner,arctic_b0224
l2_arctic,TLV,Vietnamese,M,train,ai-training/datasets/l2-arctic/raw/l2arctic_release_v5.0/TLV/wav/arctic_b0225.wav,The President of the United States was his friend,1,non_native,l2_learner,arctic_b0225
l2_arctic,TLV,Vietnamese,M,train,ai-training/datasets/l2-arctic/raw/l2arctic_release_v5.0/TLV/wav/arctic_b0226.wav,Your face was the personification of duplicity,1,non_native,l2_learner,arctic_b0226
l2_arctic,TLV,Vietnamese,M,train,ai-training/datasets/l2-arctic/raw/l2arctic_release_v5.0/TLV/wav/arctic_b0227.wav,Shorty turned to their employers,1,non_native,l2_learner,arctic_b0227
l2_arctic,TLV,Vietnamese,M,train,ai-training/datasets/l2-arctic/raw/l2arctic_release_v5.0/TLV/wav/arctic_b0228.wav,You were engaged,1,non_native,l2_learner,arctic_b0228
l2_arctic,TLV,Vietnamese,M,train,ai-training/datasets/l2-arctic/raw/l2arctic_release_v5.0/TLV/wav/arctic_b0229.wav,I saw it all myself and it was splendid,1,non_native,l2_learner,arctic_b0229
l2_arctic,TLV,Vietnamese,M,train,ai-training/datasets/l2-arctic/raw/l2arctic_release_v5.0/TLV/wav/arctic_b0230.wav,Now run along and tell them to hurry,1,non_native,l2_learner,arctic_b0230
l2_arctic,TLV,Vietnamese,M,train,ai-training/datasets/l2-arctic/raw/l2arctic_release_v5.0/TLV/wav/arctic_b0231.wav,What's that grub thief got to do with it,1,non_native,l2_learner,arctic_b0231
l2_arctic,TLV,Vietnamese,M,train,ai-training/datasets/l2-arctic/raw/l2arctic_release_v5.0/TLV/wav/arctic_b0232.wav,It was a superb picture,1,non_native,l2_learner,arctic_b0232
l2_arctic,TLV,Vietnamese,M,train,ai-training/datasets/l2-arctic/raw/l2arctic_release_v5.0/TLV/wav/arctic_b0233.wav,So she said the irate skipper dashed on,1,non_native,l2_learner,arctic_b0233
l2_arctic,TLV,Vietnamese,M,train,ai-training/datasets/l2-arctic/raw/l2arctic_release_v5.0/TLV/wav/arctic_b0234.wav,And watch out for wet feet was his parting advice,1,non_native,l2_learner,arctic_b0234
l2_arctic,TLV,Vietnamese,M,train,ai-training/datasets/l2-arctic/raw/l2arctic_release_v5.0/TLV/wav/arctic_b0235.wav,Raoul yelled in order to make himself heard,1,non_native,l2_learner,arctic_b0235
l2_arctic,TLV,Vietnamese,M,train,ai-training/datasets/l2-arctic/raw/l2arctic_release_v5.0/TLV/wav/arctic_b0236.wav,Oolong was two hundred and fifty miles from the nearest land,1,non_native,l2_learner,arctic_b0236
l2_arctic,TLV,Vietnamese,M,train,ai-training/datasets/l2-arctic/raw/l2arctic_release_v5.0/TLV/wav/arctic_b0237.wav,They just lay off in the bush and plugged away,1,non_native,l2_learner,arctic_b0237
l2_arctic,TLV,Vietnamese,M,train,ai-training/datasets/l2-arctic/raw/l2arctic_release_v5.0/TLV/wav/arctic_b0238.wav,The very thought of the effort to swim over was nauseating,1,non_native,l2_learner,arctic_b0238
l2_arctic,TLV,Vietnamese,M,train,ai-training/datasets/l2-arctic/raw/l2arctic_release_v5.0/TLV/wav/arctic_b0239.wav,And there was a dog that barked,1,non_native,l2_learner,arctic_b0239
l2_arctic,TLV,Vietnamese,M,train,ai-training/datasets/l2-arctic/raw/l2arctic_release_v5.0/TLV/wav/arctic_b0240.wav,There are four all low M'Coy answered,1,non_native,l2_learner,arctic_b0240
l2_arctic,TLV,Vietnamese,M,train,ai-training/datasets/l2-arctic/raw/l2arctic_release_v5.0/TLV/wav/arctic_b0241.wav,The women they carried away with them to the Big Valley,1,non_native,l2_learner,arctic_b0241
l2_arctic,TLV,Vietnamese,M,train,ai-training/datasets/l2-arctic/raw/l2arctic_release_v5.0/TLV/wav/arctic_b0242.wav,The Japanese understood as we could never school ourselves or hope to understand,1,non_native,l2_learner,arctic_b0242
l2_arctic,TLV,Vietnamese,M,train,ai-training/datasets/l2-arctic/raw/l2arctic_release_v5.0/TLV/wav/arctic_b0243.wav,They had been on the same lay as ourselves,1,non_native,l2_learner,arctic_b0243
l2_arctic,TLV,Vietnamese,M,train,ai-training/datasets/l2-arctic/raw/l2arctic_release_v5.0/TLV/wav/arctic_b0244.wav,You are positively soulless he said savagely,1,non_native,l2_learner,arctic_b0244
l2_arctic,TLV,Vietnamese,M,train,ai-training/datasets/l2-arctic/raw/l2arctic_release_v5.0/TLV/wav/arctic_b0245.wav,Harrison is still my chauffeur,1,non_native,l2_learner,arctic_b0245
l2_arctic,TLV,Vietnamese,M,train,ai-training/datasets/l2-arctic/raw/l2arctic_release_v5.0/TLV/wav/arctic_b0246.wav,The boy grew and prospered,1,non_native,l2_learner,arctic_b0246
l2_arctic,TLV,Vietnamese,M,train,ai-training/datasets/l2-arctic/raw/l2arctic_release_v5.0/TLV/wav/arctic_b0247.wav,He wanted to give the finish to this foe already so far gone,1,non_native,l2_learner,arctic_b0247
l2_arctic,TLV,Vietnamese,M,train,ai-training/datasets/l2-arctic/raw/l2arctic_release_v5.0/TLV/wav/arctic_b0248.wav,Exciting times are the lot of the fish patrol,1,non_native,l2_learner,arctic_b0248
l2_arctic,TLV,Vietnamese,M,train,ai-training/datasets/l2-arctic/raw/l2arctic_release_v5.0/TLV/wav/arctic_b0249.wav,I know they are my oysters,1,non_native,l2_learner,arctic_b0249
l2_arctic,TLV,Vietnamese,M,train,ai-training/datasets/l2-arctic/raw/l2arctic_release_v5.0/TLV/wav/arctic_b0250.wav,By this time Charley was as enraged as the Greek,1,non_native,l2_learner,arctic_b0250
l2_arctic,TLV,Vietnamese,M,train,ai-training/datasets/l2-arctic/raw/l2arctic_release_v5.0/TLV/wav/arctic_b0251.wav,They must have been swept away by the chaotic currents,1,non_native,l2_learner,arctic_b0251
l2_arctic,TLV,Vietnamese,M,train,ai-training/datasets/l2-arctic/raw/l2arctic_release_v5.0/TLV/wav/arctic_b0252.wav,It resembled tea less than lager beer resembles champagne,1,non_native,l2_learner,arctic_b0252
l2_arctic,TLV,Vietnamese,M,train,ai-training/datasets/l2-arctic/raw/l2arctic_release_v5.0/TLV/wav/arctic_b0253.wav,The very opposite is true they are discouraged vagabonds,1,non_native,l2_learner,arctic_b0253
l2_arctic,TLV,Vietnamese,M,train,ai-training/datasets/l2-arctic/raw/l2arctic_release_v5.0/TLV/wav/arctic_b0254.wav,At the same time spears and arrows began to fall among the invaders,1,non_native,l2_learner,arctic_b0254
l2_arctic,TLV,Vietnamese,M,train,ai-training/datasets/l2-arctic/raw/l2arctic_release_v5.0/TLV/wav/arctic_b0255.wav,Then again Tudor had such an irritating way about him,1,non_native,l2_learner,arctic_b0255
l2_arctic,TLV,Vietnamese,M,train,ai-training/datasets/l2-arctic/raw/l2arctic_release_v5.0/TLV/wav/arctic_b0256.wav,Outwardly he maintained a calm and smiling aspect,1,non_native,l2_learner,arctic_b0256
l2_arctic,TLV,Vietnamese,M,train,ai-training/datasets/l2-arctic/raw/l2arctic_release_v5.0/TLV/wav/arctic_b0257.wav,Tudor surveyed him with withering disgust,1,non_native,l2_learner,arctic_b0257
l2_arctic,TLV,Vietnamese,M,train,ai-training/datasets/l2-arctic/raw/l2arctic_release_v5.0/TLV/wav/arctic_b0258.wav,You fired me out of your house in short,1,non_native,l2_learner,arctic_b0258
l2_arctic,TLV,Vietnamese,M,train,ai-training/datasets/l2-arctic/raw/l2arctic_release_v5.0/TLV/wav/arctic_b0259.wav,Her mouth opened but instead of speaking she drew a long sigh,1,non_native,l2_learner,arctic_b0259
l2_arctic,TLV,Vietnamese,M,train,ai-training/datasets/l2-arctic/raw/l2arctic_release_v5.0/TLV/wav/arctic_b0260.wav,It's worth eight dollars,1,non_native,l2_learner,arctic_b0260
l2_arctic,TLV,Vietnamese,M,train,ai-training/datasets/l2-arctic/raw/l2arctic_release_v5.0/TLV/wav/arctic_b0261.wav,And he did hurt my arm,1,non_native,l2_learner,arctic_b0261
l2_arctic,TLV,Vietnamese,M,train,ai-training/datasets/l2-arctic/raw/l2arctic_release_v5.0/TLV/wav/arctic_b0262.wav,Saxon's onto her job,1,non_native,l2_learner,arctic_b0262
l2_arctic,TLV,Vietnamese,M,train,ai-training/datasets/l2-arctic/raw/l2arctic_release_v5.0/TLV/wav/arctic_b0263.wav,Only once did I confide the strangeness of it all to another,1,non_native,l2_learner,arctic_b0263
l2_arctic,TLV,Vietnamese,M,train,ai-training/datasets/l2-arctic/raw/l2arctic_release_v5.0/TLV/wav/arctic_b0264.wav,But this time it was Saxon who rebelled,1,non_native,l2_learner,arctic_b0264
l2_arctic,TLV,Vietnamese,M,train,ai-training/datasets/l2-arctic/raw/l2arctic_release_v5.0/TLV/wav/arctic_b0265.wav,I was not to cry out in the face of fear,1,non_native,l2_learner,arctic_b0265
l2_arctic,TLV,Vietnamese,M,train,ai-training/datasets/l2-arctic/raw/l2arctic_release_v5.0/TLV/wav/arctic_b0266.wav,And now put yourself in my place for a moment,1,non_native,l2_learner,arctic_b0266
l2_arctic,TLV,Vietnamese,M,train,ai-training/datasets/l2-arctic/raw/l2arctic_release_v5.0/TLV/wav/arctic_b0267.wav,The boy threw back his head with pride,1,non_native,l2_learner,arctic_b0267
l2_arctic,TLV,Vietnamese,M,train,ai-training/datasets/l2-arctic/raw/l2arctic_release_v5.0/TLV/wav/arctic_b0268.wav,Saxon nodded and the boy frowned,1,non_native,l2_learner,arctic_b0268
l2_arctic,TLV,Vietnamese,M,train,ai-training/datasets/l2-arctic/raw/l2arctic_release_v5.0/TLV/wav/arctic_b0269.wav,Why not like any railroad station or ferry depot,1,non_native,l2_learner,arctic_b0269
l2_arctic,TLV,Vietnamese,M,train,ai-training/datasets/l2-arctic/raw/l2arctic_release_v5.0/TLV/wav/arctic_b0270.wav,We could throw stones with our feet,1,non_native,l2_learner,arctic_b0270
l2_arctic,TLV,Vietnamese,M,train,ai-training/datasets/l2-arctic/raw/l2arctic_release_v5.0/TLV/wav/arctic_b0271.wav,It was put together in a casual helter skelter sort of way,1,non_native,l2_learner,arctic_b0271
l2_arctic,TLV,Vietnamese,M,train,ai-training/datasets/l2-arctic/raw/l2arctic_release_v5.0/TLV/wav/arctic_b0272.wav,These were merely stout sticks an inch or so in diameter,1,non_native,l2_learner,arctic_b0272
l2_arctic,TLV,Vietnamese,M,train,ai-training/datasets/l2-arctic/raw/l2arctic_release_v5.0/TLV/wav/arctic_b0273.wav,Then it was that a strange thing happened,1,non_native,l2_learner,arctic_b0273
l2_arctic,TLV,Vietnamese,M,train,ai-training/datasets/l2-arctic/raw/l2arctic_release_v5.0/TLV/wav/arctic_b0274.wav,From the source of light a harsh voice said,1,non_native,l2_learner,arctic_b0274
l2_arctic,TLV,Vietnamese,M,train,ai-training/datasets/l2-arctic/raw/l2arctic_release_v5.0/TLV/wav/arctic_b0275.wav,But I did not enjoy it long,1,non_native,l2_learner,arctic_b0275
l2_arctic,TLV,Vietnamese,M,train,ai-training/datasets/l2-arctic/raw/l2arctic_release_v5.0/TLV/wav/arctic_b0276.wav,We were now good friends,1,non_native,l2_learner,arctic_b0276
l2_arctic,TLV,Vietnamese,M,train,ai-training/datasets/l2-arctic/raw/l2arctic_release_v5.0/TLV/wav/arctic_b0277.wav,Two of the Folk were already up,1,non_native,l2_learner,arctic_b0277
l2_arctic,TLV,Vietnamese,M,train,ai-training/datasets/l2-arctic/raw/l2arctic_release_v5.0/TLV/wav/arctic_b0278.wav,Now animals do not like mockery,1,non_native,l2_learner,arctic_b0278
l2_arctic,TLV,Vietnamese,M,train,ai-training/datasets/l2-arctic/raw/l2arctic_release_v5.0/TLV/wav/arctic_b0279.wav,He gave one last snarl and slid from view among the trees,1,non_native,l2_learner,arctic_b0279
l2_arctic,TLV,Vietnamese,M,train,ai-training/datasets/l2-arctic/raw/l2arctic_release_v5.0/TLV/wav/arctic_b0280.wav,Again the girls applauded and Missus Hall cried,1,non_native,l2_learner,arctic_b0280
l2_arctic,TLV,Vietnamese,M,train,ai-training/datasets/l2-arctic/raw/l2arctic_release_v5.0/TLV/wav/arctic_b0281.wav,Just the same I'd sooner be myself than have book indigestion,1,non_native,l2_learner,arctic_b0281
l2_arctic,TLV,Vietnamese,M,train,ai-training/datasets/l2-arctic/raw/l2arctic_release_v5.0/TLV/wav/arctic_b0282.wav,Some of the smaller veins had doubtless been ruptured,1,non_native,l2_learner,arctic_b0282
l2_arctic,TLV,Vietnamese,M,train,ai-training/datasets/l2-arctic/raw/l2arctic_release_v5.0/TLV/wav/arctic_b0283.wav,But we were without this momentum,1,non_native,l2_learner,arctic_b0283
l2_arctic,TLV,Vietnamese,M,train,ai-training/datasets/l2-arctic/raw/l2arctic_release_v5.0/TLV/wav/arctic_b0284.wav,There was one difficulty however,1,non_native,l2_learner,arctic_b0284
l2_arctic,TLV,Vietnamese,M,train,ai-training/datasets/l2-arctic/raw/l2arctic_release_v5.0/TLV/wav/arctic_b0285.wav,The hyena proceeded to dine,1,non_native,l2_learner,arctic_b0285
l2_arctic,TLV,Vietnamese,M,train,ai-training/datasets/l2-arctic/raw/l2arctic_release_v5.0/TLV/wav/arctic_b0286.wav,The time was considered auspicious,1,non_native,l2_learner,arctic_b0286
l2_arctic,TLV,Vietnamese,M,train,ai-training/datasets/l2-arctic/raw/l2arctic_release_v5.0/TLV/wav/arctic_b0287.wav,Or have they already devised one,1,non_native,l2_learner,arctic_b0287
l2_arctic,TLV,Vietnamese,M,train,ai-training/datasets/l2-arctic/raw/l2arctic_release_v5.0/TLV/wav/arctic_b0288.wav,We would not spend another such night,1,non_native,l2_learner,arctic_b0288
l2_arctic,TLV,Vietnamese,M,train,ai-training/datasets/l2-arctic/raw/l2arctic_release_v5.0/TLV/wav/arctic_b0289.wav,At first his progress was slow and erratic,1,non_native,l2_learner,arctic_b0289
l2_arctic,TLV,Vietnamese,M,train,ai-training/datasets/l2-arctic/raw/l2arctic_release_v5.0/TLV/wav/arctic_b0290.wav,He placed his paw on one and its movements were accelerated,1,non_native,l2_learner,arctic_b0290
l2_arctic,TLV,Vietnamese,M,train,ai-training/datasets/l2-arctic/raw/l2arctic_release_v5.0/TLV/wav/arctic_b0291.wav,The awe of man rushed over him again,1,non_native,l2_learner,arctic_b0291
l2_arctic,TLV,Vietnamese,M,train,ai-training/datasets/l2-arctic/raw/l2arctic_release_v5.0/TLV/wav/arctic_b0292.wav,The Fire Men wore animal skins around their waists and across their shoulders,1,non_native,l2_learner,arctic_b0292
l2_arctic,TLV,Vietnamese,M,train,ai-training/datasets/l2-arctic/raw/l2arctic_release_v5.0/TLV/wav/arctic_b0293.wav,Between him and all domestic animals there must be no hostilities,1,non_native,l2_learner,arctic_b0293
l2_arctic,TLV,Vietnamese,M,train,ai-training/datasets/l2-arctic/raw/l2arctic_release_v5.0/TLV/wav/arctic_b0294.wav,For a much longer time Lop Ear and I remained and watched,1,non_native,l2_learner,arctic_b0294
l2_arctic,TLV,Vietnamese,M,train,ai-training/datasets/l2-arctic/raw/l2arctic_release_v5.0/TLV/wav/arctic_b0295.wav,All right Sir replied Jock with great regret,1,non_native,l2_learner,arctic_b0295
l2_arctic,TLV,Vietnamese,M,train,ai-training/datasets/l2-arctic/raw/l2arctic_release_v5.0/TLV/wav/arctic_b0296.wav,At times I wondered where Sir Archibald got his style,1,non_native,l2_learner,arctic_b0296
l2_arctic,TLV,Vietnamese,M,train,ai-training/datasets/l2-arctic/raw/l2arctic_release_v5.0/TLV/wav/arctic_b0297.wav,Why should a fellow throw up the sponge after the first round,1,non_native,l2_learner,arctic_b0297
l2_arctic,TLV,Vietnamese,M,train,ai-training/datasets/l2-arctic/raw/l2arctic_release_v5.0/TLV/wav/arctic_b0298.wav,His hand shot out and clutched Crooked Leg by the neck,1,non_native,l2_learner,arctic_b0298
l2_arctic,TLV,Vietnamese,M,train,ai-training/datasets/l2-arctic/raw/l2arctic_release_v5.0/TLV/wav/arctic_b0299.wav,Miss Brodie's smile was slightly sarcastic,1,non_native,l2_learner,arctic_b0299
l2_arctic,TLV,Vietnamese,M,train,ai-training/datasets/l2-arctic/raw/l2arctic_release_v5.0/TLV/wav/arctic_b0300.wav,Does the old boy often go off at half cock that way,1,non_native,l2_learner,arctic_b0300
l2_arctic,TLV,Vietnamese,M,train,ai-training/datasets/l2-arctic/raw/l2arctic_release_v5.0/TLV/wav/arctic_b0301.wav,A flying arrow passed between us,1,non_native,l2_learner,arctic_b0301
l2_arctic,TLV,Vietnamese,M,train,ai-training/datasets/l2-arctic/raw/l2arctic_release_v5.0/TLV/wav/arctic_b0302.wav,I pulled suddenly with all my might,1,non_native,l2_learner,arctic_b0302
l2_arctic,TLV,Vietnamese,M,train,ai-training/datasets/l2-arctic/raw/l2arctic_release_v5.0/TLV/wav/arctic_b0303.wav,Here we allow our solicitors to look after our legal work,1,non_native,l2_learner,arctic_b0303
l2_arctic,TLV,Vietnamese,M,train,ai-training/datasets/l2-arctic/raw/l2arctic_release_v5.0/TLV/wav/arctic_b0304.wav,His previous wives had never lived long enough to bear him children,1,non_native,l2_learner,arctic_b0304
l2_arctic,TLV,Vietnamese,M,train,ai-training/datasets/l2-arctic/raw/l2arctic_release_v5.0/TLV/wav/arctic_b0305.wav,It was our river emerging like ourselves from the great swamp,1,non_native,l2_learner,arctic_b0305
l2_arctic,TLV,Vietnamese,M,train,ai-training/datasets/l2-arctic/raw/l2arctic_release_v5.0/TLV/wav/arctic_b0306.wav,Cameron looked at his hands with their long sinewy fingers,1,non_native,l2_learner,arctic_b0306
l2_arctic,TLV,Vietnamese,M,train,ai-training/datasets/l2-arctic/raw/l2arctic_release_v5.0/TLV/wav/arctic_b0307.wav,We got few vegetables and fruits and became fish eaters,1,non_native,l2_learner,arctic_b0307
l2_arctic,TLV,Vietnamese,M,train,ai-training/datasets/l2-arctic/raw/l2arctic_release_v5.0/TLV/wav/arctic_b0308.wav,We never made another migration,1,non_native,l2_learner,arctic_b0308
l2_arctic,TLV,Vietnamese,M,train,ai-training/datasets/l2-arctic/raw/l2arctic_release_v5.0/TLV/wav/arctic_b0309.wav,Nor was Elam Harnish an exception,1,non_native,l2_learner,arctic_b0309
l2_arctic,TLV,Vietnamese,M,train,ai-training/datasets/l2-arctic/raw/l2arctic_release_v5.0/TLV/wav/arctic_b0310.wav,A little treatment massage with some help from the doctor,1,non_native,l2_learner,arctic_b0310
l2_arctic,TLV,Vietnamese,M,train,ai-training/datasets/l2-arctic/raw/l2arctic_release_v5.0/TLV/wav/arctic_b0311.wav,The twenty ninth very foggy,1,non_native,l2_learner,arctic_b0311
l2_arctic,TLV,Vietnamese,M,train,ai-training/datasets/l2-arctic/raw/l2arctic_release_v5.0/TLV/wav/arctic_b0312.wav,Dig in you're sure good was Daylight's answer,1,non_native,l2_learner,arctic_b0312
l2_arctic,TLV,Vietnamese,M,train,ai-training/datasets/l2-arctic/raw/l2arctic_release_v5.0/TLV/wav/arctic_b0313.wav,The apron string loomed near and he shied like an unbroken colt,1,non_native,l2_learner,arctic_b0313
l2_arctic,TLV,Vietnamese,M,val,ai-training/datasets/l2-arctic/raw/l2arctic_release_v5.0/TLV/wav/arctic_b0314.wav,He had been born with this endowment,1,non_native,l2_learner,arctic_b0314
l2_arctic,TLV,Vietnamese,M,val,ai-training/datasets/l2-arctic/raw/l2arctic_release_v5.0/TLV/wav/arctic_b0315.wav,And this was their sole conversation throughout the meal,1,non_native,l2_learner,arctic_b0315
l2_arctic,TLV,Vietnamese,M,val,ai-training/datasets/l2-arctic/raw/l2arctic_release_v5.0/TLV/wav/arctic_b0316.wav,Though the aurora still flamed another day had begun,1,non_native,l2_learner,arctic_b0316
l2_arctic,TLV,Vietnamese,M,val,ai-training/datasets/l2-arctic/raw/l2arctic_release_v5.0/TLV/wav/arctic_b0317.wav,He did not believe in the burning of daylight for such a luxury,1,non_native,l2_learner,arctic_b0317
l2_arctic,TLV,Vietnamese,M,val,ai-training/datasets/l2-arctic/raw/l2arctic_release_v5.0/TLV/wav/arctic_b0318.wav,Again he had done the big thing,1,non_native,l2_learner,arctic_b0318
l2_arctic,TLV,Vietnamese,M,val,ai-training/datasets/l2-arctic/raw/l2arctic_release_v5.0/TLV/wav/arctic_b0319.wav,Daylight was tired profoundly tired,1,non_native,l2_learner,arctic_b0319
l2_arctic,TLV,Vietnamese,M,val,ai-training/datasets/l2-arctic/raw/l2arctic_release_v5.0/TLV/wav/arctic_b0320.wav,The regret in his voice was provocative of a second burst of laughter,1,non_native,l2_learner,arctic_b0320
l2_arctic,TLV,Vietnamese,M,val,ai-training/datasets/l2-arctic/raw/l2arctic_release_v5.0/TLV/wav/arctic_b0321.wav,Instead he arrived on the night of the second day,1,non_native,l2_learner,arctic_b0321
l2_arctic,TLV,Vietnamese,M,val,ai-training/datasets/l2-arctic/raw/l2arctic_release_v5.0/TLV/wav/arctic_b0322.wav,Their supply of grub was gone,1,non_native,l2_learner,arctic_b0322
l2_arctic,TLV,Vietnamese,M,val,ai-training/datasets/l2-arctic/raw/l2arctic_release_v5.0/TLV/wav/arctic_b0323.wav,Crickets began to chirp and more geese and ducks flew overhead,1,non_native,l2_learner,arctic_b0323
l2_arctic,TLV,Vietnamese,M,val,ai-training/datasets/l2-arctic/raw/l2arctic_release_v5.0/TLV/wav/arctic_b0324.wav,Not till the twentieth of May did the river break,1,non_native,l2_learner,arctic_b0324
l2_arctic,TLV,Vietnamese,M,val,ai-training/datasets/l2-arctic/raw/l2arctic_release_v5.0/TLV/wav/arctic_b0325.wav,It was a gigantic inadequacy,1,non_native,l2_learner,arctic_b0325
l2_arctic,TLV,Vietnamese,M,val,ai-training/datasets/l2-arctic/raw/l2arctic_release_v5.0/TLV/wav/arctic_b0326.wav,Our Mister Howison will call upon you at your hotel,1,non_native,l2_learner,arctic_b0326
l2_arctic,TLV,Vietnamese,M,val,ai-training/datasets/l2-arctic/raw/l2arctic_release_v5.0/TLV/wav/arctic_b0327.wav,He had been so easy,1,non_native,l2_learner,arctic_b0327
l2_arctic,TLV,Vietnamese,M,val,ai-training/datasets/l2-arctic/raw/l2arctic_release_v5.0/TLV/wav/arctic_b0328.wav,Change chairs Daylight commanded,1,non_native,l2_learner,arctic_b0328
l2_arctic,TLV,Vietnamese,M,val,ai-training/datasets/l2-arctic/raw/l2arctic_release_v5.0/TLV/wav/arctic_b0329.wav,I'd sooner have my chips back,1,non_native,l2_learner,arctic_b0329
l2_arctic,TLV,Vietnamese,M,val,ai-training/datasets/l2-arctic/raw/l2arctic_release_v5.0/TLV/wav/arctic_b0330.wav,They only had a little thirty thousand dollar fire,1,non_native,l2_learner,arctic_b0330
l2_arctic,TLV,Vietnamese,M,val,ai-training/datasets/l2-arctic/raw/l2arctic_release_v5.0/TLV/wav/arctic_b0331.wav,His partners had starved and died on the Stewart,1,non_native,l2_learner,arctic_b0331
l2_arctic,TLV,Vietnamese,M,val,ai-training/datasets/l2-arctic/raw/l2arctic_release_v5.0/TLV/wav/arctic_b0332.wav,As to how she dressed he had no ideas at all,1,non_native,l2_learner,arctic_b0332
l2_arctic,TLV,Vietnamese,M,val,ai-training/datasets/l2-arctic/raw/l2arctic_release_v5.0/TLV/wav/arctic_b0333.wav,It does was her audacious answer,1,non_native,l2_learner,arctic_b0333
l2_arctic,TLV,Vietnamese,M,val,ai-training/datasets/l2-arctic/raw/l2arctic_release_v5.0/TLV/wav/arctic_b0334.wav,Oh it's just a novel a love story,1,non_native,l2_learner,arctic_b0334
l2_arctic,TLV,Vietnamese,M,val,ai-training/datasets/l2-arctic/raw/l2arctic_release_v5.0/TLV/wav/arctic_b0335.wav,Whoever lived on the ranch did that,1,non_native,l2_learner,arctic_b0335
l2_arctic,TLV,Vietnamese,M,val,ai-training/datasets/l2-arctic/raw/l2arctic_release_v5.0/TLV/wav/arctic_b0336.wav,How old are you mother,1,non_native,l2_learner,arctic_b0336
l2_arctic,TLV,Vietnamese,M,val,ai-training/datasets/l2-arctic/raw/l2arctic_release_v5.0/TLV/wav/arctic_b0337.wav,Here he got a fresh thrill,1,non_native,l2_learner,arctic_b0337
l2_arctic,TLV,Vietnamese,M,val,ai-training/datasets/l2-arctic/raw/l2arctic_release_v5.0/TLV/wav/arctic_b0338.wav,It was unobtrusive yet it was there,1,non_native,l2_learner,arctic_b0338
l2_arctic,TLV,Vietnamese,M,val,ai-training/datasets/l2-arctic/raw/l2arctic_release_v5.0/TLV/wav/arctic_b0339.wav,Well I'll be plumb gosh darned,1,non_native,l2_learner,arctic_b0339
l2_arctic,TLV,Vietnamese,M,val,ai-training/datasets/l2-arctic/raw/l2arctic_release_v5.0/TLV/wav/arctic_b0340.wav,These quick little joys of hers were sources of joy to him,1,non_native,l2_learner,arctic_b0340
l2_arctic,TLV,Vietnamese,M,val,ai-training/datasets/l2-arctic/raw/l2arctic_release_v5.0/TLV/wav/arctic_b0341.wav,I play that choice wide open to win,1,non_native,l2_learner,arctic_b0341
l2_arctic,TLV,Vietnamese,M,val,ai-training/datasets/l2-arctic/raw/l2arctic_release_v5.0/TLV/wav/arctic_b0342.wav,Each improvement makes the value of everything else pump up,1,non_native,l2_learner,arctic_b0342
l2_arctic,TLV,Vietnamese,M,val,ai-training/datasets/l2-arctic/raw/l2arctic_release_v5.0/TLV/wav/arctic_b0343.wav,But how are you going to do it,1,non_native,l2_learner,arctic_b0343
l2_arctic,TLV,Vietnamese,M,val,ai-training/datasets/l2-arctic/raw/l2arctic_release_v5.0/TLV/wav/arctic_b0344.wav,Lots of men take women buggy riding,1,non_native,l2_learner,arctic_b0344
l2_arctic,TLV,Vietnamese,M,val,ai-training/datasets/l2-arctic/raw/l2arctic_release_v5.0/TLV/wav/arctic_b0345.wav,Daylight made no answer and the door closed behind him,1,non_native,l2_learner,arctic_b0345
l2_arctic,TLV,Vietnamese,M,val,ai-training/datasets/l2-arctic/raw/l2arctic_release_v5.0/TLV/wav/arctic_b0346.wav,There's not an iota of truth in it,1,non_native,l2_learner,arctic_b0346
l2_arctic,TLV,Vietnamese,M,val,ai-training/datasets/l2-arctic/raw/l2arctic_release_v5.0/TLV/wav/arctic_b0347.wav,But ever his gaze returned to that Crouched Venus on the piano,1,non_native,l2_learner,arctic_b0347
l2_arctic,TLV,Vietnamese,M,val,ai-training/datasets/l2-arctic/raw/l2arctic_release_v5.0/TLV/wav/arctic_b0348.wav,Would you be satisfied with that one hundredth part of me,1,non_native,l2_learner,arctic_b0348
l2_arctic,TLV,Vietnamese,M,val,ai-training/datasets/l2-arctic/raw/l2arctic_release_v5.0/TLV/wav/arctic_b0349.wav,In such a tumbling of values was no time to sell,1,non_native,l2_learner,arctic_b0349
l2_arctic,TLV,Vietnamese,M,val,ai-training/datasets/l2-arctic/raw/l2arctic_release_v5.0/TLV/wav/arctic_b0350.wav,Stand off butcher and baker and all the rest,1,non_native,l2_learner,arctic_b0350
l2_arctic,TLV,Vietnamese,M,val,ai-training/datasets/l2-arctic/raw/l2arctic_release_v5.0/TLV/wav/arctic_b0351.wav,Matthewson who's this bookkeeper Rogers,1,non_native,l2_learner,arctic_b0351
l2_arctic,TLV,Vietnamese,M,val,ai-training/datasets/l2-arctic/raw/l2arctic_release_v5.0/TLV/wav/arctic_b0352.wav,Now just what do you want to know,1,non_native,l2_learner,arctic_b0352
l2_arctic,TLV,Vietnamese,M,val,ai-training/datasets/l2-arctic/raw/l2arctic_release_v5.0/TLV/wav/arctic_b0353.wav,I want to know how all this is possible,1,non_native,l2_learner,arctic_b0353
l2_arctic,TLV,Vietnamese,M,val,ai-training/datasets/l2-arctic/raw/l2arctic_release_v5.0/TLV/wav/arctic_b0354.wav,It's that much junk,1,non_native,l2_learner,arctic_b0354
l2_arctic,TLV,Vietnamese,M,val,ai-training/datasets/l2-arctic/raw/l2arctic_release_v5.0/TLV/wav/arctic_b0355.wav,There was proper division of labor in the work they individually performed,1,non_native,l2_learner,arctic_b0355
l2_arctic,TLV,Vietnamese,M,val,ai-training/datasets/l2-arctic/raw/l2arctic_release_v5.0/TLV/wav/arctic_b0356.wav,He loved to play Chinese lottery,1,non_native,l2_learner,arctic_b0356
l2_arctic,TLV,Vietnamese,M,val,ai-training/datasets/l2-arctic/raw/l2arctic_release_v5.0/TLV/wav/arctic_b0357.wav,The Law of Club and Fang,1,non_native,l2_learner,arctic_b0357
l2_arctic,TLV,Vietnamese,M,val,ai-training/datasets/l2-arctic/raw/l2arctic_release_v5.0/TLV/wav/arctic_b0358.wav,The temperature dropped to fifty below zero and remained there the whole trip,1,non_native,l2_learner,arctic_b0358
l2_arctic,TLV,Vietnamese,M,val,ai-training/datasets/l2-arctic/raw/l2arctic_release_v5.0/TLV/wav/arctic_b0359.wav,And as never before he was ready to obey,1,non_native,l2_learner,arctic_b0359
l2_arctic,TLV,Vietnamese,M,val,ai-training/datasets/l2-arctic/raw/l2arctic_release_v5.0/TLV/wav/arctic_b0360.wav,This state of mind comes of an undue prominence of the ego,1,non_native,l2_learner,arctic_b0360
l2_arctic,TLV,Vietnamese,M,val,ai-training/datasets/l2-arctic/raw/l2arctic_release_v5.0/TLV/wav/arctic_b0361.wav,There are the canals of China and the Yangtse River,1,non_native,l2_learner,arctic_b0361
l2_arctic,TLV,Vietnamese,M,val,ai-training/datasets/l2-arctic/raw/l2arctic_release_v5.0/TLV/wav/arctic_b0362.wav,We threaten to be of the one mind before the voyage is completed,1,non_native,l2_learner,arctic_b0362
l2_arctic,TLV,Vietnamese,M,val,ai-training/datasets/l2-arctic/raw/l2arctic_release_v5.0/TLV/wav/arctic_b0363.wav,She was built primarily to sail,1,non_native,l2_learner,arctic_b0363
l2_arctic,TLV,Vietnamese,M,val,ai-training/datasets/l2-arctic/raw/l2arctic_release_v5.0/TLV/wav/arctic_b0364.wav,In the Bohemian Club of San Francisco there are some crack sailors,1,non_native,l2_learner,arctic_b0364
l2_arctic,TLV,Vietnamese,M,val,ai-training/datasets/l2-arctic/raw/l2arctic_release_v5.0/TLV/wav/arctic_b0365.wav,My age in years is twenty two,1,non_native,l2_learner,arctic_b0365
l2_arctic,TLV,Vietnamese,M,val,ai-training/datasets/l2-arctic/raw/l2arctic_release_v5.0/TLV/wav/arctic_b0366.wav,I forgot how easily I had taught myself from the printed page,1,non_native,l2_learner,arctic_b0366
l2_arctic,TLV,Vietnamese,M,val,ai-training/datasets/l2-arctic/raw/l2arctic_release_v5.0/TLV/wav/arctic_b0367.wav,Any average young fellow can teach himself in a week,1,non_native,l2_learner,arctic_b0367
l2_arctic,TLV,Vietnamese,M,val,ai-training/datasets/l2-arctic/raw/l2arctic_release_v5.0/TLV/wav/arctic_b0368.wav,Please do not think that I already know it all,1,non_native,l2_learner,arctic_b0368
l2_arctic,TLV,Vietnamese,M,val,ai-training/datasets/l2-arctic/raw/l2arctic_release_v5.0/TLV/wav/arctic_b0369.wav,You see we were teaching ourselves,1,non_native,l2_learner,arctic_b0369
l2_arctic,TLV,Vietnamese,M,val,ai-training/datasets/l2-arctic/raw/l2arctic_release_v5.0/TLV/wav/arctic_b0370.wav,And now behold the perversity of things,1,non_native,l2_learner,arctic_b0370
l2_arctic,TLV,Vietnamese,M,val,ai-training/datasets/l2-arctic/raw/l2arctic_release_v5.0/TLV/wav/arctic_b0371.wav,Yield yourself to the waters that are ripping and tearing at you,1,non_native,l2_learner,arctic_b0371
l2_arctic,TLV,Vietnamese,M,val,ai-training/datasets/l2-arctic/raw/l2arctic_release_v5.0/TLV/wav/arctic_b0372.wav,Mister McVeigh told me about him,1,non_native,l2_learner,arctic_b0372
l2_arctic,TLV,Vietnamese,M,val,ai-training/datasets/l2-arctic/raw/l2arctic_release_v5.0/TLV/wav/arctic_b0373.wav,Unlike Joshua he stood in no need of divine assistance,1,non_native,l2_learner,arctic_b0373
l2_arctic,TLV,Vietnamese,M,val,ai-training/datasets/l2-arctic/raw/l2arctic_release_v5.0/TLV/wav/arctic_b0374.wav,To say the least Captain Cook was a rather thorough going empiricist,1,non_native,l2_learner,arctic_b0374
l2_arctic,TLV,Vietnamese,M,val,ai-training/datasets/l2-arctic/raw/l2arctic_release_v5.0/TLV/wav/arctic_b0375.wav,Man could not conquer them,1,non_native,l2_learner,arctic_b0375
l2_arctic,TLV,Vietnamese,M,val,ai-training/datasets/l2-arctic/raw/l2arctic_release_v5.0/TLV/wav/arctic_b0376.wav,Thought I and a worthy fool he proved,1,non_native,l2_learner,arctic_b0376
l2_arctic,TLV,Vietnamese,M,val,ai-training/datasets/l2-arctic/raw/l2arctic_release_v5.0/TLV/wav/arctic_b0377.wav,A scarlet loincloth completed his costume,1,non_native,l2_learner,arctic_b0377
l2_arctic,TLV,Vietnamese,M,val,ai-training/datasets/l2-arctic/raw/l2arctic_release_v5.0/TLV/wav/arctic_b0378.wav,I like to speculate upon the glorious future of man,1,non_native,l2_learner,arctic_b0378
l2_arctic,TLV,Vietnamese,M,val,ai-training/datasets/l2-arctic/raw/l2arctic_release_v5.0/TLV/wav/arctic_b0379.wav,Christmas is an easy problem compared with a Polynesian giving feast,1,non_native,l2_learner,arctic_b0379
l2_arctic,TLV,Vietnamese,M,val,ai-training/datasets/l2-arctic/raw/l2arctic_release_v5.0/TLV/wav/arctic_b0380.wav,He had peeled off his shirt and was wildly waving it,1,non_native,l2_learner,arctic_b0380
l2_arctic,TLV,Vietnamese,M,val,ai-training/datasets/l2-arctic/raw/l2arctic_release_v5.0/TLV/wav/arctic_b0381.wav,And how would we ever find ourselves,1,non_native,l2_learner,arctic_b0381
l2_arctic,TLV,Vietnamese,M,val,ai-training/datasets/l2-arctic/raw/l2arctic_release_v5.0/TLV/wav/arctic_b0382.wav,I defy any man to get a Solomon Island sore in California,1,non_native,l2_learner,arctic_b0382
l2_arctic,TLV,Vietnamese,M,val,ai-training/datasets/l2-arctic/raw/l2arctic_release_v5.0/TLV/wav/arctic_b0383.wav,A bush chief had died a natural death,1,non_native,l2_learner,arctic_b0383
l2_arctic,TLV,Vietnamese,M,val,ai-training/datasets/l2-arctic/raw/l2arctic_release_v5.0/TLV/wav/arctic_b0384.wav,The skipper's and Na ka tas gymnastics served as a translation without words,1,non_native,l2_learner,arctic_b0384
l2_arctic,TLV,Vietnamese,M,val,ai-training/datasets/l2-arctic/raw/l2arctic_release_v5.0/TLV/wav/arctic_b0385.wav,Last night he showed all the symptoms of coming down with pneumonia,1,non_native,l2_learner,arctic_b0385
l2_arctic,TLV,Vietnamese,M,val,ai-training/datasets/l2-arctic/raw/l2arctic_release_v5.0/TLV/wav/arctic_b0386.wav,My idea was that he would have more influence over the natives,1,non_native,l2_learner,arctic_b0386
l2_arctic,TLV,Vietnamese,M,val,ai-training/datasets/l2-arctic/raw/l2arctic_release_v5.0/TLV/wav/arctic_b0387.wav,It is merely the simple superlative,1,non_native,l2_learner,arctic_b0387
l2_arctic,TLV,Vietnamese,M,val,ai-training/datasets/l2-arctic/raw/l2arctic_release_v5.0/TLV/wav/arctic_b0388.wav,I made no more overtures,1,non_native,l2_learner,arctic_b0388
l2_arctic,TLV,Vietnamese,M,val,ai-training/datasets/l2-arctic/raw/l2arctic_release_v5.0/TLV/wav/arctic_b0389.wav,Among my minor afflictions I may mention a new and mysterious one,1,non_native,l2_learner,arctic_b0389
l2_arctic,TLV,Vietnamese,M,val,ai-training/datasets/l2-arctic/raw/l2arctic_release_v5.0/TLV/wav/arctic_b0390.wav,The voyage was our idea of a good time,1,non_native,l2_learner,arctic_b0390
l2_arctic,TLV,Vietnamese,M,val,ai-training/datasets/l2-arctic/raw/l2arctic_release_v5.0/TLV/wav/arctic_b0391.wav,At sea Tuesday March seventeenth nineteen o eight,1,non_native,l2_learner,arctic_b0391
l2_arctic,TLV,Vietnamese,M,val,ai-training/datasets/l2-arctic/raw/l2arctic_release_v5.0/TLV/wav/arctic_b0392.wav,Yes sir he answered with cheerful alacrity,1,non_native,l2_learner,arctic_b0392
l2_arctic,TLV,Vietnamese,M,val,ai-training/datasets/l2-arctic/raw/l2arctic_release_v5.0/TLV/wav/arctic_b0393.wav,I was still weak from my prolonged immersion,1,non_native,l2_learner,arctic_b0393
l2_arctic,TLV,Vietnamese,M,val,ai-training/datasets/l2-arctic/raw/l2arctic_release_v5.0/TLV/wav/arctic_b0394.wav,The boy hesitated then mastered his temper,1,non_native,l2_learner,arctic_b0394
l2_arctic,TLV,Vietnamese,M,val,ai-training/datasets/l2-arctic/raw/l2arctic_release_v5.0/TLV/wav/arctic_b0395.wav,I was beneath the water suffocating and drowning,1,non_native,l2_learner,arctic_b0395
l2_arctic,TLV,Vietnamese,M,val,ai-training/datasets/l2-arctic/raw/l2arctic_release_v5.0/TLV/wav/arctic_b0396.wav,The pain from my hurt knee was agonizing,1,non_native,l2_learner,arctic_b0396
l2_arctic,TLV,Vietnamese,M,val,ai-training/datasets/l2-arctic/raw/l2arctic_release_v5.0/TLV/wav/arctic_b0397.wav,The hunters were still arguing and roaring like some semi human amphibious breed,1,non_native,l2_learner,arctic_b0397
l2_arctic,TLV,Vietnamese,M,val,ai-training/datasets/l2-arctic/raw/l2arctic_release_v5.0/TLV/wav/arctic_b0398.wav,I have been robbed sir I amended,1,non_native,l2_learner,arctic_b0398
l2_arctic,TLV,Vietnamese,M,val,ai-training/datasets/l2-arctic/raw/l2arctic_release_v5.0/TLV/wav/arctic_b0399.wav,You were looking squeamish this afternoon he began,1,non_native,l2_learner,arctic_b0399
l2_arctic,TLV,Vietnamese,M,val,ai-training/datasets/l2-arctic/raw/l2arctic_release_v5.0/TLV/wav/arctic_b0400.wav,How could I answer the question on the spur of the moment,1,non_native,l2_learner,arctic_b0400
l2_arctic,TLV,Vietnamese,M,val,ai-training/datasets/l2-arctic/raw/l2arctic_release_v5.0/TLV/wav/arctic_b0401.wav,I learned it myself in English ships,1,non_native,l2_learner,arctic_b0401
l2_arctic,TLV,Vietnamese,M,val,ai-training/datasets/l2-arctic/raw/l2arctic_release_v5.0/TLV/wav/arctic_b0402.wav,An altruistic act is an act performed for the welfare of others,1,non_native,l2_learner,arctic_b0402
l2_arctic,TLV,Vietnamese,M,val,ai-training/datasets/l2-arctic/raw/l2arctic_release_v5.0/TLV/wav/arctic_b0403.wav,Knowing him I review the old Scandinavian myths with clearer understanding,1,non_native,l2_learner,arctic_b0403
l2_arctic,TLV,Vietnamese,M,val,ai-training/datasets/l2-arctic/raw/l2arctic_release_v5.0/TLV/wav/arctic_b0404.wav,Yes and no sir was the slow reply,1,non_native,l2_learner,arctic_b0404
l2_arctic,TLV,Vietnamese,M,val,ai-training/datasets/l2-arctic/raw/l2arctic_release_v5.0/TLV/wav/arctic_b0405.wav,And each year something happened and I did not go,1,non_native,l2_learner,arctic_b0405
l2_arctic,TLV,Vietnamese,M,val,ai-training/datasets/l2-arctic/raw/l2arctic_release_v5.0/TLV/wav/arctic_b0406.wav,How in hell did he know it was you in the dark,1,non_native,l2_learner,arctic_b0406
l2_arctic,TLV,Vietnamese,M,val,ai-training/datasets/l2-arctic/raw/l2arctic_release_v5.0/TLV/wav/arctic_b0407.wav,Of course much grumbling went on and little outbursts were continually occurring,1,non_native,l2_learner,arctic_b0407
l2_arctic,TLV,Vietnamese,M,val,ai-training/datasets/l2-arctic/raw/l2arctic_release_v5.0/TLV/wav/arctic_b0408.wav,You have all the advantage,1,non_native,l2_learner,arctic_b0408
l2_arctic,TLV,Vietnamese,M,val,ai-training/datasets/l2-arctic/raw/l2arctic_release_v5.0/TLV/wav/arctic_b0409.wav,The dirk mentioned by Wolf Larsen rested in its sheath on my hip,1,non_native,l2_learner,arctic_b0409
l2_arctic,TLV,Vietnamese,M,val,ai-training/datasets/l2-arctic/raw/l2arctic_release_v5.0/TLV/wav/arctic_b0410.wav,Have you ever earned a dollar by your own labour,1,non_native,l2_learner,arctic_b0410
l2_arctic,TLV,Vietnamese,M,val,ai-training/datasets/l2-arctic/raw/l2arctic_release_v5.0/TLV/wav/arctic_b0411.wav,He gave no reason but his motive was obvious enough,1,non_native,l2_learner,arctic_b0411
l2_arctic,TLV,Vietnamese,M,val,ai-training/datasets/l2-arctic/raw/l2arctic_release_v5.0/TLV/wav/arctic_b0412.wav,Ah it was sweet in my ears,1,non_native,l2_learner,arctic_b0412
l2_arctic,TLV,Vietnamese,M,val,ai-training/datasets/l2-arctic/raw/l2arctic_release_v5.0/TLV/wav/arctic_b0413.wav,He may desire to escape pain or to enjoy pleasure,1,non_native,l2_learner,arctic_b0413
l2_arctic,TLV,Vietnamese,M,val,ai-training/datasets/l2-arctic/raw/l2arctic_release_v5.0/TLV/wav/arctic_b0414.wav,It was impossible to hoist sail and claw off that shore,1,non_native,l2_learner,arctic_b0414
l2_arctic,TLV,Vietnamese,M,val,ai-training/datasets/l2-arctic/raw/l2arctic_release_v5.0/TLV/wav/arctic_b0415.wav,There was nothing for us but the wide raw ocean,1,non_native,l2_learner,arctic_b0415
l2_arctic,TLV,Vietnamese,M,val,ai-training/datasets/l2-arctic/raw/l2arctic_release_v5.0/TLV/wav/arctic_b0416.wav,I arose obediently and went down the beach,1,non_native,l2_learner,arctic_b0416
l2_arctic,TLV,Vietnamese,M,val,ai-training/datasets/l2-arctic/raw/l2arctic_release_v5.0/TLV/wav/arctic_b0417.wav,The next thing to watch out for is bed sores,1,non_native,l2_learner,arctic_b0417
l2_arctic,TLV,Vietnamese,M,val,ai-training/datasets/l2-arctic/raw/l2arctic_release_v5.0/TLV/wav/arctic_b0418.wav,At that moment I got the impression that she was willowy,1,non_native,l2_learner,arctic_b0418
l2_arctic,TLV,Vietnamese,M,val,ai-training/datasets/l2-arctic/raw/l2arctic_release_v5.0/TLV/wav/arctic_b0419.wav,Your father's fifth command he nodded,1,non_native,l2_learner,arctic_b0419
l2_arctic,TLV,Vietnamese,M,val,ai-training/datasets/l2-arctic/raw/l2arctic_release_v5.0/TLV/wav/arctic_b0420.wav,On occasion on this traverse the Cape Verde Islands are raised,1,non_native,l2_learner,arctic_b0420
l2_arctic,TLV,Vietnamese,M,val,ai-training/datasets/l2-arctic/raw/l2arctic_release_v5.0/TLV/wav/arctic_b0421.wav,She is essentially the life giving life conserving female of the species,1,non_native,l2_learner,arctic_b0421
l2_arctic,TLV,Vietnamese,M,val,ai-training/datasets/l2-arctic/raw/l2arctic_release_v5.0/TLV/wav/arctic_b0422.wav,This was when the explosion occurred,1,non_native,l2_learner,arctic_b0422
l2_arctic,TLV,Vietnamese,M,val,ai-training/datasets/l2-arctic/raw/l2arctic_release_v5.0/TLV/wav/arctic_b0423.wav,Also at regular intervals he would mutter,1,non_native,l2_learner,arctic_b0423
l2_arctic,TLV,Vietnamese,M,val,ai-training/datasets/l2-arctic/raw/l2arctic_release_v5.0/TLV/wav/arctic_b0424.wav,It is a very tenable hypothesis and will bear looking into,1,non_native,l2_learner,arctic_b0424
l2_arctic,TLV,Vietnamese,M,val,ai-training/datasets/l2-arctic/raw/l2arctic_release_v5.0/TLV/wav/arctic_b0425.wav,There were orange green gold green and a copper green,1,non_native,l2_learner,arctic_b0425
l2_arctic,TLV,Vietnamese,M,val,ai-training/datasets/l2-arctic/raw/l2arctic_release_v5.0/TLV/wav/arctic_b0426.wav,The Gabriel voice of the Samurai rang out,1,non_native,l2_learner,arctic_b0426
l2_arctic,TLV,Vietnamese,M,test,ai-training/datasets/l2-arctic/raw/l2arctic_release_v5.0/TLV/wav/arctic_b0427.wav,The sunsets grow more bizarre and spectacular off this coast of the Argentine,1,non_native,l2_learner,arctic_b0427
l2_arctic,TLV,Vietnamese,M,test,ai-training/datasets/l2-arctic/raw/l2arctic_release_v5.0/TLV/wav/arctic_b0428.wav,The history of our westward faring race is written in it,1,non_native,l2_learner,arctic_b0428
l2_arctic,TLV,Vietnamese,M,test,ai-training/datasets/l2-arctic/raw/l2arctic_release_v5.0/TLV/wav/arctic_b0429.wav,And the Eurasian Chinese Englishman bowed himself away,1,non_native,l2_learner,arctic_b0429
l2_arctic,TLV,Vietnamese,M,test,ai-training/datasets/l2-arctic/raw/l2arctic_release_v5.0/TLV/wav/arctic_b0430.wav,They were babbling and chattering all together,1,non_native,l2_learner,arctic_b0430
l2_arctic,TLV,Vietnamese,M,test,ai-training/datasets/l2-arctic/raw/l2arctic_release_v5.0/TLV/wav/arctic_b0431.wav,Too much he told me with ominous rolling head,1,non_native,l2_learner,arctic_b0431
l2_arctic,TLV,Vietnamese,M,test,ai-training/datasets/l2-arctic/raw/l2arctic_release_v5.0/TLV/wav/arctic_b0432.wav,He is a candidate rising from the serf class to our class,1,non_native,l2_learner,arctic_b0432
l2_arctic,TLV,Vietnamese,M,test,ai-training/datasets/l2-arctic/raw/l2arctic_release_v5.0/TLV/wav/arctic_b0433.wav,We are cooking on the coal stove and on the oil burners,1,non_native,l2_learner,arctic_b0433
l2_arctic,TLV,Vietnamese,M,test,ai-training/datasets/l2-arctic/raw/l2arctic_release_v5.0/TLV/wav/arctic_b0434.wav,The steward has just tendered me a respectful bit of advice,1,non_native,l2_learner,arctic_b0434
l2_arctic,TLV,Vietnamese,M,test,ai-training/datasets/l2-arctic/raw/l2arctic_release_v5.0/TLV/wav/arctic_b0435.wav,Well did they eat,1,non_native,l2_learner,arctic_b0435
l2_arctic,TLV,Vietnamese,M,test,ai-training/datasets/l2-arctic/raw/l2arctic_release_v5.0/TLV/wav/arctic_b0436.wav,Famine had been my great ally,1,non_native,l2_learner,arctic_b0436
l2_arctic,TLV,Vietnamese,M,test,ai-training/datasets/l2-arctic/raw/l2arctic_release_v5.0/TLV/wav/arctic_b0437.wav,Nowhere in the North is the soil so prolific,1,non_native,l2_learner,arctic_b0437
l2_arctic,TLV,Vietnamese,M,test,ai-training/datasets/l2-arctic/raw/l2arctic_release_v5.0/TLV/wav/arctic_b0438.wav,They ran the canoe in and climbed the high earth bank,1,non_native,l2_learner,arctic_b0438
l2_arctic,TLV,Vietnamese,M,test,ai-training/datasets/l2-arctic/raw/l2arctic_release_v5.0/TLV/wav/arctic_b0439.wav,The land exchanged its austere robes for the garb of a smiling wanton,1,non_native,l2_learner,arctic_b0439
l2_arctic,TLV,Vietnamese,M,test,ai-training/datasets/l2-arctic/raw/l2arctic_release_v5.0/TLV/wav/arctic_b0440.wav,There were stir and bustle new faces and fresh facts,1,non_native,l2_learner,arctic_b0440
l2_arctic,TLV,Vietnamese,M,test,ai-training/datasets/l2-arctic/raw/l2arctic_release_v5.0/TLV/wav/arctic_b0441.wav,And there was Ethel Baird whom also you must remember,1,non_native,l2_learner,arctic_b0441
l2_arctic,TLV,Vietnamese,M,test,ai-training/datasets/l2-arctic/raw/l2arctic_release_v5.0/TLV/wav/arctic_b0442.wav,He had become a man very early in life,1,non_native,l2_learner,arctic_b0442
l2_arctic,TLV,Vietnamese,M,test,ai-training/datasets/l2-arctic/raw/l2arctic_release_v5.0/TLV/wav/arctic_b0443.wav,I did not think you would be so early,1,non_native,l2_learner,arctic_b0443
l2_arctic,TLV,Vietnamese,M,test,ai-training/datasets/l2-arctic/raw/l2arctic_release_v5.0/TLV/wav/arctic_b0444.wav,He did not know what went on in the minds of his superiors,1,non_native,l2_learner,arctic_b0444
l2_arctic,TLV,Vietnamese,M,test,ai-training/datasets/l2-arctic/raw/l2arctic_release_v5.0/TLV/wav/arctic_b0445.wav,Mops sir eagerly answered the sailor at the wheel,1,non_native,l2_learner,arctic_b0445
l2_arctic,TLV,Vietnamese,M,test,ai-training/datasets/l2-arctic/raw/l2arctic_release_v5.0/TLV/wav/arctic_b0446.wav,Some one had thrust a large sheath knife into his hand,1,non_native,l2_learner,arctic_b0446
l2_arctic,TLV,Vietnamese,M,test,ai-training/datasets/l2-arctic/raw/l2arctic_release_v5.0/TLV/wav/arctic_b0447.wav,O'Brien emitted a shriek that sank swiftly to a gurgling sob,1,non_native,l2_learner,arctic_b0447
l2_arctic,TLV,Vietnamese,M,test,ai-training/datasets/l2-arctic/raw/l2arctic_release_v5.0/TLV/wav/arctic_b0448.wav,Sandel would never become a world champion,1,non_native,l2_learner,arctic_b0448
l2_arctic,TLV,Vietnamese,M,test,ai-training/datasets/l2-arctic/raw/l2arctic_release_v5.0/TLV/wav/arctic_b0449.wav,Also she wouldn't walk,1,non_native,l2_learner,arctic_b0449
l2_arctic,TLV,Vietnamese,M,test,ai-training/datasets/l2-arctic/raw/l2arctic_release_v5.0/TLV/wav/arctic_b0450.wav,To my dearest and always appreciated friend I submit myself,1,non_native,l2_learner,arctic_b0450
l2_arctic,TLV,Vietnamese,M,test,ai-training/datasets/l2-arctic/raw/l2arctic_release_v5.0/TLV/wav/arctic_b0451.wav,You used to joy ride like the very devil,1,non_native,l2_learner,arctic_b0451
l2_arctic,TLV,Vietnamese,M,test,ai-training/datasets/l2-arctic/raw/l2arctic_release_v5.0/TLV/wav/arctic_b0452.wav,They saw each other for the first time in Boston,1,non_native,l2_learner,arctic_b0452
l2_arctic,TLV,Vietnamese,M,test,ai-training/datasets/l2-arctic/raw/l2arctic_release_v5.0/TLV/wav/arctic_b0453.wav,Isaac Ford the austere soldier of the Lord the old hypocrite,1,non_native,l2_learner,arctic_b0453
l2_arctic,TLV,Vietnamese,M,test,ai-training/datasets/l2-arctic/raw/l2arctic_release_v5.0/TLV/wav/arctic_b0454.wav,Eighteen he added,1,non_native,l2_learner,arctic_b0454
l2_arctic,TLV,Vietnamese,M,test,ai-training/datasets/l2-arctic/raw/l2arctic_release_v5.0/TLV/wav/arctic_b0455.wav,His reward should have been peace and repose,1,non_native,l2_learner,arctic_b0455
l2_arctic,TLV,Vietnamese,M,test,ai-training/datasets/l2-arctic/raw/l2arctic_release_v5.0/TLV/wav/arctic_b0456.wav,He was an amphibian and a mountaineer,1,non_native,l2_learner,arctic_b0456
l2_arctic,TLV,Vietnamese,M,test,ai-training/datasets/l2-arctic/raw/l2arctic_release_v5.0/TLV/wav/arctic_b0457.wav,It was sanctification and salvation,1,non_native,l2_learner,arctic_b0457
l2_arctic,TLV,Vietnamese,M,test,ai-training/datasets/l2-arctic/raw/l2arctic_release_v5.0/TLV/wav/arctic_b0458.wav,The history of the eighteenth century is written Ernest prompted,1,non_native,l2_learner,arctic_b0458
l2_arctic,TLV,Vietnamese,M,test,ai-training/datasets/l2-arctic/raw/l2arctic_release_v5.0/TLV/wav/arctic_b0459.wav,They are not biologists nor sociologists,1,non_native,l2_learner,arctic_b0459
l2_arctic,TLV,Vietnamese,M,test,ai-training/datasets/l2-arctic/raw/l2arctic_release_v5.0/TLV/wav/arctic_b0460.wav,The more his opponents grew excited the more Ernest deliberately excited them,1,non_native,l2_learner,arctic_b0460
l2_arctic,TLV,Vietnamese,M,test,ai-training/datasets/l2-arctic/raw/l2arctic_release_v5.0/TLV/wav/arctic_b0461.wav,By virtue of that power we shall remain in power,1,non_native,l2_learner,arctic_b0461
l2_arctic,TLV,Vietnamese,M,test,ai-training/datasets/l2-arctic/raw/l2arctic_release_v5.0/TLV/wav/arctic_b0462.wav,One guess will do Ernest retorted,1,non_native,l2_learner,arctic_b0462
l2_arctic,TLV,Vietnamese,M,test,ai-training/datasets/l2-arctic/raw/l2arctic_release_v5.0/TLV/wav/arctic_b0463.wav,Take my advice and accept the vacation,1,non_native,l2_learner,arctic_b0463
l2_arctic,TLV,Vietnamese,M,test,ai-training/datasets/l2-arctic/raw/l2arctic_release_v5.0/TLV/wav/arctic_b0464.wav,I could not agree with Ernest,1,non_native,l2_learner,arctic_b0464
l2_arctic,TLV,Vietnamese,M,test,ai-training/datasets/l2-arctic/raw/l2arctic_release_v5.0/TLV/wav/arctic_b0465.wav,But such divergence of opinion would constitute no menace to society,1,non_native,l2_learner,arctic_b0465
l2_arctic,TLV,Vietnamese,M,test,ai-training/datasets/l2-arctic/raw/l2arctic_release_v5.0/TLV/wav/arctic_b0466.wav,It is dog eat dog and you ate them up,1,non_native,l2_learner,arctic_b0466
l2_arctic,TLV,Vietnamese,M,test,ai-training/datasets/l2-arctic/raw/l2arctic_release_v5.0/TLV/wav/arctic_b0467.wav,Let us run them for ourselves,1,non_native,l2_learner,arctic_b0467
l2_arctic,TLV,Vietnamese,M,test,ai-training/datasets/l2-arctic/raw/l2arctic_release_v5.0/TLV/wav/arctic_b0468.wav,It was introduced by Representative Dick of Ohio,1,non_native,l2_learner,arctic_b0468
l2_arctic,TLV,Vietnamese,M,test,ai-training/datasets/l2-arctic/raw/l2arctic_release_v5.0/TLV/wav/arctic_b0469.wav,Very few people knew of the existence of this law,1,non_native,l2_learner,arctic_b0469
l2_arctic,TLV,Vietnamese,M,test,ai-training/datasets/l2-arctic/raw/l2arctic_release_v5.0/TLV/wav/arctic_b0470.wav,The very thing Ernest agreed,1,non_native,l2_learner,arctic_b0470
l2_arctic,TLV,Vietnamese,M,test,ai-training/datasets/l2-arctic/raw/l2arctic_release_v5.0/TLV/wav/arctic_b0471.wav,Also a fellow Senator Chauncey Depew said,1,non_native,l2_learner,arctic_b0471
l2_arctic,TLV,Vietnamese,M,test,ai-training/datasets/l2-arctic/raw/l2arctic_release_v5.0/TLV/wav/arctic_b0472.wav,Ernest saw in the affair the most sinister import,1,non_native,l2_learner,arctic_b0472
l2_arctic,TLV,Vietnamese,M,test,ai-training/datasets/l2-arctic/raw/l2arctic_release_v5.0/TLV/wav/arctic_b0473.wav,Then there was the campaign,1,non_native,l2_learner,arctic_b0473
l2_arctic,TLV,Vietnamese,M,test,ai-training/datasets/l2-arctic/raw/l2arctic_release_v5.0/TLV/wav/arctic_b0474.wav,He was manifestly distressed by my coming,1,non_native,l2_learner,arctic_b0474
l2_arctic,TLV,Vietnamese,M,test,ai-training/datasets/l2-arctic/raw/l2arctic_release_v5.0/TLV/wav/arctic_b0475.wav,Not a wheel moved in his empire,1,non_native,l2_learner,arctic_b0475
l2_arctic,TLV,Vietnamese,M,test,ai-training/datasets/l2-arctic/raw/l2arctic_release_v5.0/TLV/wav/arctic_b0476.wav,The reorganization of these countries took the form of revolution,1,non_native,l2_learner,arctic_b0476
l2_arctic,TLV,Vietnamese,M,test,ai-training/datasets/l2-arctic/raw/l2arctic_release_v5.0/TLV/wav/arctic_b0477.wav,You're going in for grab sharing,1,non_native,l2_learner,arctic_b0477
l2_arctic,TLV,Vietnamese,M,test,ai-training/datasets/l2-arctic/raw/l2arctic_release_v5.0/TLV/wav/arctic_b0478.wav,The Oligarchy will encourage such ambition and the consequent competition,1,non_native,l2_learner,arctic_b0478
l2_arctic,TLV,Vietnamese,M,test,ai-training/datasets/l2-arctic/raw/l2arctic_release_v5.0/TLV/wav/arctic_b0479.wav,Violation of this law was made a high misdemeanor and punished accordingly,1,non_native,l2_learner,arctic_b0479
l2_arctic,TLV,Vietnamese,M,test,ai-training/datasets/l2-arctic/raw/l2arctic_release_v5.0/TLV/wav/arctic_b0480.wav,Without discussion it was the agents provocateurs who caused the Peasant Revolt,1,non_native,l2_learner,arctic_b0480
l2_arctic,TLV,Vietnamese,M,test,ai-training/datasets/l2-arctic/raw/l2arctic_release_v5.0/TLV/wav/arctic_b0481.wav,The task we set ourselves was threefold,1,non_native,l2_learner,arctic_b0481
l2_arctic,TLV,Vietnamese,M,test,ai-training/datasets/l2-arctic/raw/l2arctic_release_v5.0/TLV/wav/arctic_b0482.wav,Many other similar disconcerting omissions will be noticed in the Manuscript,1,non_native,l2_learner,arctic_b0482
l2_arctic,TLV,Vietnamese,M,test,ai-training/datasets/l2-arctic/raw/l2arctic_release_v5.0/TLV/wav/arctic_b0483.wav,The flower of the artistic and intellectual world were revolutionists,1,non_native,l2_learner,arctic_b0483
l2_arctic,TLV,Vietnamese,M,test,ai-training/datasets/l2-arctic/raw/l2arctic_release_v5.0/TLV/wav/arctic_b0484.wav,This the Iron Heel foresaw and laid its schemes accordingly,1,non_native,l2_learner,arctic_b0484
l2_arctic,TLV,Vietnamese,M,test,ai-training/datasets/l2-arctic/raw/l2arctic_release_v5.0/TLV/wav/arctic_b0485.wav,The mob came on but it could not advance,1,non_native,l2_learner,arctic_b0485
l2_arctic,TLV,Vietnamese,M,test,ai-training/datasets/l2-arctic/raw/l2arctic_release_v5.0/TLV/wav/arctic_b0486.wav,But why continue the tirade for tirade it was,1,non_native,l2_learner,arctic_b0486
l2_arctic,TLV,Vietnamese,M,test,ai-training/datasets/l2-arctic/raw/l2arctic_release_v5.0/TLV/wav/arctic_b0487.wav,After all superfluous flesh is gone what is left is stringy and resistant,1,non_native,l2_learner,arctic_b0487
l2_arctic,TLV,Vietnamese,M,test,ai-training/datasets/l2-arctic/raw/l2arctic_release_v5.0/TLV/wav/arctic_b0488.wav,Beyond refusing to sell us food they left us to ourselves,1,non_native,l2_learner,arctic_b0488
l2_arctic,TLV,Vietnamese,M,test,ai-training/datasets/l2-arctic/raw/l2arctic_release_v5.0/TLV/wav/arctic_b0489.wav,He was a merry monarch especially so for an Asiatic,1,non_native,l2_learner,arctic_b0489
l2_arctic,TLV,Vietnamese,M,test,ai-training/datasets/l2-arctic/raw/l2arctic_release_v5.0/TLV/wav/arctic_b0490.wav,What an excited whispering and conferring took place,1,non_native,l2_learner,arctic_b0490
l2_arctic,TLV,Vietnamese,M,test,ai-training/datasets/l2-arctic/raw/l2arctic_release_v5.0/TLV/wav/arctic_b0491.wav,Jacob Brinker who was his road mate brought the news,1,non_native,l2_learner,arctic_b0491
l2_arctic,TLV,Vietnamese,M,test,ai-training/datasets/l2-arctic/raw/l2arctic_release_v5.0/TLV/wav/arctic_b0492.wav,Thus he turned the tenets and jargon of psychology back on me,1,non_native,l2_learner,arctic_b0492
l2_arctic,TLV,Vietnamese,M,test,ai-training/datasets/l2-arctic/raw/l2arctic_release_v5.0/TLV/wav/arctic_b0493.wav,You yellow giant thing of the frost,1,non_native,l2_learner,arctic_b0493
l2_arctic,TLV,Vietnamese,M,test,ai-training/datasets/l2-arctic/raw/l2arctic_release_v5.0/TLV/wav/arctic_b0494.wav,Never so strange a prophet came up to Jerusalem,1,non_native,l2_learner,arctic_b0494
l2_arctic,TLV,Vietnamese,M,test,ai-training/datasets/l2-arctic/raw/l2arctic_release_v5.0/TLV/wav/arctic_b0495.wav,We who have endured so much surely can endure a little more,1,non_native,l2_learner,arctic_b0495
l2_arctic,TLV,Vietnamese,M,test,ai-training/datasets/l2-arctic/raw/l2arctic_release_v5.0/TLV/wav/arctic_b0496.wav,I have seen myself that one man contemplated by Pascal's philosophic eye,1,non_native,l2_learner,arctic_b0496
l2_arctic,TLV,Vietnamese,M,test,ai-training/datasets/l2-arctic/raw/l2arctic_release_v5.0/TLV/wav/arctic_b0497.wav,One great drawback to farming in California is our long dry summer,1,non_native,l2_learner,arctic_b0497
l2_arctic,TLV,Vietnamese,M,test,ai-training/datasets/l2-arctic/raw/l2arctic_release_v5.0/TLV/wav/arctic_b0498.wav,I remembered the red wine of the Italian rancho and shuddered inwardly,1,non_native,l2_learner,arctic_b0498
l2_arctic,TLV,Vietnamese,M,test,ai-training/datasets/l2-arctic/raw/l2arctic_release_v5.0/TLV/wav/arctic_b0499.wav,I said and dismissed the matter as not worth thinking about,1,non_native,l2_learner,arctic_b0499
l2_arctic,TLV,Vietnamese,M,test,ai-training/datasets/l2-arctic/raw/l2arctic_release_v5.0/TLV/wav/arctic_b0500.wav,Then came my boy code,1,non_native,l2_learner,arctic_b0500
l2_arctic,TLV,Vietnamese,M,test,ai-training/datasets/l2-arctic/raw/l2arctic_release_v5.0/TLV/wav/arctic_b0501.wav,And wherever I ranged the way lay along alcohol drenched roads,1,non_native,l2_learner,arctic_b0501
l2_arctic,TLV,Vietnamese,M,test,ai-training/datasets/l2-arctic/raw/l2arctic_release_v5.0/TLV/wav/arctic_b0502.wav,And as we hurried up town Joe Goose explained,1,non_native,l2_learner,arctic_b0502
l2_arctic,TLV,Vietnamese,M,test,ai-training/datasets/l2-arctic/raw/l2arctic_release_v5.0/TLV/wav/arctic_b0503.wav,The scents of strange vegetation blew off the tropic land,1,non_native,l2_learner,arctic_b0503
l2_arctic,TLV,Vietnamese,M,test,ai-training/datasets/l2-arctic/raw/l2arctic_release_v5.0/TLV/wav/arctic_b0504.wav,The life there was healthful and athletic but too juvenile,1,non_native,l2_learner,arctic_b0504
l2_arctic,TLV,Vietnamese,M,test,ai-training/datasets/l2-arctic/raw/l2arctic_release_v5.0/TLV/wav/arctic_b0505.wav,How valiantly I went at it that first day,1,non_native,l2_learner,arctic_b0505
l2_arctic,TLV,Vietnamese,M,test,ai-training/datasets/l2-arctic/raw/l2arctic_release_v5.0/TLV/wav/arctic_b0506.wav,It would help to tide me along until I got steady employment,1,non_native,l2_learner,arctic_b0506
l2_arctic,TLV,Vietnamese,M,test,ai-training/datasets/l2-arctic/raw/l2arctic_release_v5.0/TLV/wav/arctic_b0507.wav,Did I possess too much vitality,1,non_native,l2_learner,arctic_b0507
l2_arctic,TLV,Vietnamese,M,test,ai-training/datasets/l2-arctic/raw/l2arctic_release_v5.0/TLV/wav/arctic_b0508.wav,In his anxiety and solicitude and love they did not count,1,non_native,l2_learner,arctic_b0508
l2_arctic,TLV,Vietnamese,M,test,ai-training/datasets/l2-arctic/raw/l2arctic_release_v5.0/TLV/wav/arctic_b0509.wav,He had fulfilled his duty and paid properly,1,non_native,l2_learner,arctic_b0509
l2_arctic,TLV,Vietnamese,M,test,ai-training/datasets/l2-arctic/raw/l2arctic_release_v5.0/TLV/wav/arctic_b0510.wav,He knew what taboos he was violating,1,non_native,l2_learner,arctic_b0510
l2_arctic,TLV,Vietnamese,M,test,ai-training/datasets/l2-arctic/raw/l2arctic_release_v5.0/TLV/wav/arctic_b0511.wav,Do you value your hide,1,non_native,l2_learner,arctic_b0511
l2_arctic,TLV,Vietnamese,M,test,ai-training/datasets/l2-arctic/raw/l2arctic_release_v5.0/TLV/wav/arctic_b0512.wav,You should have seen them when they heard me spitting Chinook,1,non_native,l2_learner,arctic_b0512
l2_arctic,TLV,Vietnamese,M,test,ai-training/datasets/l2-arctic/raw/l2arctic_release_v5.0/TLV/wav/arctic_b0513.wav,He plodded on for half an hour when the hallucination arose again,1,non_native,l2_learner,arctic_b0513
l2_arctic,TLV,Vietnamese,M,test,ai-training/datasets/l2-arctic/raw/l2arctic_release_v5.0/TLV/wav/arctic_b0514.wav,Tomorrow or next day it might he gone,1,non_native,l2_learner,arctic_b0514
l2_arctic,TLV,Vietnamese,M,test,ai-training/datasets/l2-arctic/raw/l2arctic_release_v5.0/TLV/wav/arctic_b0515.wav,But already he had composed himself,1,non_native,l2_learner,arctic_b0515
l2_arctic,TLV,Vietnamese,M,test,ai-training/datasets/l2-arctic/raw/l2arctic_release_v5.0/TLV/wav/arctic_b0516.wav,Zilla relaxed her sour mouth long enough to sigh her satisfaction,1,non_native,l2_learner,arctic_b0516
l2_arctic,TLV,Vietnamese,M,test,ai-training/datasets/l2-arctic/raw/l2arctic_release_v5.0/TLV/wav/arctic_b0517.wav,Eggshell is not good to eat,1,non_native,l2_learner,arctic_b0517
l2_arctic,TLV,Vietnamese,M,test,ai-training/datasets/l2-arctic/raw/l2arctic_release_v5.0/TLV/wav/arctic_b0518.wav,But there was also talk of witchcraft in the village,1,non_native,l2_learner,arctic_b0518
l2_arctic,TLV,Vietnamese,M,test,ai-training/datasets/l2-arctic/raw/l2arctic_release_v5.0/TLV/wav/arctic_b0519.wav,Yea I will tell thee,1,non_native,l2_learner,arctic_b0519
l2_arctic,TLV,Vietnamese,M,test,ai-training/datasets/l2-arctic/raw/l2arctic_release_v5.0/TLV/wav/arctic_b0520.wav,Hans hurled himself upon the prostrate man striking madly with his fists,1,non_native,l2_learner,arctic_b0520
l2_arctic,TLV,Vietnamese,M,test,ai-training/datasets/l2-arctic/raw/l2arctic_release_v5.0/TLV/wav/arctic_b0521.wav,And he thought of Oona and of her words,1,non_native,l2_learner,arctic_b0521
l2_arctic,TLV,Vietnamese,M,test,ai-training/datasets/l2-arctic/raw/l2arctic_release_v5.0/TLV/wav/arctic_b0522.wav,Nor would it thaw out his hands and feet,1,non_native,l2_learner,arctic_b0522
l2_arctic,TLV,Vietnamese,M,test,ai-training/datasets/l2-arctic/raw/l2arctic_release_v5.0/TLV/wav/arctic_b0523.wav,The Russian music player the Count was her obedient slave,1,non_native,l2_learner,arctic_b0523
l2_arctic,TLV,Vietnamese,M,test,ai-training/datasets/l2-arctic/raw/l2arctic_release_v5.0/TLV/wav/arctic_b0524.wav,So far as flags were concerned they were beyond all jurisdiction,1,non_native,l2_learner,arctic_b0524
l2_arctic,TLV,Vietnamese,M,test,ai-training/datasets/l2-arctic/raw/l2arctic_release_v5.0/TLV/wav/arctic_b0525.wav,New idea he volunteered brand new idea,1,non_native,l2_learner,arctic_b0525
l2_arctic,TLV,Vietnamese,M,test,ai-training/datasets/l2-arctic/raw/l2arctic_release_v5.0/TLV/wav/arctic_b0526.wav,Thirty pounds said the captain with finality,1,non_native,l2_learner,arctic_b0526
l2_arctic,TLV,Vietnamese,M,test,ai-training/datasets/l2-arctic/raw/l2arctic_release_v5.0/TLV/wav/arctic_b0527.wav,The very idea of it was preposterous,1,non_native,l2_learner,arctic_b0527
l2_arctic,TLV,Vietnamese,M,test,ai-training/datasets/l2-arctic/raw/l2arctic_release_v5.0/TLV/wav/arctic_b0528.wav,Captain Doane's orders were swiftly obeyed,1,non_native,l2_learner,arctic_b0528
l2_arctic,TLV,Vietnamese,M,test,ai-training/datasets/l2-arctic/raw/l2arctic_release_v5.0/TLV/wav/arctic_b0529.wav,Come on Del Mar challenged,1,non_native,l2_learner,arctic_b0529
l2_arctic,TLV,Vietnamese,M,test,ai-training/datasets/l2-arctic/raw/l2arctic_release_v5.0/TLV/wav/arctic_b0530.wav,He had a big chimpanzee that was a winner,1,non_native,l2_learner,arctic_b0530
l2_arctic,TLV,Vietnamese,M,test,ai-training/datasets/l2-arctic/raw/l2arctic_release_v5.0/TLV/wav/arctic_b0531.wav,I am sure it must have been some adventure,1,non_native,l2_learner,arctic_b0531
l2_arctic,TLV,Vietnamese,M,test,ai-training/datasets/l2-arctic/raw/l2arctic_release_v5.0/TLV/wav/arctic_b0532.wav,That Longfellow chap most likely had written countless books of poetry,1,non_native,l2_learner,arctic_b0532
l2_arctic,TLV,Vietnamese,M,test,ai-training/datasets/l2-arctic/raw/l2arctic_release_v5.0/TLV/wav/arctic_b0533.wav,His abnormal power of vision made abstractions take on concrete form,1,non_native,l2_learner,arctic_b0533
l2_arctic,TLV,Vietnamese,M,test,ai-training/datasets/l2-arctic/raw/l2arctic_release_v5.0/TLV/wav/arctic_b0534.wav,I'll tell you the librarian said with a brightening face,1,non_native,l2_learner,arctic_b0534
l2_arctic,TLV,Vietnamese,M,test,ai-training/datasets/l2-arctic/raw/l2arctic_release_v5.0/TLV/wav/arctic_b0535.wav,He read his fragments aloud,1,non_native,l2_learner,arctic_b0535
l2_arctic,TLV,Vietnamese,M,test,ai-training/datasets/l2-arctic/raw/l2arctic_release_v5.0/TLV/wav/arctic_b0536.wav,Typhoid did I tell you,1,non_native,l2_learner,arctic_b0536
l2_arctic,TLV,Vietnamese,M,test,ai-training/datasets/l2-arctic/raw/l2arctic_release_v5.0/TLV/wav/arctic_b0537.wav,But she had become an automaton,1,non_native,l2_learner,arctic_b0537
l2_arctic,TLV,Vietnamese,M,test,ai-training/datasets/l2-arctic/raw/l2arctic_release_v5.0/TLV/wav/arctic_b0538.wav,At the best they were necessary accessories,1,non_native,l2_learner,arctic_b0538
l2_arctic,TLV,Vietnamese,M,test,ai-training/datasets/l2-arctic/raw/l2arctic_release_v5.0/TLV/wav/arctic_b0539.wav,You were making them talk shop Ruth charged him,1,non_native,l2_learner,arctic_b0539
